test_donor,seed,scenario,n_masked_proteins,mask_seed,mask_source,masked_proteins
P1,41,full,0,,legacy_v33_deterministic_feature_mask,
P1,41,random_10,22,331411,legacy_v33_deterministic_feature_mask,CD105|CD56-2|CD45RO|Rat-IgG2b|CD140a|CD146|CD103|HLA-DR|CD66a/c/e|Notch-2|CD68|CD106|CD124|CD2|CD38-1|CD172a|CD85g|CD307c/FcRL3|CD307d|CD138-2|CCR10|CD26-2
P1,41,random_30,67,331413,legacy_v33_deterministic_feature_mask,CD80|CD86|CD274|CD273|CD11b-1|CD155|CD112|CD47|CD30|CD3-1|CD56-1|CD138-1|CD269|CD90|CD201|CD194|CD44-1|TIGIT|CD335|CD133-1|CD324|IgM|CD185|CD103|CD152|CD223|CD107a|CD95|CD11b-2|CD1d|CD275-2|CD39|CD24|CD21|CD244|CD370|CD268|CD42b|CD119|Notch-2|CD68|CD192|CD122|CD41|CD184|CD303|CD98|CD55|TSLPR|CD1a|CD207|CD36|CD38-2|Folate|TCR-V-2|TCR-V-9|CD202b|CD209|CD337|CD186|CD307c/FcRL3|CD307d|CD307e|GP130|CD199|CD45RB|VEGFR-3
P1,41,random_50,112,331415,legacy_v33_deterministic_feature_mask,CD274|CD275-1|CD11b-1|CD270|CD155|CD112|CD30|CD48|CD40|CD3-1|CD56-1|CD3-2|CD138-1|CD269|CD45RA|CD123|CD194|CD4-2|CD44-1|CD45RO|Rat-IgG2b|CD20|CD335|CD294|CD44-2|CD133-1|Podoplanin|CD140a|CD140b|CD324|TCR-1|CD196|CD185|CD103|CD152|CD223|CD27|CD134|CD1c|CD141|CD1d|CD66b|CD57|CD366|CD278|CD275-2|CD39|CD24|CD79b|CD66a/c/e|CD206|CD370|Notch-1|Integrin-7|CD268|CD42b|CD54|Rat-IgG1-2|CD192|CD102|CD267|CD62E|CD41|CD137|CD43|CD83|CD13|CD184|CD177|IgD|TSLPR|CD127|CD45-2|B7-H4|CD26-1|CD193|CD144|CD301|CD1a|CD207|CD63|CD284|CD36|CD85g|CD243|MERTK|TIM-4|CD325|CD200|CD338|CD235a|CD49a|CD73|CD79a|CD9|TCR-V-7.2|TCR-V-24-J-18|CD133-2|CD209|CD110|CD186|CD109|CD126|CD307c/FcRL3|CD319|CLEC12A|CD16|CD161|CD45RB|CD46|CLEC2|CD26-2
P1,41,random_70,157,331417,legacy_v33_deterministic_feature_mask,CD80|CD86|CD274|CD273|CD275-1|Galectin-9|CD270|CD252|CD155|CD112|CD47|CD30|CD154|CD52|CD3-1|CD8|CD45-1|CD19|CD11c|CD34|CD269|CD90|CD117|CD45RA|CD123|CD105|CD194|CD4-2|CD44-1|CD8a|CD45RO|CD279|TIGIT|Rat-IgG2b|CD335|CD294|CD31|CD44-2|CD133-1|Podoplanin|CD140b|CD340|CD324|IgM|TCR-1|CD195|CD196|CD185|CD69|CD223|CD107a|CD95|CD134|HLA-DR|CD64|CD141|CD314|CD66b|CD57|CD278|CD96|CD39|CD178|CX3CR1|CD24|CD21|CD79b|CD66a/c/e|CD244|CD235ab|CD206|CD169|CD370|Notch-1|Integrin-7|CD42b|CD54|CD62P|TCR-2|Notch-2|CD68|Rat-IgG1-2|Rag-IgG2c|CD102|CD106|CD122|CD267|CD135|CD41|CD137|CD43|CD357|CD59|CD309|CD124|CD13|CD184|CD29|CD61|CD81|CD98|IgD|CD18|CD28|TSLPR|CD15|CD22|CD71|B7-H4|CD26-1|CD193|CD115|CD204|CD207|CD63|CD284|CD304|CD36|CD172a|CD72|Folate|TIM-4|CD325|CD93|CD200|C5L2|CD235a|CD49a|CD73|CD79a|CD9|TCR-V-7.2|TCR-V-2|TCR-V-24-J-18|CD354|CD305|LOX-1|CD203c|CD209|CD337|CD253|CD186|CD226|CD205|CD307c/FcRL3|CD307d|CD307e|CD319|CD138-2|CLEC12A|CCR10|CD271|CD199|CD45RB|VEGFR-3|CLEC2|CD26-2
P1,41,marker_memory,6,,legacy_v33_deterministic_feature_mask,CD45RA|CD45RO|CD27|CD95|CD28|CD127
P1,41,marker_tcell,15,,legacy_v33_deterministic_feature_mask,CD3-1|CD4-1|CD8|CD3-2|CD45RA|CD4-2|CD8a|CD45RO|TCR-1|CD27|TCR-2|TCR-V-7.2|TCR-V-2|TCR-V-9|TCR-V-24-J-18
P1,41,rna_only,224,,legacy_v33_deterministic_feature_mask,CD80|CD86|CD274|CD273|CD275-1|CD11b-1|Galectin-9|CD270|CD252|CD155|CD112|CD47|CD70|CD30|CD48|CD40|CD154|CD52|CD3-1|CD4-1|CD8|CD56-1|CD45-1|CD3-2|CD19|CD11c|CD34|CD138-1|CD269|CD90|CD117|CD45RA|CD123|CD105|CD201|CD194|CD4-2|CD44-1|CD8a|CD14|CD56-2|CD25|CD45RO|CD279|TIGIT|Rat-IgG2b|CD20|CD335|CD294|CD31|CD44-2|CD133-1|Podoplanin|CD140a|CD140b|Cadherin|CD340|CD146|CD324|IgM|TCR-1|CD195|CD196|CD185|CD103|CD69|CD152|CD223|CD27|CD107a|CD95|CD134|HLA-DR|CD1c|CD11b-2|CD64|CD141|CD1d|CD314|CD66b|CD35|CD57|CD366|CD272|CD278|CD275-2|CD96|CD39|CD178|CX3CR1|CD24|CD21|CD79b|CD66a/c/e|CD244|CD235ab|Siglec-8|CD206|CD169|CD370|XCR1|Notch-1|Integrin-7|CD268|CD42b|CD54|CD62P|CD119|TCR-2|Notch-2|CD68|Rat-IgG1-1|Rat-IgG1-2|Rag-IgG2c|CD192|CD102|CD106|CD122|CD267|CD62E|CD135|CD41|CD137|CD43|CD163|CD83|CD357|CD59|CD309|CD124|CD13|CD184|CD2|CD29|CD303|CD49b|CD61|CD81|CD98|CD177|CD55|IgD|CD18|CD28|TSLPR|CD38-1|CD127|CD45-2|CD15|CD22|CD71|B7-H4|CD26-1|CD193|CD115|CD204|CD144|CD301|CD1a|CD207|CD63|CD284|CD304|CD36|CD172a|CD85g|CD38-2|CD243|CD72|MERTK|Folate|TIM-4|CD171|CD325|CD93|CD200|CD338|C5L2|CD235a|CD49a|CD49d|CD73|CD79a|CD9|TCR-V-7.2|TCR-V-2|TCR-V-9|TCR-V-24-J-18|CD354|CD202b|CD305|LOX-1|CD203c|CD133-2|CD209|CD110|CD337|CD253|CD186|CD226|CD205|CD109|CD11a/CD18|CD126|CD164|CD142|CD307c/FcRL3|CD307d|CD307e|CD319|CD138-2|CD99|CLEC12A|CD16|CD161|CCR10|CD271|GP130|CD199|CD45RB|CD46|VEGFR-3|CLEC2|CD26-2
P1,41,random_size_matched_6,6,821411,random_feature_name_only_size_matched_to_targeted_mask,CD62P|IgD|CD28|CD171|CD93|CD79a
P1,41,random_size_matched_15,15,821412,random_feature_name_only_size_matched_to_targeted_mask,CD275-1|CD56-1|CD269|CD194|CD20|CD69|CD42b|CD43|CD357|CD55|CD71|TIM-4|CD49d|CD186|CD307d
P1,42,full,0,,legacy_v33_deterministic_feature_mask,
P1,42,random_10,22,331421,legacy_v33_deterministic_feature_mask,CD275-1|CD70|CD30|CD194|CD8a|Cadherin|CD324|CD103|CD235ab|CD169|XCR1|Notch-2|CD62E|CD13|CD29|CD193|CD1a|CD73|TCR-V-2|TCR-V-9|CD253|CD307d
P1,42,random_30,67,331423,legacy_v33_deterministic_feature_mask,CD80|CD274|CD112|CD47|CD48|CD3-2|CD34|CD138-1|CD269|CD90|CD45RA|CD105|CD201|CD56-2|TIGIT|CD20|CD44-2|CD140b|Cadherin|IgM|CD195|CD185|CD103|CD69|HLA-DR|CD11b-2|CD275-2|CX3CR1|CD24|CD169|XCR1|Notch-2|Rat-IgG1-2|CD192|CD106|CD357|CD59|CD124|CD29|CD303|CD61|CD98|CD55|CD38-1|CD127|CD15|CD71|CD115|CD144|CD1a|CD36|CD85g|CD72|CD325|C5L2|CD79a|TCR-V-24-J-18|CD202b|CD305|LOX-1|CD203c|CD337|CD226|CD307c/FcRL3|CD138-2|CCR10|CD199
P1,42,random_50,112,331425,legacy_v33_deterministic_feature_mask,CD80|CD86|CD274|CD275-1|CD11b-1|Galectin-9|CD252|CD40|CD154|CD3-1|CD8|CD45-1|CD11c|CD34|CD138-1|CD117|CD45RA|CD123|CD105|CD201|CD194|CD56-2|CD25|CD45RO|CD279|TIGIT|Rat-IgG2b|CD335|CD31|CD133-1|Cadherin|CD340|CD146|CD324|IgM|CD69|CD27|CD95|CD134|CD64|CD141|CD1d|CD66b|CD57|CD366|CD272|CD278|CD275-2|CD96|CD39|CD178|CD244|CD235ab|Siglec-8|CD206|XCR1|Integrin-7|CD54|TCR-2|Rat-IgG1-2|CD106|CD62E|CD135|CD137|CD43|CD59|CD309|CD61|CD98|CD177|IgD|CD28|CD38-1|CD127|CD45-2|CD15|B7-H4|CD301|CD207|CD63|CD284|CD304|CD85g|Folate|TIM-4|CD171|CD200|CD235a|CD49d|CD73|CD9|TCR-V-2|TCR-V-24-J-18|CD354|LOX-1|CD203c|CD110|CD337|CD226|CD205|CD109|CD126|CD142|CD307d|CD138-2|CD99|CCR10|CD271|CD46|VEGFR-3|CLEC2|CD26-2
P1,42,random_70,157,331427,legacy_v33_deterministic_feature_mask,CD86|CD273|CD11b-1|Galectin-9|CD270|CD252|CD112|CD48|CD40|CD52|CD3-1|CD8|CD45-1|CD3-2|CD19|CD11c|CD34|CD269|CD90|CD117|CD45RA|CD123|CD105|CD201|CD194|CD44-1|CD8a|CD14|CD25|CD45RO|CD279|TIGIT|Rat-IgG2b|CD20|CD294|CD31|Podoplanin|CD140b|CD146|CD324|TCR-1|CD195|CD185|CD103|CD69|CD223|CD107a|CD134|HLA-DR|CD11b-2|CD141|CD1d|CD314|CD66b|CD35|CD57|CD366|CD272|CD278|CD275-2|CD39|CD178|CX3CR1|CD21|CD244|CD235ab|Siglec-8|CD206|CD169|CD370|Notch-1|CD268|CD42b|CD119|Notch-2|CD68|Rat-IgG1-1|Rat-IgG1-2|CD192|CD102|CD106|CD122|CD267|CD62E|CD135|CD41|CD137|CD163|CD83|CD357|CD59|CD124|CD13|CD184|CD29|CD81|IgD|CD18|CD28|TSLPR|CD38-1|CD127|CD45-2|B7-H4|CD26-1|CD115|CD144|CD301|CD1a|CD207|CD63|CD304|CD36|CD172a|CD85g|CD38-2|CD243|CD72|MERTK|TIM-4|CD325|CD200|CD338|C5L2|CD49a|CD49d|CD73|CD79a|CD9|TCR-V-2|TCR-V-24-J-18|CD202b|LOX-1|CD203c|CD133-2|CD209|CD110|CD337|CD253|CD186|CD205|CD109|CD126|CD164|CD142|CD307d|CD307e|CD99|CLEC12A|CD16|CCR10|CD271|CD199|CD45RB|CD46|VEGFR-3|CD26-2
P1,42,marker_memory,6,,legacy_v33_deterministic_feature_mask,CD45RA|CD45RO|CD27|CD95|CD28|CD127
P1,42,marker_tcell,15,,legacy_v33_deterministic_feature_mask,CD3-1|CD4-1|CD8|CD3-2|CD45RA|CD4-2|CD8a|CD45RO|TCR-1|CD27|TCR-2|TCR-V-7.2|TCR-V-2|TCR-V-9|TCR-V-24-J-18
P1,42,rna_only,224,,legacy_v33_deterministic_feature_mask,CD80|CD86|CD274|CD273|CD275-1|CD11b-1|Galectin-9|CD270|CD252|CD155|CD112|CD47|CD70|CD30|CD48|CD40|CD154|CD52|CD3-1|CD4-1|CD8|CD56-1|CD45-1|CD3-2|CD19|CD11c|CD34|CD138-1|CD269|CD90|CD117|CD45RA|CD123|CD105|CD201|CD194|CD4-2|CD44-1|CD8a|CD14|CD56-2|CD25|CD45RO|CD279|TIGIT|Rat-IgG2b|CD20|CD335|CD294|CD31|CD44-2|CD133-1|Podoplanin|CD140a|CD140b|Cadherin|CD340|CD146|CD324|IgM|TCR-1|CD195|CD196|CD185|CD103|CD69|CD152|CD223|CD27|CD107a|CD95|CD134|HLA-DR|CD1c|CD11b-2|CD64|CD141|CD1d|CD314|CD66b|CD35|CD57|CD366|CD272|CD278|CD275-2|CD96|CD39|CD178|CX3CR1|CD24|CD21|CD79b|CD66a/c/e|CD244|CD235ab|Siglec-8|CD206|CD169|CD370|XCR1|Notch-1|Integrin-7|CD268|CD42b|CD54|CD62P|CD119|TCR-2|Notch-2|CD68|Rat-IgG1-1|Rat-IgG1-2|Rag-IgG2c|CD192|CD102|CD106|CD122|CD267|CD62E|CD135|CD41|CD137|CD43|CD163|CD83|CD357|CD59|CD309|CD124|CD13|CD184|CD2|CD29|CD303|CD49b|CD61|CD81|CD98|CD177|CD55|IgD|CD18|CD28|TSLPR|CD38-1|CD127|CD45-2|CD15|CD22|CD71|B7-H4|CD26-1|CD193|CD115|CD204|CD144|CD301|CD1a|CD207|CD63|CD284|CD304|CD36|CD172a|CD85g|CD38-2|CD243|CD72|MERTK|Folate|TIM-4|CD171|CD325|CD93|CD200|CD338|C5L2|CD235a|CD49a|CD49d|CD73|CD79a|CD9|TCR-V-7.2|TCR-V-2|TCR-V-9|TCR-V-24-J-18|CD354|CD202b|CD305|LOX-1|CD203c|CD133-2|CD209|CD110|CD337|CD253|CD186|CD226|CD205|CD109|CD11a/CD18|CD126|CD164|CD142|CD307c/FcRL3|CD307d|CD307e|CD319|CD138-2|CD99|CLEC12A|CD16|CD161|CCR10|CD271|GP130|CD199|CD45RB|CD46|VEGFR-3|CLEC2|CD26-2
P1,42,random_size_matched_6,6,821421,random_feature_name_only_size_matched_to_targeted_mask,CD45RO|CD66b|CD1a|CD200|CD305|CD307e
P1,42,random_size_matched_15,15,821422,random_feature_name_only_size_matched_to_targeted_mask,CD80|CD273|CD270|CD269|CD146|CD27|HLA-DR|CD268|CD102|CD144|CD36|CD38-2|CD99|CD16|CD199
P1,43,full,0,,legacy_v33_deterministic_feature_mask,
P1,43,random_10,22,331431,legacy_v33_deterministic_feature_mask,CD274|CD11c|CD105|CD201|CD185|CD24|Integrin-7|CD137|CD43|CD163|CD13|CD45-2|CD71|CD1a|CD207|CD172a|CD243|Folate|CD171|CD9|LOX-1|CD142
P1,43,random_30,67,331433,legacy_v33_deterministic_feature_mask,CD270|CD47|CD70|CD40|CD154|CD52|CD45-1|CD3-2|CD11c|CD117|CD45RA|CD201|CD4-2|CD8a|CD14|CD56-2|CD31|CD340|CD324|CD195|CD152|CD27|CD134|HLA-DR|CD64|CD66b|CD57|CD96|CX3CR1|CD24|CD21|Siglec-8|CD169|Notch-1|CD268|Notch-2|CD68|CD122|CD135|CD137|CD43|CD163|CD13|CD55|IgD|TSLPR|CD22|B7-H4|CD144|CD301|CD63|CD85g|CD93|CD305|CD203c|CD133-2|CD337|CD226|CD126|CD307c/FcRL3|CD319|CD138-2|CLEC12A|CD271|CD45RB|CD46|CLEC2
P1,43,random_50,112,331435,legacy_v33_deterministic_feature_mask,CD80|CD86|CD275-1|CD11b-1|Galectin-9|CD70|CD48|CD4-1|CD8|CD56-1|CD45-1|CD19|CD269|CD123|CD105|CD14|CD45RO|CD279|TIGIT|Rat-IgG2b|CD20|CD335|Podoplanin|CD140b|CD324|IgM|TCR-1|CD196|CD185|CD152|CD223|CD95|HLA-DR|CD1c|CD64|CD141|CD66b|CD35|CD57|CD272|CD275-2|CD96|CD244|CD235ab|Siglec-8|CD169|CD370|XCR1|Notch-1|Integrin-7|CD42b|CD54|CD119|TCR-2|Rag-IgG2c|CD102|CD106|CD122|CD267|CD62E|CD41|CD357|CD59|CD124|CD303|CD49b|CD81|CD98|CD18|CD45-2|CD15|CD22|CD26-1|CD115|CD144|CD301|CD207|CD304|CD38-2|CD243|CD72|TIM-4|CD171|CD93|CD200|CD338|C5L2|CD49a|CD73|CD79a|CD9|TCR-V-9|CD354|CD133-2|CD110|CD186|CD226|CD164|CD307c/FcRL3|CD307d|CD307e|CD99|CLEC12A|CD161|CCR10|CD271|GP130|CD45RB|CD46|VEGFR-3|CLEC2|CD26-2
P1,43,random_70,157,331437,legacy_v33_deterministic_feature_mask,CD80|CD86|CD274|CD270|CD252|CD155|CD112|CD47|CD70|CD40|CD154|CD3-1|CD4-1|CD8|CD3-2|CD19|CD34|CD138-1|CD269|CD123|CD105|CD194|CD4-2|CD44-1|CD8a|CD56-2|CD45RO|CD279|CD20|CD335|CD44-2|CD133-1|Podoplanin|CD140a|CD140b|IgM|TCR-1|CD195|CD185|CD103|CD69|CD152|CD223|CD27|CD107a|CD95|CD134|CD1c|CD11b-2|CD64|CD314|CD66b|CD57|CD272|CD278|CD275-2|CD96|CD39|CD178|CD21|CD79b|CD66a/c/e|CD244|CD235ab|CD206|CD169|Notch-1|Integrin-7|CD42b|CD54|TCR-2|CD68|Rat-IgG1-1|CD192|CD102|CD106|CD122|CD267|CD62E|CD137|CD43|CD163|CD83|CD357|CD309|CD124|CD13|CD184|CD2|CD29|CD303|CD49b|CD61|CD81|CD98|CD55|CD28|CD38-1|CD45-2|CD15|CD22|CD71|B7-H4|CD193|CD115|CD204|CD144|CD207|CD63|CD284|CD304|CD36|CD172a|CD85g|CD243|MERTK|Folate|TIM-4|CD171|CD325|CD93|CD200|CD338|CD235a|CD49a|CD49d|CD73|CD79a|TCR-V-2|TCR-V-9|TCR-V-24-J-18|CD202b|LOX-1|CD203c|CD133-2|CD209|CD110|CD337|CD253|CD226|CD205|CD109|CD11a/CD18|CD126|CD164|CD142|CD307d|CD307e|CD319|CD99|CD16|CD161|CD271|GP130|CD45RB|CLEC2|CD26-2
P1,43,marker_memory,6,,legacy_v33_deterministic_feature_mask,CD45RA|CD45RO|CD27|CD95|CD28|CD127
P1,43,marker_tcell,15,,legacy_v33_deterministic_feature_mask,CD3-1|CD4-1|CD8|CD3-2|CD45RA|CD4-2|CD8a|CD45RO|TCR-1|CD27|TCR-2|TCR-V-7.2|TCR-V-2|TCR-V-9|TCR-V-24-J-18
P1,43,rna_only,224,,legacy_v33_deterministic_feature_mask,CD80|CD86|CD274|CD273|CD275-1|CD11b-1|Galectin-9|CD270|CD252|CD155|CD112|CD47|CD70|CD30|CD48|CD40|CD154|CD52|CD3-1|CD4-1|CD8|CD56-1|CD45-1|CD3-2|CD19|CD11c|CD34|CD138-1|CD269|CD90|CD117|CD45RA|CD123|CD105|CD201|CD194|CD4-2|CD44-1|CD8a|CD14|CD56-2|CD25|CD45RO|CD279|TIGIT|Rat-IgG2b|CD20|CD335|CD294|CD31|CD44-2|CD133-1|Podoplanin|CD140a|CD140b|Cadherin|CD340|CD146|CD324|IgM|TCR-1|CD195|CD196|CD185|CD103|CD69|CD152|CD223|CD27|CD107a|CD95|CD134|HLA-DR|CD1c|CD11b-2|CD64|CD141|CD1d|CD314|CD66b|CD35|CD57|CD366|CD272|CD278|CD275-2|CD96|CD39|CD178|CX3CR1|CD24|CD21|CD79b|CD66a/c/e|CD244|CD235ab|Siglec-8|CD206|CD169|CD370|XCR1|Notch-1|Integrin-7|CD268|CD42b|CD54|CD62P|CD119|TCR-2|Notch-2|CD68|Rat-IgG1-1|Rat-IgG1-2|Rag-IgG2c|CD192|CD102|CD106|CD122|CD267|CD62E|CD135|CD41|CD137|CD43|CD163|CD83|CD357|CD59|CD309|CD124|CD13|CD184|CD2|CD29|CD303|CD49b|CD61|CD81|CD98|CD177|CD55|IgD|CD18|CD28|TSLPR|CD38-1|CD127|CD45-2|CD15|CD22|CD71|B7-H4|CD26-1|CD193|CD115|CD204|CD144|CD301|CD1a|CD207|CD63|CD284|CD304|CD36|CD172a|CD85g|CD38-2|CD243|CD72|MERTK|Folate|TIM-4|CD171|CD325|CD93|CD200|CD338|C5L2|CD235a|CD49a|CD49d|CD73|CD79a|CD9|TCR-V-7.2|TCR-V-2|TCR-V-9|TCR-V-24-J-18|CD354|CD202b|CD305|LOX-1|CD203c|CD133-2|CD209|CD110|CD337|CD253|CD186|CD226|CD205|CD109|CD11a/CD18|CD126|CD164|CD142|CD307c/FcRL3|CD307d|CD307e|CD319|CD138-2|CD99|CLEC12A|CD16|CD161|CCR10|CD271|GP130|CD199|CD45RB|CD46|VEGFR-3|CLEC2|CD26-2
P1,43,random_size_matched_6,6,821431,random_feature_name_only_size_matched_to_targeted_mask,CD48|HLA-DR|CD366|Rat-IgG1-2|CD73|CD307e
P1,43,random_size_matched_15,15,821432,random_feature_name_only_size_matched_to_targeted_mask,CD133-1|CD57|CD169|TCR-2|Notch-2|CD68|CD18|CD144|CD93|CD49d|CD79a|CD133-2|CD109|CD271|CD199
P2,41,full,0,,legacy_v33_deterministic_feature_mask,
P2,41,random_10,22,332411,legacy_v33_deterministic_feature_mask,CD47|CD70|CD4-1|CD44-1|CD335|CD133-1|Podoplanin|CD340|CD146|CD324|CD278|XCR1|CD357|CD309|TSLPR|B7-H4|CD207|CD172a|CD307c/FcRL3|CD99|CD16|GP130
P2,41,random_30,67,332413,legacy_v33_deterministic_feature_mask,CD274|CD11b-1|CD112|CD48|CD45-1|CD34|CD45RA|CD123|CD201|CD194|CD44-1|CD14|Rat-IgG2b|CD294|CD31|Podoplanin|CD140a|CD146|CD324|CD195|CD152|CD27|CD107a|CD1d|CD314|CD275-2|CD178|CD24|CD21|CD244|CD235ab|Siglec-8|CD206|Integrin-7|CD42b|Notch-2|Rat-IgG1-1|CD106|CD135|CD357|CD13|CD184|CD177|TSLPR|CD15|CD26-1|CD204|CD1a|CD284|CD36|CD38-2|CD243|MERTK|CD49a|CD49d|TCR-V-7.2|TCR-V-9|TCR-V-24-J-18|CD109|CD11a/CD18|CD126|CD142|CD307c/FcRL3|CLEC12A|CD16|CLEC2|CD26-2
P2,41,random_50,112,332415,legacy_v33_deterministic_feature_mask,CD80|CD86|CD274|CD273|Galectin-9|CD270|CD252|CD112|CD47|CD48|CD154|CD52|CD3-1|CD4-1|CD19|CD11c|CD269|CD45RA|CD201|CD194|CD4-2|CD14|CD56-2|CD25|TIGIT|Rat-IgG2b|CD20|CD31|CD44-2|CD133-1|Podoplanin|CD140a|CD140b|CD340|CD146|CD324|TCR-1|CD195|CD185|CD69|CD152|CD107a|CD134|HLA-DR|CD1c|CD141|CD66b|CD278|CD275-2|CD178|CD66a/c/e|CD244|CD235ab|Integrin-7|CD268|CD54|Notch-2|CD68|Rat-IgG1-1|Rat-IgG1-2|CD102|CD122|CD163|CD59|CD124|CD184|CD303|CD49b|CD61|CD81|CD28|TSLPR|CD38-1|CD15|CD22|B7-H4|CD26-1|CD193|CD63|CD304|CD38-2|CD243|TIM-4|CD171|CD338|C5L2|CD235a|TCR-V-7.2|TCR-V-2|TCR-V-9|CD354|CD202b|CD305|LOX-1|CD110|CD337|CD253|CD186|CD226|CD109|CD11a/CD18|CD164|CD142|CD307c/FcRL3|CD319|CD138-2|CD99|CLEC12A|CD16|CCR10|VEGFR-3|CD26-2
P2,41,random_70,157,332417,legacy_v33_deterministic_feature_mask,CD86|CD274|CD275-1|Galectin-9|CD270|CD112|CD47|CD70|CD48|CD40|CD154|CD3-1|CD4-1|CD8|CD56-1|CD45-1|CD19|CD34|CD138-1|CD90|CD117|CD105|CD201|CD4-2|CD8a|CD14|CD56-2|CD279|Rat-IgG2b|CD335|CD294|CD31|CD133-1|CD140a|CD140b|CD340|CD146|CD324|TCR-1|CD195|CD196|CD185|CD103|CD152|CD27|CD107a|CD134|HLA-DR|CD1c|CD64|CD1d|CD66b|CD35|CD272|CD275-2|CD96|CD39|CX3CR1|CD24|CD21|CD66a/c/e|Siglec-8|CD206|CD169|CD370|XCR1|Notch-1|CD268|CD42b|CD62P|CD119|TCR-2|Notch-2|CD68|Rat-IgG1-1|CD192|CD102|CD267|CD62E|CD135|CD41|CD137|CD163|CD83|CD357|CD59|CD309|CD124|CD13|CD2|CD29|CD49b|CD81|CD98|CD55|CD18|CD28|CD127|CD45-2|CD15|CD22|CD71|CD26-1|CD193|CD115|CD144|CD301|CD1a|CD63|CD304|CD36|CD85g|CD243|CD72|MERTK|CD325|CD93|CD200|C5L2|CD235a|CD49a|CD49d|CD79a|TCR-V-7.2|TCR-V-2|TCR-V-9|TCR-V-24-J-18|CD354|CD305|LOX-1|CD203c|CD133-2|CD209|CD110|CD253|CD186|CD226|CD205|CD109|CD11a/CD18|CD164|CD307c/FcRL3|CD307d|CD307e|CD319|CD138-2|CD16|CD161|CCR10|CD271|GP130|CD199|CD45RB|CD46|VEGFR-3|CLEC2|CD26-2
P2,41,marker_memory,6,,legacy_v33_deterministic_feature_mask,CD45RA|CD45RO|CD27|CD95|CD28|CD127
P2,41,marker_tcell,15,,legacy_v33_deterministic_feature_mask,CD3-1|CD4-1|CD8|CD3-2|CD45RA|CD4-2|CD8a|CD45RO|TCR-1|CD27|TCR-2|TCR-V-7.2|TCR-V-2|TCR-V-9|TCR-V-24-J-18
P2,41,rna_only,224,,legacy_v33_deterministic_feature_mask,CD80|CD86|CD274|CD273|CD275-1|CD11b-1|Galectin-9|CD270|CD252|CD155|CD112|CD47|CD70|CD30|CD48|CD40|CD154|CD52|CD3-1|CD4-1|CD8|CD56-1|CD45-1|CD3-2|CD19|CD11c|CD34|CD138-1|CD269|CD90|CD117|CD45RA|CD123|CD105|CD201|CD194|CD4-2|CD44-1|CD8a|CD14|CD56-2|CD25|CD45RO|CD279|TIGIT|Rat-IgG2b|CD20|CD335|CD294|CD31|CD44-2|CD133-1|Podoplanin|CD140a|CD140b|Cadherin|CD340|CD146|CD324|IgM|TCR-1|CD195|CD196|CD185|CD103|CD69|CD152|CD223|CD27|CD107a|CD95|CD134|HLA-DR|CD1c|CD11b-2|CD64|CD141|CD1d|CD314|CD66b|CD35|CD57|CD366|CD272|CD278|CD275-2|CD96|CD39|CD178|CX3CR1|CD24|CD21|CD79b|CD66a/c/e|CD244|CD235ab|Siglec-8|CD206|CD169|CD370|XCR1|Notch-1|Integrin-7|CD268|CD42b|CD54|CD62P|CD119|TCR-2|Notch-2|CD68|Rat-IgG1-1|Rat-IgG1-2|Rag-IgG2c|CD192|CD102|CD106|CD122|CD267|CD62E|CD135|CD41|CD137|CD43|CD163|CD83|CD357|CD59|CD309|CD124|CD13|CD184|CD2|CD29|CD303|CD49b|CD61|CD81|CD98|CD177|CD55|IgD|CD18|CD28|TSLPR|CD38-1|CD127|CD45-2|CD15|CD22|CD71|B7-H4|CD26-1|CD193|CD115|CD204|CD144|CD301|CD1a|CD207|CD63|CD284|CD304|CD36|CD172a|CD85g|CD38-2|CD243|CD72|MERTK|Folate|TIM-4|CD171|CD325|CD93|CD200|CD338|C5L2|CD235a|CD49a|CD49d|CD73|CD79a|CD9|TCR-V-7.2|TCR-V-2|TCR-V-9|TCR-V-24-J-18|CD354|CD202b|CD305|LOX-1|CD203c|CD133-2|CD209|CD110|CD337|CD253|CD186|CD226|CD205|CD109|CD11a/CD18|CD126|CD164|CD142|CD307c/FcRL3|CD307d|CD307e|CD319|CD138-2|CD99|CLEC12A|CD16|CD161|CCR10|CD271|GP130|CD199|CD45RB|CD46|VEGFR-3|CLEC2|CD26-2
P2,41,random_size_matched_6,6,822411,random_feature_name_only_size_matched_to_targeted_mask,CD56-2|CD44-2|CD39|CD268|CD207|CD199
P2,41,random_size_matched_15,15,822412,random_feature_name_only_size_matched_to_targeted_mask,CD86|CD48|CD11c|CD117|CD1c|CD64|CD184|CD144|CD72|CD49a|TCR-V-24-J-18|CD203c|CD11a/CD18|CD16|CD161
P2,42,full,0,,legacy_v33_deterministic_feature_mask,
P2,42,random_10,22,332421,legacy_v33_deterministic_feature_mask,CD40|CD154|CD56-1|CD134|CD272|XCR1|Notch-1|CD192|CD49b|CD61|CD81|CD193|CD144|CD63|Folate|C5L2|CD49a|TCR-V-2|CD109|CD126|CCR10|VEGFR-3
P2,42,random_30,67,332423,legacy_v33_deterministic_feature_mask,CD80|CD274|CD275-1|Galectin-9|CD270|CD155|CD70|CD48|CD52|CD3-1|CD194|CD44-1|CD8a|CD14|CD56-2|CD25|Rat-IgG2b|Podoplanin|CD185|CD69|CD107a|CD1c|CD1d|CD314|CD66b|CD278|CD96|CD39|CD178|CD24|CD21|CD169|CD370|Notch-1|Rag-IgG2c|CD102|CD267|CD137|CD163|CD357|CD59|CD184|IgD|CD38-1|CD127|CD22|CD71|CD172a|Folate|CD171|CD325|CD338|CD49d|CD79a|TCR-V-7.2|TCR-V-9|TCR-V-24-J-18|CD354|CD202b|CD203c|CD133-2|CD186|CD205|CD11a/CD18|GP130|CD199|CLEC2
P2,42,random_50,112,332425,legacy_v33_deterministic_feature_mask,CD80|CD275-1|CD11b-1|CD270|CD252|CD155|CD112|CD47|CD154|CD4-1|CD8|CD56-1|CD45-1|CD3-2|CD90|CD117|CD45RA|CD123|CD201|CD14|CD25|CD45RO|TIGIT|CD20|CD335|CD294|CD31|CD44-2|Podoplanin|CD140a|CD340|CD324|CD196|CD223|CD27|CD107a|CD134|HLA-DR|CD314|CD66b|CD366|CD278|CD39|CX3CR1|CD24|CD79b|CD244|CD235ab|Notch-1|Integrin-7|CD119|TCR-2|CD68|Rat-IgG1-1|CD106|CD122|CD267|CD135|CD137|CD83|CD357|CD59|CD29|CD61|CD177|CD55|CD18|TSLPR|CD127|CD45-2|CD15|CD26-1|CD115|CD301|CD1a|CD284|CD304|CD172a|CD38-2|CD243|CD72|Folate|TIM-4|CD200|CD338|CD235a|CD49d|TCR-V-7.2|TCR-V-2|TCR-V-24-J-18|CD202b|CD305|CD203c|CD133-2|CD209|CD110|CD337|CD253|CD226|CD109|CD11a/CD18|CD164|CD307c/FcRL3|CD307d|CD319|CD99|CLEC12A|CCR10|GP130|CD45RB|VEGFR-3|CLEC2
P2,42,random_70,157,332427,legacy_v33_deterministic_feature_mask,CD86|CD274|CD273|CD275-1|CD270|CD155|CD112|CD47|CD48|CD40|CD52|CD4-1|CD8|CD19|CD11c|CD269|CD90|CD117|CD123|CD105|CD194|CD4-2|CD44-1|CD8a|CD14|CD56-2|CD45RO|CD279|TIGIT|Rat-IgG2b|CD20|CD294|CD31|CD44-2|Podoplanin|CD140a|CD140b|Cadherin|CD340|CD146|CD195|CD185|CD103|CD69|CD152|CD27|CD107a|CD134|HLA-DR|CD1c|CD64|CD141|CD1d|CD314|CD57|CD272|CD278|CD275-2|CD39|CD24|CD21|CD244|Siglec-8|CD206|CD169|CD370|XCR1|Notch-1|Integrin-7|CD42b|CD62P|CD119|TCR-2|CD68|Rat-IgG1-2|CD192|CD102|CD106|CD122|CD267|CD41|CD137|CD43|CD163|CD357|CD59|CD309|CD124|CD13|CD184|CD2|CD29|CD303|CD49b|CD81|CD98|CD55|IgD|CD18|CD28|TSLPR|CD38-1|CD127|CD15|CD22|B7-H4|CD26-1|CD193|CD115|CD204|CD207|CD63|CD36|CD85g|CD243|CD72|MERTK|Folate|TIM-4|CD171|CD325|CD93|C5L2|CD235a|CD49a|CD49d|CD79a|CD9|TCR-V-7.2|TCR-V-2|TCR-V-24-J-18|CD354|CD305|LOX-1|CD203c|CD209|CD110|CD186|CD226|CD205|CD109|CD11a/CD18|CD164|CD142|CD307c/FcRL3|CD307d|CD99|CLEC12A|CD16|CD161|CCR10|CD271|CD199|CD46|VEGFR-3|CLEC2|CD26-2
P2,42,marker_memory,6,,legacy_v33_deterministic_feature_mask,CD45RA|CD45RO|CD27|CD95|CD28|CD127
P2,42,marker_tcell,15,,legacy_v33_deterministic_feature_mask,CD3-1|CD4-1|CD8|CD3-2|CD45RA|CD4-2|CD8a|CD45RO|TCR-1|CD27|TCR-2|TCR-V-7.2|TCR-V-2|TCR-V-9|TCR-V-24-J-18
P2,42,rna_only,224,,legacy_v33_deterministic_feature_mask,CD80|CD86|CD274|CD273|CD275-1|CD11b-1|Galectin-9|CD270|CD252|CD155|CD112|CD47|CD70|CD30|CD48|CD40|CD154|CD52|CD3-1|CD4-1|CD8|CD56-1|CD45-1|CD3-2|CD19|CD11c|CD34|CD138-1|CD269|CD90|CD117|CD45RA|CD123|CD105|CD201|CD194|CD4-2|CD44-1|CD8a|CD14|CD56-2|CD25|CD45RO|CD279|TIGIT|Rat-IgG2b|CD20|CD335|CD294|CD31|CD44-2|CD133-1|Podoplanin|CD140a|CD140b|Cadherin|CD340|CD146|CD324|IgM|TCR-1|CD195|CD196|CD185|CD103|CD69|CD152|CD223|CD27|CD107a|CD95|CD134|HLA-DR|CD1c|CD11b-2|CD64|CD141|CD1d|CD314|CD66b|CD35|CD57|CD366|CD272|CD278|CD275-2|CD96|CD39|CD178|CX3CR1|CD24|CD21|CD79b|CD66a/c/e|CD244|CD235ab|Siglec-8|CD206|CD169|CD370|XCR1|Notch-1|Integrin-7|CD268|CD42b|CD54|CD62P|CD119|TCR-2|Notch-2|CD68|Rat-IgG1-1|Rat-IgG1-2|Rag-IgG2c|CD192|CD102|CD106|CD122|CD267|CD62E|CD135|CD41|CD137|CD43|CD163|CD83|CD357|CD59|CD309|CD124|CD13|CD184|CD2|CD29|CD303|CD49b|CD61|CD81|CD98|CD177|CD55|IgD|CD18|CD28|TSLPR|CD38-1|CD127|CD45-2|CD15|CD22|CD71|B7-H4|CD26-1|CD193|CD115|CD204|CD144|CD301|CD1a|CD207|CD63|CD284|CD304|CD36|CD172a|CD85g|CD38-2|CD243|CD72|MERTK|Folate|TIM-4|CD171|CD325|CD93|CD200|CD338|C5L2|CD235a|CD49a|CD49d|CD73|CD79a|CD9|TCR-V-7.2|TCR-V-2|TCR-V-9|TCR-V-24-J-18|CD354|CD202b|CD305|LOX-1|CD203c|CD133-2|CD209|CD110|CD337|CD253|CD186|CD226|CD205|CD109|CD11a/CD18|CD126|CD164|CD142|CD307c/FcRL3|CD307d|CD307e|CD319|CD138-2|CD99|CLEC12A|CD16|CD161|CCR10|CD271|GP130|CD199|CD45RB|CD46|VEGFR-3|CLEC2|CD26-2
P2,42,random_size_matched_6,6,822421,random_feature_name_only_size_matched_to_targeted_mask,CD3-2|CD324|Rat-IgG1-2|IgD|CD15|CD138-2
P2,42,random_size_matched_15,15,822422,random_feature_name_only_size_matched_to_targeted_mask,CD45-1|CD19|CD269|CD45RA|CD194|CD25|CD196|CD357|CD124|CD184|CD2|CD15|CD204|CD144|CD243
P2,43,full,0,,legacy_v33_deterministic_feature_mask,
P2,43,random_10,22,332431,legacy_v33_deterministic_feature_mask,CD86|CD48|CD154|CD4-1|CD269|CD8a|CD44-2|CD146|CD185|CD314|CD24|CD206|CD169|Notch-1|Rag-IgG2c|CD135|CD41|CD124|IgD|CD71|TIM-4|TCR-V-2
P2,43,random_30,67,332433,legacy_v33_deterministic_feature_mask,CD86|CD275-1|CD11b-1|CD155|CD70|CD48|CD40|CD4-1|CD3-2|CD138-1|CD269|CD117|CD123|CD4-2|CD14|CD45RO|TIGIT|CD31|CD146|CD324|IgM|CD196|CD95|HLA-DR|CD1c|CD141|CX3CR1|CD66a/c/e|CD235ab|CD268|CD42b|CD54|Rag-IgG2c|CD192|CD267|CD62E|CD41|CD163|CD357|CD59|CD303|CD49b|CD61|CD81|CD55|CD18|CD45-2|CD15|CD22|CD71|CD115|CD1a|CD207|CD38-2|CD72|CD235a|CD49a|CD79a|CD9|TCR-V-2|CD305|CD133-2|CD110|CD253|CD11a/CD18|CD307e|CD45RB
P2,43,random_50,112,332435,legacy_v33_deterministic_feature_mask,CD80|CD86|CD273|Galectin-9|CD252|CD155|CD47|CD48|CD154|CD56-1|CD45-1|CD90|CD45RA|CD105|CD4-2|CD14|CD56-2|CD279|TIGIT|Rat-IgG2b|CD20|CD335|CD294|CD44-2|Podoplanin|CD140a|Cadherin|CD195|CD185|CD103|CD69|CD152|CD27|HLA-DR|CD1c|CD11b-2|CD1d|CD314|CD66b|CD35|CD57|CD272|CD278|CD275-2|CD178|CX3CR1|CD24|CD79b|CD235ab|Siglec-8|CD206|CD370|Integrin-7|CD62P|TCR-2|Notch-2|CD68|Rat-IgG1-1|Rag-IgG2c|CD267|CD135|CD41|CD43|CD163|CD83|CD59|CD309|CD124|CD13|CD2|CD29|CD303|CD49b|CD61|CD55|CD18|TSLPR|CD38-1|CD45-2|CD15|CD22|CD71|B7-H4|CD204|CD207|CD63|CD304|CD85g|CD38-2|CD243|C5L2|CD49a|CD49d|CD73|CD79a|TCR-V-9|CD354|CD202b|LOX-1|CD203c|CD209|CD186|CD109|CD126|CD307d|CD307e|CD319|CD99|CD16|CD161|GP130|CD45RB
P2,43,random_70,157,332437,legacy_v33_deterministic_feature_mask,CD80|CD86|CD275-1|CD155|CD112|CD70|CD30|CD40|CD154|CD52|CD4-1|CD8|CD56-1|CD45-1|CD19|CD11c|CD138-1|CD269|CD90|CD117|CD45RA|CD201|CD194|CD4-2|CD56-2|CD25|CD45RO|CD279|CD20|CD335|CD294|CD31|CD133-1|CD140a|CD140b|Cadherin|CD340|CD146|TCR-1|CD195|CD185|CD103|CD69|CD152|CD223|CD27|CD95|CD134|CD1c|CD64|CD141|CD1d|CD66b|CD35|CD366|CD278|CD275-2|CD39|CX3CR1|CD79b|CD66a/c/e|CD244|Siglec-8|CD169|Notch-1|CD42b|CD54|CD62P|CD119|TCR-2|Notch-2|CD68|Rat-IgG1-1|Rat-IgG1-2|CD106|CD135|CD41|CD137|CD163|CD83|CD357|CD59|CD124|CD29|CD303|CD61|CD81|CD98|CD177|CD55|CD18|CD28|CD38-1|CD127|CD45-2|CD15|CD71|CD26-1|CD115|CD204|CD144|CD301|CD207|CD63|CD284|CD304|CD36|CD172a|CD85g|CD38-2|CD243|CD72|MERTK|Folate|CD171|CD325|CD93|CD200|CD338|C5L2|CD235a|CD49a|CD49d|CD73|CD79a|CD9|TCR-V-7.2|TCR-V-2|TCR-V-9|TCR-V-24-J-18|CD354|CD202b|CD305|LOX-1|CD203c|CD209|CD110|CD337|CD253|CD226|CD205|CD11a/CD18|CD126|CD164|CD142|CD307c/FcRL3|CD307d|CD319|CD138-2|CD16|CD161|CCR10|CD271|GP130|CD46|VEGFR-3|CLEC2
P2,43,marker_memory,6,,legacy_v33_deterministic_feature_mask,CD45RA|CD45RO|CD27|CD95|CD28|CD127
P2,43,marker_tcell,15,,legacy_v33_deterministic_feature_mask,CD3-1|CD4-1|CD8|CD3-2|CD45RA|CD4-2|CD8a|CD45RO|TCR-1|CD27|TCR-2|TCR-V-7.2|TCR-V-2|TCR-V-9|TCR-V-24-J-18
P2,43,rna_only,224,,legacy_v33_deterministic_feature_mask,CD80|CD86|CD274|CD273|CD275-1|CD11b-1|Galectin-9|CD270|CD252|CD155|CD112|CD47|CD70|CD30|CD48|CD40|CD154|CD52|CD3-1|CD4-1|CD8|CD56-1|CD45-1|CD3-2|CD19|CD11c|CD34|CD138-1|CD269|CD90|CD117|CD45RA|CD123|CD105|CD201|CD194|CD4-2|CD44-1|CD8a|CD14|CD56-2|CD25|CD45RO|CD279|TIGIT|Rat-IgG2b|CD20|CD335|CD294|CD31|CD44-2|CD133-1|Podoplanin|CD140a|CD140b|Cadherin|CD340|CD146|CD324|IgM|TCR-1|CD195|CD196|CD185|CD103|CD69|CD152|CD223|CD27|CD107a|CD95|CD134|HLA-DR|CD1c|CD11b-2|CD64|CD141|CD1d|CD314|CD66b|CD35|CD57|CD366|CD272|CD278|CD275-2|CD96|CD39|CD178|CX3CR1|CD24|CD21|CD79b|CD66a/c/e|CD244|CD235ab|Siglec-8|CD206|CD169|CD370|XCR1|Notch-1|Integrin-7|CD268|CD42b|CD54|CD62P|CD119|TCR-2|Notch-2|CD68|Rat-IgG1-1|Rat-IgG1-2|Rag-IgG2c|CD192|CD102|CD106|CD122|CD267|CD62E|CD135|CD41|CD137|CD43|CD163|CD83|CD357|CD59|CD309|CD124|CD13|CD184|CD2|CD29|CD303|CD49b|CD61|CD81|CD98|CD177|CD55|IgD|CD18|CD28|TSLPR|CD38-1|CD127|CD45-2|CD15|CD22|CD71|B7-H4|CD26-1|CD193|CD115|CD204|CD144|CD301|CD1a|CD207|CD63|CD284|CD304|CD36|CD172a|CD85g|CD38-2|CD243|CD72|MERTK|Folate|TIM-4|CD171|CD325|CD93|CD200|CD338|C5L2|CD235a|CD49a|CD49d|CD73|CD79a|CD9|TCR-V-7.2|TCR-V-2|TCR-V-9|TCR-V-24-J-18|CD354|CD202b|CD305|LOX-1|CD203c|CD133-2|CD209|CD110|CD337|CD253|CD186|CD226|CD205|CD109|CD11a/CD18|CD126|CD164|CD142|CD307c/FcRL3|CD307d|CD307e|CD319|CD138-2|CD99|CLEC12A|CD16|CD161|CCR10|CD271|GP130|CD199|CD45RB|CD46|VEGFR-3|CLEC2|CD26-2
P2,43,random_size_matched_6,6,822431,random_feature_name_only_size_matched_to_targeted_mask,CD47|CD324|CD223|CD169|CD68|CD142
P2,43,random_size_matched_15,15,822432,random_feature_name_only_size_matched_to_targeted_mask,CD30|CD56-1|CD11b-2|CD54|CD267|CD18|TSLPR|B7-H4|C5L2|TCR-V-2|CD110|CD226|GP130|CLEC2|CD26-2
P3,41,full,0,,legacy_v33_deterministic_feature_mask,
P3,41,random_10,22,333411,legacy_v33_deterministic_feature_mask,CD80|CD273|CD252|CD52|CD56-2|CD25|CD314|CD96|CD244|CD206|Integrin-7|Rag-IgG2c|CD106|CD135|CD163|CD124|CD1a|Folate|CD338|CD79a|CD203c|CD307d
P3,41,random_30,67,333413,legacy_v33_deterministic_feature_mask,CD86|CD274|CD155|CD112|CD47|CD70|CD40|CD154|CD52|CD4-1|CD56-1|CD45-1|CD3-2|CD45RA|CD44-1|CD45RO|CD20|CD335|TCR-1|CD195|CD152|CD27|CD141|CD314|CD35|CD57|CD370|XCR1|CD268|CD54|Rat-IgG1-1|CD192|CD163|CD13|CD184|CD81|CD28|CD38-1|CD127|CD207|CD85g|TIM-4|CD93|CD200|C5L2|CD235a|CD49a|CD49d|CD73|CD79a|CD9|TCR-V-24-J-18|LOX-1|CD110|CD337|CD253|CD226|CD205|CD11a/CD18|CD307c/FcRL3|CD307e|CD16|CCR10|CD271|CD199|VEGFR-3|CLEC2
P3,41,random_50,112,333415,legacy_v33_deterministic_feature_mask,CD274|CD273|CD275-1|CD270|CD47|CD30|CD48|CD40|CD154|CD52|CD3-1|CD56-1|CD45-1|CD3-2|CD138-1|CD269|CD117|CD123|CD201|CD44-1|CD8a|CD14|CD56-2|Rat-IgG2b|CD20|CD294|CD31|CD44-2|Podoplanin|CD140b|CD146|CD324|CD196|CD103|CD152|CD27|CD107a|HLA-DR|CD1c|CD11b-2|CD1d|CD272|CD275-2|CD39|CD79b|CD66a/c/e|CD206|CD169|CD370|XCR1|Notch-1|Integrin-7|CD42b|CD54|CD62P|CD119|TCR-2|Rat-IgG1-2|Rag-IgG2c|CD135|CD41|CD43|CD357|CD59|CD309|CD2|CD303|CD61|CD81|CD98|CD177|CD55|IgD|TSLPR|CD38-1|CD45-2|CD71|B7-H4|CD115|CD63|CD304|CD36|CD243|MERTK|Folate|CD171|CD200|C5L2|CD49a|CD9|TCR-V-9|CD202b|CD305|LOX-1|CD203c|CD133-2|CD110|CD337|CD226|CD205|CD11a/CD18|CD126|CD164|CD142|CD307d|CD307e|CD99|CLEC12A|CD199|CD45RB|VEGFR-3|CLEC2
P3,41,random_70,157,333417,legacy_v33_deterministic_feature_mask,CD80|CD86|CD274|CD273|Galectin-9|CD155|CD112|CD47|CD30|CD48|CD40|CD154|CD52|CD3-1|CD4-1|CD8|CD56-1|CD45-1|CD3-2|CD19|CD34|CD138-1|CD269|CD90|CD117|CD45RA|CD194|CD4-2|CD44-1|CD8a|CD14|CD56-2|CD25|CD45RO|CD279|Rat-IgG2b|CD20|CD335|CD31|CD44-2|CD133-1|CD140a|CD324|IgM|TCR-1|CD195|CD196|CD185|CD69|CD152|CD223|CD107a|CD95|CD64|CD141|CD1d|CD314|CD35|CD278|CD275-2|CD96|CD39|CD178|CX3CR1|CD24|CD21|CD66a/c/e|CD235ab|Siglec-8|CD206|CD169|CD370|XCR1|Notch-1|CD268|CD42b|CD62P|CD119|TCR-2|Notch-2|CD68|CD192|CD102|CD122|CD267|CD62E|CD135|CD41|CD43|CD83|CD357|CD59|CD309|CD13|CD2|CD303|CD49b|CD61|CD81|CD98|CD177|IgD|TSLPR|CD38-1|CD45-2|CD15|CD71|CD26-1|CD115|CD204|CD144|CD1a|CD207|CD63|CD284|CD304|CD36|CD85g|CD38-2|CD243|CD72|MERTK|CD93|CD200|CD338|CD235a|CD49a|CD49d|CD73|CD9|TCR-V-2|TCR-V-9|TCR-V-24-J-18|CD354|CD202b|CD305|LOX-1|CD203c|CD209|CD110|CD337|CD186|CD226|CD205|CD109|CD11a/CD18|CD126|CD142|CD307c/FcRL3|CD307e|CLEC12A|CD161|CCR10|CD199|CD46|VEGFR-3|CLEC2
P3,41,marker_memory,6,,legacy_v33_deterministic_feature_mask,CD45RA|CD45RO|CD27|CD95|CD28|CD127
P3,41,marker_tcell,15,,legacy_v33_deterministic_feature_mask,CD3-1|CD4-1|CD8|CD3-2|CD45RA|CD4-2|CD8a|CD45RO|TCR-1|CD27|TCR-2|TCR-V-7.2|TCR-V-2|TCR-V-9|TCR-V-24-J-18
P3,41,rna_only,224,,legacy_v33_deterministic_feature_mask,CD80|CD86|CD274|CD273|CD275-1|CD11b-1|Galectin-9|CD270|CD252|CD155|CD112|CD47|CD70|CD30|CD48|CD40|CD154|CD52|CD3-1|CD4-1|CD8|CD56-1|CD45-1|CD3-2|CD19|CD11c|CD34|CD138-1|CD269|CD90|CD117|CD45RA|CD123|CD105|CD201|CD194|CD4-2|CD44-1|CD8a|CD14|CD56-2|CD25|CD45RO|CD279|TIGIT|Rat-IgG2b|CD20|CD335|CD294|CD31|CD44-2|CD133-1|Podoplanin|CD140a|CD140b|Cadherin|CD340|CD146|CD324|IgM|TCR-1|CD195|CD196|CD185|CD103|CD69|CD152|CD223|CD27|CD107a|CD95|CD134|HLA-DR|CD1c|CD11b-2|CD64|CD141|CD1d|CD314|CD66b|CD35|CD57|CD366|CD272|CD278|CD275-2|CD96|CD39|CD178|CX3CR1|CD24|CD21|CD79b|CD66a/c/e|CD244|CD235ab|Siglec-8|CD206|CD169|CD370|XCR1|Notch-1|Integrin-7|CD268|CD42b|CD54|CD62P|CD119|TCR-2|Notch-2|CD68|Rat-IgG1-1|Rat-IgG1-2|Rag-IgG2c|CD192|CD102|CD106|CD122|CD267|CD62E|CD135|CD41|CD137|CD43|CD163|CD83|CD357|CD59|CD309|CD124|CD13|CD184|CD2|CD29|CD303|CD49b|CD61|CD81|CD98|CD177|CD55|IgD|CD18|CD28|TSLPR|CD38-1|CD127|CD45-2|CD15|CD22|CD71|B7-H4|CD26-1|CD193|CD115|CD204|CD144|CD301|CD1a|CD207|CD63|CD284|CD304|CD36|CD172a|CD85g|CD38-2|CD243|CD72|MERTK|Folate|TIM-4|CD171|CD325|CD93|CD200|CD338|C5L2|CD235a|CD49a|CD49d|CD73|CD79a|CD9|TCR-V-7.2|TCR-V-2|TCR-V-9|TCR-V-24-J-18|CD354|CD202b|CD305|LOX-1|CD203c|CD133-2|CD209|CD110|CD337|CD253|CD186|CD226|CD205|CD109|CD11a/CD18|CD126|CD164|CD142|CD307c/FcRL3|CD307d|CD307e|CD319|CD138-2|CD99|CLEC12A|CD16|CD161|CCR10|CD271|GP130|CD199|CD45RB|CD46|VEGFR-3|CLEC2|CD26-2
P3,41,random_size_matched_6,6,823411,random_feature_name_only_size_matched_to_targeted_mask,CD11b-1|Rat-IgG2b|CD66a/c/e|CD41|CD83|CD26-2
P3,41,random_size_matched_15,15,823412,random_feature_name_only_size_matched_to_targeted_mask,CD30|CD105|Podoplanin|CD195|CD196|CD206|CD119|TSLPR|CD26-1|CD38-2|MERTK|CD209|CD337|CD205|CD109
P3,42,full,0,,legacy_v33_deterministic_feature_mask,
P3,42,random_10,22,333421,legacy_v33_deterministic_feature_mask,CD154|CD52|CD4-1|CD56-1|CD269|CD123|Rat-IgG2b|CD44-2|CD133-1|CD195|CD152|CD27|CD62P|Rat-IgG1-1|CD267|CD135|CD41|CD29|CD193|CD73|CD354|CD164
P3,42,random_30,67,333423,legacy_v33_deterministic_feature_mask,CD11b-1|Galectin-9|CD47|CD30|CD154|CD4-1|CD138-1|CD269|CD45RA|CD123|CD8a|CD14|CD25|TIGIT|CD294|CD31|CD140b|TCR-1|CD185|CD69|CD107a|CD1c|CD64|CD314|CD66b|CD35|CD366|CD96|CD178|CD79b|Integrin-7|CD268|TCR-2|CD68|Rat-IgG1-1|CD106|CD267|CD62E|CD135|CD137|CD83|CD61|CD55|TSLPR|CD45-2|CD22|CD71|CD144|CD85g|CD38-2|CD243|MERTK|CD200|CD49a|CD73|TCR-V-7.2|TCR-V-2|TCR-V-24-J-18|CD354|CD203c|CD205|CD307e|CD16|CD199|CD45RB|CLEC2|CD26-2
P3,42,random_50,112,333425,legacy_v33_deterministic_feature_mask,CD80|CD274|CD273|CD275-1|CD11b-1|CD155|CD112|CD47|CD30|CD40|CD3-1|CD3-2|CD138-1|CD269|CD90|CD117|CD45RA|CD105|CD201|CD194|CD8a|CD25|CD45RO|TIGIT|Rat-IgG2b|CD20|CD335|CD294|CD44-2|CD133-1|Podoplanin|Cadherin|CD146|CD324|CD195|CD185|CD103|CD27|CD134|HLA-DR|CD11b-2|CD314|CD35|CD57|CD278|CD96|CD39|CD24|CD66a/c/e|CD244|Siglec-8|XCR1|Integrin-7|CD268|CD42b|CD54|CD119|CD68|Rag-IgG2c|CD192|CD102|CD106|CD62E|CD135|CD137|CD43|CD357|CD124|CD184|CD2|CD61|TSLPR|CD38-1|CD127|CD22|B7-H4|CD193|CD1a|CD63|CD284|CD172a|CD243|Folate|TIM-4|CD171|CD325|CD93|CD338|CD235a|CD49a|CD49d|CD79a|CD9|LOX-1|CD203c|CD133-2|CD209|CD253|CD186|CD226|CD109|CD11a/CD18|CD126|CD164|CD307e|CD319|CD138-2|CD99|CLEC12A|CD16|CD199|CD45RB
P3,42,random_70,157,333427,legacy_v33_deterministic_feature_mask,CD80|CD86|CD273|CD275-1|CD11b-1|CD252|CD155|CD112|CD70|CD48|CD40|CD154|CD52|CD4-1|CD8|CD56-1|CD45-1|CD3-2|CD19|CD11c|CD269|CD90|CD117|CD45RA|CD105|CD201|CD194|CD44-1|CD8a|CD14|CD56-2|CD25|CD45RO|CD279|Rat-IgG2b|CD20|CD31|CD44-2|CD140a|CD140b|Cadherin|CD340|CD146|IgM|TCR-1|CD195|CD196|CD103|CD69|CD152|CD223|CD27|CD107a|CD95|CD134|HLA-DR|CD1c|CD11b-2|CD64|CD1d|CD314|CD66b|CD35|CD57|CD366|CD272|CD278|CD275-2|CD96|CD24|CD66a/c/e|CD244|CD235ab|Siglec-8|CD206|Notch-1|CD42b|CD54|CD62P|CD119|TCR-2|CD68|Rat-IgG1-1|Rag-IgG2c|CD192|CD102|CD122|CD267|CD135|CD41|CD137|CD43|CD357|CD59|CD184|CD29|CD49b|CD61|CD81|IgD|CD28|TSLPR|CD38-1|CD127|CD45-2|CD22|CD193|CD115|CD204|CD1a|CD207|CD63|CD284|CD304|CD172a|CD85g|CD38-2|CD243|CD72|MERTK|Folate|TIM-4|CD235a|CD49a|CD49d|CD73|TCR-V-7.2|TCR-V-2|TCR-V-9|TCR-V-24-J-18|CD354|CD202b|CD305|CD203c|CD133-2|CD209|CD337|CD253|CD226|CD205|CD109|CD11a/CD18|CD126|CD164|CD142|CD307c/FcRL3|CD307d|CD319|CD138-2|CD99|CD271|GP130|CD199|CD45RB|CD46|CLEC2|CD26-2
P3,42,marker_memory,6,,legacy_v33_deterministic_feature_mask,CD45RA|CD45RO|CD27|CD95|CD28|CD127
P3,42,marker_tcell,15,,legacy_v33_deterministic_feature_mask,CD3-1|CD4-1|CD8|CD3-2|CD45RA|CD4-2|CD8a|CD45RO|TCR-1|CD27|TCR-2|TCR-V-7.2|TCR-V-2|TCR-V-9|TCR-V-24-J-18
P3,42,rna_only,224,,legacy_v33_deterministic_feature_mask,CD80|CD86|CD274|CD273|CD275-1|CD11b-1|Galectin-9|CD270|CD252|CD155|CD112|CD47|CD70|CD30|CD48|CD40|CD154|CD52|CD3-1|CD4-1|CD8|CD56-1|CD45-1|CD3-2|CD19|CD11c|CD34|CD138-1|CD269|CD90|CD117|CD45RA|CD123|CD105|CD201|CD194|CD4-2|CD44-1|CD8a|CD14|CD56-2|CD25|CD45RO|CD279|TIGIT|Rat-IgG2b|CD20|CD335|CD294|CD31|CD44-2|CD133-1|Podoplanin|CD140a|CD140b|Cadherin|CD340|CD146|CD324|IgM|TCR-1|CD195|CD196|CD185|CD103|CD69|CD152|CD223|CD27|CD107a|CD95|CD134|HLA-DR|CD1c|CD11b-2|CD64|CD141|CD1d|CD314|CD66b|CD35|CD57|CD366|CD272|CD278|CD275-2|CD96|CD39|CD178|CX3CR1|CD24|CD21|CD79b|CD66a/c/e|CD244|CD235ab|Siglec-8|CD206|CD169|CD370|XCR1|Notch-1|Integrin-7|CD268|CD42b|CD54|CD62P|CD119|TCR-2|Notch-2|CD68|Rat-IgG1-1|Rat-IgG1-2|Rag-IgG2c|CD192|CD102|CD106|CD122|CD267|CD62E|CD135|CD41|CD137|CD43|CD163|CD83|CD357|CD59|CD309|CD124|CD13|CD184|CD2|CD29|CD303|CD49b|CD61|CD81|CD98|CD177|CD55|IgD|CD18|CD28|TSLPR|CD38-1|CD127|CD45-2|CD15|CD22|CD71|B7-H4|CD26-1|CD193|CD115|CD204|CD144|CD301|CD1a|CD207|CD63|CD284|CD304|CD36|CD172a|CD85g|CD38-2|CD243|CD72|MERTK|Folate|TIM-4|CD171|CD325|CD93|CD200|CD338|C5L2|CD235a|CD49a|CD49d|CD73|CD79a|CD9|TCR-V-7.2|TCR-V-2|TCR-V-9|TCR-V-24-J-18|CD354|CD202b|CD305|LOX-1|CD203c|CD133-2|CD209|CD110|CD337|CD253|CD186|CD226|CD205|CD109|CD11a/CD18|CD126|CD164|CD142|CD307c/FcRL3|CD307d|CD307e|CD319|CD138-2|CD99|CLEC12A|CD16|CD161|CCR10|CD271|GP130|CD199|CD45RB|CD46|VEGFR-3|CLEC2|CD26-2
P3,42,random_size_matched_6,6,823421,random_feature_name_only_size_matched_to_targeted_mask,CD252|CD366|CD119|CD38-1|CD354|CD209
P3,42,random_size_matched_15,15,823422,random_feature_name_only_size_matched_to_targeted_mask,Notch-2|CD192|CD62E|CD357|CD177|CD22|B7-H4|CD85g|TIM-4|CD325|CD235a|CD49a|CD49d|CD253|CD109
P3,43,full,0,,legacy_v33_deterministic_feature_mask,
P3,43,random_10,22,333431,legacy_v33_deterministic_feature_mask,CD11c|CD34|CD45RO|TIGIT|CD20|CD294|CD324|CD196|CD11b-2|CD66b|CD192|CD43|CD15|CD172a|CD38-2|TCR-V-9|CD226|CD307e|CLEC12A|CD161|CD271|CD45RB
P3,43,random_30,67,333433,legacy_v33_deterministic_feature_mask,Galectin-9|CD155|CD112|CD70|CD8|CD19|CD11c|CD90|CD45RA|CD123|CD194|CD4-2|CD14|CD335|CD140b|IgM|CD196|CD69|CD107a|HLA-DR|CD141|CD314|CD366|CD275-2|CX3CR1|CD79b|CD66a/c/e|CD42b|CD54|TCR-2|Notch-2|CD68|Rat-IgG1-2|CD192|CD102|CD106|CD267|CD62E|CD41|CD137|CD83|CD59|CD124|CD29|CD303|CD61|CD98|CD45-2|CD71|B7-H4|CD144|CD1a|TIM-4|CD171|CD325|CD338|CD354|CD202b|CD142|CD307d|CLEC12A|CD16|CD161|CCR10|CD199|CD45RB|VEGFR-3
P3,43,random_50,112,333435,legacy_v33_deterministic_feature_mask,CD80|CD86|CD273|CD275-1|CD11b-1|CD270|CD252|CD47|CD70|CD30|CD154|CD45-1|CD138-1|CD269|CD90|CD45RA|CD105|CD201|CD4-2|CD44-1|CD8a|CD25|CD45RO|CD279|Rat-IgG2b|CD20|CD335|CD294|CD31|Podoplanin|CD146|TCR-1|CD103|CD152|CD223|CD27|CD107a|CD95|CD1c|CD64|CD141|CD1d|CD35|CD366|CD272|CD96|CD178|CD21|CD79b|CD66a/c/e|CD169|XCR1|Notch-1|CD42b|CD54|CD62P|CD119|TCR-2|CD68|Rag-IgG2c|CD102|CD122|CD43|CD83|CD59|CD13|CD184|CD2|CD303|CD81|CD55|IgD|CD28|CD38-1|CD127|CD45-2|CD15|CD71|B7-H4|CD115|CD144|CD301|CD284|CD172a|CD85g|CD72|MERTK|TIM-4|CD200|CD338|CD235a|CD73|CD79a|TCR-V-2|TCR-V-9|TCR-V-24-J-18|CD305|CD110|CD337|CD226|CD164|CD142|CD307d|CD319|CLEC12A|CD16|CD161|CCR10|CD271|GP130|VEGFR-3|CD26-2
P3,43,random_70,157,333437,legacy_v33_deterministic_feature_mask,CD80|CD86|CD274|CD273|CD275-1|Galectin-9|CD112|CD30|CD48|CD40|CD154|CD52|CD3-1|CD4-1|CD8|CD56-1|CD11c|CD138-1|CD90|CD45RA|CD123|CD105|CD201|CD194|CD4-2|CD8a|CD14|CD56-2|CD25|CD45RO|CD279|TIGIT|Rat-IgG2b|CD20|CD31|CD133-1|CD140a|Cadherin|CD340|CD146|IgM|TCR-1|CD196|CD103|CD223|CD107a|CD95|CD134|HLA-DR|CD1c|CD11b-2|CD64|CD141|CD1d|CD314|CD66b|CD57|CD278|CD96|CD39|CD178|CX3CR1|CD21|CD66a/c/e|CD244|CD235ab|Siglec-8|CD206|CD370|XCR1|Notch-1|CD42b|CD62P|Notch-2|CD68|Rat-IgG1-1|Rat-IgG1-2|CD102|CD106|CD122|CD267|CD62E|CD41|CD43|CD83|CD357|CD124|CD13|CD2|CD29|CD303|CD49b|CD61|CD81|CD98|CD177|CD55|CD28|TSLPR|CD38-1|CD45-2|CD15|CD22|CD71|B7-H4|CD26-1|CD193|CD301|CD1a|CD207|CD63|CD284|CD304|CD36|CD172a|CD38-2|CD72|Folate|TIM-4|CD171|CD325|CD93|CD200|CD338|CD235a|CD49a|CD49d|CD73|CD79a|TCR-V-7.2|TCR-V-9|TCR-V-24-J-18|CD354|CD202b|CD305|LOX-1|CD203c|CD133-2|CD337|CD253|CD186|CD226|CD205|CD109|CD164|CD142|CD307c/FcRL3|CD307e|CD138-2|CLEC12A|CCR10|GP130|CD199|CD45RB|CD46|VEGFR-3|CLEC2
P3,43,marker_memory,6,,legacy_v33_deterministic_feature_mask,CD45RA|CD45RO|CD27|CD95|CD28|CD127
P3,43,marker_tcell,15,,legacy_v33_deterministic_feature_mask,CD3-1|CD4-1|CD8|CD3-2|CD45RA|CD4-2|CD8a|CD45RO|TCR-1|CD27|TCR-2|TCR-V-7.2|TCR-V-2|TCR-V-9|TCR-V-24-J-18
P3,43,rna_only,224,,legacy_v33_deterministic_feature_mask,CD80|CD86|CD274|CD273|CD275-1|CD11b-1|Galectin-9|CD270|CD252|CD155|CD112|CD47|CD70|CD30|CD48|CD40|CD154|CD52|CD3-1|CD4-1|CD8|CD56-1|CD45-1|CD3-2|CD19|CD11c|CD34|CD138-1|CD269|CD90|CD117|CD45RA|CD123|CD105|CD201|CD194|CD4-2|CD44-1|CD8a|CD14|CD56-2|CD25|CD45RO|CD279|TIGIT|Rat-IgG2b|CD20|CD335|CD294|CD31|CD44-2|CD133-1|Podoplanin|CD140a|CD140b|Cadherin|CD340|CD146|CD324|IgM|TCR-1|CD195|CD196|CD185|CD103|CD69|CD152|CD223|CD27|CD107a|CD95|CD134|HLA-DR|CD1c|CD11b-2|CD64|CD141|CD1d|CD314|CD66b|CD35|CD57|CD366|CD272|CD278|CD275-2|CD96|CD39|CD178|CX3CR1|CD24|CD21|CD79b|CD66a/c/e|CD244|CD235ab|Siglec-8|CD206|CD169|CD370|XCR1|Notch-1|Integrin-7|CD268|CD42b|CD54|CD62P|CD119|TCR-2|Notch-2|CD68|Rat-IgG1-1|Rat-IgG1-2|Rag-IgG2c|CD192|CD102|CD106|CD122|CD267|CD62E|CD135|CD41|CD137|CD43|CD163|CD83|CD357|CD59|CD309|CD124|CD13|CD184|CD2|CD29|CD303|CD49b|CD61|CD81|CD98|CD177|CD55|IgD|CD18|CD28|TSLPR|CD38-1|CD127|CD45-2|CD15|CD22|CD71|B7-H4|CD26-1|CD193|CD115|CD204|CD144|CD301|CD1a|CD207|CD63|CD284|CD304|CD36|CD172a|CD85g|CD38-2|CD243|CD72|MERTK|Folate|TIM-4|CD171|CD325|CD93|CD200|CD338|C5L2|CD235a|CD49a|CD49d|CD73|CD79a|CD9|TCR-V-7.2|TCR-V-2|TCR-V-9|TCR-V-24-J-18|CD354|CD202b|CD305|LOX-1|CD203c|CD133-2|CD209|CD110|CD337|CD253|CD186|CD226|CD205|CD109|CD11a/CD18|CD126|CD164|CD142|CD307c/FcRL3|CD307d|CD307e|CD319|CD138-2|CD99|CLEC12A|CD16|CD161|CCR10|CD271|GP130|CD199|CD45RB|CD46|VEGFR-3|CLEC2|CD26-2
P3,43,random_size_matched_6,6,823431,random_feature_name_only_size_matched_to_targeted_mask,CD270|CD140b|CD275-2|CD209|CD253|CD199
P3,43,random_size_matched_15,15,823432,random_feature_name_only_size_matched_to_targeted_mask,CD80|CD48|CD8|CD269|CD90|CD103|CD223|CD314|CD370|CD85g|CD338|CD49a|CD9|TCR-V-2|CD45RB
P4,41,full,0,,legacy_v33_deterministic_feature_mask,
P4,41,random_10,22,334411,legacy_v33_deterministic_feature_mask,CD80|Galectin-9|CD19|CD105|CD279|CD185|CD152|HLA-DR|CD11b-2|CD235ab|XCR1|Integrin-7|CD357|CD26-1|Folate|CD171|CD79a|TCR-V-7.2|CD110|CD126|CD271|VEGFR-3
P4,41,random_30,67,334413,legacy_v33_deterministic_feature_mask,CD274|CD273|CD11b-1|Galectin-9|CD270|CD252|CD155|CD30|CD154|CD52|CD8|CD45-1|CD269|CD4-2|CD14|CD25|TIGIT|CD335|CD31|CD44-2|CD133-1|CD340|CD146|CD69|CD95|CD1d|CD35|CD24|CD79b|CD244|CD235ab|CD169|Integrin-7|CD119|Notch-2|Rat-IgG1-2|CD192|CD106|CD59|CD124|CD13|CD303|CD61|CD18|CD28|CD45-2|CD15|CD71|CD115|CD144|CD301|CD36|CD85g|CD93|CD338|C5L2|CD235a|CD79a|TCR-V-9|CD354|CD253|CD186|CD11a/CD18|CD164|CD307d|CD99|CD161
P4,41,random_50,112,334415,legacy_v33_deterministic_feature_mask,CD274|CD275-1|CD270|CD155|CD112|CD47|CD154|CD52|CD3-1|CD8|CD56-1|CD45-1|CD19|CD34|CD45RA|CD123|CD105|CD201|CD194|CD44-1|CD14|Rat-IgG2b|CD31|CD44-2|CD140b|CD340|IgM|TCR-1|CD196|CD103|CD69|CD223|CD95|HLA-DR|CD11b-2|CD64|CD141|CD314|CD35|CD366|CD272|CD278|CD275-2|CD96|CD39|CD21|CD66a/c/e|CD235ab|Siglec-8|CD169|CD54|CD62P|CD119|CD68|Rat-IgG1-1|Rat-IgG1-2|Rag-IgG2c|CD106|CD122|CD62E|CD135|CD41|CD137|CD43|CD163|CD59|CD309|CD29|CD81|CD55|TSLPR|CD38-1|CD127|CD45-2|CD15|CD22|CD71|B7-H4|CD193|CD204|CD144|CD1a|CD284|CD172a|CD38-2|CD243|Folate|TIM-4|CD325|CD93|C5L2|CD73|CD79a|CD9|TCR-V-7.2|CD202b|CD305|CD110|CD253|CD11a/CD18|CD126|CD142|CD307c/FcRL3|CD307d|CD307e|CD319|CD99|CD161|CD45RB|VEGFR-3|CLEC2|CD26-2
P4,41,random_70,157,334417,legacy_v33_deterministic_feature_mask,CD80|CD86|CD273|CD275-1|CD11b-1|Galectin-9|CD270|CD252|CD47|CD70|CD30|CD154|CD3-1|CD4-1|CD8|CD56-1|CD45-1|CD3-2|CD19|CD34|CD138-1|CD117|CD123|CD105|CD201|CD194|CD4-2|CD8a|CD14|CD279|Rat-IgG2b|CD20|CD335|CD44-2|CD133-1|Podoplanin|CD140a|CD140b|CD340|CD324|IgM|TCR-1|CD195|CD196|CD103|CD69|CD152|CD223|CD27|CD107a|CD95|CD134|HLA-DR|CD1c|CD64|CD141|CD1d|CD66b|CD57|CD366|CD272|CD275-2|CD96|CD24|CD21|CD66a/c/e|CD244|CD235ab|Siglec-8|CD169|CD370|XCR1|Integrin-7|CD54|CD62P|CD119|TCR-2|Notch-2|CD68|Rat-IgG1-1|Rat-IgG1-2|CD192|CD102|CD62E|CD135|CD41|CD163|CD83|CD357|CD59|CD309|CD124|CD13|CD2|CD29|CD81|CD98|CD177|CD55|IgD|CD18|CD28|TSLPR|CD38-1|CD127|CD45-2|CD15|CD22|CD71|B7-H4|CD26-1|CD193|CD144|CD301|CD1a|CD207|CD63|CD304|CD36|CD172a|CD85g|CD38-2|CD243|CD72|MERTK|Folate|CD171|CD93|CD338|CD235a|CD49a|CD79a|TCR-V-7.2|TCR-V-2|TCR-V-9|TCR-V-24-J-18|CD354|CD203c|CD110|CD226|CD109|CD142|CD307c/FcRL3|CD307d|CD307e|CD138-2|CD99|CLEC12A|CD16|CD271|GP130|CD199|CD45RB|CD46|VEGFR-3|CLEC2|CD26-2
P4,41,marker_memory,6,,legacy_v33_deterministic_feature_mask,CD45RA|CD45RO|CD27|CD95|CD28|CD127
P4,41,marker_tcell,15,,legacy_v33_deterministic_feature_mask,CD3-1|CD4-1|CD8|CD3-2|CD45RA|CD4-2|CD8a|CD45RO|TCR-1|CD27|TCR-2|TCR-V-7.2|TCR-V-2|TCR-V-9|TCR-V-24-J-18
P4,41,rna_only,224,,legacy_v33_deterministic_feature_mask,CD80|CD86|CD274|CD273|CD275-1|CD11b-1|Galectin-9|CD270|CD252|CD155|CD112|CD47|CD70|CD30|CD48|CD40|CD154|CD52|CD3-1|CD4-1|CD8|CD56-1|CD45-1|CD3-2|CD19|CD11c|CD34|CD138-1|CD269|CD90|CD117|CD45RA|CD123|CD105|CD201|CD194|CD4-2|CD44-1|CD8a|CD14|CD56-2|CD25|CD45RO|CD279|TIGIT|Rat-IgG2b|CD20|CD335|CD294|CD31|CD44-2|CD133-1|Podoplanin|CD140a|CD140b|Cadherin|CD340|CD146|CD324|IgM|TCR-1|CD195|CD196|CD185|CD103|CD69|CD152|CD223|CD27|CD107a|CD95|CD134|HLA-DR|CD1c|CD11b-2|CD64|CD141|CD1d|CD314|CD66b|CD35|CD57|CD366|CD272|CD278|CD275-2|CD96|CD39|CD178|CX3CR1|CD24|CD21|CD79b|CD66a/c/e|CD244|CD235ab|Siglec-8|CD206|CD169|CD370|XCR1|Notch-1|Integrin-7|CD268|CD42b|CD54|CD62P|CD119|TCR-2|Notch-2|CD68|Rat-IgG1-1|Rat-IgG1-2|Rag-IgG2c|CD192|CD102|CD106|CD122|CD267|CD62E|CD135|CD41|CD137|CD43|CD163|CD83|CD357|CD59|CD309|CD124|CD13|CD184|CD2|CD29|CD303|CD49b|CD61|CD81|CD98|CD177|CD55|IgD|CD18|CD28|TSLPR|CD38-1|CD127|CD45-2|CD15|CD22|CD71|B7-H4|CD26-1|CD193|CD115|CD204|CD144|CD301|CD1a|CD207|CD63|CD284|CD304|CD36|CD172a|CD85g|CD38-2|CD243|CD72|MERTK|Folate|TIM-4|CD171|CD325|CD93|CD200|CD338|C5L2|CD235a|CD49a|CD49d|CD73|CD79a|CD9|TCR-V-7.2|TCR-V-2|TCR-V-9|TCR-V-24-J-18|CD354|CD202b|CD305|LOX-1|CD203c|CD133-2|CD209|CD110|CD337|CD253|CD186|CD226|CD205|CD109|CD11a/CD18|CD126|CD164|CD142|CD307c/FcRL3|CD307d|CD307e|CD319|CD138-2|CD99|CLEC12A|CD16|CD161|CCR10|CD271|GP130|CD199|CD45RB|CD46|VEGFR-3|CLEC2|CD26-2
P4,41,random_size_matched_6,6,824411,random_feature_name_only_size_matched_to_targeted_mask,CD185|CD134|CD314|CD127|CD325|TCR-V-9
P4,41,random_size_matched_15,15,824412,random_feature_name_only_size_matched_to_targeted_mask,CD270|CD138-1|CD45RA|CD335|CD95|CD39|TCR-2|B7-H4|CD284|CD36|CD93|CD202b|CD110|CD11a/CD18|CD138-2
P4,42,full,0,,legacy_v33_deterministic_feature_mask,
P4,42,random_10,22,334421,legacy_v33_deterministic_feature_mask,CD273|Galectin-9|CD155|CD19|CD269|CD107a|CD95|CD314|CD35|CD178|CD62P|Rat-IgG1-1|CD106|CD49b|CD81|CD204|CD1a|CD284|CCR10|GP130|CD45RB|CD26-2
P4,42,random_30,67,334423,legacy_v33_deterministic_feature_mask,CD86|CD274|CD273|Galectin-9|CD155|CD112|CD70|CD30|CD52|CD8|CD34|CD117|CD44-1|CD14|CD56-2|Rat-IgG2b|CD335|TCR-1|CD69|CD152|CD134|CD1c|CD11b-2|CD314|CD66b|CD35|CD278|CD21|CD206|CD169|CD370|XCR1|CD62P|CD68|Rag-IgG2c|CD192|CD122|CD62E|CD41|CD137|CD43|CD309|CD124|CD303|CD61|CD81|TSLPR|B7-H4|CD193|CD144|CD172a|MERTK|CD49a|CD73|TCR-V-7.2|TCR-V-24-J-18|CD305|CD203c|CD133-2|CD307d|CD307e|CD138-2|CD16|CCR10|CD271|GP130|CD199
P4,42,random_50,112,334425,legacy_v33_deterministic_feature_mask,CD80|CD86|CD274|CD275-1|Galectin-9|CD252|CD155|CD47|CD30|CD8|CD56-1|CD45-1|CD3-2|CD11c|CD34|CD269|CD90|CD117|CD45RA|CD44-1|CD8a|CD14|CD25|CD279|TIGIT|Rat-IgG2b|CD294|CD44-2|Podoplanin|Cadherin|CD340|CD195|CD69|CD27|CD107a|CD11b-2|CD141|CD1d|CD66b|CD35|CD57|CD366|CD275-2|CD39|CX3CR1|CD66a/c/e|Siglec-8|CD169|CD370|Notch-1|Integrin-7|CD268|CD42b|CD54|CD119|Notch-2|Rat-IgG1-2|CD192|CD122|CD267|CD62E|CD41|CD137|CD83|CD124|CD13|CD2|CD303|CD49b|CD61|CD81|CD177|IgD|CD18|CD38-1|CD127|CD45-2|CD15|CD22|CD115|CD144|CD301|CD63|CD304|CD36|CD172a|CD72|MERTK|TIM-4|CD325|CD235a|CD49d|CD79a|TCR-V-7.2|TCR-V-2|TCR-V-24-J-18|CD354|LOX-1|CD203c|CD226|CD205|CD164|CD142|CD307e|CLEC12A|CD16|CD161|CD271|CD199|CD45RB|VEGFR-3|CLEC2
P4,42,random_70,157,334427,legacy_v33_deterministic_feature_mask,CD80|CD86|CD274|CD273|CD275-1|CD11b-1|CD155|CD112|CD47|CD70|CD40|CD154|CD52|CD4-1|CD8|CD56-1|CD45-1|CD3-2|CD19|CD11c|CD138-1|CD45RA|CD194|CD8a|CD14|CD56-2|CD25|CD45RO|CD279|TIGIT|Rat-IgG2b|CD20|CD335|CD294|CD31|CD133-1|CD140a|Cadherin|CD324|IgM|TCR-1|CD195|CD196|CD185|CD152|CD27|CD107a|CD95|CD134|HLA-DR|CD1c|CD64|CD141|CD66b|CD278|CD275-2|CD178|CX3CR1|CD24|CD21|CD79b|CD66a/c/e|Siglec-8|CD206|CD169|CD370|Notch-1|Integrin-7|CD268|CD42b|CD62P|CD119|TCR-2|Notch-2|Rat-IgG1-2|Rag-IgG2c|CD192|CD102|CD106|CD122|CD267|CD62E|CD135|CD43|CD163|CD83|CD357|CD59|CD309|CD124|CD184|CD2|CD29|CD303|CD49b|CD98|IgD|CD18|CD28|TSLPR|CD38-1|CD127|CD45-2|CD15|CD22|CD71|CD115|CD144|CD301|CD1a|CD63|CD304|CD38-2|CD243|MERTK|Folate|TIM-4|CD171|CD325|CD200|CD338|CD235a|CD49a|CD49d|CD79a|CD9|TCR-V-7.2|TCR-V-9|TCR-V-24-J-18|CD354|CD202b|LOX-1|CD203c|CD133-2|CD186|CD226|CD205|CD109|CD11a/CD18|CD126|CD164|CD142|CD307c/FcRL3|CD307d|CD307e|CD319|CD138-2|CD99|CLEC12A|CD16|CD161|CCR10|CD271|GP130|CD46|VEGFR-3|CLEC2
P4,42,marker_memory,6,,legacy_v33_deterministic_feature_mask,CD45RA|CD45RO|CD27|CD95|CD28|CD127
P4,42,marker_tcell,15,,legacy_v33_deterministic_feature_mask,CD3-1|CD4-1|CD8|CD3-2|CD45RA|CD4-2|CD8a|CD45RO|TCR-1|CD27|TCR-2|TCR-V-7.2|TCR-V-2|TCR-V-9|TCR-V-24-J-18
P4,42,rna_only,224,,legacy_v33_deterministic_feature_mask,CD80|CD86|CD274|CD273|CD275-1|CD11b-1|Galectin-9|CD270|CD252|CD155|CD112|CD47|CD70|CD30|CD48|CD40|CD154|CD52|CD3-1|CD4-1|CD8|CD56-1|CD45-1|CD3-2|CD19|CD11c|CD34|CD138-1|CD269|CD90|CD117|CD45RA|CD123|CD105|CD201|CD194|CD4-2|CD44-1|CD8a|CD14|CD56-2|CD25|CD45RO|CD279|TIGIT|Rat-IgG2b|CD20|CD335|CD294|CD31|CD44-2|CD133-1|Podoplanin|CD140a|CD140b|Cadherin|CD340|CD146|CD324|IgM|TCR-1|CD195|CD196|CD185|CD103|CD69|CD152|CD223|CD27|CD107a|CD95|CD134|HLA-DR|CD1c|CD11b-2|CD64|CD141|CD1d|CD314|CD66b|CD35|CD57|CD366|CD272|CD278|CD275-2|CD96|CD39|CD178|CX3CR1|CD24|CD21|CD79b|CD66a/c/e|CD244|CD235ab|Siglec-8|CD206|CD169|CD370|XCR1|Notch-1|Integrin-7|CD268|CD42b|CD54|CD62P|CD119|TCR-2|Notch-2|CD68|Rat-IgG1-1|Rat-IgG1-2|Rag-IgG2c|CD192|CD102|CD106|CD122|CD267|CD62E|CD135|CD41|CD137|CD43|CD163|CD83|CD357|CD59|CD309|CD124|CD13|CD184|CD2|CD29|CD303|CD49b|CD61|CD81|CD98|CD177|CD55|IgD|CD18|CD28|TSLPR|CD38-1|CD127|CD45-2|CD15|CD22|CD71|B7-H4|CD26-1|CD193|CD115|CD204|CD144|CD301|CD1a|CD207|CD63|CD284|CD304|CD36|CD172a|CD85g|CD38-2|CD243|CD72|MERTK|Folate|TIM-4|CD171|CD325|CD93|CD200|CD338|C5L2|CD235a|CD49a|CD49d|CD73|CD79a|CD9|TCR-V-7.2|TCR-V-2|TCR-V-9|TCR-V-24-J-18|CD354|CD202b|CD305|LOX-1|CD203c|CD133-2|CD209|CD110|CD337|CD253|CD186|CD226|CD205|CD109|CD11a/CD18|CD126|CD164|CD142|CD307c/FcRL3|CD307d|CD307e|CD319|CD138-2|CD99|CLEC12A|CD16|CD161|CCR10|CD271|GP130|CD199|CD45RB|CD46|VEGFR-3|CLEC2|CD26-2
P4,42,random_size_matched_6,6,824421,random_feature_name_only_size_matched_to_targeted_mask,CD86|CD40|CD8|CD223|CD29|VEGFR-3
P4,42,random_size_matched_15,15,824422,random_feature_name_only_size_matched_to_targeted_mask,CD155|CD3-1|CD3-2|CD105|CD152|Notch-1|CD62P|CD102|CD43|CD59|CD13|CD55|CD71|CD307d|CCR10
P4,43,full,0,,legacy_v33_deterministic_feature_mask,
P4,43,random_10,22,334431,legacy_v33_deterministic_feature_mask,Galectin-9|CD3-2|CD138-1|CD117|CD4-2|CD14|CD56-2|CD140b|CD196|CD69|CD1d|CD272|CD39|CD268|Rat-IgG1-1|CD55|CD38-1|CD301|CD200|TCR-V-7.2|CD202b|CD142
P4,43,random_30,67,334433,legacy_v33_deterministic_feature_mask,CD80|CD270|CD155|CD52|CD4-1|CD11c|CD34|CD138-1|CD269|CD90|CD117|CD105|CD8a|TIGIT|CD20|CD335|TCR-1|CD103|CD69|CD27|CD95|CD134|CD1c|CD11b-2|CD1d|CD314|CD35|CD366|CD39|CD24|CD244|CD235ab|Siglec-8|Integrin-7|CD42b|TCR-2|CD68|CD122|CD62E|CD137|CD43|CD83|CD2|CD61|CD98|CD28|TSLPR|CD38-1|CD71|CD26-1|CD193|CD115|CD72|MERTK|CD325|CD93|CD49a|TCR-V-9|CD202b|LOX-1|CD133-2|CD110|CD253|CD109|CD307e|CD271|CD45RB
P4,43,random_50,112,334435,legacy_v33_deterministic_feature_mask,CD273|CD275-1|CD112|CD70|CD30|CD40|CD154|CD52|CD3-1|CD4-1|CD8|CD3-2|CD34|CD138-1|CD269|CD45RA|CD105|CD194|CD4-2|CD56-2|TIGIT|CD294|CD31|CD133-1|CD140a|CD324|IgM|TCR-1|CD196|CD69|CD95|CD1c|CD64|CD141|CD1d|CD314|CD35|CD366|CD272|CD275-2|CD96|CD39|CX3CR1|CD24|CD79b|CD244|CD235ab|Siglec-8|CD206|CD370|Notch-2|CD68|Rat-IgG1-1|Rag-IgG2c|CD106|CD62E|CD43|CD163|CD59|CD309|CD124|CD2|CD303|CD49b|CD177|CD55|IgD|CD18|CD28|CD45-2|CD22|CD301|CD1a|CD207|CD63|CD284|CD36|CD85g|CD38-2|Folate|CD171|CD325|CD93|CD338|CD235a|CD49a|CD49d|CD73|CD79a|TCR-V-7.2|TCR-V-2|TCR-V-24-J-18|CD202b|CD305|CD203c|CD133-2|CD209|CD186|CD226|CD109|CD11a/CD18|CD126|CD307e|CD99|CLEC12A|CCR10|CD271|CD45RB|CD46|VEGFR-3|CLEC2|CD26-2
P4,43,random_70,157,334437,legacy_v33_deterministic_feature_mask,CD86|CD275-1|CD11b-1|Galectin-9|CD270|CD252|CD155|CD30|CD48|CD154|CD52|CD4-1|CD8|CD56-1|CD19|CD11c|CD34|CD138-1|CD269|CD117|CD45RA|CD123|CD105|CD201|CD194|CD44-1|CD8a|CD56-2|CD45RO|CD279|TIGIT|CD335|CD31|CD133-1|Podoplanin|CD140a|CD140b|Cadherin|CD340|CD146|CD324|IgM|TCR-1|CD196|CD103|CD69|CD152|CD223|CD95|CD1c|CD11b-2|CD64|CD141|CD314|CD66b|CD35|CD57|CD366|CD272|CD278|CD275-2|CD96|CD39|CD178|CD24|CD79b|CD66a/c/e|CD235ab|XCR1|Notch-1|Integrin-7|CD54|CD119|Notch-2|CD68|Rat-IgG1-1|CD192|CD106|CD62E|CD135|CD41|CD137|CD43|CD163|CD59|CD124|CD184|CD2|CD29|CD49b|CD61|CD81|CD98|CD177|CD55|IgD|CD28|TSLPR|CD38-1|CD127|CD45-2|CD15|CD22|CD71|B7-H4|CD26-1|CD193|CD115|CD204|CD144|CD1a|CD207|CD63|CD284|CD36|CD172a|CD85g|CD38-2|CD243|CD72|MERTK|Folate|CD171|CD325|CD338|CD49a|CD49d|CD79a|CD9|TCR-V-7.2|CD202b|CD305|LOX-1|CD203c|CD133-2|CD209|CD110|CD337|CD186|CD205|CD109|CD11a/CD18|CD126|CD164|CD142|CD307d|CD307e|CD319|CD138-2|CLEC12A|CD16|CCR10|CD271|CD199|CD45RB|CD46|CLEC2
P4,43,marker_memory,6,,legacy_v33_deterministic_feature_mask,CD45RA|CD45RO|CD27|CD95|CD28|CD127
P4,43,marker_tcell,15,,legacy_v33_deterministic_feature_mask,CD3-1|CD4-1|CD8|CD3-2|CD45RA|CD4-2|CD8a|CD45RO|TCR-1|CD27|TCR-2|TCR-V-7.2|TCR-V-2|TCR-V-9|TCR-V-24-J-18
P4,43,rna_only,224,,legacy_v33_deterministic_feature_mask,CD80|CD86|CD274|CD273|CD275-1|CD11b-1|Galectin-9|CD270|CD252|CD155|CD112|CD47|CD70|CD30|CD48|CD40|CD154|CD52|CD3-1|CD4-1|CD8|CD56-1|CD45-1|CD3-2|CD19|CD11c|CD34|CD138-1|CD269|CD90|CD117|CD45RA|CD123|CD105|CD201|CD194|CD4-2|CD44-1|CD8a|CD14|CD56-2|CD25|CD45RO|CD279|TIGIT|Rat-IgG2b|CD20|CD335|CD294|CD31|CD44-2|CD133-1|Podoplanin|CD140a|CD140b|Cadherin|CD340|CD146|CD324|IgM|TCR-1|CD195|CD196|CD185|CD103|CD69|CD152|CD223|CD27|CD107a|CD95|CD134|HLA-DR|CD1c|CD11b-2|CD64|CD141|CD1d|CD314|CD66b|CD35|CD57|CD366|CD272|CD278|CD275-2|CD96|CD39|CD178|CX3CR1|CD24|CD21|CD79b|CD66a/c/e|CD244|CD235ab|Siglec-8|CD206|CD169|CD370|XCR1|Notch-1|Integrin-7|CD268|CD42b|CD54|CD62P|CD119|TCR-2|Notch-2|CD68|Rat-IgG1-1|Rat-IgG1-2|Rag-IgG2c|CD192|CD102|CD106|CD122|CD267|CD62E|CD135|CD41|CD137|CD43|CD163|CD83|CD357|CD59|CD309|CD124|CD13|CD184|CD2|CD29|CD303|CD49b|CD61|CD81|CD98|CD177|CD55|IgD|CD18|CD28|TSLPR|CD38-1|CD127|CD45-2|CD15|CD22|CD71|B7-H4|CD26-1|CD193|CD115|CD204|CD144|CD301|CD1a|CD207|CD63|CD284|CD304|CD36|CD172a|CD85g|CD38-2|CD243|CD72|MERTK|Folate|TIM-4|CD171|CD325|CD93|CD200|CD338|C5L2|CD235a|CD49a|CD49d|CD73|CD79a|CD9|TCR-V-7.2|TCR-V-2|TCR-V-9|TCR-V-24-J-18|CD354|CD202b|CD305|LOX-1|CD203c|CD133-2|CD209|CD110|CD337|CD253|CD186|CD226|CD205|CD109|CD11a/CD18|CD126|CD164|CD142|CD307c/FcRL3|CD307d|CD307e|CD319|CD138-2|CD99|CLEC12A|CD16|CD161|CCR10|CD271|GP130|CD199|CD45RB|CD46|VEGFR-3|CLEC2|CD26-2
P4,43,random_size_matched_6,6,824431,random_feature_name_only_size_matched_to_targeted_mask,CD155|CD30|CD279|Rag-IgG2c|CD325|CD186
P4,43,random_size_matched_15,15,824432,random_feature_name_only_size_matched_to_targeted_mask,CD252|CD70|CD138-1|Rat-IgG2b|CD335|CD39|Notch-2|CD68|CD62E|CD204|CD1a|CD207|CD85g|CD11a/CD18|CD26-2
P5,41,full,0,,legacy_v33_deterministic_feature_mask,
P5,41,random_10,22,335411,legacy_v33_deterministic_feature_mask,CD3-1|CD4-1|Rat-IgG2b|CD133-1|CD140b|CD1c|CD64|CD275-2|CD62E|CD41|CD81|CD172a|CD72|TIM-4|CD171|CD325|CD205|CD142|CD307c/FcRL3|CD138-2|CLEC12A|VEGFR-3
P5,41,random_30,67,335413,legacy_v33_deterministic_feature_mask,CD80|CD275-1|CD30|CD52|CD8|CD3-2|CD123|CD8a|CD25|Rat-IgG2b|CD44-2|CD133-1|Podoplanin|CD340|CD324|CD196|CD103|HLA-DR|CD366|CD272|CD278|CD275-2|CD39|CD178|CD235ab|Siglec-8|CD370|CD268|CD42b|CD54|CD62P|TCR-2|Notch-2|CD102|CD267|CD163|CD59|CD184|CD2|CD303|CD49b|CD81|CD177|TSLPR|CD22|B7-H4|CD193|CD115|CD36|CD72|C5L2|CD49a|CD49d|CD73|TCR-V-7.2|TCR-V-24-J-18|CD305|CD209|CD110|CD205|CD126|CD142|CD307d|CD307e|CD319|CD45RB|VEGFR-3
P5,41,random_50,112,335415,legacy_v33_deterministic_feature_mask,CD80|CD86|CD273|Galectin-9|CD270|CD70|CD40|CD154|CD4-1|CD8|CD3-2|CD19|CD11c|CD138-1|CD269|CD117|CD45RA|CD201|CD4-2|CD44-1|CD56-2|CD45RO|TIGIT|CD335|CD294|CD31|CD44-2|CD133-1|Podoplanin|CD140b|Cadherin|CD340|CD324|CD195|CD185|CD152|CD134|CD1d|CD314|CD57|CD278|CD178|CD24|CD21|CD206|CD370|XCR1|Notch-1|CD268|CD42b|CD119|TCR-2|CD68|Rat-IgG1-1|Rat-IgG1-2|CD192|CD106|CD267|CD135|CD137|CD357|CD59|CD309|CD124|CD13|CD184|CD2|CD29|CD81|CD98|CD55|IgD|CD28|TSLPR|CD38-1|CD127|CD15|CD71|B7-H4|CD193|CD301|CD1a|CD304|CD36|CD172a|CD38-2|CD72|TIM-4|CD171|CD325|CD93|CD200|C5L2|CD49a|CD49d|CD73|CD79a|CD9|TCR-V-7.2|TCR-V-2|CD253|CD226|CD205|CD109|CD11a/CD18|CD307c/FcRL3|CD307d|CD138-2|CLEC12A|CCR10|GP130|CD46
P5,41,random_70,157,335417,legacy_v33_deterministic_feature_mask,CD80|CD86|CD274|CD275-1|CD11b-1|Galectin-9|CD270|CD252|CD155|CD47|CD30|CD48|CD40|CD154|CD8|CD45-1|CD19|CD11c|CD138-1|CD269|CD90|CD105|CD201|CD8a|CD56-2|CD25|CD45RO|CD279|TIGIT|Rat-IgG2b|CD20|CD335|CD294|CD31|CD133-1|CD140b|CD340|CD146|CD324|IgM|TCR-1|CD185|CD69|CD152|CD223|CD27|CD107a|CD95|CD134|CD11b-2|CD64|CD141|CD1d|CD314|CD66b|CD35|CD57|CD366|CD272|CD278|CD96|CD39|CD178|CX3CR1|CD24|CD21|CD79b|CD66a/c/e|CD244|CD235ab|Siglec-8|CD206|CD169|XCR1|Notch-1|CD268|CD54|CD62P|TCR-2|Rat-IgG1-1|Rat-IgG1-2|Rag-IgG2c|CD192|CD122|CD267|CD62E|CD135|CD137|CD43|CD357|CD59|CD309|CD184|CD2|CD61|CD81|CD98|CD55|IgD|CD18|CD28|CD38-1|CD45-2|CD71|B7-H4|CD193|CD204|CD144|CD1a|CD207|CD63|CD284|CD172a|CD38-2|CD243|CD72|MERTK|TIM-4|CD325|CD93|CD200|CD338|C5L2|CD235a|CD49a|CD49d|CD73|CD79a|CD9|TCR-V-7.2|TCR-V-2|TCR-V-9|TCR-V-24-J-18|CD354|CD202b|LOX-1|CD209|CD110|CD186|CD226|CD205|CD11a/CD18|CD126|CD307d|CD307e|CD319|CD138-2|CLEC12A|CD16|CCR10|CD271|GP130|CD199|CD45RB|CD46|CLEC2|CD26-2
P5,41,marker_memory,6,,legacy_v33_deterministic_feature_mask,CD45RA|CD45RO|CD27|CD95|CD28|CD127
P5,41,marker_tcell,15,,legacy_v33_deterministic_feature_mask,CD3-1|CD4-1|CD8|CD3-2|CD45RA|CD4-2|CD8a|CD45RO|TCR-1|CD27|TCR-2|TCR-V-7.2|TCR-V-2|TCR-V-9|TCR-V-24-J-18
P5,41,rna_only,224,,legacy_v33_deterministic_feature_mask,CD80|CD86|CD274|CD273|CD275-1|CD11b-1|Galectin-9|CD270|CD252|CD155|CD112|CD47|CD70|CD30|CD48|CD40|CD154|CD52|CD3-1|CD4-1|CD8|CD56-1|CD45-1|CD3-2|CD19|CD11c|CD34|CD138-1|CD269|CD90|CD117|CD45RA|CD123|CD105|CD201|CD194|CD4-2|CD44-1|CD8a|CD14|CD56-2|CD25|CD45RO|CD279|TIGIT|Rat-IgG2b|CD20|CD335|CD294|CD31|CD44-2|CD133-1|Podoplanin|CD140a|CD140b|Cadherin|CD340|CD146|CD324|IgM|TCR-1|CD195|CD196|CD185|CD103|CD69|CD152|CD223|CD27|CD107a|CD95|CD134|HLA-DR|CD1c|CD11b-2|CD64|CD141|CD1d|CD314|CD66b|CD35|CD57|CD366|CD272|CD278|CD275-2|CD96|CD39|CD178|CX3CR1|CD24|CD21|CD79b|CD66a/c/e|CD244|CD235ab|Siglec-8|CD206|CD169|CD370|XCR1|Notch-1|Integrin-7|CD268|CD42b|CD54|CD62P|CD119|TCR-2|Notch-2|CD68|Rat-IgG1-1|Rat-IgG1-2|Rag-IgG2c|CD192|CD102|CD106|CD122|CD267|CD62E|CD135|CD41|CD137|CD43|CD163|CD83|CD357|CD59|CD309|CD124|CD13|CD184|CD2|CD29|CD303|CD49b|CD61|CD81|CD98|CD177|CD55|IgD|CD18|CD28|TSLPR|CD38-1|CD127|CD45-2|CD15|CD22|CD71|B7-H4|CD26-1|CD193|CD115|CD204|CD144|CD301|CD1a|CD207|CD63|CD284|CD304|CD36|CD172a|CD85g|CD38-2|CD243|CD72|MERTK|Folate|TIM-4|CD171|CD325|CD93|CD200|CD338|C5L2|CD235a|CD49a|CD49d|CD73|CD79a|CD9|TCR-V-7.2|TCR-V-2|TCR-V-9|TCR-V-24-J-18|CD354|CD202b|CD305|LOX-1|CD203c|CD133-2|CD209|CD110|CD337|CD253|CD186|CD226|CD205|CD109|CD11a/CD18|CD126|CD164|CD142|CD307c/FcRL3|CD307d|CD307e|CD319|CD138-2|CD99|CLEC12A|CD16|CD161|CCR10|CD271|GP130|CD199|CD45RB|CD46|VEGFR-3|CLEC2|CD26-2
P5,41,random_size_matched_6,6,825411,random_feature_name_only_size_matched_to_targeted_mask,CD370|CD13|CD98|CD18|TCR-V-24-J-18|CD271
P5,41,random_size_matched_15,15,825412,random_feature_name_only_size_matched_to_targeted_mask,CD80|CD273|TIGIT|CD223|CD235ab|CD54|CD137|CD49b|CD22|CD144|CD200|CD49a|CD49d|CD164|CD307d
P5,42,full,0,,legacy_v33_deterministic_feature_mask,
P5,42,random_10,22,335421,legacy_v33_deterministic_feature_mask,CD155|CD45-1|CD117|CD201|CD25|CD294|Podoplanin|TCR-1|CD66b|CD24|TCR-2|CD163|CD124|CD49b|CD177|IgD|CD38-1|CD284|CD203c|CD126|CD142|CD161
P5,42,random_30,67,335423,legacy_v33_deterministic_feature_mask,CD275-1|CD11b-1|CD270|CD155|CD47|CD70|CD40|CD154|CD3-1|CD4-1|CD8|CD3-2|CD138-1|CD90|CD194|CD8a|CD14|CD25|CD45RO|CD335|Podoplanin|Cadherin|CD195|CD185|CD27|CD141|CD314|CD57|CD96|CD24|CD235ab|Siglec-8|Notch-1|CD268|CD42b|CD119|TCR-2|Notch-2|CD122|CD135|CD59|CD309|CD303|CD81|IgD|CD18|CD38-1|CD127|CD15|CD71|CD26-1|CD144|CD301|CD63|CD284|CD36|MERTK|CD171|CD93|C5L2|CD73|CD79a|CD109|CD319|CLEC12A|CD161|CCR10
P5,42,random_50,112,335425,legacy_v33_deterministic_feature_mask,CD80|CD11b-1|Galectin-9|CD252|CD155|CD112|CD30|CD48|CD154|CD4-1|CD8|CD56-1|CD11c|CD90|CD117|CD123|CD105|CD44-1|CD8a|CD14|CD25|CD45RO|CD20|CD335|CD294|Podoplanin|CD140b|Cadherin|CD340|CD146|CD152|CD223|HLA-DR|CD141|CD1d|CD314|CD35|CD57|CD366|CD275-2|CD96|CD39|CD178|CD79b|CD235ab|CD370|XCR1|CD268|CD42b|CD54|CD62P|CD119|Notch-2|CD68|Rat-IgG1-1|CD192|CD122|CD267|CD83|CD357|CD59|CD13|CD184|CD49b|CD98|CD177|CD55|IgD|CD15|CD22|B7-H4|CD193|CD115|CD144|CD301|CD63|CD284|CD172a|CD38-2|CD243|MERTK|Folate|TIM-4|CD325|CD93|CD338|CD235a|CD49a|CD79a|TCR-V-24-J-18|CD354|CD202b|CD305|LOX-1|CD133-2|CD209|CD110|CD253|CD186|CD109|CD164|CD307d|CD307e|CD138-2|CD99|CLEC12A|CD16|CD161|CCR10|CD271|CD45RB|CD46
P5,42,random_70,157,335427,legacy_v33_deterministic_feature_mask,CD274|Galectin-9|CD270|CD252|CD112|CD47|CD70|CD30|CD48|CD40|CD52|CD4-1|CD56-1|CD45-1|CD3-2|CD19|CD11c|CD34|CD269|CD90|CD123|CD105|CD201|CD194|CD4-2|CD14|CD56-2|CD45RO|TIGIT|Rat-IgG2b|CD20|CD335|CD31|CD44-2|Podoplanin|CD140a|CD140b|Cadherin|CD340|CD146|CD324|IgM|TCR-1|CD195|CD196|CD185|CD103|CD69|CD152|CD223|CD27|CD95|CD134|CD1c|CD11b-2|CD64|CD1d|CD66b|CD57|CD272|CD278|CD275-2|CD96|CD178|CX3CR1|CD24|CD79b|CD66a/c/e|CD244|CD235ab|Siglec-8|CD169|CD370|XCR1|Notch-1|Integrin-7|CD42b|CD62P|TCR-2|Notch-2|CD68|Rat-IgG1-1|Rag-IgG2c|CD102|CD122|CD267|CD62E|CD135|CD41|CD137|CD43|CD163|CD83|CD59|CD309|CD124|CD13|CD184|CD2|CD29|CD303|CD98|CD177|CD55|CD18|CD28|TSLPR|CD127|CD22|B7-H4|CD26-1|CD115|CD204|CD1a|CD207|CD284|CD304|CD172a|CD85g|CD243|CD72|MERTK|TIM-4|CD171|CD325|CD93|CD200|CD338|CD235a|CD49a|CD49d|CD79a|CD9|CD202b|CD305|LOX-1|CD203c|CD133-2|CD110|CD253|CD186|CD226|CD205|CD109|CD11a/CD18|CD126|CD142|CD307e|CD319|CLEC12A|CD161|CD271|GP130|CD199|CD46|VEGFR-3|CLEC2
P5,42,marker_memory,6,,legacy_v33_deterministic_feature_mask,CD45RA|CD45RO|CD27|CD95|CD28|CD127
P5,42,marker_tcell,15,,legacy_v33_deterministic_feature_mask,CD3-1|CD4-1|CD8|CD3-2|CD45RA|CD4-2|CD8a|CD45RO|TCR-1|CD27|TCR-2|TCR-V-7.2|TCR-V-2|TCR-V-9|TCR-V-24-J-18
P5,42,rna_only,224,,legacy_v33_deterministic_feature_mask,CD80|CD86|CD274|CD273|CD275-1|CD11b-1|Galectin-9|CD270|CD252|CD155|CD112|CD47|CD70|CD30|CD48|CD40|CD154|CD52|CD3-1|CD4-1|CD8|CD56-1|CD45-1|CD3-2|CD19|CD11c|CD34|CD138-1|CD269|CD90|CD117|CD45RA|CD123|CD105|CD201|CD194|CD4-2|CD44-1|CD8a|CD14|CD56-2|CD25|CD45RO|CD279|TIGIT|Rat-IgG2b|CD20|CD335|CD294|CD31|CD44-2|CD133-1|Podoplanin|CD140a|CD140b|Cadherin|CD340|CD146|CD324|IgM|TCR-1|CD195|CD196|CD185|CD103|CD69|CD152|CD223|CD27|CD107a|CD95|CD134|HLA-DR|CD1c|CD11b-2|CD64|CD141|CD1d|CD314|CD66b|CD35|CD57|CD366|CD272|CD278|CD275-2|CD96|CD39|CD178|CX3CR1|CD24|CD21|CD79b|CD66a/c/e|CD244|CD235ab|Siglec-8|CD206|CD169|CD370|XCR1|Notch-1|Integrin-7|CD268|CD42b|CD54|CD62P|CD119|TCR-2|Notch-2|CD68|Rat-IgG1-1|Rat-IgG1-2|Rag-IgG2c|CD192|CD102|CD106|CD122|CD267|CD62E|CD135|CD41|CD137|CD43|CD163|CD83|CD357|CD59|CD309|CD124|CD13|CD184|CD2|CD29|CD303|CD49b|CD61|CD81|CD98|CD177|CD55|IgD|CD18|CD28|TSLPR|CD38-1|CD127|CD45-2|CD15|CD22|CD71|B7-H4|CD26-1|CD193|CD115|CD204|CD144|CD301|CD1a|CD207|CD63|CD284|CD304|CD36|CD172a|CD85g|CD38-2|CD243|CD72|MERTK|Folate|TIM-4|CD171|CD325|CD93|CD200|CD338|C5L2|CD235a|CD49a|CD49d|CD73|CD79a|CD9|TCR-V-7.2|TCR-V-2|TCR-V-9|TCR-V-24-J-18|CD354|CD202b|CD305|LOX-1|CD203c|CD133-2|CD209|CD110|CD337|CD253|CD186|CD226|CD205|CD109|CD11a/CD18|CD126|CD164|CD142|CD307c/FcRL3|CD307d|CD307e|CD319|CD138-2|CD99|CLEC12A|CD16|CD161|CCR10|CD271|GP130|CD199|CD45RB|CD46|VEGFR-3|CLEC2|CD26-2
P5,42,random_size_matched_6,6,825421,random_feature_name_only_size_matched_to_targeted_mask,CD274|CD45RO|CD68|TCR-V-7.2|CD142|CD99
P5,42,random_size_matched_15,15,825422,random_feature_name_only_size_matched_to_targeted_mask,CD40|CD45-1|CD45RA|CD279|CD294|CD133-1|CD146|CD21|CD83|IgD|CD144|CD63|CD93|CD337|CD126
P5,43,full,0,,legacy_v33_deterministic_feature_mask,
P5,43,random_10,22,335431,legacy_v33_deterministic_feature_mask,CD252|CD155|CD47|CD123|CD14|CD25|TIGIT|CD20|CD335|CD152|CD235ab|CD206|Notch-2|CD13|CD29|CD18|CD115|CD49d|CD79a|CD202b|CCR10|GP130
P5,43,random_30,67,335433,legacy_v33_deterministic_feature_mask,CD274|CD273|CD11b-1|Galectin-9|CD270|CD252|CD47|CD70|CD40|CD52|CD3-1|CD90|CD105|CD201|CD4-2|CD56-2|Rat-IgG2b|Cadherin|CD195|CD196|CD107a|CD1c|CD64|CD141|CD1d|CD35|CD366|CD272|CD278|CD275-2|CD178|CD24|CD21|CD206|CD169|CD62P|Rat-IgG1-2|CD122|CD267|CD62E|CD41|CD59|CD13|CD61|CD18|CD28|TSLPR|CD144|CD63|CD172a|CD38-2|CD72|TIM-4|CD325|CD49d|CD73|TCR-V-7.2|TCR-V-2|CD202b|CD209|CD110|CD253|CD186|CD142|CD307d|CD161|CCR10
P5,43,random_50,112,335435,legacy_v33_deterministic_feature_mask,CD80|CD274|CD275-1|CD270|CD47|CD70|CD30|CD40|CD3-1|CD4-1|CD8|CD45-1|CD138-1|CD269|CD90|CD105|CD201|CD4-2|CD44-1|CD14|CD56-2|CD279|TIGIT|CD31|CD44-2|CD133-1|CD140a|CD140b|CD324|IgM|CD196|CD185|CD152|CD223|CD27|CD95|HLA-DR|CD1c|CD66b|CD35|CD57|CD366|CD272|CD278|CD39|CX3CR1|CD79b|CD66a/c/e|CD244|CD206|XCR1|Notch-1|CD268|CD42b|CD62P|CD119|TCR-2|CD68|Rat-IgG1-2|CD62E|CD135|CD41|CD43|CD163|CD83|CD59|CD2|CD303|CD55|CD18|TSLPR|CD38-1|CD45-2|CD71|B7-H4|CD26-1|CD193|CD115|CD301|CD207|CD63|CD284|CD85g|CD38-2|CD243|CD72|CD325|CD235a|CD49a|CD73|CD9|TCR-V-2|TCR-V-9|CD305|LOX-1|CD209|CD110|CD253|CD186|CD109|CD164|CD307c/FcRL3|CD307d|CD138-2|CLEC12A|CD161|CD271|GP130|CD199|CD46|VEGFR-3|CLEC2
P5,43,random_70,157,335437,legacy_v33_deterministic_feature_mask,CD80|CD86|CD274|CD275-1|Galectin-9|CD270|CD252|CD155|CD112|CD47|CD70|CD30|CD40|CD154|CD4-1|CD56-1|CD3-2|CD11c|CD138-1|CD90|CD123|CD105|CD201|CD194|CD4-2|CD44-1|CD8a|CD14|CD45RO|CD279|TIGIT|Rat-IgG2b|CD20|CD335|CD294|CD31|CD44-2|CD133-1|CD140b|Cadherin|CD340|CD324|IgM|CD195|CD196|CD185|CD103|CD69|CD152|CD223|CD107a|CD134|CD11b-2|CD64|CD141|CD1d|CD35|CD272|CD278|CD275-2|CD96|CD39|CD178|CX3CR1|CD24|CD21|CD79b|CD66a/c/e|CD244|CD235ab|Siglec-8|CD169|CD268|CD42b|CD62P|CD119|Notch-2|CD68|Rat-IgG1-1|Rag-IgG2c|CD192|CD122|CD62E|CD135|CD137|CD43|CD163|CD357|CD59|CD184|CD2|CD29|CD303|CD61|CD81|CD177|IgD|CD18|CD28|TSLPR|CD38-1|CD15|CD22|CD26-1|CD193|CD204|CD301|CD1a|CD207|CD63|CD284|CD172a|CD85g|CD38-2|CD72|MERTK|Folate|TIM-4|CD171|CD325|CD93|CD200|CD338|C5L2|CD235a|CD49a|CD49d|CD73|CD9|CD354|CD202b|LOX-1|CD203c|CD133-2|CD209|CD110|CD253|CD226|CD109|CD11a/CD18|CD142|CD307c/FcRL3|CD307d|CD319|CD138-2|CD99|CLEC12A|CD16|CD161|CCR10|CD271|GP130|CD199|CD45RB|CD46|VEGFR-3|CD26-2
P5,43,marker_memory,6,,legacy_v33_deterministic_feature_mask,CD45RA|CD45RO|CD27|CD95|CD28|CD127
P5,43,marker_tcell,15,,legacy_v33_deterministic_feature_mask,CD3-1|CD4-1|CD8|CD3-2|CD45RA|CD4-2|CD8a|CD45RO|TCR-1|CD27|TCR-2|TCR-V-7.2|TCR-V-2|TCR-V-9|TCR-V-24-J-18
P5,43,rna_only,224,,legacy_v33_deterministic_feature_mask,CD80|CD86|CD274|CD273|CD275-1|CD11b-1|Galectin-9|CD270|CD252|CD155|CD112|CD47|CD70|CD30|CD48|CD40|CD154|CD52|CD3-1|CD4-1|CD8|CD56-1|CD45-1|CD3-2|CD19|CD11c|CD34|CD138-1|CD269|CD90|CD117|CD45RA|CD123|CD105|CD201|CD194|CD4-2|CD44-1|CD8a|CD14|CD56-2|CD25|CD45RO|CD279|TIGIT|Rat-IgG2b|CD20|CD335|CD294|CD31|CD44-2|CD133-1|Podoplanin|CD140a|CD140b|Cadherin|CD340|CD146|CD324|IgM|TCR-1|CD195|CD196|CD185|CD103|CD69|CD152|CD223|CD27|CD107a|CD95|CD134|HLA-DR|CD1c|CD11b-2|CD64|CD141|CD1d|CD314|CD66b|CD35|CD57|CD366|CD272|CD278|CD275-2|CD96|CD39|CD178|CX3CR1|CD24|CD21|CD79b|CD66a/c/e|CD244|CD235ab|Siglec-8|CD206|CD169|CD370|XCR1|Notch-1|Integrin-7|CD268|CD42b|CD54|CD62P|CD119|TCR-2|Notch-2|CD68|Rat-IgG1-1|Rat-IgG1-2|Rag-IgG2c|CD192|CD102|CD106|CD122|CD267|CD62E|CD135|CD41|CD137|CD43|CD163|CD83|CD357|CD59|CD309|CD124|CD13|CD184|CD2|CD29|CD303|CD49b|CD61|CD81|CD98|CD177|CD55|IgD|CD18|CD28|TSLPR|CD38-1|CD127|CD45-2|CD15|CD22|CD71|B7-H4|CD26-1|CD193|CD115|CD204|CD144|CD301|CD1a|CD207|CD63|CD284|CD304|CD36|CD172a|CD85g|CD38-2|CD243|CD72|MERTK|Folate|TIM-4|CD171|CD325|CD93|CD200|CD338|C5L2|CD235a|CD49a|CD49d|CD73|CD79a|CD9|TCR-V-7.2|TCR-V-2|TCR-V-9|TCR-V-24-J-18|CD354|CD202b|CD305|LOX-1|CD203c|CD133-2|CD209|CD110|CD337|CD253|CD186|CD226|CD205|CD109|CD11a/CD18|CD126|CD164|CD142|CD307c/FcRL3|CD307d|CD307e|CD319|CD138-2|CD99|CLEC12A|CD16|CD161|CCR10|CD271|GP130|CD199|CD45RB|CD46|VEGFR-3|CLEC2|CD26-2
P5,43,random_size_matched_6,6,825431,random_feature_name_only_size_matched_to_targeted_mask,CD47|CD138-1|CD185|CD275-2|CD304|CD11a/CD18
P5,43,random_size_matched_15,15,825432,random_feature_name_only_size_matched_to_targeted_mask,CD112|CD47|CD3-2|CD34|TIGIT|CD294|CD95|Integrin-7|CD2|CD303|CD26-1|CD204|CD209|CCR10|CD26-2
P6,41,full,0,,legacy_v33_deterministic_feature_mask,
P6,41,random_10,22,336411,legacy_v33_deterministic_feature_mask,CD70|CD154|CD3-2|CD269|CD335|Podoplanin|CD140a|Cadherin|CD340|CD64|CD21|Integrin-7|CD62P|CD68|CD102|CD49b|CD28|C5L2|CD202b|CD253|CD138-2|CD45RB
P6,41,random_30,67,336413,legacy_v33_deterministic_feature_mask,CD270|CD112|CD70|CD30|CD3-1|CD56-1|CD3-2|CD19|CD117|CD123|CD105|CD201|Rat-IgG2b|CD335|Podoplanin|CD140b|CD146|CD324|CD195|CD107a|CD64|CD1d|CD314|CD178|CD235ab|Notch-1|Integrin-7|TCR-2|Notch-2|Rat-IgG1-1|CD192|CD106|CD267|CD62E|CD163|CD83|CD59|CD124|CD29|CD49b|IgD|CD28|CD127|CD15|CD26-1|CD193|MERTK|Folate|CD200|CD338|CD49a|CD49d|TCR-V-24-J-18|CD305|LOX-1|CD133-2|CD205|CD307c/FcRL3|CD138-2|CD99|CD16|CD161|CCR10|GP130|CD199|CLEC2|CD26-2
P6,41,random_50,112,336415,legacy_v33_deterministic_feature_mask,CD86|CD274|CD11b-1|Galectin-9|CD252|CD155|CD70|CD30|CD48|CD52|CD3-1|CD4-1|CD8|CD3-2|CD19|CD34|CD90|CD117|CD45RA|CD123|CD105|CD4-2|CD44-1|CD8a|CD56-2|CD45RO|TIGIT|CD20|CD335|CD294|CD31|CD133-1|CD140a|CD140b|CD324|CD195|CD69|CD152|CD223|CD134|CD11b-2|CD141|CD35|CD275-2|CD39|CD178|CD244|CD235ab|CD206|CD169|Notch-1|CD42b|CD54|TCR-2|Rat-IgG1-1|CD192|CD106|CD41|CD137|CD43|CD163|CD83|CD357|CD309|CD124|CD2|CD49b|CD61|CD98|CD177|CD55|IgD|TSLPR|CD38-1|CD45-2|CD71|CD193|CD115|CD144|CD301|CD1a|CD207|CD304|CD36|CD172a|CD85g|CD38-2|MERTK|CD171|CD325|CD93|CD200|C5L2|CD235a|CD49d|CD73|CD354|CD305|LOX-1|CD110|CD337|CD253|CD186|CD109|CD11a/CD18|CD142|CD307e|CD319|CD99|CCR10|CD199|CD26-2
P6,41,random_70,157,336417,legacy_v33_deterministic_feature_mask,CD86|CD274|CD273|CD275-1|CD11b-1|Galectin-9|CD252|CD155|CD112|CD70|CD30|CD48|CD40|CD154|CD52|CD3-1|CD4-1|CD8|CD56-1|CD3-2|CD19|CD11c|CD34|CD138-1|CD123|CD105|CD201|CD194|CD4-2|CD14|CD56-2|CD25|CD45RO|CD279|TIGIT|Rat-IgG2b|CD20|CD294|CD44-2|CD133-1|Podoplanin|CD140a|CD140b|Cadherin|CD340|CD324|IgM|TCR-1|CD185|CD103|CD69|CD223|CD27|CD95|CD134|HLA-DR|CD1c|CD11b-2|CD314|CD66b|CD35|CD96|CD178|CX3CR1|CD21|CD79b|CD66a/c/e|Siglec-8|CD206|CD169|XCR1|Notch-1|Integrin-7|CD42b|CD54|CD119|TCR-2|Notch-2|Rat-IgG1-2|Rag-IgG2c|CD102|CD62E|CD135|CD137|CD43|CD83|CD357|CD59|CD309|CD124|CD13|CD29|CD303|CD49b|CD81|CD98|IgD|TSLPR|CD38-1|CD127|CD45-2|CD15|CD22|CD71|CD193|CD204|CD144|CD301|CD207|CD63|CD284|CD304|CD36|CD85g|CD38-2|CD243|CD72|Folate|TIM-4|CD171|CD325|CD93|CD200|CD235a|CD49d|CD79a|CD9|TCR-V-2|TCR-V-9|TCR-V-24-J-18|CD354|CD305|LOX-1|CD203c|CD133-2|CD209|CD226|CD205|CD109|CD11a/CD18|CD126|CD164|CD142|CD307d|CD307e|CD319|CLEC12A|CD16|CD161|CCR10|CD271|GP130|CD199|CD45RB|CD46|VEGFR-3|CD26-2
P6,41,marker_memory,6,,legacy_v33_deterministic_feature_mask,CD45RA|CD45RO|CD27|CD95|CD28|CD127
P6,41,marker_tcell,15,,legacy_v33_deterministic_feature_mask,CD3-1|CD4-1|CD8|CD3-2|CD45RA|CD4-2|CD8a|CD45RO|TCR-1|CD27|TCR-2|TCR-V-7.2|TCR-V-2|TCR-V-9|TCR-V-24-J-18
P6,41,rna_only,224,,legacy_v33_deterministic_feature_mask,CD80|CD86|CD274|CD273|CD275-1|CD11b-1|Galectin-9|CD270|CD252|CD155|CD112|CD47|CD70|CD30|CD48|CD40|CD154|CD52|CD3-1|CD4-1|CD8|CD56-1|CD45-1|CD3-2|CD19|CD11c|CD34|CD138-1|CD269|CD90|CD117|CD45RA|CD123|CD105|CD201|CD194|CD4-2|CD44-1|CD8a|CD14|CD56-2|CD25|CD45RO|CD279|TIGIT|Rat-IgG2b|CD20|CD335|CD294|CD31|CD44-2|CD133-1|Podoplanin|CD140a|CD140b|Cadherin|CD340|CD146|CD324|IgM|TCR-1|CD195|CD196|CD185|CD103|CD69|CD152|CD223|CD27|CD107a|CD95|CD134|HLA-DR|CD1c|CD11b-2|CD64|CD141|CD1d|CD314|CD66b|CD35|CD57|CD366|CD272|CD278|CD275-2|CD96|CD39|CD178|CX3CR1|CD24|CD21|CD79b|CD66a/c/e|CD244|CD235ab|Siglec-8|CD206|CD169|CD370|XCR1|Notch-1|Integrin-7|CD268|CD42b|CD54|CD62P|CD119|TCR-2|Notch-2|CD68|Rat-IgG1-1|Rat-IgG1-2|Rag-IgG2c|CD192|CD102|CD106|CD122|CD267|CD62E|CD135|CD41|CD137|CD43|CD163|CD83|CD357|CD59|CD309|CD124|CD13|CD184|CD2|CD29|CD303|CD49b|CD61|CD81|CD98|CD177|CD55|IgD|CD18|CD28|TSLPR|CD38-1|CD127|CD45-2|CD15|CD22|CD71|B7-H4|CD26-1|CD193|CD115|CD204|CD144|CD301|CD1a|CD207|CD63|CD284|CD304|CD36|CD172a|CD85g|CD38-2|CD243|CD72|MERTK|Folate|TIM-4|CD171|CD325|CD93|CD200|CD338|C5L2|CD235a|CD49a|CD49d|CD73|CD79a|CD9|TCR-V-7.2|TCR-V-2|TCR-V-9|TCR-V-24-J-18|CD354|CD202b|CD305|LOX-1|CD203c|CD133-2|CD209|CD110|CD337|CD253|CD186|CD226|CD205|CD109|CD11a/CD18|CD126|CD164|CD142|CD307c/FcRL3|CD307d|CD307e|CD319|CD138-2|CD99|CLEC12A|CD16|CD161|CCR10|CD271|GP130|CD199|CD45RB|CD46|VEGFR-3|CLEC2|CD26-2
P6,41,random_size_matched_6,6,826411,random_feature_name_only_size_matched_to_targeted_mask,CD11c|CD171|CD79a|CD164|CD138-2|CD271
P6,41,random_size_matched_15,15,826412,random_feature_name_only_size_matched_to_targeted_mask,CD103|CD107a|CD141|CD57|CD366|CD39|CX3CR1|CD21|CD235ab|CD163|CD127|CD338|CD226|CD307e|CD161
P6,42,full,0,,legacy_v33_deterministic_feature_mask,
P6,42,random_10,22,336421,legacy_v33_deterministic_feature_mask,CD56-1|CD19|CD269|CD117|CD279|CD140a|Integrin-7|TCR-2|CD122|CD62E|CD81|CD18|CD26-1|CD38-2|MERTK|Folate|CD171|CD93|CD235a|CD354|CLEC12A|CD161
P6,42,random_30,67,336423,legacy_v33_deterministic_feature_mask,CD86|CD274|CD270|CD112|CD30|CD40|CD154|CD52|CD8|CD56-1|CD45-1|CD11c|CD45RA|CD44-1|CD56-2|Podoplanin|CD140b|CD146|CD196|CD185|CD103|CD152|CD107a|CD1d|CD66b|CD35|CD57|CD272|CD178|CX3CR1|CD24|CD21|CD206|XCR1|Notch-1|CD54|CD267|CD43|CD59|CD303|CD81|CD55|IgD|CD18|TSLPR|CD15|CD22|CD26-1|CD301|CD1a|CD207|CD93|CD200|CD235a|CD49d|CD79a|CD9|TCR-V-2|TCR-V-9|CD110|CD109|CD11a/CD18|CD307e|CD319|CCR10|CD271|CD46
P6,42,random_50,112,336425,legacy_v33_deterministic_feature_mask,CD80|CD86|CD273|CD275-1|CD11b-1|CD155|CD112|CD47|CD70|CD3-1|CD8|CD45-1|CD11c|CD34|CD138-1|CD90|CD117|CD201|CD194|CD4-2|CD8a|CD56-2|CD25|CD45RO|Rat-IgG2b|CD335|CD31|Podoplanin|CD140a|CD140b|Cadherin|CD324|CD195|CD185|CD103|CD69|CD223|CD27|CD107a|CD95|CD134|HLA-DR|CD11b-2|CD64|CD314|CD35|CD366|CD278|CD96|CD39|CD178|CX3CR1|Siglec-8|CD206|Integrin-7|CD42b|CD54|CD62P|CD119|Rat-IgG1-1|Rat-IgG1-2|CD102|CD122|CD267|CD62E|CD43|CD163|CD83|CD357|CD59|CD124|CD184|CD29|CD49b|CD98|CD55|CD18|TSLPR|CD127|CD45-2|CD22|CD71|CD193|CD144|CD207|CD304|CD36|CD85g|CD38-2|CD243|MERTK|CD338|CD49a|TCR-V-7.2|TCR-V-2|CD354|CD202b|CD203c|CD110|CD186|CD226|CD205|CD11a/CD18|CD164|CD307c/FcRL3|CD307d|CD99|CLEC12A|CD161|CD199|VEGFR-3|CLEC2
P6,42,random_70,157,336427,legacy_v33_deterministic_feature_mask,CD86|CD274|CD275-1|CD11b-1|CD252|CD155|CD47|CD70|CD30|CD48|CD40|CD154|CD52|CD3-1|CD4-1|CD56-1|CD45-1|CD19|CD11c|CD34|CD269|CD117|CD45RA|CD123|CD201|CD194|CD4-2|CD44-1|CD8a|CD14|CD56-2|CD25|CD45RO|CD279|TIGIT|Rat-IgG2b|CD20|CD335|CD294|CD31|CD44-2|Podoplanin|CD140b|CD340|CD324|TCR-1|CD195|CD185|CD103|CD69|CD152|CD223|CD27|CD107a|CD134|CD11b-2|CD1d|CD57|CD272|CD278|CD275-2|CD96|CD39|CD178|CX3CR1|CD24|CD79b|CD244|CD235ab|CD169|XCR1|CD54|CD119|TCR-2|Notch-2|CD68|Rat-IgG1-1|CD192|CD122|CD267|CD62E|CD135|CD41|CD43|CD163|CD83|CD357|CD59|CD309|CD124|CD13|CD2|CD29|CD49b|CD81|CD177|CD55|CD28|TSLPR|CD38-1|CD45-2|CD15|CD22|CD26-1|CD115|CD144|CD301|CD1a|CD63|CD284|CD36|CD172a|CD85g|CD243|CD72|MERTK|TIM-4|CD171|CD93|CD200|CD338|C5L2|CD235a|CD49a|CD73|CD9|TCR-V-9|TCR-V-24-J-18|CD202b|LOX-1|CD203c|CD133-2|CD209|CD110|CD337|CD253|CD226|CD205|CD109|CD11a/CD18|CD142|CD307d|CD307e|CD319|CD138-2|CD99|CLEC12A|CD16|CD161|CCR10|CD271|GP130|CD45RB|CD46|VEGFR-3|CLEC2|CD26-2
P6,42,marker_memory,6,,legacy_v33_deterministic_feature_mask,CD45RA|CD45RO|CD27|CD95|CD28|CD127
P6,42,marker_tcell,15,,legacy_v33_deterministic_feature_mask,CD3-1|CD4-1|CD8|CD3-2|CD45RA|CD4-2|CD8a|CD45RO|TCR-1|CD27|TCR-2|TCR-V-7.2|TCR-V-2|TCR-V-9|TCR-V-24-J-18
P6,42,rna_only,224,,legacy_v33_deterministic_feature_mask,CD80|CD86|CD274|CD273|CD275-1|CD11b-1|Galectin-9|CD270|CD252|CD155|CD112|CD47|CD70|CD30|CD48|CD40|CD154|CD52|CD3-1|CD4-1|CD8|CD56-1|CD45-1|CD3-2|CD19|CD11c|CD34|CD138-1|CD269|CD90|CD117|CD45RA|CD123|CD105|CD201|CD194|CD4-2|CD44-1|CD8a|CD14|CD56-2|CD25|CD45RO|CD279|TIGIT|Rat-IgG2b|CD20|CD335|CD294|CD31|CD44-2|CD133-1|Podoplanin|CD140a|CD140b|Cadherin|CD340|CD146|CD324|IgM|TCR-1|CD195|CD196|CD185|CD103|CD69|CD152|CD223|CD27|CD107a|CD95|CD134|HLA-DR|CD1c|CD11b-2|CD64|CD141|CD1d|CD314|CD66b|CD35|CD57|CD366|CD272|CD278|CD275-2|CD96|CD39|CD178|CX3CR1|CD24|CD21|CD79b|CD66a/c/e|CD244|CD235ab|Siglec-8|CD206|CD169|CD370|XCR1|Notch-1|Integrin-7|CD268|CD42b|CD54|CD62P|CD119|TCR-2|Notch-2|CD68|Rat-IgG1-1|Rat-IgG1-2|Rag-IgG2c|CD192|CD102|CD106|CD122|CD267|CD62E|CD135|CD41|CD137|CD43|CD163|CD83|CD357|CD59|CD309|CD124|CD13|CD184|CD2|CD29|CD303|CD49b|CD61|CD81|CD98|CD177|CD55|IgD|CD18|CD28|TSLPR|CD38-1|CD127|CD45-2|CD15|CD22|CD71|B7-H4|CD26-1|CD193|CD115|CD204|CD144|CD301|CD1a|CD207|CD63|CD284|CD304|CD36|CD172a|CD85g|CD38-2|CD243|CD72|MERTK|Folate|TIM-4|CD171|CD325|CD93|CD200|CD338|C5L2|CD235a|CD49a|CD49d|CD73|CD79a|CD9|TCR-V-7.2|TCR-V-2|TCR-V-9|TCR-V-24-J-18|CD354|CD202b|CD305|LOX-1|CD203c|CD133-2|CD209|CD110|CD337|CD253|CD186|CD226|CD205|CD109|CD11a/CD18|CD126|CD164|CD142|CD307c/FcRL3|CD307d|CD307e|CD319|CD138-2|CD99|CLEC12A|CD16|CD161|CCR10|CD271|GP130|CD199|CD45RB|CD46|VEGFR-3|CLEC2|CD26-2
P6,42,random_size_matched_6,6,826421,random_feature_name_only_size_matched_to_targeted_mask,CD52|CD68|CD41|TSLPR|CD338|CD73
P6,42,random_size_matched_15,15,826422,random_feature_name_only_size_matched_to_targeted_mask,CD44-1|CD140a|TCR-1|CX3CR1|CD206|Notch-1|CD62P|CD29|CD127|CD45-2|CD15|CD172a|Folate|CD171|CD337
P6,43,full,0,,legacy_v33_deterministic_feature_mask,
P6,43,random_10,22,336431,legacy_v33_deterministic_feature_mask,CD80|CD274|Galectin-9|CD112|CD56-2|CD25|Podoplanin|Cadherin|CD141|CD57|CD66a/c/e|CD244|CD43|IgD|B7-H4|CD93|CD49a|TCR-V-7.2|CD110|CD337|CD99|CD271
P6,43,random_30,67,336433,legacy_v33_deterministic_feature_mask,CD270|CD252|CD47|CD30|CD4-1|CD45-1|CD19|CD34|CD138-1|CD269|CD45RA|CD123|CD56-2|CD279|CD20|CD44-2|Podoplanin|Cadherin|CD146|TCR-1|CD195|CD196|CD107a|HLA-DR|CD64|CD366|CD278|CD96|CD79b|CD169|Integrin-7|CD62P|CD83|CD309|CD124|CD29|CD81|CD18|CD28|CD193|CD115|CD1a|CD207|CD36|CD85g|CD72|TIM-4|CD171|CD325|CD200|CD235a|CD49a|CD73|TCR-V-7.2|CD305|LOX-1|CD203c|CD110|CD337|CD126|CD164|CD307c/FcRL3|CD307e|CCR10|CD271|CD199|CD46
P6,43,random_50,112,336435,legacy_v33_deterministic_feature_mask,CD80|CD86|CD274|CD252|CD70|CD30|CD48|CD40|CD52|CD8|CD56-1|CD45-1|CD3-2|CD34|CD138-1|CD90|CD45RA|CD123|CD201|CD194|CD44-1|CD8a|CD14|CD45RO|CD279|Rat-IgG2b|CD20|CD335|CD294|CD31|CD44-2|CD140a|IgM|TCR-1|CD103|CD69|CD107a|CD95|HLA-DR|CD64|CD141|CD66b|CD57|CD272|CD278|CX3CR1|CD24|CD21|CD66a/c/e|CD244|CD235ab|CD370|XCR1|CD54|CD62P|Notch-2|Rat-IgG1-2|CD102|CD106|CD267|CD62E|CD163|CD357|CD59|CD13|CD2|CD49b|CD61|CD98|CD177|CD55|TSLPR|CD71|CD115|CD204|CD144|CD301|CD207|CD63|CD304|CD36|CD172a|CD38-2|MERTK|TIM-4|CD171|CD93|CD200|CD338|C5L2|CD235a|CD49a|CD73|CD79a|CD9|TCR-V-7.2|CD305|LOX-1|CD110|CD337|CD186|CD109|CD11a/CD18|CD126|CD319|CD99|CLEC12A|CD161|CCR10|CD199|CD46|CD26-2
P6,43,random_70,157,336437,legacy_v33_deterministic_feature_mask,CD80|CD86|CD274|CD273|CD275-1|CD11b-1|Galectin-9|CD270|CD155|CD47|CD70|CD48|CD40|CD154|CD52|CD56-1|CD45-1|CD19|CD34|CD138-1|CD269|CD90|CD117|CD45RA|CD105|CD201|CD194|CD8a|CD14|CD56-2|CD45RO|CD279|CD20|CD335|CD44-2|CD133-1|CD140a|CD140b|Cadherin|CD146|CD324|TCR-1|CD195|CD185|CD69|CD223|CD107a|CD95|CD134|HLA-DR|CD1c|CD11b-2|CD64|CD141|CD1d|CD314|CD366|CD272|CD275-2|CD39|CD178|CX3CR1|CD24|CD66a/c/e|CD235ab|Siglec-8|CD206|CD169|CD370|XCR1|Notch-1|Integrin-7|CD268|CD42b|CD54|CD119|CD68|Rat-IgG1-1|Rag-IgG2c|CD102|CD106|CD62E|CD135|CD137|CD43|CD163|CD83|CD124|CD13|CD184|CD2|CD49b|CD61|CD81|CD98|CD177|CD55|CD18|TSLPR|CD127|CD45-2|CD22|CD71|B7-H4|CD26-1|CD193|CD115|CD204|CD144|CD301|CD1a|CD63|CD36|CD38-2|CD72|MERTK|TIM-4|CD171|CD200|CD338|C5L2|CD235a|CD49d|CD79a|CD9|TCR-V-7.2|TCR-V-2|TCR-V-9|TCR-V-24-J-18|CD354|CD305|LOX-1|CD203c|CD133-2|CD209|CD110|CD337|CD253|CD186|CD226|CD205|CD109|CD11a/CD18|CD164|CD307c/FcRL3|CD307e|CD319|CD138-2|CLEC12A|CD16|CD161|CCR10|GP130|CD199|VEGFR-3|CLEC2|CD26-2
P6,43,marker_memory,6,,legacy_v33_deterministic_feature_mask,CD45RA|CD45RO|CD27|CD95|CD28|CD127
P6,43,marker_tcell,15,,legacy_v33_deterministic_feature_mask,CD3-1|CD4-1|CD8|CD3-2|CD45RA|CD4-2|CD8a|CD45RO|TCR-1|CD27|TCR-2|TCR-V-7.2|TCR-V-2|TCR-V-9|TCR-V-24-J-18
P6,43,rna_only,224,,legacy_v33_deterministic_feature_mask,CD80|CD86|CD274|CD273|CD275-1|CD11b-1|Galectin-9|CD270|CD252|CD155|CD112|CD47|CD70|CD30|CD48|CD40|CD154|CD52|CD3-1|CD4-1|CD8|CD56-1|CD45-1|CD3-2|CD19|CD11c|CD34|CD138-1|CD269|CD90|CD117|CD45RA|CD123|CD105|CD201|CD194|CD4-2|CD44-1|CD8a|CD14|CD56-2|CD25|CD45RO|CD279|TIGIT|Rat-IgG2b|CD20|CD335|CD294|CD31|CD44-2|CD133-1|Podoplanin|CD140a|CD140b|Cadherin|CD340|CD146|CD324|IgM|TCR-1|CD195|CD196|CD185|CD103|CD69|CD152|CD223|CD27|CD107a|CD95|CD134|HLA-DR|CD1c|CD11b-2|CD64|CD141|CD1d|CD314|CD66b|CD35|CD57|CD366|CD272|CD278|CD275-2|CD96|CD39|CD178|CX3CR1|CD24|CD21|CD79b|CD66a/c/e|CD244|CD235ab|Siglec-8|CD206|CD169|CD370|XCR1|Notch-1|Integrin-7|CD268|CD42b|CD54|CD62P|CD119|TCR-2|Notch-2|CD68|Rat-IgG1-1|Rat-IgG1-2|Rag-IgG2c|CD192|CD102|CD106|CD122|CD267|CD62E|CD135|CD41|CD137|CD43|CD163|CD83|CD357|CD59|CD309|CD124|CD13|CD184|CD2|CD29|CD303|CD49b|CD61|CD81|CD98|CD177|CD55|IgD|CD18|CD28|TSLPR|CD38-1|CD127|CD45-2|CD15|CD22|CD71|B7-H4|CD26-1|CD193|CD115|CD204|CD144|CD301|CD1a|CD207|CD63|CD284|CD304|CD36|CD172a|CD85g|CD38-2|CD243|CD72|MERTK|Folate|TIM-4|CD171|CD325|CD93|CD200|CD338|C5L2|CD235a|CD49a|CD49d|CD73|CD79a|CD9|TCR-V-7.2|TCR-V-2|TCR-V-9|TCR-V-24-J-18|CD354|CD202b|CD305|LOX-1|CD203c|CD133-2|CD209|CD110|CD337|CD253|CD186|CD226|CD205|CD109|CD11a/CD18|CD126|CD164|CD142|CD307c/FcRL3|CD307d|CD307e|CD319|CD138-2|CD99|CLEC12A|CD16|CD161|CCR10|CD271|GP130|CD199|CD45RB|CD46|VEGFR-3|CLEC2|CD26-2
P6,43,random_size_matched_6,6,826431,random_feature_name_only_size_matched_to_targeted_mask,CD275-1|CD20|CD107a|CD122|CD137|MERTK
P6,43,random_size_matched_15,15,826432,random_feature_name_only_size_matched_to_targeted_mask,CD274|CD40|CD45RA|CD324|CD169|CD106|CD62E|CD309|CD61|CD207|CD36|TCR-V-2|CD142|CD138-2|CD45RB
P7,41,full,0,,legacy_v33_deterministic_feature_mask,
P7,41,random_10,22,337411,legacy_v33_deterministic_feature_mask,CD273|CD269|CD201|CD20|CD335|CD294|CD95|CD366|CD272|Notch-1|CD62P|CD102|B7-H4|CD26-1|CD301|CD304|CD338|TCR-V-2|CD209|CD126|CD307d|CD307e
P7,41,random_30,67,337413,legacy_v33_deterministic_feature_mask,CD11b-1|Galectin-9|CD47|CD30|CD154|CD52|CD8|CD34|CD117|CD201|CD4-2|CD14|CD45RO|TIGIT|CD31|CD133-1|CD146|CD196|CD185|CD103|CD152|HLA-DR|CD1d|CD314|CD66b|CD35|CD96|CD24|CD244|Siglec-8|XCR1|CD42b|CD54|CD68|CD102|CD83|CD184|CD29|CD81|CD98|CD18|CD71|B7-H4|CD193|CD144|CD301|CD1a|CD63|CD36|CD85g|CD72|Folate|TIM-4|CD235a|CD79a|CD9|CD354|CD133-2|CD209|CD337|CD164|CD307e|CD138-2|CCR10|CD199|CD45RB|CD46
P7,41,random_50,112,337415,legacy_v33_deterministic_feature_mask,CD275-1|CD11b-1|Galectin-9|CD270|CD252|CD112|CD48|CD40|CD154|CD52|CD4-1|CD56-1|CD45-1|CD19|CD11c|CD138-1|CD269|CD117|CD201|CD44-1|CD56-2|CD25|Rat-IgG2b|CD20|CD335|CD31|CD44-2|CD133-1|CD140a|CD140b|Cadherin|CD340|CD146|IgM|CD196|CD185|CD223|CD107a|HLA-DR|CD1d|CD314|CD35|CD57|CD272|CD278|CD275-2|CD96|CD178|CD24|CD21|CD169|CD268|CD62P|CD119|TCR-2|Notch-2|CD68|Rat-IgG1-1|CD102|CD135|CD43|CD59|CD309|CD13|CD2|CD29|CD49b|CD98|CD177|CD28|TSLPR|CD45-2|CD22|CD71|B7-H4|CD193|CD144|CD301|CD1a|CD207|CD63|CD36|CD38-2|CD243|CD72|CD93|CD200|CD338|C5L2|CD49a|CD49d|CD73|TCR-V-7.2|TCR-V-2|CD202b|CD209|CD110|CD253|CD186|CD205|CD109|CD126|CD164|CD307c/FcRL3|CD307d|CD307e|CD319|CD271|GP130|CD199|CD45RB|VEGFR-3
P7,41,random_70,157,337417,legacy_v33_deterministic_feature_mask,CD274|CD273|CD275-1|CD11b-1|Galectin-9|CD270|CD252|CD155|CD112|CD47|CD70|CD48|CD40|CD154|CD52|CD3-1|CD8|CD56-1|CD45-1|CD3-2|CD11c|CD34|CD90|CD117|CD45RA|CD123|CD105|CD201|CD44-1|CD8a|CD14|CD25|TIGIT|Rat-IgG2b|CD20|CD335|CD133-1|Podoplanin|CD140b|CD340|CD324|IgM|CD185|CD69|CD152|CD223|CD27|CD107a|CD134|HLA-DR|CD1c|CD141|CD1d|CD314|CD66b|CD35|CD366|CD272|CD278|CX3CR1|CD24|CD79b|CD244|CD235ab|Siglec-8|CD206|CD169|CD370|Notch-1|Integrin-7|CD268|CD42b|CD54|CD62P|CD119|Notch-2|Rat-IgG1-1|CD192|CD102|CD106|CD267|CD62E|CD41|CD137|CD43|CD163|CD83|CD59|CD309|CD124|CD184|CD2|CD303|CD61|CD81|CD177|CD55|IgD|CD18|CD28|TSLPR|CD38-1|CD127|CD45-2|CD15|CD71|B7-H4|CD193|CD115|CD301|CD1a|CD63|CD284|CD36|CD172a|CD72|MERTK|Folate|TIM-4|CD171|CD325|CD93|CD200|CD338|C5L2|CD49a|CD49d|CD73|TCR-V-2|TCR-V-9|TCR-V-24-J-18|CD305|CD203c|CD133-2|CD209|CD110|CD337|CD253|CD226|CD109|CD11a/CD18|CD126|CD164|CD142|CD307c/FcRL3|CD307d|CD307e|CD319|CD99|CLEC12A|CD161|CCR10|CD271|GP130|CD45RB|CD46|VEGFR-3
P7,41,marker_memory,6,,legacy_v33_deterministic_feature_mask,CD45RA|CD45RO|CD27|CD95|CD28|CD127
P7,41,marker_tcell,15,,legacy_v33_deterministic_feature_mask,CD3-1|CD4-1|CD8|CD3-2|CD45RA|CD4-2|CD8a|CD45RO|TCR-1|CD27|TCR-2|TCR-V-7.2|TCR-V-2|TCR-V-9|TCR-V-24-J-18
P7,41,rna_only,224,,legacy_v33_deterministic_feature_mask,CD80|CD86|CD274|CD273|CD275-1|CD11b-1|Galectin-9|CD270|CD252|CD155|CD112|CD47|CD70|CD30|CD48|CD40|CD154|CD52|CD3-1|CD4-1|CD8|CD56-1|CD45-1|CD3-2|CD19|CD11c|CD34|CD138-1|CD269|CD90|CD117|CD45RA|CD123|CD105|CD201|CD194|CD4-2|CD44-1|CD8a|CD14|CD56-2|CD25|CD45RO|CD279|TIGIT|Rat-IgG2b|CD20|CD335|CD294|CD31|CD44-2|CD133-1|Podoplanin|CD140a|CD140b|Cadherin|CD340|CD146|CD324|IgM|TCR-1|CD195|CD196|CD185|CD103|CD69|CD152|CD223|CD27|CD107a|CD95|CD134|HLA-DR|CD1c|CD11b-2|CD64|CD141|CD1d|CD314|CD66b|CD35|CD57|CD366|CD272|CD278|CD275-2|CD96|CD39|CD178|CX3CR1|CD24|CD21|CD79b|CD66a/c/e|CD244|CD235ab|Siglec-8|CD206|CD169|CD370|XCR1|Notch-1|Integrin-7|CD268|CD42b|CD54|CD62P|CD119|TCR-2|Notch-2|CD68|Rat-IgG1-1|Rat-IgG1-2|Rag-IgG2c|CD192|CD102|CD106|CD122|CD267|CD62E|CD135|CD41|CD137|CD43|CD163|CD83|CD357|CD59|CD309|CD124|CD13|CD184|CD2|CD29|CD303|CD49b|CD61|CD81|CD98|CD177|CD55|IgD|CD18|CD28|TSLPR|CD38-1|CD127|CD45-2|CD15|CD22|CD71|B7-H4|CD26-1|CD193|CD115|CD204|CD144|CD301|CD1a|CD207|CD63|CD284|CD304|CD36|CD172a|CD85g|CD38-2|CD243|CD72|MERTK|Folate|TIM-4|CD171|CD325|CD93|CD200|CD338|C5L2|CD235a|CD49a|CD49d|CD73|CD79a|CD9|TCR-V-7.2|TCR-V-2|TCR-V-9|TCR-V-24-J-18|CD354|CD202b|CD305|LOX-1|CD203c|CD133-2|CD209|CD110|CD337|CD253|CD186|CD226|CD205|CD109|CD11a/CD18|CD126|CD164|CD142|CD307c/FcRL3|CD307d|CD307e|CD319|CD138-2|CD99|CLEC12A|CD16|CD161|CCR10|CD271|GP130|CD199|CD45RB|CD46|VEGFR-3|CLEC2|CD26-2
P7,41,random_size_matched_6,6,827411,random_feature_name_only_size_matched_to_targeted_mask,CD294|CD64|CD1d|CX3CR1|CD144|CD203c
P7,41,random_size_matched_15,15,827412,random_feature_name_only_size_matched_to_targeted_mask,CD201|CD335|CD340|TCR-1|CD27|CD57|CD66a/c/e|CD119|CD28|CD71|CD193|CD338|CD305|CD253|CD26-2
P7,42,full,0,,legacy_v33_deterministic_feature_mask,
P7,42,random_10,22,337421,legacy_v33_deterministic_feature_mask,CD40|CD52|CD11c|HLA-DR|CD35|CD278|CD66a/c/e|CD169|CD42b|CD54|CD124|CD13|CD2|CD303|CD81|CD98|CD45-2|C5L2|CD202b|CD209|CD319|CD46
P7,42,random_30,67,337423,legacy_v33_deterministic_feature_mask,CD86|CD11b-1|Galectin-9|CD252|CD48|CD40|CD52|CD4-1|CD8|CD56-1|CD34|CD45RA|CD14|CD25|CD279|CD294|Podoplanin|CD140a|CD140b|CD146|IgM|CD195|CD223|CD1d|CD278|Notch-1|Integrin-7|CD268|CD62P|TCR-2|Rag-IgG2c|CD192|CD135|CD163|CD309|CD124|CD2|CD29|CD49b|CD55|CD28|CD15|CD193|CD301|CD1a|CD85g|CD72|CD171|CD200|CD235a|CD49d|CD79a|CD9|TCR-V-7.2|TCR-V-2|CD202b|LOX-1|CD209|CD110|CD337|CD253|CD205|CD164|CD307c/FcRL3|CLEC12A|CD161|CD199
P7,42,random_50,112,337425,legacy_v33_deterministic_feature_mask,CD274|CD273|CD275-1|Galectin-9|CD270|CD47|CD70|CD30|CD3-1|CD8|CD45-1|CD19|CD11c|CD138-1|CD90|CD117|CD105|CD201|CD194|CD14|CD56-2|CD25|CD45RO|CD335|CD44-2|CD133-1|Podoplanin|CD140b|CD146|CD195|CD103|CD69|CD152|CD223|CD27|CD1c|CD11b-2|CD1d|CD314|CD35|CD366|CD272|CD278|CD39|CD24|CD79b|CD66a/c/e|CD206|CD370|XCR1|Notch-1|CD42b|Notch-2|Rat-IgG1-1|Rat-IgG1-2|Rag-IgG2c|CD106|CD122|CD41|CD137|CD43|CD83|CD357|CD59|CD2|CD49b|CD61|CD81|CD98|CD18|CD28|CD38-1|CD45-2|CD26-1|CD193|CD115|CD1a|CD284|CD36|CD85g|CD243|CD72|Folate|TIM-4|CD325|CD200|CD338|C5L2|CD73|CD354|CD202b|CD133-2|CD209|CD110|CD337|CD186|CD226|CD11a/CD18|CD126|CD164|CD142|CD307d|CD307e|CD138-2|CD99|CLEC12A|CD161|GP130|CD199|CD45RB|VEGFR-3|CD26-2
P7,42,random_70,157,337427,legacy_v33_deterministic_feature_mask,CD86|CD273|CD275-1|CD11b-1|Galectin-9|CD155|CD112|CD70|CD48|CD40|CD3-1|CD4-1|CD8|CD3-2|CD19|CD269|CD90|CD117|CD123|CD105|CD194|CD4-2|CD44-1|CD25|CD45RO|TIGIT|Rat-IgG2b|CD20|CD294|CD31|CD133-1|Podoplanin|CD140a|Cadherin|CD340|CD146|CD324|CD196|CD69|CD152|CD223|CD27|CD95|HLA-DR|CD11b-2|CD64|CD314|CD66b|CD35|CD57|CD366|CD272|CD278|CD275-2|CD39|CD178|CX3CR1|CD21|CD79b|CD66a/c/e|CD244|CD235ab|CD206|Notch-1|Integrin-7|CD268|CD42b|CD54|CD62P|CD119|TCR-2|Notch-2|CD68|Rat-IgG1-1|Rat-IgG1-2|CD192|CD102|CD267|CD135|CD41|CD137|CD43|CD83|CD357|CD59|CD124|CD13|CD184|CD2|CD303|CD49b|CD61|CD81|CD177|IgD|CD18|CD28|CD38-1|CD127|CD22|B7-H4|CD193|CD204|CD144|CD1a|CD63|CD284|CD304|CD36|CD85g|CD38-2|CD243|CD72|Folate|TIM-4|CD171|CD325|CD200|CD338|C5L2|CD235a|CD49a|CD49d|CD73|CD79a|CD9|TCR-V-2|TCR-V-24-J-18|CD354|CD202b|CD305|LOX-1|CD203c|CD133-2|CD337|CD186|CD226|CD205|CD11a/CD18|CD126|CD164|CD307c/FcRL3|CD307d|CD319|CD138-2|CD99|CLEC12A|CD16|CD161|CCR10|CD271|GP130|CD45RB|CD46|VEGFR-3|CLEC2|CD26-2
P7,42,marker_memory,6,,legacy_v33_deterministic_feature_mask,CD45RA|CD45RO|CD27|CD95|CD28|CD127
P7,42,marker_tcell,15,,legacy_v33_deterministic_feature_mask,CD3-1|CD4-1|CD8|CD3-2|CD45RA|CD4-2|CD8a|CD45RO|TCR-1|CD27|TCR-2|TCR-V-7.2|TCR-V-2|TCR-V-9|TCR-V-24-J-18
P7,42,rna_only,224,,legacy_v33_deterministic_feature_mask,CD80|CD86|CD274|CD273|CD275-1|CD11b-1|Galectin-9|CD270|CD252|CD155|CD112|CD47|CD70|CD30|CD48|CD40|CD154|CD52|CD3-1|CD4-1|CD8|CD56-1|CD45-1|CD3-2|CD19|CD11c|CD34|CD138-1|CD269|CD90|CD117|CD45RA|CD123|CD105|CD201|CD194|CD4-2|CD44-1|CD8a|CD14|CD56-2|CD25|CD45RO|CD279|TIGIT|Rat-IgG2b|CD20|CD335|CD294|CD31|CD44-2|CD133-1|Podoplanin|CD140a|CD140b|Cadherin|CD340|CD146|CD324|IgM|TCR-1|CD195|CD196|CD185|CD103|CD69|CD152|CD223|CD27|CD107a|CD95|CD134|HLA-DR|CD1c|CD11b-2|CD64|CD141|CD1d|CD314|CD66b|CD35|CD57|CD366|CD272|CD278|CD275-2|CD96|CD39|CD178|CX3CR1|CD24|CD21|CD79b|CD66a/c/e|CD244|CD235ab|Siglec-8|CD206|CD169|CD370|XCR1|Notch-1|Integrin-7|CD268|CD42b|CD54|CD62P|CD119|TCR-2|Notch-2|CD68|Rat-IgG1-1|Rat-IgG1-2|Rag-IgG2c|CD192|CD102|CD106|CD122|CD267|CD62E|CD135|CD41|CD137|CD43|CD163|CD83|CD357|CD59|CD309|CD124|CD13|CD184|CD2|CD29|CD303|CD49b|CD61|CD81|CD98|CD177|CD55|IgD|CD18|CD28|TSLPR|CD38-1|CD127|CD45-2|CD15|CD22|CD71|B7-H4|CD26-1|CD193|CD115|CD204|CD144|CD301|CD1a|CD207|CD63|CD284|CD304|CD36|CD172a|CD85g|CD38-2|CD243|CD72|MERTK|Folate|TIM-4|CD171|CD325|CD93|CD200|CD338|C5L2|CD235a|CD49a|CD49d|CD73|CD79a|CD9|TCR-V-7.2|TCR-V-2|TCR-V-9|TCR-V-24-J-18|CD354|CD202b|CD305|LOX-1|CD203c|CD133-2|CD209|CD110|CD337|CD253|CD186|CD226|CD205|CD109|CD11a/CD18|CD126|CD164|CD142|CD307c/FcRL3|CD307d|CD307e|CD319|CD138-2|CD99|CLEC12A|CD16|CD161|CCR10|CD271|GP130|CD199|CD45RB|CD46|VEGFR-3|CLEC2|CD26-2
P7,42,random_size_matched_6,6,827421,random_feature_name_only_size_matched_to_targeted_mask,CD80|CD275-1|TCR-1|CD303|CD38-1|CD1a
P7,42,random_size_matched_15,15,827422,random_feature_name_only_size_matched_to_targeted_mask,CD274|CD90|CD56-2|CD27|CD134|XCR1|Notch-1|Integrin-7|CD29|CD177|CD204|CD301|CD304|Folate|CD99
P7,43,full,0,,legacy_v33_deterministic_feature_mask,
P7,43,random_10,22,337431,legacy_v33_deterministic_feature_mask,CD86|CD47|CD117|CD45RA|CD25|CD140b|TCR-1|CD107a|CD39|TCR-2|CD137|CD163|CD2|CD303|IgD|CD71|CD193|CD144|CD304|CD325|CD49d|TCR-V-2
P7,43,random_30,67,337433,legacy_v33_deterministic_feature_mask,CD86|CD275-1|CD155|CD47|CD56-1|CD194|CD44-1|CD14|CD279|Rat-IgG2b|CD20|CD294|CD133-1|CD27|CD107a|CD95|CD134|CD141|CD1d|CD35|CD366|CD275-2|CD39|CD244|CD206|Notch-1|Integrin-7|CD119|Notch-2|Rat-IgG1-2|Rag-IgG2c|CD102|CD62E|CD43|CD163|CD59|CD309|CD61|CD127|CD15|CD22|B7-H4|CD26-1|CD193|CD115|CD204|CD144|CD1a|CD207|TIM-4|CD171|CD338|CD79a|CD305|CD133-2|CD110|CD205|CD11a/CD18|CD126|CD307c/FcRL3|CD319|CLEC12A|GP130|CD45RB|CD46|VEGFR-3|CD26-2
P7,43,random_50,112,337435,legacy_v33_deterministic_feature_mask,CD80|CD11b-1|Galectin-9|CD270|CD252|CD155|CD3-1|CD4-1|CD8|CD45-1|CD19|CD11c|CD138-1|CD269|CD123|CD44-1|CD8a|CD45RO|CD279|CD20|CD294|CD44-2|CD133-1|CD140a|CD140b|CD340|CD146|CD324|IgM|CD195|CD185|CD103|CD69|CD152|CD223|CD107a|CD95|HLA-DR|CD1c|CD141|CD66b|CD35|CD57|CD366|CD272|CD39|CD178|CX3CR1|CD370|XCR1|Notch-1|Integrin-7|CD268|CD119|CD68|Rat-IgG1-2|Rag-IgG2c|CD192|CD102|CD106|CD122|CD135|CD163|CD83|CD59|CD124|CD184|CD2|CD49b|CD61|CD177|IgD|CD28|TSLPR|CD38-1|CD45-2|CD71|CD115|CD301|CD207|CD63|CD284|CD304|CD85g|CD38-2|Folate|TIM-4|CD171|CD325|CD200|CD338|CD235a|CD49d|CD73|CD79a|CD9|TCR-V-2|TCR-V-9|CD305|CD226|CD205|CD109|CD126|CD142|CD307c/FcRL3|CD319|CCR10|CD271|GP130|CD46|VEGFR-3|CLEC2
P7,43,random_70,157,337437,legacy_v33_deterministic_feature_mask,CD274|CD273|CD275-1|CD11b-1|Galectin-9|CD155|CD47|CD30|CD48|CD40|CD52|CD3-1|CD8|CD56-1|CD19|CD11c|CD34|CD269|CD90|CD117|CD105|CD201|CD194|CD4-2|CD44-1|CD8a|CD14|CD56-2|CD25|CD45RO|TIGIT|Rat-IgG2b|CD20|CD335|CD294|CD44-2|CD133-1|CD140a|CD140b|Cadherin|CD340|CD146|CD324|TCR-1|CD195|CD103|CD152|CD27|CD95|CD134|CD1c|CD11b-2|CD64|CD141|CD1d|CD314|CD66b|CD35|CD57|CD366|CD272|CD278|CD275-2|CD96|CD39|CX3CR1|CD24|CD21|CD79b|CD244|CD235ab|CD206|CD169|XCR1|Notch-1|Integrin-7|CD42b|CD119|TCR-2|Notch-2|CD68|Rag-IgG2c|CD192|CD102|CD106|CD122|CD267|CD135|CD41|CD137|CD43|CD163|CD83|CD357|CD59|CD309|CD13|CD184|CD2|CD29|CD49b|CD61|CD81|CD98|CD177|IgD|CD28|TSLPR|CD38-1|CD127|CD45-2|CD15|CD71|B7-H4|CD26-1|CD193|CD115|CD204|CD144|CD207|CD63|CD284|CD304|CD172a|CD243|MERTK|Folate|TIM-4|CD171|CD93|CD200|CD338|CD49d|CD9|TCR-V-9|LOX-1|CD133-2|CD209|CD110|CD337|CD186|CD109|CD11a/CD18|CD126|CD164|CD142|CD307c/FcRL3|CD319|CD138-2|CD16|CD161|CCR10|CD271|CD45RB|CD46|VEGFR-3|CD26-2
P7,43,marker_memory,6,,legacy_v33_deterministic_feature_mask,CD45RA|CD45RO|CD27|CD95|CD28|CD127
P7,43,marker_tcell,15,,legacy_v33_deterministic_feature_mask,CD3-1|CD4-1|CD8|CD3-2|CD45RA|CD4-2|CD8a|CD45RO|TCR-1|CD27|TCR-2|TCR-V-7.2|TCR-V-2|TCR-V-9|TCR-V-24-J-18
P7,43,rna_only,224,,legacy_v33_deterministic_feature_mask,CD80|CD86|CD274|CD273|CD275-1|CD11b-1|Galectin-9|CD270|CD252|CD155|CD112|CD47|CD70|CD30|CD48|CD40|CD154|CD52|CD3-1|CD4-1|CD8|CD56-1|CD45-1|CD3-2|CD19|CD11c|CD34|CD138-1|CD269|CD90|CD117|CD45RA|CD123|CD105|CD201|CD194|CD4-2|CD44-1|CD8a|CD14|CD56-2|CD25|CD45RO|CD279|TIGIT|Rat-IgG2b|CD20|CD335|CD294|CD31|CD44-2|CD133-1|Podoplanin|CD140a|CD140b|Cadherin|CD340|CD146|CD324|IgM|TCR-1|CD195|CD196|CD185|CD103|CD69|CD152|CD223|CD27|CD107a|CD95|CD134|HLA-DR|CD1c|CD11b-2|CD64|CD141|CD1d|CD314|CD66b|CD35|CD57|CD366|CD272|CD278|CD275-2|CD96|CD39|CD178|CX3CR1|CD24|CD21|CD79b|CD66a/c/e|CD244|CD235ab|Siglec-8|CD206|CD169|CD370|XCR1|Notch-1|Integrin-7|CD268|CD42b|CD54|CD62P|CD119|TCR-2|Notch-2|CD68|Rat-IgG1-1|Rat-IgG1-2|Rag-IgG2c|CD192|CD102|CD106|CD122|CD267|CD62E|CD135|CD41|CD137|CD43|CD163|CD83|CD357|CD59|CD309|CD124|CD13|CD184|CD2|CD29|CD303|CD49b|CD61|CD81|CD98|CD177|CD55|IgD|CD18|CD28|TSLPR|CD38-1|CD127|CD45-2|CD15|CD22|CD71|B7-H4|CD26-1|CD193|CD115|CD204|CD144|CD301|CD1a|CD207|CD63|CD284|CD304|CD36|CD172a|CD85g|CD38-2|CD243|CD72|MERTK|Folate|TIM-4|CD171|CD325|CD93|CD200|CD338|C5L2|CD235a|CD49a|CD49d|CD73|CD79a|CD9|TCR-V-7.2|TCR-V-2|TCR-V-9|TCR-V-24-J-18|CD354|CD202b|CD305|LOX-1|CD203c|CD133-2|CD209|CD110|CD337|CD253|CD186|CD226|CD205|CD109|CD11a/CD18|CD126|CD164|CD142|CD307c/FcRL3|CD307d|CD307e|CD319|CD138-2|CD99|CLEC12A|CD16|CD161|CCR10|CD271|GP130|CD199|CD45RB|CD46|VEGFR-3|CLEC2|CD26-2
P7,43,random_size_matched_6,6,827431,random_feature_name_only_size_matched_to_targeted_mask,CD30|CD154|HLA-DR|CD28|CD63|CD319
P7,43,random_size_matched_15,15,827432,random_feature_name_only_size_matched_to_targeted_mask,CD86|CD117|CD44-1|CD279|CD44-2|CD133-1|CD69|CD66a/c/e|CD206|Rat-IgG1-1|CD43|Folate|CD325|CD354|CCR10
P8,41,full,0,,legacy_v33_deterministic_feature_mask,
P8,41,random_10,22,338411,legacy_v33_deterministic_feature_mask,CD274|CD3-2|CD269|CD117|CD201|CD4-2|CD279|CD44-2|IgM|CD196|CD54|CD62E|CD41|CD357|CD309|CD304|TCR-V-7.2|CD202b|CD203c|CD186|CD16|CD161
P8,41,random_30,67,338413,legacy_v33_deterministic_feature_mask,CD275-1|CD252|CD155|CD70|CD40|CD3-1|CD45-1|CD3-2|CD123|CD105|CD194|CD44-1|CD8a|CD25|CD45RO|CD279|Rat-IgG2b|CD294|CD146|CD196|CD185|CD69|CD223|CD64|CD141|CD35|CD39|CD79b|TCR-2|Rat-IgG1-1|CD102|CD122|CD267|CD62E|CD83|CD59|CD124|CD49b|CD177|CD55|IgD|CD45-2|CD115|CD144|CD301|CD63|CD36|CD38-2|Folate|CD200|CD338|CD235a|TCR-V-7.2|TCR-V-9|TCR-V-24-J-18|CD202b|CD133-2|CD209|CD337|CD226|CD109|CD164|CD142|CD307e|CD16|CD199|CD26-2
P8,41,random_50,112,338415,legacy_v33_deterministic_feature_mask,CD80|CD86|CD275-1|CD155|CD112|CD30|CD48|CD40|CD154|CD3-1|CD4-1|CD8|CD3-2|CD19|CD34|CD90|CD117|CD123|CD4-2|CD44-1|CD8a|CD45RO|CD279|TIGIT|CD140b|IgM|TCR-1|CD195|CD196|CD103|CD69|CD152|CD95|HLA-DR|CD1c|CD11b-2|CD314|CD66b|CD35|CD275-2|CD178|CD24|CD21|CD79b|Siglec-8|Integrin-7|CD268|CD42b|Notch-2|CD68|Rat-IgG1-1|Rag-IgG2c|CD192|CD102|CD106|CD267|CD41|CD43|CD59|CD309|CD184|CD2|CD61|CD98|CD28|TSLPR|CD38-1|CD127|CD15|CD22|CD71|B7-H4|CD26-1|CD204|CD301|CD207|CD304|CD38-2|TIM-4|CD325|CD338|C5L2|CD235a|CD49a|CD49d|CD73|CD79a|CD9|TCR-V-2|TCR-V-9|TCR-V-24-J-18|CD305|LOX-1|CD133-2|CD209|CD337|CD186|CD205|CD109|CD164|CD142|CD307e|CD319|CLEC12A|CD16|CD161|CCR10|CD199|CD45RB|CD46|CLEC2|CD26-2
P8,41,random_70,157,338417,legacy_v33_deterministic_feature_mask,CD80|CD86|CD274|CD275-1|CD11b-1|Galectin-9|CD252|CD155|CD47|CD70|CD48|CD154|CD52|CD3-1|CD4-1|CD8|CD3-2|CD11c|CD34|CD138-1|CD90|CD45RA|CD123|CD201|CD44-1|CD8a|CD14|CD56-2|CD25|CD45RO|CD279|TIGIT|CD20|CD335|CD294|CD31|CD44-2|CD133-1|CD140a|CD140b|Cadherin|CD340|CD146|IgM|CD195|CD196|CD103|CD69|CD152|CD223|CD27|CD107a|CD95|CD134|CD1c|CD141|CD1d|CD314|CD66b|CD35|CD278|CD39|CD178|CX3CR1|CD24|CD21|CD66a/c/e|CD244|Siglec-8|CD169|XCR1|Integrin-7|CD62P|CD68|Rat-IgG1-1|CD192|CD102|CD122|CD62E|CD135|CD41|CD137|CD163|CD83|CD357|CD59|CD309|CD124|CD184|CD2|CD29|CD303|CD49b|CD61|CD81|CD98|CD55|IgD|CD18|CD28|CD38-1|CD127|CD45-2|CD15|CD26-1|CD193|CD115|CD204|CD144|CD301|CD207|CD63|CD304|CD36|CD172a|CD85g|CD38-2|MERTK|Folate|TIM-4|CD171|CD325|CD200|CD338|CD235a|CD49a|CD79a|CD9|TCR-V-7.2|TCR-V-2|TCR-V-9|CD202b|CD305|CD133-2|CD209|CD110|CD337|CD253|CD186|CD226|CD205|CD109|CD126|CD164|CD307d|CD138-2|CLEC12A|CD16|CD161|CCR10|CD271|GP130|CD199|CD45RB|CD46|VEGFR-3|CLEC2
P8,41,marker_memory,6,,legacy_v33_deterministic_feature_mask,CD45RA|CD45RO|CD27|CD95|CD28|CD127
P8,41,marker_tcell,15,,legacy_v33_deterministic_feature_mask,CD3-1|CD4-1|CD8|CD3-2|CD45RA|CD4-2|CD8a|CD45RO|TCR-1|CD27|TCR-2|TCR-V-7.2|TCR-V-2|TCR-V-9|TCR-V-24-J-18
P8,41,rna_only,224,,legacy_v33_deterministic_feature_mask,CD80|CD86|CD274|CD273|CD275-1|CD11b-1|Galectin-9|CD270|CD252|CD155|CD112|CD47|CD70|CD30|CD48|CD40|CD154|CD52|CD3-1|CD4-1|CD8|CD56-1|CD45-1|CD3-2|CD19|CD11c|CD34|CD138-1|CD269|CD90|CD117|CD45RA|CD123|CD105|CD201|CD194|CD4-2|CD44-1|CD8a|CD14|CD56-2|CD25|CD45RO|CD279|TIGIT|Rat-IgG2b|CD20|CD335|CD294|CD31|CD44-2|CD133-1|Podoplanin|CD140a|CD140b|Cadherin|CD340|CD146|CD324|IgM|TCR-1|CD195|CD196|CD185|CD103|CD69|CD152|CD223|CD27|CD107a|CD95|CD134|HLA-DR|CD1c|CD11b-2|CD64|CD141|CD1d|CD314|CD66b|CD35|CD57|CD366|CD272|CD278|CD275-2|CD96|CD39|CD178|CX3CR1|CD24|CD21|CD79b|CD66a/c/e|CD244|CD235ab|Siglec-8|CD206|CD169|CD370|XCR1|Notch-1|Integrin-7|CD268|CD42b|CD54|CD62P|CD119|TCR-2|Notch-2|CD68|Rat-IgG1-1|Rat-IgG1-2|Rag-IgG2c|CD192|CD102|CD106|CD122|CD267|CD62E|CD135|CD41|CD137|CD43|CD163|CD83|CD357|CD59|CD309|CD124|CD13|CD184|CD2|CD29|CD303|CD49b|CD61|CD81|CD98|CD177|CD55|IgD|CD18|CD28|TSLPR|CD38-1|CD127|CD45-2|CD15|CD22|CD71|B7-H4|CD26-1|CD193|CD115|CD204|CD144|CD301|CD1a|CD207|CD63|CD284|CD304|CD36|CD172a|CD85g|CD38-2|CD243|CD72|MERTK|Folate|TIM-4|CD171|CD325|CD93|CD200|CD338|C5L2|CD235a|CD49a|CD49d|CD73|CD79a|CD9|TCR-V-7.2|TCR-V-2|TCR-V-9|TCR-V-24-J-18|CD354|CD202b|CD305|LOX-1|CD203c|CD133-2|CD209|CD110|CD337|CD253|CD186|CD226|CD205|CD109|CD11a/CD18|CD126|CD164|CD142|CD307c/FcRL3|CD307d|CD307e|CD319|CD138-2|CD99|CLEC12A|CD16|CD161|CCR10|CD271|GP130|CD199|CD45RB|CD46|VEGFR-3|CLEC2|CD26-2
P8,41,random_size_matched_6,6,828411,random_feature_name_only_size_matched_to_targeted_mask,CD138-1|CD314|CD178|CD267|CD45-2|CD26-1
P8,41,random_size_matched_15,15,828412,random_feature_name_only_size_matched_to_targeted_mask,CD80|Galectin-9|CD117|CD201|CD152|CD141|CD314|CD278|Rat-IgG1-2|CD98|CD18|CD71|TCR-V-24-J-18|CD133-2|CD99
P8,42,full,0,,legacy_v33_deterministic_feature_mask,
P8,42,random_10,22,338421,legacy_v33_deterministic_feature_mask,CD86|CD274|Galectin-9|CD30|CD45RO|CD279|CD140b|CD134|CD66b|CD57|CD278|CX3CR1|CD244|CD62P|CD41|CD55|CD45-2|CD72|CD133-2|CD11a/CD18|CD164|CD142
P8,42,random_30,67,338423,legacy_v33_deterministic_feature_mask,CD86|CD155|CD47|CD48|CD3-1|CD3-2|CD11c|CD269|CD4-2|CD56-2|CD25|CD279|CD20|CD44-2|CD140a|CD140b|IgM|TCR-1|CD103|CD152|CD27|CD134|CD35|CD57|CD272|CD278|CD66a/c/e|CD169|CD370|Integrin-7|CD268|CD42b|Rat-IgG1-1|Rag-IgG2c|CD267|CD43|CD13|CD2|CD29|CD303|IgD|CD18|CD38-1|CD127|CD1a|CD38-2|CD243|CD325|C5L2|CD235a|CD49a|TCR-V-7.2|TCR-V-2|CD354|CD202b|CD305|CD110|CD186|CD307c/FcRL3|CD307d|CD319|CLEC12A|CD16|CD161|CD199|CD46|CLEC2
P8,42,random_50,112,338425,legacy_v33_deterministic_feature_mask,CD80|CD86|CD274|CD273|CD275-1|Galectin-9|CD154|CD52|CD4-1|CD56-1|CD45-1|CD3-2|CD19|CD123|CD194|CD8a|CD25|CD45RO|CD279|TIGIT|Rat-IgG2b|CD20|CD31|Podoplanin|CD140a|CD340|CD324|CD103|CD69|CD107a|CD134|HLA-DR|CD1c|CD11b-2|CD64|CD141|CD1d|CD35|CD57|CD272|CD278|CD178|CX3CR1|CD24|CD79b|CD66a/c/e|CD235ab|XCR1|Integrin-7|CD42b|CD54|TCR-2|Notch-2|Rat-IgG1-2|CD192|CD106|CD122|CD62E|CD135|CD137|CD83|CD59|CD13|CD184|CD2|CD29|CD303|CD81|CD98|CD18|CD28|CD45-2|CD15|CD22|CD71|B7-H4|CD193|CD204|CD144|CD301|CD1a|CD284|CD304|CD36|CD85g|CD243|TIM-4|CD171|CD93|CD200|CD338|CD9|TCR-V-7.2|TCR-V-9|CD354|LOX-1|CD110|CD337|CD253|CD205|CD109|CD11a/CD18|CD164|CD307d|CD307e|CD138-2|CD99|CD161|CCR10|CD271|CD46|CD26-2
P8,42,random_70,157,338427,legacy_v33_deterministic_feature_mask,CD86|CD274|CD11b-1|CD270|CD47|CD70|CD30|CD40|CD154|CD52|CD3-1|CD4-1|CD56-1|CD45-1|CD3-2|CD19|CD11c|CD34|CD138-1|CD269|CD117|CD45RA|CD105|CD201|CD194|CD4-2|CD44-1|CD56-2|CD45RO|CD279|TIGIT|Rat-IgG2b|CD20|CD335|CD294|CD31|CD133-1|CD340|CD324|TCR-1|CD196|CD103|CD69|CD223|CD27|CD107a|CD95|HLA-DR|CD1c|CD11b-2|CD64|CD141|CD1d|CD314|CD66b|CD35|CD366|CD272|CD278|CD275-2|CD96|CD178|CD24|CD79b|CD244|CD206|CD169|Notch-1|Integrin-7|CD268|CD42b|CD54|CD119|TCR-2|CD68|Rat-IgG1-1|Rag-IgG2c|CD102|CD106|CD267|CD62E|CD135|CD41|CD137|CD43|CD357|CD124|CD184|CD2|CD29|CD303|CD49b|CD61|CD81|CD98|CD55|IgD|CD18|CD28|TSLPR|CD38-1|CD45-2|CD15|CD22|B7-H4|CD115|CD144|CD301|CD1a|CD207|CD63|CD284|CD304|CD36|CD172a|CD38-2|CD243|CD72|MERTK|Folate|TIM-4|CD171|CD325|CD200|CD338|CD235a|CD49a|CD49d|CD79a|CD9|TCR-V-7.2|TCR-V-24-J-18|CD354|CD202b|LOX-1|CD133-2|CD110|CD337|CD253|CD186|CD226|CD109|CD126|CD164|CD142|CD307c/FcRL3|CD307d|CD307e|CD138-2|CD99|CLEC12A|CCR10|GP130|CD199|CD45RB|CLEC2|CD26-2
P8,42,marker_memory,6,,legacy_v33_deterministic_feature_mask,CD45RA|CD45RO|CD27|CD95|CD28|CD127
P8,42,marker_tcell,15,,legacy_v33_deterministic_feature_mask,CD3-1|CD4-1|CD8|CD3-2|CD45RA|CD4-2|CD8a|CD45RO|TCR-1|CD27|TCR-2|TCR-V-7.2|TCR-V-2|TCR-V-9|TCR-V-24-J-18
P8,42,rna_only,224,,legacy_v33_deterministic_feature_mask,CD80|CD86|CD274|CD273|CD275-1|CD11b-1|Galectin-9|CD270|CD252|CD155|CD112|CD47|CD70|CD30|CD48|CD40|CD154|CD52|CD3-1|CD4-1|CD8|CD56-1|CD45-1|CD3-2|CD19|CD11c|CD34|CD138-1|CD269|CD90|CD117|CD45RA|CD123|CD105|CD201|CD194|CD4-2|CD44-1|CD8a|CD14|CD56-2|CD25|CD45RO|CD279|TIGIT|Rat-IgG2b|CD20|CD335|CD294|CD31|CD44-2|CD133-1|Podoplanin|CD140a|CD140b|Cadherin|CD340|CD146|CD324|IgM|TCR-1|CD195|CD196|CD185|CD103|CD69|CD152|CD223|CD27|CD107a|CD95|CD134|HLA-DR|CD1c|CD11b-2|CD64|CD141|CD1d|CD314|CD66b|CD35|CD57|CD366|CD272|CD278|CD275-2|CD96|CD39|CD178|CX3CR1|CD24|CD21|CD79b|CD66a/c/e|CD244|CD235ab|Siglec-8|CD206|CD169|CD370|XCR1|Notch-1|Integrin-7|CD268|CD42b|CD54|CD62P|CD119|TCR-2|Notch-2|CD68|Rat-IgG1-1|Rat-IgG1-2|Rag-IgG2c|CD192|CD102|CD106|CD122|CD267|CD62E|CD135|CD41|CD137|CD43|CD163|CD83|CD357|CD59|CD309|CD124|CD13|CD184|CD2|CD29|CD303|CD49b|CD61|CD81|CD98|CD177|CD55|IgD|CD18|CD28|TSLPR|CD38-1|CD127|CD45-2|CD15|CD22|CD71|B7-H4|CD26-1|CD193|CD115|CD204|CD144|CD301|CD1a|CD207|CD63|CD284|CD304|CD36|CD172a|CD85g|CD38-2|CD243|CD72|MERTK|Folate|TIM-4|CD171|CD325|CD93|CD200|CD338|C5L2|CD235a|CD49a|CD49d|CD73|CD79a|CD9|TCR-V-7.2|TCR-V-2|TCR-V-9|TCR-V-24-J-18|CD354|CD202b|CD305|LOX-1|CD203c|CD133-2|CD209|CD110|CD337|CD253|CD186|CD226|CD205|CD109|CD11a/CD18|CD126|CD164|CD142|CD307c/FcRL3|CD307d|CD307e|CD319|CD138-2|CD99|CLEC12A|CD16|CD161|CCR10|CD271|GP130|CD199|CD45RB|CD46|VEGFR-3|CLEC2|CD26-2
P8,42,random_size_matched_6,6,828421,random_feature_name_only_size_matched_to_targeted_mask,CD30|HLA-DR|CD62P|CD59|TCR-V-7.2|TCR-V-2
P8,42,random_size_matched_15,15,828422,random_feature_name_only_size_matched_to_targeted_mask,CD138-1|TIGIT|CD196|CD69|CD1c|CD21|CD169|CD28|CD207|CD63|CD243|CD49d|CD202b|CD110|CD199
P8,43,full,0,,legacy_v33_deterministic_feature_mask,
P8,43,random_10,22,338431,legacy_v33_deterministic_feature_mask,CD252|CD112|CD52|CD34|CD138-1|CD269|CD44-1|CD294|CD196|CD24|CD206|CD102|CD83|CD81|CD98|CD55|CD15|CD172a|CD325|CD142|CD99|CD46
P8,43,random_30,67,338433,legacy_v33_deterministic_feature_mask,CD47|CD48|CD52|CD4-1|CD45-1|CD3-2|CD269|CD56-2|TIGIT|Rat-IgG2b|CD140b|CD340|TCR-1|CD195|CD103|CD223|CD95|CD64|CD1d|CD66b|CD366|CD24|CD244|CD268|CD42b|CD119|Notch-2|CD122|CD267|CD62E|CD309|CD124|CD13|CD184|CD29|CD49b|CD61|CD98|IgD|CD28|CD38-1|CD71|CD26-1|CD144|CD301|CD207|CD284|CD304|CD85g|CD38-2|Folate|CD93|CD235a|CD49a|CD79a|TCR-V-2|TCR-V-24-J-18|CD305|CD209|CD337|CD205|CD126|CD164|CD138-2|CD16|CD161|CD199
P8,43,random_50,112,338435,legacy_v33_deterministic_feature_mask,CD80|CD86|CD274|CD275-1|Galectin-9|CD30|CD48|CD40|CD154|CD8|CD56-1|CD45-1|CD3-2|CD11c|CD138-1|CD269|CD105|CD194|CD4-2|CD56-2|CD25|CD45RO|CD279|CD20|CD294|CD44-2|CD140a|CD140b|CD340|CD324|IgM|TCR-1|CD195|CD103|CD107a|CD95|CD134|HLA-DR|CD11b-2|CD141|CD314|CD57|CD275-2|CD178|CX3CR1|CD79b|CD235ab|Siglec-8|CD206|CD169|CD370|Notch-1|Integrin-7|CD62P|TCR-2|CD68|Rat-IgG1-2|CD192|CD106|CD122|CD62E|CD41|CD137|CD43|CD163|CD83|CD357|CD184|CD303|CD49b|CD98|CD177|CD18|CD127|CD15|CD26-1|CD193|CD204|CD144|CD301|CD1a|CD207|CD63|CD36|CD85g|CD171|CD325|CD235a|CD73|CD79a|CD9|TCR-V-7.2|CD354|CD202b|CD305|LOX-1|CD203c|CD133-2|CD110|CD186|CD226|CD126|CD164|CD307c/FcRL3|CD307e|CD319|CLEC12A|CD16|CD271|CD199|VEGFR-3|CLEC2
P8,43,random_70,157,338437,legacy_v33_deterministic_feature_mask,CD80|CD86|CD274|Galectin-9|CD112|CD47|CD70|CD48|CD40|CD154|CD52|CD3-1|CD4-1|CD8|CD56-1|CD45-1|CD3-2|CD19|CD11c|CD34|CD138-1|CD269|CD90|CD117|CD45RA|CD123|CD201|CD4-2|CD44-1|CD56-2|CD25|TIGIT|Rat-IgG2b|CD335|CD294|CD31|CD133-1|CD140a|CD140b|Cadherin|CD324|IgM|TCR-1|CD195|CD196|CD185|CD103|CD223|CD27|CD107a|CD95|HLA-DR|CD11b-2|CD141|CD1d|CD314|CD66b|CD57|CD272|CD278|CD178|CX3CR1|CD24|CD21|CD79b|CD235ab|Siglec-8|CD206|CD370|XCR1|Notch-1|Integrin-7|CD268|CD42b|CD54|CD62P|CD119|TCR-2|Notch-2|Rat-IgG1-1|Rat-IgG1-2|CD192|CD122|CD41|CD163|CD83|CD357|CD124|CD13|CD184|CD29|CD303|CD49b|CD81|CD98|CD177|CD55|IgD|CD18|CD28|TSLPR|CD127|CD45-2|CD15|CD71|CD26-1|CD193|CD115|CD144|CD1a|CD207|CD63|CD284|CD304|CD36|CD172a|CD85g|CD38-2|CD243|CD72|Folate|CD171|CD200|CD338|CD235a|CD49d|CD79a|CD9|TCR-V-9|TCR-V-24-J-18|LOX-1|CD203c|CD133-2|CD110|CD337|CD186|CD226|CD205|CD109|CD164|CD142|CD307c/FcRL3|CD307d|CD307e|CD319|CD138-2|CLEC12A|CD16|CD161|CCR10|CD271|GP130|CD45RB|CD46|VEGFR-3|CLEC2|CD26-2
P8,43,marker_memory,6,,legacy_v33_deterministic_feature_mask,CD45RA|CD45RO|CD27|CD95|CD28|CD127
P8,43,marker_tcell,15,,legacy_v33_deterministic_feature_mask,CD3-1|CD4-1|CD8|CD3-2|CD45RA|CD4-2|CD8a|CD45RO|TCR-1|CD27|TCR-2|TCR-V-7.2|TCR-V-2|TCR-V-9|TCR-V-24-J-18
P8,43,rna_only,224,,legacy_v33_deterministic_feature_mask,CD80|CD86|CD274|CD273|CD275-1|CD11b-1|Galectin-9|CD270|CD252|CD155|CD112|CD47|CD70|CD30|CD48|CD40|CD154|CD52|CD3-1|CD4-1|CD8|CD56-1|CD45-1|CD3-2|CD19|CD11c|CD34|CD138-1|CD269|CD90|CD117|CD45RA|CD123|CD105|CD201|CD194|CD4-2|CD44-1|CD8a|CD14|CD56-2|CD25|CD45RO|CD279|TIGIT|Rat-IgG2b|CD20|CD335|CD294|CD31|CD44-2|CD133-1|Podoplanin|CD140a|CD140b|Cadherin|CD340|CD146|CD324|IgM|TCR-1|CD195|CD196|CD185|CD103|CD69|CD152|CD223|CD27|CD107a|CD95|CD134|HLA-DR|CD1c|CD11b-2|CD64|CD141|CD1d|CD314|CD66b|CD35|CD57|CD366|CD272|CD278|CD275-2|CD96|CD39|CD178|CX3CR1|CD24|CD21|CD79b|CD66a/c/e|CD244|CD235ab|Siglec-8|CD206|CD169|CD370|XCR1|Notch-1|Integrin-7|CD268|CD42b|CD54|CD62P|CD119|TCR-2|Notch-2|CD68|Rat-IgG1-1|Rat-IgG1-2|Rag-IgG2c|CD192|CD102|CD106|CD122|CD267|CD62E|CD135|CD41|CD137|CD43|CD163|CD83|CD357|CD59|CD309|CD124|CD13|CD184|CD2|CD29|CD303|CD49b|CD61|CD81|CD98|CD177|CD55|IgD|CD18|CD28|TSLPR|CD38-1|CD127|CD45-2|CD15|CD22|CD71|B7-H4|CD26-1|CD193|CD115|CD204|CD144|CD301|CD1a|CD207|CD63|CD284|CD304|CD36|CD172a|CD85g|CD38-2|CD243|CD72|MERTK|Folate|TIM-4|CD171|CD325|CD93|CD200|CD338|C5L2|CD235a|CD49a|CD49d|CD73|CD79a|CD9|TCR-V-7.2|TCR-V-2|TCR-V-9|TCR-V-24-J-18|CD354|CD202b|CD305|LOX-1|CD203c|CD133-2|CD209|CD110|CD337|CD253|CD186|CD226|CD205|CD109|CD11a/CD18|CD126|CD164|CD142|CD307c/FcRL3|CD307d|CD307e|CD319|CD138-2|CD99|CLEC12A|CD16|CD161|CCR10|CD271|GP130|CD199|CD45RB|CD46|VEGFR-3|CLEC2|CD26-2
P8,43,random_size_matched_6,6,828431,random_feature_name_only_size_matched_to_targeted_mask,CD269|CD370|CD41|CD98|CD127|CD138-2
P8,43,random_size_matched_15,15,828432,random_feature_name_only_size_matched_to_targeted_mask,CD273|CD252|CD3-2|CD201|CD56-2|CD1d|CD35|XCR1|CD54|Notch-2|CD63|CD36|CD235a|TCR-V-2|CLEC2
