test_donor,seed,scenario,class_label,f1,recall,support
P1,41,full,ASDC_mDC,0.888888888888889,1.0,4
P1,41,full,ASDC_pDC,0.5714285714285715,0.4,5
P1,41,full,B intermediate kappa,0.8484848484848485,0.875,32
P1,41,full,B intermediate lambda,0.7228915662650602,0.6122448979591837,49
P1,41,full,B memory kappa,0.9210526315789473,0.958904109589041,73
P1,41,full,B memory lambda,0.8867924528301887,0.9215686274509803,51
P1,41,full,B naive kappa,0.9251700680272109,0.9347079037800687,291
P1,41,full,B naive lambda,0.8745980707395498,0.8662420382165605,157
P1,41,full,CD14 Mono,0.98228088952313,0.971307619943556,4252
P1,41,full,CD16 Mono,0.9244712990936556,0.9757653061224489,784
P1,41,full,CD4 CTL,0.9701789264413517,0.9587426326129665,509
P1,41,full,CD4 Naive,0.9553553553553553,0.9551641313050441,2498
P1,41,full,CD4 Proliferating,0.9047619047619048,0.9047619047619048,21
P1,41,full,CD4 TCM_1,0.8711294603361841,0.9083640836408364,1626
P1,41,full,CD4 TCM_2,0.7167630057803468,0.7654320987654321,81
P1,41,full,CD4 TCM_3,0.8309659090909092,0.819327731092437,714
P1,41,full,CD4 TEM_1,0.7707808564231738,0.6652173913043479,230
P1,41,full,CD4 TEM_2,0.7105263157894737,0.6835443037974683,79
P1,41,full,CD4 TEM_3,0.6826347305389222,0.6627906976744186,172
P1,41,full,CD8 Naive,0.9840490797546012,0.9796416938110749,1228
P1,41,full,CD8 Naive_2,0.5853658536585366,0.6666666666666666,18
P1,41,full,CD8 Proliferating,0.47368421052631576,0.5625,16
P1,41,full,CD8 TCM_1,0.6293103448275862,0.584,125
P1,41,full,CD8 TCM_2,0.7341772151898734,0.8055555555555556,72
P1,41,full,CD8 TCM_3,0.9095744680851064,0.9144385026737968,187
P1,41,full,CD8 TEM_1,0.9153605015673982,0.8957055214723927,489
P1,41,full,CD8 TEM_2,0.8189910979228486,0.7931034482758621,174
P1,41,full,CD8 TEM_3,0.6499999999999999,0.8478260869565217,46
P1,41,full,CD8 TEM_4,0.9059360730593607,0.9649805447470817,514
P1,41,full,CD8 TEM_5,0.874354561101549,0.8115015974440895,313
P1,41,full,CD8 TEM_6,0.8,0.7450980392156863,51
P1,41,full,Doublet,0.7311827956989247,0.6732673267326733,101
P1,41,full,Eryth,0.9411764705882353,1.0,24
P1,41,full,HSPC,0.9844097995545658,0.9954954954954955,222
P1,41,full,ILC,1.0,1.0,5
P1,41,full,MAIT,0.8941176470588236,0.8837209302325582,43
P1,41,full,NK Proliferating,0.8732394366197184,0.8051948051948052,77
P1,41,full,NK_1,0.9081735620585267,0.9635974304068522,467
P1,41,full,NK_2,0.9150943396226415,0.8765060240963856,664
P1,41,full,NK_3,0.641891891891892,0.6050955414012739,157
P1,41,full,NK_4,0.7746478873239436,0.8527131782945736,129
P1,41,full,NK_CD56bright,0.8791208791208791,0.8333333333333334,96
P1,41,full,Plasma,0.9724770642201834,0.9814814814814815,54
P1,41,full,Plasmablast,0.8571428571428571,0.75,8
P1,41,full,Platelet,0.937269372693727,0.9136690647482014,139
P1,41,full,Treg Memory,0.8122866894197952,0.8686131386861314,274
P1,41,full,Treg Naive,0.7609942638623327,0.6722972972972973,296
P1,41,full,cDC1,0.9767441860465117,1.0,21
P1,41,full,cDC2_1,0.6808510638297872,0.75,64
P1,41,full,cDC2_2,0.947945205479452,0.9453551912568307,183
P1,41,full,dnT_1,0.6875,0.7333333333333333,30
P1,41,full,dnT_2,0.9705882352941176,0.9705882352941176,34
P1,41,full,gdT_1,0.9230769230769231,0.9473684210526315,19
P1,41,full,gdT_2,0.0,0.0,2
P1,41,full,gdT_3,0.9333333333333333,0.9390243902439024,82
P1,41,full,gdT_4,0.8148148148148148,0.8461538461538461,26
P1,41,full,pDC,0.9824561403508771,0.9824561403508771,57
P1,41,random_10,ASDC_mDC,0.888888888888889,1.0,4
P1,41,random_10,ASDC_pDC,0.5714285714285715,0.4,5
P1,41,random_10,B intermediate kappa,0.8358208955223881,0.875,32
P1,41,random_10,B intermediate lambda,0.7529411764705882,0.6530612244897959,49
P1,41,random_10,B memory kappa,0.9210526315789473,0.958904109589041,73
P1,41,random_10,B memory lambda,0.897196261682243,0.9411764705882353,51
P1,41,random_10,B naive kappa,0.9156626506024096,0.9140893470790378,291
P1,41,random_10,B naive lambda,0.8662420382165607,0.8662420382165605,157
P1,41,random_10,CD14 Mono,0.9824519800806262,0.9743650047036688,4252
P1,41,random_10,CD16 Mono,0.9288753799392097,0.9744897959183674,784
P1,41,random_10,CD4 CTL,0.9712586719524281,0.962671905697446,509
P1,41,random_10,CD4 Naive,0.9558265040975416,0.9571657325860689,2498
P1,41,random_10,CD4 Proliferating,0.8500000000000001,0.8095238095238095,21
P1,41,random_10,CD4 TCM_1,0.8510151558478697,0.915129151291513,1626
P1,41,random_10,CD4 TCM_2,0.7052023121387283,0.7530864197530864,81
P1,41,random_10,CD4 TCM_3,0.7803030303030303,0.7212885154061625,714
P1,41,random_10,CD4 TEM_1,0.6849315068493151,0.5434782608695652,230
P1,41,random_10,CD4 TEM_2,0.6211180124223603,0.6329113924050633,79
P1,41,random_10,CD4 TEM_3,0.639751552795031,0.5988372093023255,172
P1,41,random_10,CD8 Naive,0.9787234042553191,0.9739413680781759,1228
P1,41,random_10,CD8 Naive_2,0.5,0.5555555555555556,18
P1,41,random_10,CD8 Proliferating,0.43902439024390244,0.5625,16
P1,41,random_10,CD8 TCM_1,0.5756457564575646,0.624,125
P1,41,random_10,CD8 TCM_2,0.7485380116959064,0.8888888888888888,72
P1,41,random_10,CD8 TCM_3,0.79375,0.679144385026738,187
P1,41,random_10,CD8 TEM_1,0.9198751300728407,0.9038854805725971,489
P1,41,random_10,CD8 TEM_2,0.8313953488372092,0.8218390804597702,174
P1,41,random_10,CD8 TEM_3,0.6346153846153846,0.717391304347826,46
P1,41,random_10,CD8 TEM_4,0.8916741271262308,0.9688715953307393,514
P1,41,random_10,CD8 TEM_5,0.8434163701067616,0.7571884984025559,313
P1,41,random_10,CD8 TEM_6,0.8080808080808081,0.7843137254901961,51
P1,41,random_10,Doublet,0.7032967032967031,0.6336633663366337,101
P1,41,random_10,Eryth,0.923076923076923,1.0,24
P1,41,random_10,HSPC,0.9866071428571428,0.9954954954954955,222
P1,41,random_10,ILC,1.0,1.0,5
P1,41,random_10,MAIT,0.8641975308641974,0.813953488372093,43
P1,41,random_10,NK Proliferating,0.8671328671328672,0.8051948051948052,77
P1,41,random_10,NK_1,0.9019211324570272,0.9550321199143469,467
P1,41,random_10,NK_2,0.9128043990573448,0.875,664
P1,41,random_10,NK_3,0.6351351351351351,0.5987261146496815,157
P1,41,random_10,NK_4,0.757679180887372,0.8604651162790697,129
P1,41,random_10,NK_CD56bright,0.835294117647059,0.7395833333333334,96
P1,41,random_10,Plasma,0.9818181818181818,1.0,54
P1,41,random_10,Plasmablast,0.8571428571428571,0.75,8
P1,41,random_10,Platelet,0.9407407407407407,0.9136690647482014,139
P1,41,random_10,Treg Memory,0.8203389830508474,0.8832116788321168,274
P1,41,random_10,Treg Naive,0.7706766917293232,0.6925675675675675,296
P1,41,random_10,cDC1,1.0,1.0,21
P1,41,random_10,cDC2_1,0.6666666666666667,0.703125,64
P1,41,random_10,cDC2_2,0.9441340782122906,0.9234972677595629,183
P1,41,random_10,dnT_1,0.6363636363636365,0.7,30
P1,41,random_10,dnT_2,0.9714285714285714,1.0,34
P1,41,random_10,gdT_1,0.9473684210526315,0.9473684210526315,19
P1,41,random_10,gdT_2,0.0,0.0,2
P1,41,random_10,gdT_3,0.9277108433734941,0.9390243902439024,82
P1,41,random_10,gdT_4,0.8474576271186441,0.9615384615384616,26
P1,41,random_10,pDC,0.9824561403508771,0.9824561403508771,57
P1,41,random_30,ASDC_mDC,0.8,1.0,4
P1,41,random_30,ASDC_pDC,0.5714285714285715,0.4,5
P1,41,random_30,B intermediate kappa,0.84375,0.84375,32
P1,41,random_30,B intermediate lambda,0.7999999999999999,0.6938775510204082,49
P1,41,random_30,B memory kappa,0.89171974522293,0.958904109589041,73
P1,41,random_30,B memory lambda,0.8888888888888888,0.9411764705882353,51
P1,41,random_30,B naive kappa,0.9056603773584905,0.9072164948453608,291
P1,41,random_30,B naive lambda,0.8599348534201954,0.8407643312101911,157
P1,41,random_30,CD14 Mono,0.980004760771245,0.9682502351834431,4252
P1,41,random_30,CD16 Mono,0.9122388059701492,0.9744897959183674,784
P1,41,random_30,CD4 CTL,0.958958958958959,0.9410609037328095,509
P1,41,random_30,CD4 Naive,0.9512928442573663,0.9499599679743795,2498
P1,41,random_30,CD4 Proliferating,0.9268292682926829,0.9047619047619048,21
P1,41,random_30,CD4 TCM_1,0.8712636874815033,0.9052890528905289,1626
P1,41,random_30,CD4 TCM_2,0.7191011235955057,0.7901234567901234,81
P1,41,random_30,CD4 TCM_3,0.8410185822436339,0.8557422969187675,714
P1,41,random_30,CD4 TEM_1,0.7751196172248803,0.7043478260869566,230
P1,41,random_30,CD4 TEM_2,0.736842105263158,0.7088607594936709,79
P1,41,random_30,CD4 TEM_3,0.7044776119402985,0.686046511627907,172
P1,41,random_30,CD8 Naive,0.9828711256117454,0.9812703583061889,1228
P1,41,random_30,CD8 Naive_2,0.5714285714285715,0.6666666666666666,18
P1,41,random_30,CD8 Proliferating,0.4651162790697674,0.625,16
P1,41,random_30,CD8 TCM_1,0.5422535211267605,0.616,125
P1,41,random_30,CD8 TCM_2,0.76,0.7916666666666666,72
P1,41,random_30,CD8 TCM_3,0.782608695652174,0.6737967914438503,187
P1,41,random_30,CD8 TEM_1,0.9142857142857143,0.9161554192229039,489
P1,41,random_30,CD8 TEM_2,0.8152492668621701,0.7988505747126436,174
P1,41,random_30,CD8 TEM_3,0.6178861788617886,0.8260869565217391,46
P1,41,random_30,CD8 TEM_4,0.886725663716814,0.9747081712062257,514
P1,41,random_30,CD8 TEM_5,0.8297101449275361,0.731629392971246,313
P1,41,random_30,CD8 TEM_6,0.7789473684210527,0.7254901960784313,51
P1,41,random_30,Doublet,0.5714285714285715,0.45544554455445546,101
P1,41,random_30,Eryth,0.9411764705882353,1.0,24
P1,41,random_30,HSPC,0.9866071428571428,0.9954954954954955,222
P1,41,random_30,ILC,1.0,1.0,5
P1,41,random_30,MAIT,0.8444444444444444,0.8837209302325582,43
P1,41,random_30,NK Proliferating,0.842857142857143,0.7662337662337663,77
P1,41,random_30,NK_1,0.8757396449704142,0.9507494646680942,467
P1,41,random_30,NK_2,0.9055118110236221,0.8659638554216867,664
P1,41,random_30,NK_3,0.5777777777777777,0.4968152866242038,157
P1,41,random_30,NK_4,0.7482014388489208,0.8062015503875969,129
P1,41,random_30,NK_CD56bright,0.8522727272727273,0.78125,96
P1,41,random_30,Plasma,0.9724770642201834,0.9814814814814815,54
P1,41,random_30,Plasmablast,0.8571428571428571,0.75,8
P1,41,random_30,Platelet,0.9298892988929889,0.9064748201438849,139
P1,41,random_30,Treg Memory,0.7978910369068541,0.8284671532846716,274
P1,41,random_30,Treg Naive,0.7117296222664015,0.6047297297297297,296
P1,41,random_30,cDC1,0.9767441860465117,1.0,21
P1,41,random_30,cDC2_1,0.656934306569343,0.703125,64
P1,41,random_30,cDC2_2,0.9287598944591029,0.9617486338797814,183
P1,41,random_30,dnT_1,0.64,0.5333333333333333,30
P1,41,random_30,dnT_2,0.9714285714285714,1.0,34
P1,41,random_30,gdT_1,0.7741935483870968,0.631578947368421,19
P1,41,random_30,gdT_2,0.0,0.0,2
P1,41,random_30,gdT_3,0.9212121212121213,0.926829268292683,82
P1,41,random_30,gdT_4,0.6382978723404256,0.5769230769230769,26
P1,41,random_30,pDC,0.9824561403508771,0.9824561403508771,57
P1,41,random_50,ASDC_mDC,0.888888888888889,1.0,4
P1,41,random_50,ASDC_pDC,0.5714285714285715,0.4,5
P1,41,random_50,B intermediate kappa,0.7941176470588235,0.84375,32
P1,41,random_50,B intermediate lambda,0.7619047619047618,0.6530612244897959,49
P1,41,random_50,B memory kappa,0.8679245283018868,0.9452054794520548,73
P1,41,random_50,B memory lambda,0.8712871287128714,0.8627450980392157,51
P1,41,random_50,B naive kappa,0.8861646234676007,0.8694158075601375,291
P1,41,random_50,B naive lambda,0.8454258675078865,0.8535031847133758,157
P1,41,random_50,CD14 Mono,0.9820118343195267,0.9757761053621825,4252
P1,41,random_50,CD16 Mono,0.930802204531537,0.9693877551020408,784
P1,41,random_50,CD4 CTL,0.9385245901639344,0.899803536345776,509
P1,41,random_50,CD4 Naive,0.9510825982357659,0.9495596477181746,2498
P1,41,random_50,CD4 Proliferating,0.8780487804878048,0.8571428571428571,21
P1,41,random_50,CD4 TCM_1,0.8611609814482346,0.8849938499384994,1626
P1,41,random_50,CD4 TCM_2,0.675,0.6666666666666666,81
P1,41,random_50,CD4 TCM_3,0.8049620951068228,0.8179271708683473,714
P1,41,random_50,CD4 TEM_1,0.7347931873479319,0.6565217391304348,230
P1,41,random_50,CD4 TEM_2,0.6703296703296703,0.7721518987341772,79
P1,41,random_50,CD4 TEM_3,0.5677419354838709,0.5116279069767442,172
P1,41,random_50,CD8 Naive,0.9778325123152709,0.9698697068403909,1228
P1,41,random_50,CD8 Naive_2,0.5116279069767442,0.6111111111111112,18
P1,41,random_50,CD8 Proliferating,0.4186046511627907,0.5625,16
P1,41,random_50,CD8 TCM_1,0.5047923322683706,0.632,125
P1,41,random_50,CD8 TCM_2,0.6976744186046512,0.8333333333333334,72
P1,41,random_50,CD8 TCM_3,0.5977859778597786,0.43315508021390375,187
P1,41,random_50,CD8 TEM_1,0.900596421471173,0.9263803680981595,489
P1,41,random_50,CD8 TEM_2,0.7871720116618076,0.7758620689655172,174
P1,41,random_50,CD8 TEM_3,0.5174825174825175,0.8043478260869565,46
P1,41,random_50,CD8 TEM_4,0.8705673758865248,0.9552529182879378,514
P1,41,random_50,CD8 TEM_5,0.8286713286713286,0.7571884984025559,313
P1,41,random_50,CD8 TEM_6,0.7526881720430109,0.6862745098039216,51
P1,41,random_50,Doublet,0.6630434782608696,0.6039603960396039,101
P1,41,random_50,Eryth,0.9411764705882353,1.0,24
P1,41,random_50,HSPC,0.988814317673378,0.9954954954954955,222
P1,41,random_50,ILC,1.0,1.0,5
P1,41,random_50,MAIT,0.8470588235294119,0.8372093023255814,43
P1,41,random_50,NK Proliferating,0.851063829787234,0.7792207792207793,77
P1,41,random_50,NK_1,0.8674443266171791,0.8758029978586723,467
P1,41,random_50,NK_2,0.9118347895154885,0.8644578313253012,664
P1,41,random_50,NK_3,0.5804195804195804,0.5286624203821656,157
P1,41,random_50,NK_4,0.7378640776699028,0.8837209302325582,129
P1,41,random_50,NK_CD56bright,0.840909090909091,0.7708333333333334,96
P1,41,random_50,Plasma,0.9818181818181818,1.0,54
P1,41,random_50,Plasmablast,0.8571428571428571,0.75,8
P1,41,random_50,Platelet,0.9264705882352942,0.9064748201438849,139
P1,41,random_50,Treg Memory,0.7808,0.8905109489051095,274
P1,41,random_50,Treg Naive,0.7290448343079922,0.6317567567567568,296
P1,41,random_50,cDC1,1.0,1.0,21
P1,41,random_50,cDC2_1,0.6417910447761194,0.671875,64
P1,41,random_50,cDC2_2,0.9491525423728813,0.9180327868852459,183
P1,41,random_50,dnT_1,0.6153846153846153,0.5333333333333333,30
P1,41,random_50,dnT_2,0.9565217391304348,0.9705882352941176,34
P1,41,random_50,gdT_1,0.9142857142857143,0.8421052631578947,19
P1,41,random_50,gdT_2,0.0,0.0,2
P1,41,random_50,gdT_3,0.9125,0.8902439024390244,82
P1,41,random_50,gdT_4,0.4727272727272727,0.5,26
P1,41,random_50,pDC,0.9739130434782608,0.9824561403508771,57
P1,41,random_70,ASDC_mDC,0.8,1.0,4
P1,41,random_70,ASDC_pDC,0.33333333333333337,0.2,5
P1,41,random_70,B intermediate kappa,0.7272727272727272,0.75,32
P1,41,random_70,B intermediate lambda,0.7529411764705882,0.6530612244897959,49
P1,41,random_70,B memory kappa,0.8875,0.9726027397260274,73
P1,41,random_70,B memory lambda,0.8867924528301887,0.9215686274509803,51
P1,41,random_70,B naive kappa,0.8765652951699463,0.8419243986254296,291
P1,41,random_70,B naive lambda,0.836923076923077,0.8662420382165605,157
P1,41,random_70,CD14 Mono,0.9805825242718446,0.9738946378174976,4252
P1,41,random_70,CD16 Mono,0.9247706422018348,0.9642857142857143,784
P1,41,random_70,CD4 CTL,0.9631106679960119,0.9489194499017681,509
P1,41,random_70,CD4 Naive,0.9360282574568288,0.9547638110488391,2498
P1,41,random_70,CD4 Proliferating,0.8717948717948718,0.8095238095238095,21
P1,41,random_70,CD4 TCM_1,0.8519940915805022,0.8868388683886839,1626
P1,41,random_70,CD4 TCM_2,0.6486486486486487,0.5925925925925926,81
P1,41,random_70,CD4 TCM_3,0.790443686006826,0.8109243697478992,714
P1,41,random_70,CD4 TEM_1,0.7212276214833759,0.6130434782608696,230
P1,41,random_70,CD4 TEM_2,0.6708860759493671,0.6708860759493671,79
P1,41,random_70,CD4 TEM_3,0.5259938837920489,0.5,172
P1,41,random_70,CD8 Naive,0.9557894736842106,0.9242671009771987,1228
P1,41,random_70,CD8 Naive_2,0.4761904761904762,0.5555555555555556,18
P1,41,random_70,CD8 Proliferating,0.5128205128205128,0.625,16
P1,41,random_70,CD8 TCM_1,0.587719298245614,0.536,125
P1,41,random_70,CD8 TCM_2,0.6575342465753425,0.6666666666666666,72
P1,41,random_70,CD8 TCM_3,0.8829787234042554,0.8877005347593583,187
P1,41,random_70,CD8 TEM_1,0.8944618599791014,0.8752556237218814,489
P1,41,random_70,CD8 TEM_2,0.7730061349693252,0.7241379310344828,174
P1,41,random_70,CD8 TEM_3,0.55,0.717391304347826,46
P1,41,random_70,CD8 TEM_4,0.8901098901098901,0.9455252918287937,514
P1,41,random_70,CD8 TEM_5,0.82842287694974,0.7635782747603834,313
P1,41,random_70,CD8 TEM_6,0.7415730337078651,0.6470588235294118,51
P1,41,random_70,Doublet,0.6742857142857143,0.5841584158415841,101
P1,41,random_70,Eryth,0.9387755102040817,0.9583333333333334,24
P1,41,random_70,HSPC,0.9910313901345291,0.9954954954954955,222
P1,41,random_70,ILC,1.0,1.0,5
P1,41,random_70,MAIT,0.8735632183908046,0.8837209302325582,43
P1,41,random_70,NK Proliferating,0.8827586206896552,0.8311688311688312,77
P1,41,random_70,NK_1,0.8560677328316086,0.974304068522484,467
P1,41,random_70,NK_2,0.8983186549239391,0.8448795180722891,664
P1,41,random_70,NK_3,0.5114503816793893,0.4267515923566879,157
P1,41,random_70,NK_4,0.7418181818181818,0.7906976744186046,129
P1,41,random_70,NK_CD56bright,0.870967741935484,0.84375,96
P1,41,random_70,Plasma,0.9818181818181818,1.0,54
P1,41,random_70,Plasmablast,0.8571428571428571,0.75,8
P1,41,random_70,Platelet,0.9169675090252708,0.9136690647482014,139
P1,41,random_70,Treg Memory,0.7993197278911564,0.8576642335766423,274
P1,41,random_70,Treg Naive,0.6986027944111777,0.5912162162162162,296
P1,41,random_70,cDC1,1.0,1.0,21
P1,41,random_70,cDC2_1,0.6616541353383458,0.6875,64
P1,41,random_70,cDC2_2,0.9408450704225353,0.912568306010929,183
P1,41,random_70,dnT_1,0.509090909090909,0.4666666666666667,30
P1,41,random_70,dnT_2,0.9315068493150686,1.0,34
P1,41,random_70,gdT_1,0.7692307692307692,0.7894736842105263,19
P1,41,random_70,gdT_2,0.0,0.0,2
P1,41,random_70,gdT_3,0.8826815642458101,0.9634146341463414,82
P1,41,random_70,gdT_4,0.6296296296296297,0.6538461538461539,26
P1,41,random_70,pDC,0.9739130434782608,0.9824561403508771,57
P1,41,marker_memory,ASDC_mDC,0.888888888888889,1.0,4
P1,41,marker_memory,ASDC_pDC,0.5714285714285715,0.4,5
P1,41,marker_memory,B intermediate kappa,0.8484848484848485,0.875,32
P1,41,marker_memory,B intermediate lambda,0.7228915662650602,0.6122448979591837,49
P1,41,marker_memory,B memory kappa,0.9387755102040816,0.9452054794520548,73
P1,41,marker_memory,B memory lambda,0.9038461538461539,0.9215686274509803,51
P1,41,marker_memory,B naive kappa,0.9290540540540541,0.9450171821305842,291
P1,41,marker_memory,B naive lambda,0.8698412698412699,0.8726114649681529,157
P1,41,marker_memory,CD14 Mono,0.9813295278867881,0.9703668861712136,4252
P1,41,marker_memory,CD16 Mono,0.9221484610742305,0.9744897959183674,784
P1,41,marker_memory,CD4 CTL,0.96875,0.9744597249508841,509
P1,41,marker_memory,CD4 Naive,0.9536450079239303,0.9635708566853483,2498
P1,41,marker_memory,CD4 Proliferating,0.9,0.8571428571428571,21
P1,41,marker_memory,CD4 TCM_1,0.8633093525179856,0.8856088560885609,1626
P1,41,marker_memory,CD4 TCM_2,0.7251461988304092,0.7654320987654321,81
P1,41,marker_memory,CD4 TCM_3,0.8263045032165832,0.8095238095238095,714
P1,41,marker_memory,CD4 TEM_1,0.7660668380462725,0.6478260869565218,230
P1,41,marker_memory,CD4 TEM_2,0.7152317880794701,0.6835443037974683,79
P1,41,marker_memory,CD4 TEM_3,0.6780626780626781,0.6918604651162791,172
P1,41,marker_memory,CD8 Naive,0.9820261437908496,0.9788273615635179,1228
P1,41,marker_memory,CD8 Naive_2,0.5581395348837209,0.6666666666666666,18
P1,41,marker_memory,CD8 Proliferating,0.48780487804878053,0.625,16
P1,41,marker_memory,CD8 TCM_1,0.5919282511210762,0.528,125
P1,41,marker_memory,CD8 TCM_2,0.7215189873417721,0.7916666666666666,72
P1,41,marker_memory,CD8 TCM_3,0.9047619047619048,0.9144385026737968,187
P1,41,marker_memory,CD8 TEM_1,0.9050632911392406,0.8773006134969326,489
P1,41,marker_memory,CD8 TEM_2,0.807909604519774,0.8218390804597702,174
P1,41,marker_memory,CD8 TEM_3,0.6016260162601625,0.8043478260869565,46
P1,41,marker_memory,CD8 TEM_4,0.897737556561086,0.9649805447470817,514
P1,41,marker_memory,CD8 TEM_5,0.8606271777003484,0.7891373801916933,313
P1,41,marker_memory,CD8 TEM_6,0.782608695652174,0.7058823529411765,51
P1,41,marker_memory,Doublet,0.7135135135135134,0.6534653465346535,101
P1,41,marker_memory,Eryth,0.9411764705882353,1.0,24
P1,41,marker_memory,HSPC,0.9844097995545658,0.9954954954954955,222
P1,41,marker_memory,ILC,1.0,1.0,5
P1,41,marker_memory,MAIT,0.9047619047619047,0.8837209302325582,43
P1,41,marker_memory,NK Proliferating,0.8732394366197184,0.8051948051948052,77
P1,41,marker_memory,NK_1,0.9036144578313253,0.9635974304068522,467
P1,41,marker_memory,NK_2,0.9146436961628817,0.8795180722891566,664
P1,41,marker_memory,NK_3,0.6180555555555556,0.5668789808917197,157
P1,41,marker_memory,NK_4,0.7686832740213524,0.8372093023255814,129
P1,41,marker_memory,NK_CD56bright,0.8791208791208791,0.8333333333333334,96
P1,41,marker_memory,Plasma,0.9818181818181818,1.0,54
P1,41,marker_memory,Plasmablast,0.8571428571428571,0.75,8
P1,41,marker_memory,Platelet,0.937269372693727,0.9136690647482014,139
P1,41,marker_memory,Treg Memory,0.8056042031523643,0.8394160583941606,274
P1,41,marker_memory,Treg Naive,0.7537878787878787,0.6722972972972973,296
P1,41,marker_memory,cDC1,0.9767441860465117,1.0,21
P1,41,marker_memory,cDC2_1,0.6521739130434783,0.703125,64
P1,41,marker_memory,cDC2_2,0.9398907103825137,0.9398907103825137,183
P1,41,marker_memory,dnT_1,0.6785714285714285,0.6333333333333333,30
P1,41,marker_memory,dnT_2,0.9393939393939394,0.9117647058823529,34
P1,41,marker_memory,gdT_1,0.9230769230769231,0.9473684210526315,19
P1,41,marker_memory,gdT_2,0.0,0.0,2
P1,41,marker_memory,gdT_3,0.9390243902439024,0.9390243902439024,82
P1,41,marker_memory,gdT_4,0.7777777777777779,0.8076923076923077,26
P1,41,marker_memory,pDC,0.9824561403508771,0.9824561403508771,57
P1,41,marker_tcell,ASDC_mDC,0.888888888888889,1.0,4
P1,41,marker_tcell,ASDC_pDC,0.5714285714285715,0.4,5
P1,41,marker_tcell,B intermediate kappa,0.8484848484848485,0.875,32
P1,41,marker_tcell,B intermediate lambda,0.7228915662650602,0.6122448979591837,49
P1,41,marker_tcell,B memory kappa,0.9387755102040816,0.9452054794520548,73
P1,41,marker_tcell,B memory lambda,0.8952380952380952,0.9215686274509803,51
P1,41,marker_tcell,B naive kappa,0.9259259259259259,0.9450171821305842,291
P1,41,marker_tcell,B naive lambda,0.8681672025723473,0.8598726114649682,157
P1,41,marker_tcell,CD14 Mono,0.982051586829906,0.9715428033866416,4252
P1,41,marker_tcell,CD16 Mono,0.9221484610742305,0.9744897959183674,784
P1,41,marker_tcell,CD4 CTL,0.9327817993795243,0.8860510805500982,509
P1,41,marker_tcell,CD4 Naive,0.9494787489975942,0.9479583666933546,2498
P1,41,marker_tcell,CD4 Proliferating,0.8780487804878048,0.8571428571428571,21
P1,41,marker_tcell,CD4 TCM_1,0.8644424406372107,0.8843788437884379,1626
P1,41,marker_tcell,CD4 TCM_2,0.7134502923976608,0.7530864197530864,81
P1,41,marker_tcell,CD4 TCM_3,0.8332207967589467,0.8641456582633054,714
P1,41,marker_tcell,CD4 TEM_1,0.7439613526570048,0.6695652173913044,230
P1,41,marker_tcell,CD4 TEM_2,0.7088607594936709,0.7088607594936709,79
P1,41,marker_tcell,CD4 TEM_3,0.672316384180791,0.6918604651162791,172
P1,41,marker_tcell,CD8 Naive,0.9632107023411371,0.9381107491856677,1228
P1,41,marker_tcell,CD8 Naive_2,0.5,0.5555555555555556,18
P1,41,marker_tcell,CD8 Proliferating,0.5263157894736842,0.625,16
P1,41,marker_tcell,CD8 TCM_1,0.586046511627907,0.504,125
P1,41,marker_tcell,CD8 TCM_2,0.6549707602339181,0.7777777777777778,72
P1,41,marker_tcell,CD8 TCM_3,0.9033942558746736,0.9251336898395722,187
P1,41,marker_tcell,CD8 TEM_1,0.9026915113871635,0.8916155419222904,489
P1,41,marker_tcell,CD8 TEM_2,0.7975077881619937,0.735632183908046,174
P1,41,marker_tcell,CD8 TEM_3,0.5691056910569106,0.7608695652173914,46
P1,41,marker_tcell,CD8 TEM_4,0.8977695167286245,0.9396887159533074,514
P1,41,marker_tcell,CD8 TEM_5,0.7935943060498222,0.7124600638977636,313
P1,41,marker_tcell,CD8 TEM_6,0.735632183908046,0.6274509803921569,51
P1,41,marker_tcell,Doublet,0.718232044198895,0.6435643564356436,101
P1,41,marker_tcell,Eryth,0.923076923076923,1.0,24
P1,41,marker_tcell,HSPC,0.9844097995545658,0.9954954954954955,222
P1,41,marker_tcell,ILC,1.0,1.0,5
P1,41,marker_tcell,MAIT,0.7692307692307692,0.9302325581395349,43
P1,41,marker_tcell,NK Proliferating,0.8827586206896552,0.8311688311688312,77
P1,41,marker_tcell,NK_1,0.8754863813229572,0.9635974304068522,467
P1,41,marker_tcell,NK_2,0.9073634204275534,0.8629518072289156,664
P1,41,marker_tcell,NK_3,0.5980707395498391,0.5923566878980892,157
P1,41,marker_tcell,NK_4,0.7608695652173914,0.813953488372093,129
P1,41,marker_tcell,NK_CD56bright,0.8695652173913043,0.8333333333333334,96
P1,41,marker_tcell,Plasma,0.9814814814814815,0.9814814814814815,54
P1,41,marker_tcell,Plasmablast,0.9333333333333333,0.875,8
P1,41,marker_tcell,Platelet,0.9304029304029303,0.9136690647482014,139
P1,41,marker_tcell,Treg Memory,0.8046744574290485,0.8795620437956204,274
P1,41,marker_tcell,Treg Naive,0.7475915221579961,0.6554054054054054,296
P1,41,marker_tcell,cDC1,0.9545454545454545,1.0,21
P1,41,marker_tcell,cDC2_1,0.7092198581560283,0.78125,64
P1,41,marker_tcell,cDC2_2,0.95,0.9344262295081968,183
P1,41,marker_tcell,dnT_1,0.4810126582278481,0.6333333333333333,30
P1,41,marker_tcell,dnT_2,0.955223880597015,0.9411764705882353,34
P1,41,marker_tcell,gdT_1,0.7096774193548387,0.5789473684210527,19
P1,41,marker_tcell,gdT_2,0.0,0.0,2
P1,41,marker_tcell,gdT_3,0.8670520231213872,0.9146341463414634,82
P1,41,marker_tcell,gdT_4,0.6071428571428571,0.6538461538461539,26
P1,41,marker_tcell,pDC,0.9824561403508771,0.9824561403508771,57
P1,41,rna_only,ASDC_mDC,0.8,1.0,4
P1,41,rna_only,ASDC_pDC,0.5714285714285715,0.4,5
P1,41,rna_only,B intermediate kappa,0.8115942028985507,0.875,32
P1,41,rna_only,B intermediate lambda,0.7529411764705882,0.6530612244897959,49
P1,41,rna_only,B memory kappa,0.9019607843137256,0.9452054794520548,73
P1,41,rna_only,B memory lambda,0.8952380952380952,0.9215686274509803,51
P1,41,rna_only,B naive kappa,0.8916083916083916,0.8762886597938144,291
P1,41,rna_only,B naive lambda,0.8463949843260188,0.8598726114649682,157
P1,41,rna_only,CD14 Mono,0.9788095238095238,0.9668391345249294,4252
P1,41,rna_only,CD16 Mono,0.9221484610742305,0.9744897959183674,784
P1,41,rna_only,CD4 CTL,0.9192546583850932,0.8722986247544204,509
P1,41,rna_only,CD4 Naive,0.9339069221744232,0.955964771817454,2498
P1,41,rna_only,CD4 Proliferating,0.9,0.8571428571428571,21
P1,41,rna_only,CD4 TCM_1,0.8430601753855459,0.8573185731857319,1626
P1,41,rna_only,CD4 TCM_2,0.6436781609195402,0.691358024691358,81
P1,41,rna_only,CD4 TCM_3,0.7854251012145749,0.8151260504201681,714
P1,41,rna_only,CD4 TEM_1,0.7033492822966506,0.6391304347826087,230
P1,41,rna_only,CD4 TEM_2,0.5930232558139535,0.6455696202531646,79
P1,41,rna_only,CD4 TEM_3,0.5057471264367817,0.5116279069767442,172
P1,41,rna_only,CD8 Naive,0.964374482187241,0.9478827361563518,1228
P1,41,rna_only,CD8 Naive_2,0.47058823529411764,0.4444444444444444,18
P1,41,rna_only,CD8 Proliferating,0.6111111111111112,0.6875,16
P1,41,rna_only,CD8 TCM_1,0.5296442687747035,0.536,125
P1,41,rna_only,CD8 TCM_2,0.5714285714285715,0.6666666666666666,72
P1,41,rna_only,CD8 TCM_3,0.7751479289940829,0.7005347593582888,187
P1,41,rna_only,CD8 TEM_1,0.8693790149892935,0.8302658486707567,489
P1,41,rna_only,CD8 TEM_2,0.7616279069767442,0.7528735632183908,174
P1,41,rna_only,CD8 TEM_3,0.5555555555555556,0.6521739130434783,46
P1,41,rna_only,CD8 TEM_4,0.862129144851658,0.9610894941634242,514
P1,41,rna_only,CD8 TEM_5,0.7734806629834253,0.670926517571885,313
P1,41,rna_only,CD8 TEM_6,0.7474747474747475,0.7254901960784313,51
P1,41,rna_only,Doublet,0.6451612903225806,0.594059405940594,101
P1,41,rna_only,Eryth,0.9411764705882353,1.0,24
P1,41,rna_only,HSPC,0.9910313901345291,0.9954954954954955,222
P1,41,rna_only,ILC,1.0,1.0,5
P1,41,rna_only,MAIT,0.7777777777777778,0.813953488372093,43
P1,41,rna_only,NK Proliferating,0.8846153846153846,0.8961038961038961,77
P1,41,rna_only,NK_1,0.8772298006295907,0.8950749464668094,467
P1,41,rna_only,NK_2,0.9167950693374423,0.8960843373493976,664
P1,41,rna_only,NK_3,0.5586206896551725,0.5159235668789809,157
P1,41,rna_only,NK_4,0.7304964539007093,0.7984496124031008,129
P1,41,rna_only,NK_CD56bright,0.847457627118644,0.78125,96
P1,41,rna_only,Plasma,0.9814814814814815,0.9814814814814815,54
P1,41,rna_only,Plasmablast,0.9333333333333333,0.875,8
P1,41,rna_only,Platelet,0.9007092198581561,0.9136690647482014,139
P1,41,rna_only,Treg Memory,0.7552447552447552,0.7883211678832117,274
P1,41,rna_only,Treg Naive,0.6339468302658486,0.5236486486486487,296
P1,41,rna_only,cDC1,1.0,1.0,21
P1,41,rna_only,cDC2_1,0.684931506849315,0.78125,64
P1,41,rna_only,cDC2_2,0.9382022471910112,0.912568306010929,183
P1,41,rna_only,dnT_1,0.48,0.4,30
P1,41,rna_only,dnT_2,0.9142857142857143,0.9411764705882353,34
P1,41,rna_only,gdT_1,0.7692307692307692,0.7894736842105263,19
P1,41,rna_only,gdT_2,0.0,0.0,2
P1,41,rna_only,gdT_3,0.8622754491017964,0.8780487804878049,82
P1,41,rna_only,gdT_4,0.5263157894736842,0.5769230769230769,26
P1,41,rna_only,pDC,0.9913043478260869,1.0,57
P1,41,random_size_matched_6,ASDC_mDC,0.888888888888889,1.0,4
P1,41,random_size_matched_6,ASDC_pDC,0.5714285714285715,0.4,5
P1,41,random_size_matched_6,B intermediate kappa,0.8,0.8125,32
P1,41,random_size_matched_6,B intermediate lambda,0.746987951807229,0.6326530612244898,49
P1,41,random_size_matched_6,B memory kappa,0.8846153846153847,0.9452054794520548,73
P1,41,random_size_matched_6,B memory lambda,0.8888888888888888,0.9411764705882353,51
P1,41,random_size_matched_6,B naive kappa,0.9140893470790378,0.9140893470790378,291
P1,41,random_size_matched_6,B naive lambda,0.8810289389067525,0.8726114649681529,157
P1,41,random_size_matched_6,CD14 Mono,0.9811859966658728,0.9689557855126999,4252
P1,41,random_size_matched_6,CD16 Mono,0.919664268585132,0.9783163265306123,784
P1,41,random_size_matched_6,CD4 CTL,0.9753694581280788,0.9724950884086444,509
P1,41,random_size_matched_6,CD4 Naive,0.9547898824935271,0.9595676541232986,2498
P1,41,random_size_matched_6,CD4 Proliferating,0.9,0.8571428571428571,21
P1,41,random_size_matched_6,CD4 TCM_1,0.8712166172106824,0.9028290282902829,1626
P1,41,random_size_matched_6,CD4 TCM_2,0.7317073170731708,0.7407407407407407,81
P1,41,random_size_matched_6,CD4 TCM_3,0.8336902212705211,0.8179271708683473,714
P1,41,random_size_matched_6,CD4 TEM_1,0.7786259541984734,0.6652173913043479,230
P1,41,random_size_matched_6,CD4 TEM_2,0.7307692307692307,0.7215189873417721,79
P1,41,random_size_matched_6,CD4 TEM_3,0.6801152737752162,0.686046511627907,172
P1,41,random_size_matched_6,CD8 Naive,0.9845276872964169,0.9845276872964169,1228
P1,41,random_size_matched_6,CD8 Naive_2,0.5641025641025642,0.6111111111111112,18
P1,41,random_size_matched_6,CD8 Proliferating,0.5128205128205128,0.625,16
P1,41,random_size_matched_6,CD8 TCM_1,0.6491228070175439,0.592,125
P1,41,random_size_matched_6,CD8 TCM_2,0.7450980392156864,0.7916666666666666,72
P1,41,random_size_matched_6,CD8 TCM_3,0.9124668435013263,0.9197860962566845,187
P1,41,random_size_matched_6,CD8 TEM_1,0.9138655462184875,0.8895705521472392,489
P1,41,random_size_matched_6,CD8 TEM_2,0.8047337278106508,0.7816091954022989,174
P1,41,random_size_matched_6,CD8 TEM_3,0.6400000000000001,0.8695652173913043,46
P1,41,random_size_matched_6,CD8 TEM_4,0.9049360146252284,0.9630350194552529,514
P1,41,random_size_matched_6,CD8 TEM_5,0.872852233676976,0.8115015974440895,313
P1,41,random_size_matched_6,CD8 TEM_6,0.8125,0.7647058823529411,51
P1,41,random_size_matched_6,Doublet,0.7173913043478262,0.6534653465346535,101
P1,41,random_size_matched_6,Eryth,0.9411764705882353,1.0,24
P1,41,random_size_matched_6,HSPC,0.9844097995545658,0.9954954954954955,222
P1,41,random_size_matched_6,ILC,1.0,1.0,5
P1,41,random_size_matched_6,MAIT,0.9069767441860465,0.9069767441860465,43
P1,41,random_size_matched_6,NK Proliferating,0.8652482269503546,0.7922077922077922,77
P1,41,random_size_matched_6,NK_1,0.9111111111111111,0.9657387580299786,467
P1,41,random_size_matched_6,NK_2,0.9162098668754893,0.8810240963855421,664
P1,41,random_size_matched_6,NK_3,0.6348122866894198,0.5923566878980892,157
P1,41,random_size_matched_6,NK_4,0.7829181494661922,0.8527131782945736,129
P1,41,random_size_matched_6,NK_CD56bright,0.8804347826086957,0.84375,96
P1,41,random_size_matched_6,Plasma,0.9818181818181818,1.0,54
P1,41,random_size_matched_6,Plasmablast,0.8571428571428571,0.75,8
P1,41,random_size_matched_6,Platelet,0.937269372693727,0.9136690647482014,139
P1,41,random_size_matched_6,Treg Memory,0.8194444444444443,0.8613138686131386,274
P1,41,random_size_matched_6,Treg Naive,0.7571701720841301,0.668918918918919,296
P1,41,random_size_matched_6,cDC1,0.9767441860465117,1.0,21
P1,41,random_size_matched_6,cDC2_1,0.6901408450704225,0.765625,64
P1,41,random_size_matched_6,cDC2_2,0.9476584022038568,0.9398907103825137,183
P1,41,random_size_matched_6,dnT_1,0.7213114754098361,0.7333333333333333,30
P1,41,random_size_matched_6,dnT_2,0.9393939393939394,0.9117647058823529,34
P1,41,random_size_matched_6,gdT_1,0.9473684210526315,0.9473684210526315,19
P1,41,random_size_matched_6,gdT_2,0.0,0.0,2
P1,41,random_size_matched_6,gdT_3,0.9277108433734941,0.9390243902439024,82
P1,41,random_size_matched_6,gdT_4,0.7931034482758621,0.8846153846153846,26
P1,41,random_size_matched_6,pDC,0.9824561403508771,0.9824561403508771,57
P1,41,random_size_matched_15,ASDC_mDC,0.8,1.0,4
P1,41,random_size_matched_15,ASDC_pDC,0.5714285714285715,0.4,5
P1,41,random_size_matched_15,B intermediate kappa,0.7941176470588235,0.84375,32
P1,41,random_size_matched_15,B intermediate lambda,0.7619047619047618,0.6530612244897959,49
P1,41,random_size_matched_15,B memory kappa,0.9452054794520548,0.9452054794520548,73
P1,41,random_size_matched_15,B memory lambda,0.9126213592233009,0.9215686274509803,51
P1,41,random_size_matched_15,B naive kappa,0.9264957264957265,0.9312714776632303,291
P1,41,random_size_matched_15,B naive lambda,0.8670886075949368,0.8726114649681529,157
P1,41,random_size_matched_15,CD14 Mono,0.9829505091167416,0.9762464722483537,4252
P1,41,random_size_matched_15,CD16 Mono,0.9294045426642111,0.9655612244897959,784
P1,41,random_size_matched_15,CD4 CTL,0.962888665997994,0.9430255402750491,509
P1,41,random_size_matched_15,CD4 Naive,0.9555957404058669,0.9519615692554043,2498
P1,41,random_size_matched_15,CD4 Proliferating,0.8780487804878048,0.8571428571428571,21
P1,41,random_size_matched_15,CD4 TCM_1,0.8683589138134593,0.9046740467404674,1626
P1,41,random_size_matched_15,CD4 TCM_2,0.7142857142857143,0.7407407407407407,81
P1,41,random_size_matched_15,CD4 TCM_3,0.826950354609929,0.8165266106442577,714
P1,41,random_size_matched_15,CD4 TEM_1,0.7581047381546133,0.6608695652173913,230
P1,41,random_size_matched_15,CD4 TEM_2,0.7162162162162162,0.6708860759493671,79
P1,41,random_size_matched_15,CD4 TEM_3,0.6878612716763005,0.6918604651162791,172
P1,41,random_size_matched_15,CD8 Naive,0.9807139926138695,0.9731270358306189,1228
P1,41,random_size_matched_15,CD8 Naive_2,0.5454545454545455,0.6666666666666666,18
P1,41,random_size_matched_15,CD8 Proliferating,0.5,0.5625,16
P1,41,random_size_matched_15,CD8 TCM_1,0.6206896551724138,0.576,125
P1,41,random_size_matched_15,CD8 TCM_2,0.7215189873417721,0.7916666666666666,72
P1,41,random_size_matched_15,CD8 TCM_3,0.9081364829396326,0.9251336898395722,187
P1,41,random_size_matched_15,CD8 TEM_1,0.911522633744856,0.9059304703476483,489
P1,41,random_size_matched_15,CD8 TEM_2,0.825301204819277,0.7873563218390804,174
P1,41,random_size_matched_15,CD8 TEM_3,0.6499999999999999,0.8478260869565217,46
P1,41,random_size_matched_15,CD8 TEM_4,0.8974820143884892,0.9708171206225681,514
P1,41,random_size_matched_15,CD8 TEM_5,0.8490230905861457,0.7635782747603834,313
P1,41,random_size_matched_15,CD8 TEM_6,0.8085106382978724,0.7450980392156863,51
P1,41,random_size_matched_15,Doublet,0.6703296703296704,0.6039603960396039,101
P1,41,random_size_matched_15,Eryth,0.9166666666666666,0.9166666666666666,24
P1,41,random_size_matched_15,HSPC,0.988814317673378,0.9954954954954955,222
P1,41,random_size_matched_15,ILC,1.0,1.0,5
P1,41,random_size_matched_15,MAIT,0.9069767441860465,0.9069767441860465,43
P1,41,random_size_matched_15,NK Proliferating,0.8732394366197184,0.8051948051948052,77
P1,41,random_size_matched_15,NK_1,0.9057750759878419,0.9571734475374732,467
P1,41,random_size_matched_15,NK_2,0.918622848200313,0.8840361445783133,664
P1,41,random_size_matched_15,NK_3,0.6442953020134228,0.6114649681528662,157
P1,41,random_size_matched_15,NK_4,0.7595818815331011,0.8449612403100775,129
P1,41,random_size_matched_15,NK_CD56bright,0.8439306358381503,0.7604166666666666,96
P1,41,random_size_matched_15,Plasma,0.9818181818181818,1.0,54
P1,41,random_size_matched_15,Plasmablast,0.8571428571428571,0.75,8
P1,41,random_size_matched_15,Platelet,0.9338235294117647,0.9136690647482014,139
P1,41,random_size_matched_15,Treg Memory,0.8086522462562395,0.8868613138686131,274
P1,41,random_size_matched_15,Treg Naive,0.7590132827324477,0.6756756756756757,296
P1,41,random_size_matched_15,cDC1,0.9767441860465117,1.0,21
P1,41,random_size_matched_15,cDC2_1,0.7042253521126761,0.78125,64
P1,41,random_size_matched_15,cDC2_2,0.9497206703910615,0.9289617486338798,183
P1,41,random_size_matched_15,dnT_1,0.6461538461538462,0.7,30
P1,41,random_size_matched_15,dnT_2,0.9565217391304348,0.9705882352941176,34
P1,41,random_size_matched_15,gdT_1,0.9230769230769231,0.9473684210526315,19
P1,41,random_size_matched_15,gdT_2,0.0,0.0,2
P1,41,random_size_matched_15,gdT_3,0.9397590361445782,0.9512195121951219,82
P1,41,random_size_matched_15,gdT_4,0.7777777777777779,0.8076923076923077,26
P1,41,random_size_matched_15,pDC,0.9824561403508771,0.9824561403508771,57
P1,42,full,ASDC_mDC,0.7272727272727273,1.0,4
P1,42,full,ASDC_pDC,0.5714285714285715,0.4,5
P1,42,full,B intermediate kappa,0.8695652173913043,0.9375,32
P1,42,full,B intermediate lambda,0.7555555555555555,0.6938775510204082,49
P1,42,full,B memory kappa,0.9139072847682119,0.9452054794520548,73
P1,42,full,B memory lambda,0.8910891089108911,0.8823529411764706,51
P1,42,full,B naive kappa,0.9301533219761499,0.9381443298969072,291
P1,42,full,B naive lambda,0.8655737704918033,0.8407643312101911,157
P1,42,full,CD14 Mono,0.9779367918902803,0.9642521166509878,4252
P1,42,full,CD16 Mono,0.9153798641136504,0.9451530612244898,784
P1,42,full,CD4 CTL,0.9742574257425742,0.9666011787819253,509
P1,42,full,CD4 Naive,0.9551166965888689,0.9583666933546837,2498
P1,42,full,CD4 Proliferating,0.9130434782608696,1.0,21
P1,42,full,CD4 TCM_1,0.8694847269361309,0.8665436654366544,1626
P1,42,full,CD4 TCM_2,0.7150259067357513,0.8518518518518519,81
P1,42,full,CD4 TCM_3,0.8504606661941885,0.8403361344537815,714
P1,42,full,CD4 TEM_1,0.8109339407744874,0.7739130434782608,230
P1,42,full,CD4 TEM_2,0.7607361963190185,0.7848101265822784,79
P1,42,full,CD4 TEM_3,0.7207207207207207,0.6976744186046512,172
P1,42,full,CD8 Naive,0.9836065573770492,0.9771986970684039,1228
P1,42,full,CD8 Naive_2,0.5862068965517241,0.9444444444444444,18
P1,42,full,CD8 Proliferating,0.56,0.4375,16
P1,42,full,CD8 TCM_1,0.6568265682656826,0.712,125
P1,42,full,CD8 TCM_2,0.7702702702702704,0.7916666666666666,72
P1,42,full,CD8 TCM_3,0.9351351351351352,0.9251336898395722,187
P1,42,full,CD8 TEM_1,0.8946796959826276,0.8425357873210634,489
P1,42,full,CD8 TEM_2,0.8466257668711656,0.7931034482758621,174
P1,42,full,CD8 TEM_3,0.6218487394957983,0.8043478260869565,46
P1,42,full,CD8 TEM_4,0.8829141370338248,0.9902723735408561,514
P1,42,full,CD8 TEM_5,0.7946768060836502,0.6677316293929713,313
P1,42,full,CD8 TEM_6,0.851063829787234,0.7843137254901961,51
P1,42,full,Doublet,0.6771653543307087,0.8514851485148515,101
P1,42,full,Eryth,0.9411764705882353,1.0,24
P1,42,full,HSPC,0.988814317673378,0.9954954954954955,222
P1,42,full,ILC,1.0,1.0,5
P1,42,full,MAIT,0.9249999999999999,0.8604651162790697,43
P1,42,full,NK Proliferating,0.9146341463414633,0.974025974025974,77
P1,42,full,NK_1,0.8966202783300199,0.9657387580299786,467
P1,42,full,NK_2,0.9015459723352319,0.8343373493975904,664
P1,42,full,NK_3,0.6196319018404909,0.643312101910828,157
P1,42,full,NK_4,0.7432950191570882,0.751937984496124,129
P1,42,full,NK_CD56bright,0.8717948717948718,0.8854166666666666,96
P1,42,full,Plasma,0.9814814814814815,0.9814814814814815,54
P1,42,full,Plasmablast,0.9333333333333333,0.875,8
P1,42,full,Platelet,0.9169675090252708,0.9136690647482014,139
P1,42,full,Treg Memory,0.8222996515679442,0.8613138686131386,274
P1,42,full,Treg Naive,0.8108108108108109,0.8108108108108109,296
P1,42,full,cDC1,0.9545454545454545,1.0,21
P1,42,full,cDC2_1,0.6434782608695652,0.578125,64
P1,42,full,cDC2_2,0.9368421052631579,0.9726775956284153,183
P1,42,full,dnT_1,0.5833333333333334,0.4666666666666667,30
P1,42,full,dnT_2,0.8395061728395062,1.0,34
P1,42,full,gdT_1,0.8837209302325582,1.0,19
P1,42,full,gdT_2,0.0,0.0,2
P1,42,full,gdT_3,0.9146341463414634,0.9146341463414634,82
P1,42,full,gdT_4,0.8135593220338984,0.9230769230769231,26
P1,42,full,pDC,0.9824561403508771,0.9824561403508771,57
P1,42,random_10,ASDC_mDC,0.8,1.0,4
P1,42,random_10,ASDC_pDC,0.7499999999999999,0.6,5
P1,42,random_10,B intermediate kappa,0.7948717948717949,0.96875,32
P1,42,random_10,B intermediate lambda,0.7659574468085106,0.7346938775510204,49
P1,42,random_10,B memory kappa,0.9261744966442953,0.9452054794520548,73
P1,42,random_10,B memory lambda,0.9,0.8823529411764706,51
P1,42,random_10,B naive kappa,0.9151943462897526,0.8900343642611683,291
P1,42,random_10,B naive lambda,0.8544303797468354,0.8598726114649682,157
P1,42,random_10,CD14 Mono,0.9796404333849268,0.9675446848541862,4252
P1,42,random_10,CD16 Mono,0.9178921568627451,0.9553571428571429,784
P1,42,random_10,CD4 CTL,0.975417895771878,0.9744597249508841,509
P1,42,random_10,CD4 Naive,0.952988047808765,0.9575660528422738,2498
P1,42,random_10,CD4 Proliferating,0.9333333333333333,1.0,21
P1,42,random_10,CD4 TCM_1,0.8691905201600493,0.8683886838868389,1626
P1,42,random_10,CD4 TCM_2,0.7225130890052356,0.8518518518518519,81
P1,42,random_10,CD4 TCM_3,0.8508522727272727,0.8389355742296919,714
P1,42,random_10,CD4 TEM_1,0.8203991130820398,0.8043478260869565,230
P1,42,random_10,CD4 TEM_2,0.7530864197530864,0.7721518987341772,79
P1,42,random_10,CD4 TEM_3,0.7423312883435583,0.7034883720930233,172
P1,42,random_10,CD8 Naive,0.974615064502705,0.9535830618892508,1228
P1,42,random_10,CD8 Naive_2,0.5172413793103448,0.8333333333333334,18
P1,42,random_10,CD8 Proliferating,0.4800000000000001,0.375,16
P1,42,random_10,CD8 TCM_1,0.59375,0.76,125
P1,42,random_10,CD8 TCM_2,0.775,0.8611111111111112,72
P1,42,random_10,CD8 TCM_3,0.7581699346405231,0.6203208556149733,187
P1,42,random_10,CD8 TEM_1,0.8913043478260869,0.8384458077709611,489
P1,42,random_10,CD8 TEM_2,0.8490566037735848,0.7758620689655172,174
P1,42,random_10,CD8 TEM_3,0.6491228070175439,0.8043478260869565,46
P1,42,random_10,CD8 TEM_4,0.8892763731473409,0.9922178988326849,514
P1,42,random_10,CD8 TEM_5,0.7861271676300579,0.6517571884984026,313
P1,42,random_10,CD8 TEM_6,0.7209302325581395,0.6078431372549019,51
P1,42,random_10,Doublet,0.7232142857142858,0.801980198019802,101
P1,42,random_10,Eryth,0.9411764705882353,1.0,24
P1,42,random_10,HSPC,0.988814317673378,0.9954954954954955,222
P1,42,random_10,ILC,1.0,1.0,5
P1,42,random_10,MAIT,0.898876404494382,0.9302325581395349,43
P1,42,random_10,NK Proliferating,0.9146341463414633,0.974025974025974,77
P1,42,random_10,NK_1,0.8910696761530913,0.9721627408993576,467
P1,42,random_10,NK_2,0.8881578947368421,0.8132530120481928,664
P1,42,random_10,NK_3,0.6158357771260996,0.6687898089171974,157
P1,42,random_10,NK_4,0.7401574803149605,0.7286821705426356,129
P1,42,random_10,NK_CD56bright,0.8615384615384615,0.875,96
P1,42,random_10,Plasma,0.9814814814814815,0.9814814814814815,54
P1,42,random_10,Plasmablast,0.9333333333333333,0.875,8
P1,42,random_10,Platelet,0.9169675090252708,0.9136690647482014,139
P1,42,random_10,Treg Memory,0.8222996515679442,0.8613138686131386,274
P1,42,random_10,Treg Naive,0.8107202680067002,0.8175675675675675,296
P1,42,random_10,cDC1,0.9545454545454545,1.0,21
P1,42,random_10,cDC2_1,0.5982905982905983,0.546875,64
P1,42,random_10,cDC2_2,0.931578947368421,0.9672131147540983,183
P1,42,random_10,dnT_1,0.47761194029850745,0.5333333333333333,30
P1,42,random_10,dnT_2,0.8395061728395062,1.0,34
P1,42,random_10,gdT_1,0.8780487804878049,0.9473684210526315,19
P1,42,random_10,gdT_2,0.0,0.0,2
P1,42,random_10,gdT_3,0.8685714285714285,0.926829268292683,82
P1,42,random_10,gdT_4,0.7575757575757575,0.9615384615384616,26
P1,42,random_10,pDC,0.9824561403508771,0.9824561403508771,57
P1,42,random_30,ASDC_mDC,0.7272727272727273,1.0,4
P1,42,random_30,ASDC_pDC,0.7499999999999999,0.6,5
P1,42,random_30,B intermediate kappa,0.8333333333333334,0.9375,32
P1,42,random_30,B intermediate lambda,0.75,0.673469387755102,49
P1,42,random_30,B memory kappa,0.880503144654088,0.958904109589041,73
P1,42,random_30,B memory lambda,0.8653846153846154,0.8823529411764706,51
P1,42,random_30,B naive kappa,0.9131944444444443,0.9037800687285223,291
P1,42,random_30,B naive lambda,0.8609271523178808,0.8280254777070064,157
P1,42,random_30,CD14 Mono,0.9821195973949083,0.9753057384760113,4252
P1,42,random_30,CD16 Mono,0.9229805886036317,0.9400510204081632,784
P1,42,random_30,CD4 CTL,0.9803536345776032,0.9803536345776032,509
P1,42,random_30,CD4 Naive,0.9497140603431276,0.9639711769415532,2498
P1,42,random_30,CD4 Proliferating,0.9333333333333333,1.0,21
P1,42,random_30,CD4 TCM_1,0.8473306275366844,0.8345633456334564,1626
P1,42,random_30,CD4 TCM_2,0.6666666666666667,0.8518518518518519,81
P1,42,random_30,CD4 TCM_3,0.8381804623415362,0.7871148459383753,714
P1,42,random_30,CD4 TEM_1,0.8120649651972158,0.7608695652173914,230
P1,42,random_30,CD4 TEM_2,0.7499999999999999,0.7974683544303798,79
P1,42,random_30,CD4 TEM_3,0.7241379310344829,0.7325581395348837,172
P1,42,random_30,CD8 Naive,0.9794745484400657,0.9714983713355049,1228
P1,42,random_30,CD8 Naive_2,0.5245901639344261,0.8888888888888888,18
P1,42,random_30,CD8 Proliferating,0.56,0.4375,16
P1,42,random_30,CD8 TCM_1,0.561307901907357,0.824,125
P1,42,random_30,CD8 TCM_2,0.7549668874172185,0.7916666666666666,72
P1,42,random_30,CD8 TCM_3,0.65,0.48663101604278075,187
P1,42,random_30,CD8 TEM_1,0.906951871657754,0.8670756646216768,489
P1,42,random_30,CD8 TEM_2,0.8580246913580247,0.7988505747126436,174
P1,42,random_30,CD8 TEM_3,0.5925925925925926,0.6956521739130435,46
P1,42,random_30,CD8 TEM_4,0.8542713567839196,0.9922178988326849,514
P1,42,random_30,CD8 TEM_5,0.7061224489795919,0.5527156549520766,313
P1,42,random_30,CD8 TEM_6,0.8260869565217392,0.7450980392156863,51
P1,42,random_30,Doublet,0.7162790697674419,0.7623762376237624,101
P1,42,random_30,Eryth,0.9411764705882353,1.0,24
P1,42,random_30,HSPC,0.9887640449438202,0.990990990990991,222
P1,42,random_30,ILC,1.0,1.0,5
P1,42,random_30,MAIT,0.9249999999999999,0.8604651162790697,43
P1,42,random_30,NK Proliferating,0.8982035928143713,0.974025974025974,77
P1,42,random_30,NK_1,0.8778103616813294,0.961456102783726,467
P1,42,random_30,NK_2,0.8785357737104825,0.7951807228915663,664
P1,42,random_30,NK_3,0.6084337349397592,0.643312101910828,157
P1,42,random_30,NK_4,0.7557251908396948,0.7674418604651163,129
P1,42,random_30,NK_CD56bright,0.8659793814432989,0.875,96
P1,42,random_30,Plasma,0.9719626168224299,0.9629629629629629,54
P1,42,random_30,Plasmablast,0.9333333333333333,0.875,8
P1,42,random_30,Platelet,0.924187725631769,0.920863309352518,139
P1,42,random_30,Treg Memory,0.8228980322003578,0.8394160583941606,274
P1,42,random_30,Treg Naive,0.7887323943661972,0.8513513513513513,296
P1,42,random_30,cDC1,0.9767441860465117,1.0,21
P1,42,random_30,cDC2_1,0.6666666666666666,0.625,64
P1,42,random_30,cDC2_2,0.9433962264150944,0.9562841530054644,183
P1,42,random_30,dnT_1,0.6122448979591837,0.5,30
P1,42,random_30,dnT_2,0.8831168831168831,1.0,34
P1,42,random_30,gdT_1,0.8260869565217391,1.0,19
P1,42,random_30,gdT_2,0.0,0.0,2
P1,42,random_30,gdT_3,0.9212121212121213,0.926829268292683,82
P1,42,random_30,gdT_4,0.7234042553191489,0.6538461538461539,26
P1,42,random_30,pDC,1.0,1.0,57
P1,42,random_50,ASDC_mDC,0.8,1.0,4
P1,42,random_50,ASDC_pDC,0.33333333333333337,0.2,5
P1,42,random_50,B intermediate kappa,0.8169014084507042,0.90625,32
P1,42,random_50,B intermediate lambda,0.782608695652174,0.7346938775510204,49
P1,42,random_50,B memory kappa,0.8903225806451612,0.9452054794520548,73
P1,42,random_50,B memory lambda,0.8932038834951457,0.9019607843137255,51
P1,42,random_50,B naive kappa,0.9106830122591943,0.8934707903780069,291
P1,42,random_50,B naive lambda,0.8535031847133757,0.8535031847133758,157
P1,42,random_50,CD14 Mono,0.9840820657941279,0.981420507996237,4252
P1,42,random_50,CD16 Mono,0.9332477535301669,0.9272959183673469,784
P1,42,random_50,CD4 CTL,0.9543245869776482,0.9646365422396856,509
P1,42,random_50,CD4 Naive,0.9383098046799458,0.9711769415532426,2498
P1,42,random_50,CD4 Proliferating,0.8750000000000001,1.0,21
P1,42,random_50,CD4 TCM_1,0.8438475952529669,0.8308733087330873,1626
P1,42,random_50,CD4 TCM_2,0.6847826086956521,0.7777777777777778,81
P1,42,random_50,CD4 TCM_3,0.8144404332129963,0.7899159663865546,714
P1,42,random_50,CD4 TEM_1,0.8258064516129031,0.8347826086956521,230
P1,42,random_50,CD4 TEM_2,0.703030303030303,0.7341772151898734,79
P1,42,random_50,CD4 TEM_3,0.5777777777777778,0.5290697674418605,172
P1,42,random_50,CD8 Naive,0.9704535996670829,0.9495114006514658,1228
P1,42,random_50,CD8 Naive_2,0.45454545454545453,0.8333333333333334,18
P1,42,random_50,CD8 Proliferating,0.56,0.4375,16
P1,42,random_50,CD8 TCM_1,0.6132404181184669,0.704,125
P1,42,random_50,CD8 TCM_2,0.7194244604316546,0.6944444444444444,72
P1,42,random_50,CD8 TCM_3,0.8933717579250721,0.8288770053475936,187
P1,42,random_50,CD8 TEM_1,0.8700440528634361,0.8077709611451943,489
P1,42,random_50,CD8 TEM_2,0.8217522658610272,0.7816091954022989,174
P1,42,random_50,CD8 TEM_3,0.49367088607594933,0.8478260869565217,46
P1,42,random_50,CD8 TEM_4,0.8444816053511706,0.9824902723735408,514
P1,42,random_50,CD8 TEM_5,0.6708595387840671,0.5111821086261981,313
P1,42,random_50,CD8 TEM_6,0.7727272727272727,0.6666666666666666,51
P1,42,random_50,Doublet,0.7230046948356808,0.7623762376237624,101
P1,42,random_50,Eryth,0.888888888888889,1.0,24
P1,42,random_50,HSPC,0.9865470852017937,0.990990990990991,222
P1,42,random_50,ILC,1.0,1.0,5
P1,42,random_50,MAIT,0.8888888888888888,0.8372093023255814,43
P1,42,random_50,NK Proliferating,0.8994082840236687,0.987012987012987,77
P1,42,random_50,NK_1,0.8701550387596898,0.961456102783726,467
P1,42,random_50,NK_2,0.877601998334721,0.7936746987951807,664
P1,42,random_50,NK_3,0.6046511627906977,0.6624203821656051,157
P1,42,random_50,NK_4,0.7419354838709677,0.7131782945736435,129
P1,42,random_50,NK_CD56bright,0.8586387434554975,0.8541666666666666,96
P1,42,random_50,Plasma,0.9906542056074767,0.9814814814814815,54
P1,42,random_50,Plasmablast,0.9333333333333333,0.875,8
P1,42,random_50,Platelet,0.9247311827956989,0.9280575539568345,139
P1,42,random_50,Treg Memory,0.8071428571428572,0.8248175182481752,274
P1,42,random_50,Treg Naive,0.7161904761904762,0.6351351351351351,296
P1,42,random_50,cDC1,1.0,1.0,21
P1,42,random_50,cDC2_1,0.7079646017699115,0.625,64
P1,42,random_50,cDC2_2,0.9490616621983914,0.9672131147540983,183
P1,42,random_50,dnT_1,0.5185185185185186,0.4666666666666667,30
P1,42,random_50,dnT_2,0.825,0.9705882352941176,34
P1,42,random_50,gdT_1,0.7555555555555555,0.8947368421052632,19
P1,42,random_50,gdT_2,0.0,0.0,2
P1,42,random_50,gdT_3,0.9036144578313253,0.9146341463414634,82
P1,42,random_50,gdT_4,0.6666666666666666,0.6538461538461539,26
P1,42,random_50,pDC,0.9739130434782608,0.9824561403508771,57
P1,42,random_70,ASDC_mDC,0.888888888888889,1.0,4
P1,42,random_70,ASDC_pDC,0.5714285714285715,0.4,5
P1,42,random_70,B intermediate kappa,0.821917808219178,0.9375,32
P1,42,random_70,B intermediate lambda,0.8085106382978723,0.7755102040816326,49
P1,42,random_70,B memory kappa,0.89171974522293,0.958904109589041,73
P1,42,random_70,B memory lambda,0.9183673469387754,0.8823529411764706,51
P1,42,random_70,B naive kappa,0.8998242530755712,0.8797250859106529,291
P1,42,random_70,B naive lambda,0.829113924050633,0.8343949044585988,157
P1,42,random_70,CD14 Mono,0.9824561403508772,0.9811853245531514,4252
P1,42,random_70,CD16 Mono,0.905811623246493,0.8647959183673469,784
P1,42,random_70,CD4 CTL,0.9582929194956352,0.9705304518664047,509
P1,42,random_70,CD4 Naive,0.9305981595092024,0.9715772618094476,2498
P1,42,random_70,CD4 Proliferating,0.9130434782608696,1.0,21
P1,42,random_70,CD4 TCM_1,0.8421052631578947,0.8364083640836408,1626
P1,42,random_70,CD4 TCM_2,0.6740331491712707,0.7530864197530864,81
P1,42,random_70,CD4 TCM_3,0.8191176470588235,0.7801120448179272,714
P1,42,random_70,CD4 TEM_1,0.7861771058315334,0.7913043478260869,230
P1,42,random_70,CD4 TEM_2,0.5656565656565657,0.7088607594936709,79
P1,42,random_70,CD4 TEM_3,0.6570048309178744,0.7906976744186046,172
P1,42,random_70,CD8 Naive,0.9495120916419177,0.9112377850162866,1228
P1,42,random_70,CD8 Naive_2,0.49122807017543857,0.7777777777777778,18
P1,42,random_70,CD8 Proliferating,0.43478260869565216,0.3125,16
P1,42,random_70,CD8 TCM_1,0.5533596837944664,0.56,125
P1,42,random_70,CD8 TCM_2,0.608,0.5277777777777778,72
P1,42,random_70,CD8 TCM_3,0.8295454545454546,0.7807486631016043,187
P1,42,random_70,CD8 TEM_1,0.8189158016147635,0.7259713701431493,489
P1,42,random_70,CD8 TEM_2,0.8253968253968255,0.7471264367816092,174
P1,42,random_70,CD8 TEM_3,0.549618320610687,0.782608695652174,46
P1,42,random_70,CD8 TEM_4,0.8643478260869566,0.9669260700389105,514
P1,42,random_70,CD8 TEM_5,0.7145708582834331,0.5718849840255591,313
P1,42,random_70,CD8 TEM_6,0.7073170731707317,0.5686274509803921,51
P1,42,random_70,Doublet,0.588235294117647,0.7425742574257426,101
P1,42,random_70,Eryth,0.923076923076923,1.0,24
P1,42,random_70,HSPC,0.9865470852017937,0.990990990990991,222
P1,42,random_70,ILC,1.0,1.0,5
P1,42,random_70,MAIT,0.8043478260869564,0.8604651162790697,43
P1,42,random_70,NK Proliferating,0.8771929824561404,0.974025974025974,77
P1,42,random_70,NK_1,0.8366013071895425,0.9593147751605996,467
P1,42,random_70,NK_2,0.8269230769230768,0.7123493975903614,664
P1,42,random_70,NK_3,0.5572916666666666,0.6815286624203821,157
P1,42,random_70,NK_4,0.6637168141592921,0.5813953488372093,129
P1,42,random_70,NK_CD56bright,0.839622641509434,0.9270833333333334,96
P1,42,random_70,Plasma,0.9814814814814815,0.9814814814814815,54
P1,42,random_70,Plasmablast,0.9333333333333333,0.875,8
P1,42,random_70,Platelet,0.917562724014337,0.920863309352518,139
P1,42,random_70,Treg Memory,0.7971274685816876,0.8102189781021898,274
P1,42,random_70,Treg Naive,0.725897920604915,0.6486486486486487,296
P1,42,random_70,cDC1,0.9523809523809523,0.9523809523809523,21
P1,42,random_70,cDC2_1,0.6666666666666665,0.609375,64
P1,42,random_70,cDC2_2,0.9389920424403184,0.9672131147540983,183
P1,42,random_70,dnT_1,0.42553191489361697,0.3333333333333333,30
P1,42,random_70,dnT_2,0.8684210526315789,0.9705882352941176,34
P1,42,random_70,gdT_1,0.761904761904762,0.8421052631578947,19
P1,42,random_70,gdT_2,0.0,0.0,2
P1,42,random_70,gdT_3,0.8248587570621468,0.8902439024390244,82
P1,42,random_70,gdT_4,0.4444444444444444,0.38461538461538464,26
P1,42,random_70,pDC,0.9827586206896551,1.0,57
P1,42,marker_memory,ASDC_mDC,0.7272727272727273,1.0,4
P1,42,marker_memory,ASDC_pDC,0.7499999999999999,0.6,5
P1,42,marker_memory,B intermediate kappa,0.8656716417910447,0.90625,32
P1,42,marker_memory,B intermediate lambda,0.75,0.673469387755102,49
P1,42,marker_memory,B memory kappa,0.9251700680272108,0.9315068493150684,73
P1,42,marker_memory,B memory lambda,0.9090909090909091,0.8823529411764706,51
P1,42,marker_memory,B naive kappa,0.9246231155778893,0.9484536082474226,291
P1,42,marker_memory,B naive lambda,0.8524590163934427,0.8280254777070064,157
P1,42,marker_memory,CD14 Mono,0.9793777565860055,0.9661335841956726,4252
P1,42,marker_memory,CD16 Mono,0.9185185185185185,0.9489795918367347,784
P1,42,marker_memory,CD4 CTL,0.9596928982725528,0.9823182711198428,509
P1,42,marker_memory,CD4 Naive,0.9504050582888757,0.9627702161729383,2498
P1,42,marker_memory,CD4 Proliferating,0.9333333333333333,1.0,21
P1,42,marker_memory,CD4 TCM_1,0.8573216520650815,0.8425584255842559,1626
P1,42,marker_memory,CD4 TCM_2,0.7291666666666666,0.8641975308641975,81
P1,42,marker_memory,CD4 TCM_3,0.8467801628423391,0.8011204481792717,714
P1,42,marker_memory,CD4 TEM_1,0.8267898383371826,0.7782608695652173,230
P1,42,marker_memory,CD4 TEM_2,0.7515151515151515,0.7848101265822784,79
P1,42,marker_memory,CD4 TEM_3,0.7257617728531857,0.7616279069767442,172
P1,42,marker_memory,CD8 Naive,0.9819078947368421,0.9723127035830619,1228
P1,42,marker_memory,CD8 Naive_2,0.5333333333333333,0.8888888888888888,18
P1,42,marker_memory,CD8 Proliferating,0.56,0.4375,16
P1,42,marker_memory,CD8 TCM_1,0.6617100371747212,0.712,125
P1,42,marker_memory,CD8 TCM_2,0.7534246575342465,0.7638888888888888,72
P1,42,marker_memory,CD8 TCM_3,0.9251336898395722,0.9251336898395722,187
P1,42,marker_memory,CD8 TEM_1,0.8769230769230769,0.8159509202453987,489
P1,42,marker_memory,CD8 TEM_2,0.8200589970501475,0.7988505747126436,174
P1,42,marker_memory,CD8 TEM_3,0.5669291338582676,0.782608695652174,46
P1,42,marker_memory,CD8 TEM_4,0.8740359897172235,0.9922178988326849,514
P1,42,marker_memory,CD8 TEM_5,0.7650485436893203,0.6293929712460063,313
P1,42,marker_memory,CD8 TEM_6,0.7727272727272727,0.6666666666666666,51
P1,42,marker_memory,Doublet,0.7058823529411765,0.8316831683168316,101
P1,42,marker_memory,Eryth,0.923076923076923,1.0,24
P1,42,marker_memory,HSPC,0.988814317673378,0.9954954954954955,222
P1,42,marker_memory,ILC,1.0,1.0,5
P1,42,marker_memory,MAIT,0.9113924050632911,0.8372093023255814,43
P1,42,marker_memory,NK Proliferating,0.9135802469135802,0.961038961038961,77
P1,42,marker_memory,NK_1,0.8937007874015748,0.9721627408993576,467
P1,42,marker_memory,NK_2,0.8990228013029316,0.8313253012048193,664
P1,42,marker_memory,NK_3,0.6206896551724138,0.6305732484076433,157
P1,42,marker_memory,NK_4,0.7509578544061303,0.7596899224806202,129
P1,42,marker_memory,NK_CD56bright,0.8659793814432989,0.875,96
P1,42,marker_memory,Plasma,0.9814814814814815,0.9814814814814815,54
P1,42,marker_memory,Plasmablast,0.9333333333333333,0.875,8
P1,42,marker_memory,Platelet,0.9148936170212766,0.9280575539568345,139
P1,42,marker_memory,Treg Memory,0.8175438596491228,0.8503649635036497,274
P1,42,marker_memory,Treg Naive,0.7940199335548173,0.8074324324324325,296
P1,42,marker_memory,cDC1,0.9545454545454545,1.0,21
P1,42,marker_memory,cDC2_1,0.6554621848739497,0.609375,64
P1,42,marker_memory,cDC2_2,0.9340369393139841,0.9672131147540983,183
P1,42,marker_memory,dnT_1,0.5957446808510638,0.4666666666666667,30
P1,42,marker_memory,dnT_2,0.8607594936708861,1.0,34
P1,42,marker_memory,gdT_1,0.8636363636363636,1.0,19
P1,42,marker_memory,gdT_2,0.0,0.0,2
P1,42,marker_memory,gdT_3,0.9192546583850932,0.9024390243902439,82
P1,42,marker_memory,gdT_4,0.7333333333333334,0.8461538461538461,26
P1,42,marker_memory,pDC,0.9911504424778761,0.9824561403508771,57
P1,42,marker_tcell,ASDC_mDC,0.7272727272727273,1.0,4
P1,42,marker_tcell,ASDC_pDC,0.5714285714285715,0.4,5
P1,42,marker_tcell,B intermediate kappa,0.8529411764705882,0.90625,32
P1,42,marker_tcell,B intermediate lambda,0.7640449438202247,0.6938775510204082,49
P1,42,marker_tcell,B memory kappa,0.9324324324324323,0.9452054794520548,73
P1,42,marker_tcell,B memory lambda,0.9,0.8823529411764706,51
P1,42,marker_tcell,B naive kappa,0.9274873524451939,0.9450171821305842,291
P1,42,marker_tcell,B naive lambda,0.8562091503267973,0.8343949044585988,157
P1,42,marker_tcell,CD14 Mono,0.9776876267748479,0.963546566321731,4252
P1,42,marker_tcell,CD16 Mono,0.9187848729076257,0.9451530612244898,784
P1,42,marker_tcell,CD4 CTL,0.9420142421159715,0.9096267190569745,509
P1,42,marker_tcell,CD4 Naive,0.9505505505505505,0.9503602882305845,2498
P1,42,marker_tcell,CD4 Proliferating,0.8936170212765957,1.0,21
P1,42,marker_tcell,CD4 TCM_1,0.8641664040340372,0.8431734317343174,1626
P1,42,marker_tcell,CD4 TCM_2,0.7083333333333333,0.8395061728395061,81
P1,42,marker_tcell,CD4 TCM_3,0.8493333333333334,0.8921568627450981,714
P1,42,marker_tcell,CD4 TEM_1,0.7715517241379309,0.7782608695652173,230
P1,42,marker_tcell,CD4 TEM_2,0.6514285714285715,0.7215189873417721,79
P1,42,marker_tcell,CD4 TEM_3,0.6956521739130435,0.6976744186046512,172
P1,42,marker_tcell,CD8 Naive,0.9638958858102435,0.9348534201954397,1228
P1,42,marker_tcell,CD8 Naive_2,0.5084745762711864,0.8333333333333334,18
P1,42,marker_tcell,CD8 Proliferating,0.21052631578947367,0.125,16
P1,42,marker_tcell,CD8 TCM_1,0.611353711790393,0.56,125
P1,42,marker_tcell,CD8 TCM_2,0.7189542483660132,0.7638888888888888,72
P1,42,marker_tcell,CD8 TCM_3,0.8823529411764706,0.8823529411764706,187
P1,42,marker_tcell,CD8 TEM_1,0.8513966480446928,0.7791411042944786,489
P1,42,marker_tcell,CD8 TEM_2,0.8311688311688311,0.735632183908046,174
P1,42,marker_tcell,CD8 TEM_3,0.556390977443609,0.8043478260869565,46
P1,42,marker_tcell,CD8 TEM_4,0.8926961226330027,0.9630350194552529,514
P1,42,marker_tcell,CD8 TEM_5,0.6844262295081968,0.5335463258785943,313
P1,42,marker_tcell,CD8 TEM_6,0.6913580246913581,0.5490196078431373,51
P1,42,marker_tcell,Doublet,0.654275092936803,0.8712871287128713,101
P1,42,marker_tcell,Eryth,0.923076923076923,1.0,24
P1,42,marker_tcell,HSPC,0.988814317673378,0.9954954954954955,222
P1,42,marker_tcell,ILC,0.9090909090909091,1.0,5
P1,42,marker_tcell,MAIT,0.7387387387387387,0.9534883720930233,43
P1,42,marker_tcell,NK Proliferating,0.8786127167630057,0.987012987012987,77
P1,42,marker_tcell,NK_1,0.8444444444444444,0.9764453961456103,467
P1,42,marker_tcell,NK_2,0.8861386138613861,0.8087349397590361,664
P1,42,marker_tcell,NK_3,0.5977011494252873,0.6624203821656051,157
P1,42,marker_tcell,NK_4,0.7280000000000001,0.7054263565891473,129
P1,42,marker_tcell,NK_CD56bright,0.864321608040201,0.8958333333333334,96
P1,42,marker_tcell,Plasma,0.9814814814814815,0.9814814814814815,54
P1,42,marker_tcell,Plasmablast,0.9333333333333333,0.875,8
P1,42,marker_tcell,Platelet,0.920863309352518,0.920863309352518,139
P1,42,marker_tcell,Treg Memory,0.8094435075885329,0.8759124087591241,274
P1,42,marker_tcell,Treg Naive,0.7751677852348994,0.7804054054054054,296
P1,42,marker_tcell,cDC1,0.9545454545454545,1.0,21
P1,42,marker_tcell,cDC2_1,0.6126126126126127,0.53125,64
P1,42,marker_tcell,cDC2_2,0.9340369393139841,0.9672131147540983,183
P1,42,marker_tcell,dnT_1,0.4615384615384615,0.5,30
P1,42,marker_tcell,dnT_2,0.8095238095238095,1.0,34
P1,42,marker_tcell,gdT_1,0.7777777777777778,0.7368421052631579,19
P1,42,marker_tcell,gdT_2,0.0,0.0,2
P1,42,marker_tcell,gdT_3,0.8539325842696629,0.926829268292683,82
P1,42,marker_tcell,gdT_4,0.6101694915254238,0.6923076923076923,26
P1,42,marker_tcell,pDC,0.9824561403508771,0.9824561403508771,57
P1,42,rna_only,ASDC_mDC,0.8,1.0,4
P1,42,rna_only,ASDC_pDC,0.33333333333333337,0.2,5
P1,42,rna_only,B intermediate kappa,0.7848101265822784,0.96875,32
P1,42,rna_only,B intermediate lambda,0.8351648351648353,0.7755102040816326,49
P1,42,rna_only,B memory kappa,0.9324324324324323,0.9452054794520548,73
P1,42,rna_only,B memory lambda,0.9306930693069307,0.9215686274509803,51
P1,42,rna_only,B naive kappa,0.9014084507042254,0.8797250859106529,291
P1,42,rna_only,B naive lambda,0.8338557993730407,0.8471337579617835,157
P1,42,rna_only,CD14 Mono,0.9803177614417833,0.9722483537158984,4252
P1,42,rna_only,CD16 Mono,0.9094412331406551,0.9030612244897959,784
P1,42,rna_only,CD4 CTL,0.9397828232971372,0.9351669941060904,509
P1,42,rna_only,CD4 Naive,0.9292772718465414,0.9599679743795037,2498
P1,42,rna_only,CD4 Proliferating,0.8400000000000001,1.0,21
P1,42,rna_only,CD4 TCM_1,0.8351851851851851,0.8321033210332104,1626
P1,42,rna_only,CD4 TCM_2,0.6382978723404256,0.7407407407407407,81
P1,42,rna_only,CD4 TCM_3,0.7931034482758621,0.773109243697479,714
P1,42,rna_only,CD4 TEM_1,0.751152073732719,0.7086956521739131,230
P1,42,rna_only,CD4 TEM_2,0.5416666666666666,0.6582278481012658,79
P1,42,rna_only,CD4 TEM_3,0.515625,0.5755813953488372,172
P1,42,rna_only,CD8 Naive,0.9577228966094601,0.9315960912052117,1228
P1,42,rna_only,CD8 Naive_2,0.42307692307692313,0.6111111111111112,18
P1,42,rna_only,CD8 Proliferating,0.5384615384615384,0.4375,16
P1,42,rna_only,CD8 TCM_1,0.5407166123778501,0.664,125
P1,42,rna_only,CD8 TCM_2,0.5739130434782609,0.4583333333333333,72
P1,42,rna_only,CD8 TCM_3,0.7753846153846152,0.6737967914438503,187
P1,42,rna_only,CD8 TEM_1,0.8211009174311925,0.7321063394683026,489
P1,42,rna_only,CD8 TEM_2,0.8074534161490683,0.7471264367816092,174
P1,42,rna_only,CD8 TEM_3,0.4722222222222222,0.7391304347826086,46
P1,42,rna_only,CD8 TEM_4,0.819672131147541,0.9727626459143969,514
P1,42,rna_only,CD8 TEM_5,0.6163793103448275,0.45686900958466453,313
P1,42,rna_only,CD8 TEM_6,0.7142857142857144,0.6862745098039216,51
P1,42,rna_only,Doublet,0.5816733067729084,0.7227722772277227,101
P1,42,rna_only,Eryth,0.9411764705882353,1.0,24
P1,42,rna_only,HSPC,0.9865470852017937,0.990990990990991,222
P1,42,rna_only,ILC,1.0,1.0,5
P1,42,rna_only,MAIT,0.7956989247311828,0.8604651162790697,43
P1,42,rna_only,NK Proliferating,0.8928571428571428,0.974025974025974,77
P1,42,rna_only,NK_1,0.8702757916241062,0.9122055674518201,467
P1,42,rna_only,NK_2,0.8790123456790123,0.8042168674698795,664
P1,42,rna_only,NK_3,0.6042780748663101,0.7197452229299363,157
P1,42,rna_only,NK_4,0.7024793388429752,0.6589147286821705,129
P1,42,rna_only,NK_CD56bright,0.8601036269430052,0.8645833333333334,96
P1,42,rna_only,Plasma,0.9906542056074767,0.9814814814814815,54
P1,42,rna_only,Plasmablast,0.8571428571428571,0.75,8
P1,42,rna_only,Platelet,0.9078014184397164,0.920863309352518,139
P1,42,rna_only,Treg Memory,0.8,0.7664233576642335,274
P1,42,rna_only,Treg Naive,0.7563025210084033,0.7601351351351351,296
P1,42,rna_only,cDC1,0.9767441860465117,1.0,21
P1,42,rna_only,cDC2_1,0.6557377049180328,0.625,64
P1,42,rna_only,cDC2_2,0.938337801608579,0.9562841530054644,183
P1,42,rna_only,dnT_1,0.4545454545454545,0.3333333333333333,30
P1,42,rna_only,dnT_2,0.8823529411764706,0.8823529411764706,34
P1,42,rna_only,gdT_1,0.7906976744186046,0.8947368421052632,19
P1,42,rna_only,gdT_2,0.0,0.0,2
P1,42,rna_only,gdT_3,0.810126582278481,0.7804878048780488,82
P1,42,rna_only,gdT_4,0.6249999999999999,0.5769230769230769,26
P1,42,rna_only,pDC,0.9827586206896551,1.0,57
P1,42,random_size_matched_6,ASDC_mDC,0.7272727272727273,1.0,4
P1,42,random_size_matched_6,ASDC_pDC,0.5714285714285715,0.4,5
P1,42,random_size_matched_6,B intermediate kappa,0.8157894736842106,0.96875,32
P1,42,random_size_matched_6,B intermediate lambda,0.7692307692307692,0.7142857142857143,49
P1,42,random_size_matched_6,B memory kappa,0.9090909090909091,0.958904109589041,73
P1,42,random_size_matched_6,B memory lambda,0.8823529411764706,0.8823529411764706,51
P1,42,random_size_matched_6,B naive kappa,0.9270833333333333,0.9175257731958762,291
P1,42,random_size_matched_6,B naive lambda,0.8721311475409836,0.8471337579617835,157
P1,42,random_size_matched_6,CD14 Mono,0.9797619047619048,0.9677798682972719,4252
P1,42,random_size_matched_6,CD16 Mono,0.9211514392991239,0.9387755102040817,784
P1,42,random_size_matched_6,CD4 CTL,0.9753208292201382,0.9705304518664047,509
P1,42,random_size_matched_6,CD4 Naive,0.9531342693296421,0.9647718174539631,2498
P1,42,random_size_matched_6,CD4 Proliferating,0.9333333333333333,1.0,21
P1,42,random_size_matched_6,CD4 TCM_1,0.8621226268285093,0.8517835178351784,1626
P1,42,random_size_matched_6,CD4 TCM_2,0.7187499999999999,0.8518518518518519,81
P1,42,random_size_matched_6,CD4 TCM_3,0.8493932905067809,0.8333333333333334,714
P1,42,random_size_matched_6,CD4 TEM_1,0.8099547511312216,0.7782608695652173,230
P1,42,random_size_matched_6,CD4 TEM_2,0.7341772151898734,0.7341772151898734,79
P1,42,random_size_matched_6,CD4 TEM_3,0.7209302325581395,0.7209302325581395,172
P1,42,random_size_matched_6,CD8 Naive,0.9835931091058244,0.9763843648208469,1228
P1,42,random_size_matched_6,CD8 Naive_2,0.5483870967741935,0.9444444444444444,18
P1,42,random_size_matched_6,CD8 Proliferating,0.5217391304347825,0.375,16
P1,42,random_size_matched_6,CD8 TCM_1,0.6546762589928058,0.728,125
P1,42,random_size_matched_6,CD8 TCM_2,0.7586206896551725,0.7638888888888888,72
P1,42,random_size_matched_6,CD8 TCM_3,0.9326145552560646,0.9251336898395722,187
P1,42,random_size_matched_6,CD8 TEM_1,0.8886438809261301,0.8241308793456033,489
P1,42,random_size_matched_6,CD8 TEM_2,0.8404907975460122,0.7873563218390804,174
P1,42,random_size_matched_6,CD8 TEM_3,0.6166666666666667,0.8043478260869565,46
P1,42,random_size_matched_6,CD8 TEM_4,0.8846487424111014,0.9922178988326849,514
P1,42,random_size_matched_6,CD8 TEM_5,0.7954545454545455,0.670926517571885,313
P1,42,random_size_matched_6,CD8 TEM_6,0.865979381443299,0.8235294117647058,51
P1,42,random_size_matched_6,Doublet,0.7063492063492064,0.8811881188118812,101
P1,42,random_size_matched_6,Eryth,0.9411764705882353,1.0,24
P1,42,random_size_matched_6,HSPC,0.988814317673378,0.9954954954954955,222
P1,42,random_size_matched_6,ILC,1.0,1.0,5
P1,42,random_size_matched_6,MAIT,0.9249999999999999,0.8604651162790697,43
P1,42,random_size_matched_6,NK Proliferating,0.9024390243902438,0.961038961038961,77
P1,42,random_size_matched_6,NK_1,0.8977955911823647,0.9593147751605996,467
P1,42,random_size_matched_6,NK_2,0.9018653690186537,0.8373493975903614,664
P1,42,random_size_matched_6,NK_3,0.6116207951070337,0.6369426751592356,157
P1,42,random_size_matched_6,NK_4,0.744360902255639,0.7674418604651163,129
P1,42,random_size_matched_6,NK_CD56bright,0.8704663212435233,0.875,96
P1,42,random_size_matched_6,Plasma,0.9719626168224299,0.9629629629629629,54
P1,42,random_size_matched_6,Plasmablast,0.9333333333333333,0.875,8
P1,42,random_size_matched_6,Platelet,0.9103942652329748,0.9136690647482014,139
P1,42,random_size_matched_6,Treg Memory,0.819494584837545,0.8284671532846716,274
P1,42,random_size_matched_6,Treg Naive,0.8153078202995009,0.8277027027027027,296
P1,42,random_size_matched_6,cDC1,0.9545454545454545,1.0,21
P1,42,random_size_matched_6,cDC2_1,0.65,0.609375,64
P1,42,random_size_matched_6,cDC2_2,0.9340369393139841,0.9672131147540983,183
P1,42,random_size_matched_6,dnT_1,0.5581395348837209,0.4,30
P1,42,random_size_matched_6,dnT_2,0.8395061728395062,1.0,34
P1,42,random_size_matched_6,gdT_1,0.9047619047619047,1.0,19
P1,42,random_size_matched_6,gdT_2,0.0,0.0,2
P1,42,random_size_matched_6,gdT_3,0.9101796407185628,0.926829268292683,82
P1,42,random_size_matched_6,gdT_4,0.7931034482758621,0.8846153846153846,26
P1,42,random_size_matched_6,pDC,0.9913043478260869,1.0,57
P1,42,random_size_matched_15,ASDC_mDC,0.6,0.75,4
P1,42,random_size_matched_15,ASDC_pDC,0.33333333333333337,0.2,5
P1,42,random_size_matched_15,B intermediate kappa,0.8378378378378379,0.96875,32
P1,42,random_size_matched_15,B intermediate lambda,0.8,0.7755102040816326,49
P1,42,random_size_matched_15,B memory kappa,0.9261744966442953,0.9452054794520548,73
P1,42,random_size_matched_15,B memory lambda,0.9090909090909091,0.8823529411764706,51
P1,42,random_size_matched_15,B naive kappa,0.9315068493150686,0.9347079037800687,291
P1,42,random_size_matched_15,B naive lambda,0.8571428571428571,0.821656050955414,157
P1,42,random_size_matched_15,CD14 Mono,0.9794414735591206,0.9691909689557855,4252
P1,42,random_size_matched_15,CD16 Mono,0.9289827255278311,0.9260204081632653,784
P1,42,random_size_matched_15,CD4 CTL,0.9702970297029703,0.962671905697446,509
P1,42,random_size_matched_15,CD4 Naive,0.9545544750942648,0.9627702161729383,2498
P1,42,random_size_matched_15,CD4 Proliferating,0.9333333333333333,1.0,21
P1,42,random_size_matched_15,CD4 TCM_1,0.8657551274083282,0.8567035670356704,1626
P1,42,random_size_matched_15,CD4 TCM_2,0.7171717171717171,0.8765432098765432,81
P1,42,random_size_matched_15,CD4 TCM_3,0.8457711442786069,0.8333333333333334,714
P1,42,random_size_matched_15,CD4 TEM_1,0.8177777777777778,0.8,230
P1,42,random_size_matched_15,CD4 TEM_2,0.759493670886076,0.759493670886076,79
P1,42,random_size_matched_15,CD4 TEM_3,0.7246376811594202,0.7267441860465116,172
P1,42,random_size_matched_15,CD8 Naive,0.9848670756646216,0.9804560260586319,1228
P1,42,random_size_matched_15,CD8 Naive_2,0.5555555555555556,0.8333333333333334,18
P1,42,random_size_matched_15,CD8 Proliferating,0.56,0.4375,16
P1,42,random_size_matched_15,CD8 TCM_1,0.6743295019157088,0.704,125
P1,42,random_size_matched_15,CD8 TCM_2,0.7567567567567567,0.7777777777777778,72
P1,42,random_size_matched_15,CD8 TCM_3,0.9287598944591028,0.9411764705882353,187
P1,42,random_size_matched_15,CD8 TEM_1,0.8973799126637554,0.8404907975460123,489
P1,42,random_size_matched_15,CD8 TEM_2,0.8424242424242424,0.7988505747126436,174
P1,42,random_size_matched_15,CD8 TEM_3,0.5669291338582676,0.782608695652174,46
P1,42,random_size_matched_15,CD8 TEM_4,0.8798617113223856,0.9902723735408561,514
P1,42,random_size_matched_15,CD8 TEM_5,0.7900763358778626,0.6613418530351438,313
P1,42,random_size_matched_15,CD8 TEM_6,0.7865168539325842,0.6862745098039216,51
P1,42,random_size_matched_15,Doublet,0.674074074074074,0.900990099009901,101
P1,42,random_size_matched_15,Eryth,0.923076923076923,1.0,24
P1,42,random_size_matched_15,HSPC,0.988814317673378,0.9954954954954955,222
P1,42,random_size_matched_15,ILC,1.0,1.0,5
P1,42,random_size_matched_15,MAIT,0.9249999999999999,0.8604651162790697,43
P1,42,random_size_matched_15,NK Proliferating,0.9146341463414633,0.974025974025974,77
P1,42,random_size_matched_15,NK_1,0.8984924623115578,0.9571734475374732,467
P1,42,random_size_matched_15,NK_2,0.8815244407622204,0.8012048192771084,664
P1,42,random_size_matched_15,NK_3,0.622093023255814,0.6815286624203821,157
P1,42,random_size_matched_15,NK_4,0.7545787545787546,0.7984496124031008,129
P1,42,random_size_matched_15,NK_CD56bright,0.8762886597938144,0.8854166666666666,96
P1,42,random_size_matched_15,Plasma,0.9814814814814815,0.9814814814814815,54
P1,42,random_size_matched_15,Plasmablast,0.9333333333333333,0.875,8
P1,42,random_size_matched_15,Platelet,0.9142857142857144,0.920863309352518,139
P1,42,random_size_matched_15,Treg Memory,0.8119507908611598,0.843065693430657,274
P1,42,random_size_matched_15,Treg Naive,0.8089500860585198,0.793918918918919,296
P1,42,random_size_matched_15,cDC1,0.9333333333333333,1.0,21
P1,42,random_size_matched_15,cDC2_1,0.6153846153846154,0.5625,64
P1,42,random_size_matched_15,cDC2_2,0.9263157894736842,0.9617486338797814,183
P1,42,random_size_matched_15,dnT_1,0.6,0.5,30
P1,42,random_size_matched_15,dnT_2,0.8717948717948718,1.0,34
P1,42,random_size_matched_15,gdT_1,0.8837209302325582,1.0,19
P1,42,random_size_matched_15,gdT_2,0.0,0.0,2
P1,42,random_size_matched_15,gdT_3,0.9192546583850932,0.9024390243902439,82
P1,42,random_size_matched_15,gdT_4,0.7868852459016394,0.9230769230769231,26
P1,42,random_size_matched_15,pDC,0.9827586206896551,1.0,57
P1,43,full,ASDC_mDC,0.6666666666666665,0.75,4
P1,43,full,ASDC_pDC,0.7499999999999999,0.6,5
P1,43,full,B intermediate kappa,0.8450704225352113,0.9375,32
P1,43,full,B intermediate lambda,0.7529411764705882,0.6530612244897959,49
P1,43,full,B memory kappa,0.9379310344827586,0.9315068493150684,73
P1,43,full,B memory lambda,0.8952380952380952,0.9215686274509803,51
P1,43,full,B naive kappa,0.9269949066213922,0.9381443298969072,291
P1,43,full,B naive lambda,0.8737864077669903,0.8598726114649682,157
P1,43,full,CD14 Mono,0.9833037300177621,0.9764816556914393,4252
P1,43,full,CD16 Mono,0.9283527250459277,0.9668367346938775,784
P1,43,full,CD4 CTL,0.971201588877855,0.9607072691552063,509
P1,43,full,CD4 Naive,0.9533720232139282,0.9535628502802241,2498
P1,43,full,CD4 Proliferating,0.888888888888889,0.9523809523809523,21
P1,43,full,CD4 TCM_1,0.8625534514355527,0.8683886838868389,1626
P1,43,full,CD4 TCM_2,0.7159090909090908,0.7777777777777778,81
P1,43,full,CD4 TCM_3,0.8185595567867036,0.8277310924369747,714
P1,43,full,CD4 TEM_1,0.7864077669902914,0.7043478260869566,230
P1,43,full,CD4 TEM_2,0.7468354430379747,0.7468354430379747,79
P1,43,full,CD4 TEM_3,0.6666666666666667,0.5755813953488372,172
P1,43,full,CD8 Naive,0.9841140529531567,0.9837133550488599,1228
P1,43,full,CD8 Naive_2,0.5581395348837209,0.6666666666666666,18
P1,43,full,CD8 Proliferating,0.4800000000000001,0.375,16
P1,43,full,CD8 TCM_1,0.6445497630331752,0.544,125
P1,43,full,CD8 TCM_2,0.75,0.9166666666666666,72
P1,43,full,CD8 TCM_3,0.898936170212766,0.9037433155080213,187
P1,43,full,CD8 TEM_1,0.9243353783231084,0.9243353783231084,489
P1,43,full,CD8 TEM_2,0.8286604361370717,0.764367816091954,174
P1,43,full,CD8 TEM_3,0.6111111111111109,0.717391304347826,46
P1,43,full,CD8 TEM_4,0.8678601875532822,0.9902723735408561,514
P1,43,full,CD8 TEM_5,0.76171875,0.6230031948881789,313
P1,43,full,CD8 TEM_6,0.8222222222222223,0.7254901960784313,51
P1,43,full,Doublet,0.6881720430107526,0.6336633663366337,101
P1,43,full,Eryth,0.9411764705882353,1.0,24
P1,43,full,HSPC,0.9866071428571428,0.9954954954954955,222
P1,43,full,ILC,1.0,1.0,5
P1,43,full,MAIT,0.9024390243902439,0.8604651162790697,43
P1,43,full,NK Proliferating,0.9090909090909091,0.8441558441558441,77
P1,43,full,NK_1,0.9118541033434651,0.9635974304068522,467
P1,43,full,NK_2,0.9237875288683602,0.9036144578313253,664
P1,43,full,NK_3,0.6131386861313869,0.535031847133758,157
P1,43,full,NK_4,0.7692307692307692,0.8527131782945736,129
P1,43,full,NK_CD56bright,0.8983957219251337,0.875,96
P1,43,full,Plasma,0.9906542056074767,0.9814814814814815,54
P1,43,full,Plasmablast,1.0,1.0,8
P1,43,full,Platelet,0.9363295880149812,0.8992805755395683,139
P1,43,full,Treg Memory,0.7857142857142858,0.9233576642335767,274
P1,43,full,Treg Naive,0.7575221238938054,0.722972972972973,296
P1,43,full,cDC1,0.9767441860465117,1.0,21
P1,43,full,cDC2_1,0.7092198581560283,0.78125,64
P1,43,full,cDC2_2,0.9497206703910615,0.9289617486338798,183
P1,43,full,dnT_1,0.5777777777777778,0.43333333333333335,30
P1,43,full,dnT_2,0.9066666666666667,1.0,34
P1,43,full,gdT_1,0.8947368421052632,0.8947368421052632,19
P1,43,full,gdT_2,0.0,0.0,2
P1,43,full,gdT_3,0.9277108433734941,0.9390243902439024,82
P1,43,full,gdT_4,0.8275862068965517,0.9230769230769231,26
P1,43,full,pDC,0.9911504424778761,0.9824561403508771,57
P1,43,random_10,ASDC_mDC,0.6666666666666665,0.75,4
P1,43,random_10,ASDC_pDC,0.7499999999999999,0.6,5
P1,43,random_10,B intermediate kappa,0.8333333333333334,0.9375,32
P1,43,random_10,B intermediate lambda,0.7529411764705882,0.6530612244897959,49
P1,43,random_10,B memory kappa,0.9379310344827586,0.9315068493150684,73
P1,43,random_10,B memory lambda,0.8867924528301887,0.9215686274509803,51
P1,43,random_10,B naive kappa,0.9196581196581197,0.9243986254295533,291
P1,43,random_10,B naive lambda,0.8653846153846154,0.8598726114649682,157
P1,43,random_10,CD14 Mono,0.9826507730437862,0.979068673565381,4252
P1,43,random_10,CD16 Mono,0.9295426452410382,0.9591836734693877,784
P1,43,random_10,CD4 CTL,0.9691542288557214,0.9567779960707269,509
P1,43,random_10,CD4 Naive,0.9557380332465452,0.9551641313050441,2498
P1,43,random_10,CD4 Proliferating,0.8571428571428571,0.8571428571428571,21
P1,43,random_10,CD4 TCM_1,0.8639852625115136,0.8653136531365314,1626
P1,43,random_10,CD4 TCM_2,0.7085714285714286,0.7654320987654321,81
P1,43,random_10,CD4 TCM_3,0.8032021347565044,0.8431372549019608,714
P1,43,random_10,CD4 TEM_1,0.7769784172661871,0.7043478260869566,230
P1,43,random_10,CD4 TEM_2,0.7468354430379747,0.7468354430379747,79
P1,43,random_10,CD4 TEM_3,0.48000000000000004,0.3488372093023256,172
P1,43,random_10,CD8 Naive,0.9832310838445808,0.9788273615635179,1228
P1,43,random_10,CD8 Naive_2,0.5116279069767442,0.6111111111111112,18
P1,43,random_10,CD8 Proliferating,0.4800000000000001,0.375,16
P1,43,random_10,CD8 TCM_1,0.6040816326530611,0.592,125
P1,43,random_10,CD8 TCM_2,0.6984126984126983,0.9166666666666666,72
P1,43,random_10,CD8 TCM_3,0.8284023668639052,0.7486631016042781,187
P1,43,random_10,CD8 TEM_1,0.9249492900608519,0.9325153374233128,489
P1,43,random_10,CD8 TEM_2,0.8201892744479494,0.7471264367816092,174
P1,43,random_10,CD8 TEM_3,0.6071428571428571,0.7391304347826086,46
P1,43,random_10,CD8 TEM_4,0.8651877133105803,0.9863813229571985,514
P1,43,random_10,CD8 TEM_5,0.7495069033530573,0.6070287539936102,313
P1,43,random_10,CD8 TEM_6,0.8260869565217392,0.7450980392156863,51
P1,43,random_10,Doublet,0.681081081081081,0.6237623762376238,101
P1,43,random_10,Eryth,0.9199999999999999,0.9583333333333334,24
P1,43,random_10,HSPC,0.9866071428571428,0.9954954954954955,222
P1,43,random_10,ILC,0.888888888888889,0.8,5
P1,43,random_10,MAIT,0.9024390243902439,0.8604651162790697,43
P1,43,random_10,NK Proliferating,0.9014084507042254,0.8311688311688312,77
P1,43,random_10,NK_1,0.9114954221770093,0.9593147751605996,467
P1,43,random_10,NK_2,0.9230769230769232,0.9036144578313253,664
P1,43,random_10,NK_3,0.6176470588235294,0.535031847133758,157
P1,43,random_10,NK_4,0.7655172413793103,0.8604651162790697,129
P1,43,random_10,NK_CD56bright,0.89247311827957,0.8645833333333334,96
P1,43,random_10,Plasma,0.9811320754716981,0.9629629629629629,54
P1,43,random_10,Plasmablast,1.0,1.0,8
P1,43,random_10,Platelet,0.9368029739776952,0.9064748201438849,139
P1,43,random_10,Treg Memory,0.787136294027565,0.9379562043795621,274
P1,43,random_10,Treg Naive,0.7676056338028169,0.7364864864864865,296
P1,43,random_10,cDC1,0.9767441860465117,1.0,21
P1,43,random_10,cDC2_1,0.6417910447761194,0.671875,64
P1,43,random_10,cDC2_2,0.9348441926345609,0.9016393442622951,183
P1,43,random_10,dnT_1,0.64,0.5333333333333333,30
P1,43,random_10,dnT_2,0.9315068493150686,1.0,34
P1,43,random_10,gdT_1,0.8947368421052632,0.8947368421052632,19
P1,43,random_10,gdT_2,0.0,0.0,2
P1,43,random_10,gdT_3,0.9341317365269461,0.9512195121951219,82
P1,43,random_10,gdT_4,0.8571428571428571,0.9230769230769231,26
P1,43,random_10,pDC,0.9911504424778761,0.9824561403508771,57
P1,43,random_30,ASDC_mDC,0.888888888888889,1.0,4
P1,43,random_30,ASDC_pDC,0.888888888888889,0.8,5
P1,43,random_30,B intermediate kappa,0.8450704225352113,0.9375,32
P1,43,random_30,B intermediate lambda,0.7294117647058823,0.6326530612244898,49
P1,43,random_30,B memory kappa,0.9305555555555556,0.9178082191780822,73
P1,43,random_30,B memory lambda,0.8785046728971961,0.9215686274509803,51
P1,43,random_30,B naive kappa,0.9150779896013864,0.9072164948453608,291
P1,43,random_30,B naive lambda,0.8589341692789969,0.8726114649681529,157
P1,43,random_30,CD14 Mono,0.9818870604948502,0.9753057384760113,4252
P1,43,random_30,CD16 Mono,0.9240121580547112,0.9693877551020408,784
P1,43,random_30,CD4 CTL,0.9587109768378651,0.9351669941060904,509
P1,43,random_30,CD4 Naive,0.9529317909852413,0.9563650920736589,2498
P1,43,random_30,CD4 Proliferating,0.9130434782608696,1.0,21
P1,43,random_30,CD4 TCM_1,0.8577599506325208,0.8548585485854858,1626
P1,43,random_30,CD4 TCM_2,0.7126436781609194,0.7654320987654321,81
P1,43,random_30,CD4 TCM_3,0.8185430463576159,0.865546218487395,714
P1,43,random_30,CD4 TEM_1,0.7456790123456789,0.6565217391304348,230
P1,43,random_30,CD4 TEM_2,0.7006369426751593,0.6962025316455697,79
P1,43,random_30,CD4 TEM_3,0.6343042071197412,0.5697674418604651,172
P1,43,random_30,CD8 Naive,0.9745275267050122,0.9657980456026058,1228
P1,43,random_30,CD8 Naive_2,0.5,0.5555555555555556,18
P1,43,random_30,CD8 Proliferating,0.5517241379310345,0.5,16
P1,43,random_30,CD8 TCM_1,0.5794392523364487,0.496,125
P1,43,random_30,CD8 TCM_2,0.6834170854271356,0.9444444444444444,72
P1,43,random_30,CD8 TCM_3,0.9023746701846965,0.9144385026737968,187
P1,43,random_30,CD8 TEM_1,0.9079754601226994,0.9079754601226994,489
P1,43,random_30,CD8 TEM_2,0.8125,0.7471264367816092,174
P1,43,random_30,CD8 TEM_3,0.54,0.5869565217391305,46
P1,43,random_30,CD8 TEM_4,0.8495428096425603,0.9941634241245136,514
P1,43,random_30,CD8 TEM_5,0.6778242677824267,0.5175718849840255,313
P1,43,random_30,CD8 TEM_6,0.6233766233766235,0.47058823529411764,51
P1,43,random_30,Doublet,0.6666666666666667,0.6039603960396039,101
P1,43,random_30,Eryth,0.923076923076923,1.0,24
P1,43,random_30,HSPC,0.9866071428571428,0.9954954954954955,222
P1,43,random_30,ILC,1.0,1.0,5
P1,43,random_30,MAIT,0.878048780487805,0.8372093023255814,43
P1,43,random_30,NK Proliferating,0.8965517241379309,0.8441558441558441,77
P1,43,random_30,NK_1,0.8913260219341974,0.9571734475374732,467
P1,43,random_30,NK_2,0.913713405238829,0.8930722891566265,664
P1,43,random_30,NK_3,0.5947955390334572,0.5095541401273885,157
P1,43,random_30,NK_4,0.7619047619047619,0.8062015503875969,129
P1,43,random_30,NK_CD56bright,0.8648648648648649,0.8333333333333334,96
P1,43,random_30,Plasma,0.9811320754716981,0.9629629629629629,54
P1,43,random_30,Plasmablast,1.0,1.0,8
P1,43,random_30,Platelet,0.929368029739777,0.8992805755395683,139
P1,43,random_30,Treg Memory,0.789308176100629,0.916058394160584,274
P1,43,random_30,Treg Naive,0.7641681901279708,0.706081081081081,296
P1,43,random_30,cDC1,0.9333333333333333,1.0,21
P1,43,random_30,cDC2_1,0.6363636363636364,0.65625,64
P1,43,random_30,cDC2_2,0.9344729344729344,0.8961748633879781,183
P1,43,random_30,dnT_1,0.6428571428571429,0.6,30
P1,43,random_30,dnT_2,0.9117647058823528,0.9117647058823529,34
P1,43,random_30,gdT_1,0.8095238095238095,0.8947368421052632,19
P1,43,random_30,gdT_2,0.0,0.0,2
P1,43,random_30,gdT_3,0.8915662650602411,0.9024390243902439,82
P1,43,random_30,gdT_4,0.7241379310344829,0.8076923076923077,26
P1,43,random_30,pDC,0.9911504424778761,0.9824561403508771,57
P1,43,random_50,ASDC_mDC,0.6666666666666665,0.75,4
P1,43,random_50,ASDC_pDC,0.7499999999999999,0.6,5
P1,43,random_50,B intermediate kappa,0.7407407407407408,0.9375,32
P1,43,random_50,B intermediate lambda,0.7272727272727272,0.6530612244897959,49
P1,43,random_50,B memory kappa,0.8993288590604027,0.9178082191780822,73
P1,43,random_50,B memory lambda,0.897196261682243,0.9411764705882353,51
P1,43,random_50,B naive kappa,0.9029982363315696,0.8797250859106529,291
P1,43,random_50,B naive lambda,0.8441558441558441,0.8280254777070064,157
P1,43,random_50,CD14 Mono,0.9812078950478667,0.9762464722483537,4252
P1,43,random_50,CD16 Mono,0.922890103217972,0.9693877551020408,784
P1,43,random_50,CD4 CTL,0.966,0.9489194499017681,509
P1,43,random_50,CD4 Naive,0.9523036330424194,0.9391513210568455,2498
P1,43,random_50,CD4 Proliferating,0.888888888888889,0.9523809523809523,21
P1,43,random_50,CD4 TCM_1,0.8549042367962856,0.9059040590405905,1626
P1,43,random_50,CD4 TCM_2,0.6875000000000001,0.6790123456790124,81
P1,43,random_50,CD4 TCM_3,0.7714093054619017,0.8011204481792717,714
P1,43,random_50,CD4 TEM_1,0.7150259067357513,0.6,230
P1,43,random_50,CD4 TEM_2,0.6285714285714286,0.5569620253164557,79
P1,43,random_50,CD4 TEM_3,0.4197530864197532,0.29651162790697677,172
P1,43,random_50,CD8 Naive,0.9786008230452675,0.9682410423452769,1228
P1,43,random_50,CD8 Naive_2,0.55,0.6111111111111112,18
P1,43,random_50,CD8 Proliferating,0.5333333333333333,0.5,16
P1,43,random_50,CD8 TCM_1,0.5585585585585586,0.496,125
P1,43,random_50,CD8 TCM_2,0.6633165829145728,0.9166666666666666,72
P1,43,random_50,CD8 TCM_3,0.8668555240793202,0.8181818181818182,187
P1,43,random_50,CD8 TEM_1,0.9070247933884298,0.8977505112474438,489
P1,43,random_50,CD8 TEM_2,0.7948717948717949,0.7126436781609196,174
P1,43,random_50,CD8 TEM_3,0.5271317829457365,0.7391304347826086,46
P1,43,random_50,CD8 TEM_4,0.8389760528488852,0.9883268482490273,514
P1,43,random_50,CD8 TEM_5,0.681912681912682,0.5239616613418531,313
P1,43,random_50,CD8 TEM_6,0.7407407407407407,0.5882352941176471,51
P1,43,random_50,Doublet,0.6704545454545454,0.5841584158415841,101
P1,43,random_50,Eryth,0.8727272727272727,1.0,24
P1,43,random_50,HSPC,0.9844097995545658,0.9954954954954955,222
P1,43,random_50,ILC,0.888888888888889,0.8,5
P1,43,random_50,MAIT,0.8275862068965518,0.8372093023255814,43
P1,43,random_50,NK Proliferating,0.9066666666666665,0.8831168831168831,77
P1,43,random_50,NK_1,0.8860510805500982,0.9657387580299786,467
P1,43,random_50,NK_2,0.9195046439628484,0.8945783132530121,664
P1,43,random_50,NK_3,0.5842696629213483,0.4968152866242038,157
P1,43,random_50,NK_4,0.7575757575757576,0.7751937984496124,129
P1,43,random_50,NK_CD56bright,0.870967741935484,0.84375,96
P1,43,random_50,Plasma,0.9811320754716981,0.9629629629629629,54
P1,43,random_50,Plasmablast,1.0,1.0,8
P1,43,random_50,Platelet,0.9438202247191011,0.9064748201438849,139
P1,43,random_50,Treg Memory,0.7701863354037267,0.9051094890510949,274
P1,43,random_50,Treg Naive,0.720754716981132,0.6452702702702703,296
P1,43,random_50,cDC1,1.0,1.0,21
P1,43,random_50,cDC2_1,0.6190476190476191,0.609375,64
P1,43,random_50,cDC2_2,0.9348441926345609,0.9016393442622951,183
P1,43,random_50,dnT_1,0.5862068965517241,0.5666666666666667,30
P1,43,random_50,dnT_2,0.9189189189189189,1.0,34
P1,43,random_50,gdT_1,0.8292682926829269,0.8947368421052632,19
P1,43,random_50,gdT_2,0.0,0.0,2
P1,43,random_50,gdT_3,0.9028571428571428,0.9634146341463414,82
P1,43,random_50,gdT_4,0.7636363636363636,0.8076923076923077,26
P1,43,random_50,pDC,0.9911504424778761,0.9824561403508771,57
P1,43,random_70,ASDC_mDC,0.6666666666666665,0.75,4
P1,43,random_70,ASDC_pDC,0.5714285714285715,0.4,5
P1,43,random_70,B intermediate kappa,0.7560975609756097,0.96875,32
P1,43,random_70,B intermediate lambda,0.7640449438202247,0.6938775510204082,49
P1,43,random_70,B memory kappa,0.9379310344827586,0.9315068493150684,73
P1,43,random_70,B memory lambda,0.8867924528301887,0.9215686274509803,51
P1,43,random_70,B naive kappa,0.9059233449477352,0.8934707903780069,291
P1,43,random_70,B naive lambda,0.8414239482200647,0.8280254777070064,157
P1,43,random_70,CD14 Mono,0.9829991792707233,0.9858889934148636,4252
P1,43,random_70,CD16 Mono,0.9319771137952956,0.9349489795918368,784
P1,43,random_70,CD4 CTL,0.9269776876267749,0.8978388998035364,509
P1,43,random_70,CD4 Naive,0.9401088929219601,0.9331465172137711,2498
P1,43,random_70,CD4 Proliferating,0.8571428571428571,0.8571428571428571,21
P1,43,random_70,CD4 TCM_1,0.8470659775007602,0.8567035670356704,1626
P1,43,random_70,CD4 TCM_2,0.6447368421052632,0.6049382716049383,81
P1,43,random_70,CD4 TCM_3,0.765228426395939,0.8445378151260504,714
P1,43,random_70,CD4 TEM_1,0.6861313868613139,0.6130434782608696,230
P1,43,random_70,CD4 TEM_2,0.6081871345029239,0.6582278481012658,79
P1,43,random_70,CD4 TEM_3,0.4181184668989547,0.3488372093023256,172
P1,43,random_70,CD8 Naive,0.9642262895174707,0.9438110749185668,1228
P1,43,random_70,CD8 Naive_2,0.42424242424242425,0.3888888888888889,18
P1,43,random_70,CD8 Proliferating,0.5925925925925926,0.5,16
P1,43,random_70,CD8 TCM_1,0.5296803652968036,0.464,125
P1,43,random_70,CD8 TCM_2,0.5648148148148149,0.8472222222222222,72
P1,43,random_70,CD8 TCM_3,0.7833827893175075,0.7058823529411765,187
P1,43,random_70,CD8 TEM_1,0.8678839957035446,0.8261758691206544,489
P1,43,random_70,CD8 TEM_2,0.778816199376947,0.7183908045977011,174
P1,43,random_70,CD8 TEM_3,0.5043478260869565,0.6304347826086957,46
P1,43,random_70,CD8 TEM_4,0.8541666666666667,0.9571984435797666,514
P1,43,random_70,CD8 TEM_5,0.7279843444227007,0.5942492012779552,313
P1,43,random_70,CD8 TEM_6,0.6904761904761905,0.5686274509803921,51
P1,43,random_70,Doublet,0.6779661016949152,0.594059405940594,101
P1,43,random_70,Eryth,0.9199999999999999,0.9583333333333334,24
P1,43,random_70,HSPC,0.9887640449438202,0.990990990990991,222
P1,43,random_70,ILC,0.6666666666666666,0.8,5
P1,43,random_70,MAIT,0.8045977011494252,0.813953488372093,43
P1,43,random_70,NK Proliferating,0.9056603773584906,0.935064935064935,77
P1,43,random_70,NK_1,0.878447395301328,0.9207708779443254,467
P1,43,random_70,NK_2,0.9131437355880092,0.8945783132530121,664
P1,43,random_70,NK_3,0.5522388059701493,0.4713375796178344,157
P1,43,random_70,NK_4,0.7364620938628159,0.7906976744186046,129
P1,43,random_70,NK_CD56bright,0.8541666666666666,0.8541666666666666,96
P1,43,random_70,Plasma,0.9719626168224299,0.9629629629629629,54
P1,43,random_70,Plasmablast,0.9333333333333333,0.875,8
P1,43,random_70,Platelet,0.937269372693727,0.9136690647482014,139
P1,43,random_70,Treg Memory,0.7481804949053859,0.9379562043795621,274
P1,43,random_70,Treg Naive,0.6807760141093473,0.652027027027027,296
P1,43,random_70,cDC1,1.0,1.0,21
P1,43,random_70,cDC2_1,0.6201550387596899,0.625,64
P1,43,random_70,cDC2_2,0.9287749287749287,0.8907103825136612,183
P1,43,random_70,dnT_1,0.44897959183673464,0.36666666666666664,30
P1,43,random_70,dnT_2,0.9142857142857143,0.9411764705882353,34
P1,43,random_70,gdT_1,0.7567567567567567,0.7368421052631579,19
P1,43,random_70,gdT_2,0.0,0.0,2
P1,43,random_70,gdT_3,0.8554216867469879,0.8658536585365854,82
P1,43,random_70,gdT_4,0.5666666666666668,0.6538461538461539,26
P1,43,random_70,pDC,0.9911504424778761,0.9824561403508771,57
P1,43,marker_memory,ASDC_mDC,0.6666666666666665,0.75,4
P1,43,marker_memory,ASDC_pDC,0.7499999999999999,0.6,5
P1,43,marker_memory,B intermediate kappa,0.8405797101449275,0.90625,32
P1,43,marker_memory,B intermediate lambda,0.7529411764705882,0.6530612244897959,49
P1,43,marker_memory,B memory kappa,0.943661971830986,0.9178082191780822,73
P1,43,marker_memory,B memory lambda,0.9038461538461539,0.9215686274509803,51
P1,43,marker_memory,B naive kappa,0.9259259259259259,0.9450171821305842,291
P1,43,marker_memory,B naive lambda,0.8701298701298702,0.8535031847133758,157
P1,43,marker_memory,CD14 Mono,0.9833037300177621,0.9764816556914393,4252
P1,43,marker_memory,CD16 Mono,0.9277845777233782,0.9668367346938775,784
P1,43,marker_memory,CD4 CTL,0.9735034347399412,0.9744597249508841,509
P1,43,marker_memory,CD4 Naive,0.9487077534791253,0.9551641313050441,2498
P1,43,marker_memory,CD4 Proliferating,0.888888888888889,0.9523809523809523,21
P1,43,marker_memory,CD4 TCM_1,0.8475110270951479,0.8271832718327183,1626
P1,43,marker_memory,CD4 TCM_2,0.710059171597633,0.7407407407407407,81
P1,43,marker_memory,CD4 TCM_3,0.823767724510466,0.8543417366946778,714
P1,43,marker_memory,CD4 TEM_1,0.7841191066997519,0.6869565217391305,230
P1,43,marker_memory,CD4 TEM_2,0.7532467532467533,0.7341772151898734,79
P1,43,marker_memory,CD4 TEM_3,0.6644951140065146,0.5930232558139535,172
P1,43,marker_memory,CD8 Naive,0.9828431372549019,0.9796416938110749,1228
P1,43,marker_memory,CD8 Naive_2,0.5909090909090908,0.7222222222222222,18
P1,43,marker_memory,CD8 Proliferating,0.4800000000000001,0.375,16
P1,43,marker_memory,CD8 TCM_1,0.627450980392157,0.512,125
P1,43,marker_memory,CD8 TCM_2,0.7252747252747253,0.9166666666666666,72
P1,43,marker_memory,CD8 TCM_3,0.900523560209424,0.9197860962566845,187
P1,43,marker_memory,CD8 TEM_1,0.9051094890510949,0.8875255623721882,489
P1,43,marker_memory,CD8 TEM_2,0.7964601769911505,0.7758620689655172,174
P1,43,marker_memory,CD8 TEM_3,0.5982905982905984,0.7608695652173914,46
P1,43,marker_memory,CD8 TEM_4,0.8600337268128162,0.9922178988326849,514
P1,43,marker_memory,CD8 TEM_5,0.7349397590361446,0.5846645367412141,313
P1,43,marker_memory,CD8 TEM_6,0.7954545454545455,0.6862745098039216,51
P1,43,marker_memory,Doublet,0.6844919786096256,0.6336633663366337,101
P1,43,marker_memory,Eryth,0.923076923076923,1.0,24
P1,43,marker_memory,HSPC,0.9866071428571428,0.9954954954954955,222
P1,43,marker_memory,ILC,1.0,1.0,5
P1,43,marker_memory,MAIT,0.891566265060241,0.8604651162790697,43
P1,43,marker_memory,NK Proliferating,0.9014084507042254,0.8311688311688312,77
P1,43,marker_memory,NK_1,0.909274193548387,0.9657387580299786,467
P1,43,marker_memory,NK_2,0.9254419677171406,0.9066265060240963,664
P1,43,marker_memory,NK_3,0.6125461254612548,0.5286624203821656,157
P1,43,marker_memory,NK_4,0.7730496453900709,0.8449612403100775,129
P1,43,marker_memory,NK_CD56bright,0.8936170212765957,0.875,96
P1,43,marker_memory,Plasma,0.9906542056074767,0.9814814814814815,54
P1,43,marker_memory,Plasmablast,1.0,1.0,8
P1,43,marker_memory,Platelet,0.9363295880149812,0.8992805755395683,139
P1,43,marker_memory,Treg Memory,0.7727272727272727,0.9306569343065694,274
P1,43,marker_memory,Treg Naive,0.7339130434782609,0.7128378378378378,296
P1,43,marker_memory,cDC1,0.9767441860465117,1.0,21
P1,43,marker_memory,cDC2_1,0.7183098591549296,0.796875,64
P1,43,marker_memory,cDC2_2,0.9497206703910615,0.9289617486338798,183
P1,43,marker_memory,dnT_1,0.5652173913043479,0.43333333333333335,30
P1,43,marker_memory,dnT_2,0.9577464788732395,1.0,34
P1,43,marker_memory,gdT_1,0.8717948717948718,0.8947368421052632,19
P1,43,marker_memory,gdT_2,0.0,0.0,2
P1,43,marker_memory,gdT_3,0.9068322981366461,0.8902439024390244,82
P1,43,marker_memory,gdT_4,0.8000000000000002,0.9230769230769231,26
P1,43,marker_memory,pDC,0.9911504424778761,0.9824561403508771,57
P1,43,marker_tcell,ASDC_mDC,0.6666666666666665,0.75,4
P1,43,marker_tcell,ASDC_pDC,0.7499999999999999,0.6,5
P1,43,marker_tcell,B intermediate kappa,0.8405797101449275,0.90625,32
P1,43,marker_tcell,B intermediate lambda,0.7529411764705882,0.6530612244897959,49
P1,43,marker_tcell,B memory kappa,0.943661971830986,0.9178082191780822,73
P1,43,marker_tcell,B memory lambda,0.8952380952380952,0.9215686274509803,51
P1,43,marker_tcell,B naive kappa,0.9261744966442952,0.9484536082474226,291
P1,43,marker_tcell,B naive lambda,0.8692810457516339,0.8471337579617835,157
P1,43,marker_tcell,CD14 Mono,0.9831873076012313,0.9764816556914393,4252
P1,43,marker_tcell,CD16 Mono,0.9288343558282209,0.9655612244897959,784
P1,43,marker_tcell,CD4 CTL,0.9420142421159715,0.9096267190569745,509
P1,43,marker_tcell,CD4 Naive,0.9485691414848909,0.9487590072057646,2498
P1,43,marker_tcell,CD4 Proliferating,0.9130434782608696,1.0,21
P1,43,marker_tcell,CD4 TCM_1,0.855903315773164,0.8493234932349324,1626
P1,43,marker_tcell,CD4 TCM_2,0.7142857142857143,0.7407407407407407,81
P1,43,marker_tcell,CD4 TCM_3,0.812664907651715,0.8627450980392157,714
P1,43,marker_tcell,CD4 TEM_1,0.7517084282460137,0.717391304347826,230
P1,43,marker_tcell,CD4 TEM_2,0.6904761904761905,0.7341772151898734,79
P1,43,marker_tcell,CD4 TEM_3,0.6078431372549019,0.5406976744186046,172
P1,43,marker_tcell,CD8 Naive,0.9714285714285714,0.9552117263843648,1228
P1,43,marker_tcell,CD8 Naive_2,0.4615384615384615,0.5,18
P1,43,marker_tcell,CD8 Proliferating,0.4800000000000001,0.375,16
P1,43,marker_tcell,CD8 TCM_1,0.5656565656565656,0.448,125
P1,43,marker_tcell,CD8 TCM_2,0.6461538461538462,0.875,72
P1,43,marker_tcell,CD8 TCM_3,0.8999999999999999,0.9144385026737968,187
P1,43,marker_tcell,CD8 TEM_1,0.8991596638655461,0.8752556237218814,489
P1,43,marker_tcell,CD8 TEM_2,0.8141025641025641,0.7298850574712644,174
P1,43,marker_tcell,CD8 TEM_3,0.5714285714285715,0.6956521739130435,46
P1,43,marker_tcell,CD8 TEM_4,0.8826125330979699,0.9727626459143969,514
P1,43,marker_tcell,CD8 TEM_5,0.7134268537074148,0.5686900958466453,313
P1,43,marker_tcell,CD8 TEM_6,0.6582278481012658,0.5098039215686274,51
P1,43,marker_tcell,Doublet,0.6842105263157896,0.6435643564356436,101
P1,43,marker_tcell,Eryth,0.923076923076923,1.0,24
P1,43,marker_tcell,HSPC,0.9866071428571428,0.9954954954954955,222
P1,43,marker_tcell,ILC,0.888888888888889,0.8,5
P1,43,marker_tcell,MAIT,0.8367346938775511,0.9534883720930233,43
P1,43,marker_tcell,NK Proliferating,0.918918918918919,0.8831168831168831,77
P1,43,marker_tcell,NK_1,0.8678881388621023,0.9635974304068522,467
P1,43,marker_tcell,NK_2,0.9189189189189189,0.8960843373493976,664
P1,43,marker_tcell,NK_3,0.597864768683274,0.535031847133758,157
P1,43,marker_tcell,NK_4,0.7765567765567766,0.8217054263565892,129
P1,43,marker_tcell,NK_CD56bright,0.8911917098445595,0.8958333333333334,96
P1,43,marker_tcell,Plasma,0.9906542056074767,0.9814814814814815,54
P1,43,marker_tcell,Plasmablast,1.0,1.0,8
P1,43,marker_tcell,Platelet,0.9402985074626865,0.9064748201438849,139
P1,43,marker_tcell,Treg Memory,0.777947932618683,0.927007299270073,274
P1,43,marker_tcell,Treg Naive,0.744186046511628,0.7027027027027027,296
P1,43,marker_tcell,cDC1,0.9767441860465117,1.0,21
P1,43,marker_tcell,cDC2_1,0.6950354609929078,0.765625,64
P1,43,marker_tcell,cDC2_2,0.9497206703910615,0.9289617486338798,183
P1,43,marker_tcell,dnT_1,0.576923076923077,0.5,30
P1,43,marker_tcell,dnT_2,0.9189189189189189,1.0,34
P1,43,marker_tcell,gdT_1,0.6451612903225806,0.5263157894736842,19
P1,43,marker_tcell,gdT_2,0.0,0.0,2
P1,43,marker_tcell,gdT_3,0.8275862068965518,0.8780487804878049,82
P1,43,marker_tcell,gdT_4,0.625,0.7692307692307693,26
P1,43,marker_tcell,pDC,0.9911504424778761,0.9824561403508771,57
P1,43,rna_only,ASDC_mDC,0.8,1.0,4
P1,43,rna_only,ASDC_pDC,0.33333333333333337,0.2,5
P1,43,rna_only,B intermediate kappa,0.8157894736842106,0.96875,32
P1,43,rna_only,B intermediate lambda,0.7415730337078652,0.673469387755102,49
P1,43,rna_only,B memory kappa,0.9315068493150684,0.9315068493150684,73
P1,43,rna_only,B memory lambda,0.8846153846153846,0.9019607843137255,51
P1,43,rna_only,B naive kappa,0.903448275862069,0.9003436426116839,291
P1,43,rna_only,B naive lambda,0.8414239482200647,0.8280254777070064,157
P1,43,rna_only,CD14 Mono,0.9812973484848486,0.9748353715898401,4252
P1,43,rna_only,CD16 Mono,0.927429274292743,0.9617346938775511,784
P1,43,rna_only,CD4 CTL,0.937246963562753,0.9096267190569745,509
P1,43,rna_only,CD4 Naive,0.9388403494837172,0.9463570856685348,2498
P1,43,rna_only,CD4 Proliferating,0.8444444444444444,0.9047619047619048,21
P1,43,rna_only,CD4 TCM_1,0.8377095855741853,0.8142681426814268,1626
P1,43,rna_only,CD4 TCM_2,0.6586826347305389,0.6790123456790124,81
P1,43,rna_only,CD4 TCM_3,0.7880751782242384,0.8515406162464986,714
P1,43,rna_only,CD4 TEM_1,0.7303921568627452,0.6478260869565218,230
P1,43,rna_only,CD4 TEM_2,0.632183908045977,0.6962025316455697,79
P1,43,rna_only,CD4 TEM_3,0.5126582278481013,0.47093023255813954,172
P1,43,rna_only,CD8 Naive,0.9699217140502678,0.9584690553745928,1228
P1,43,rna_only,CD8 Naive_2,0.42424242424242425,0.3888888888888889,18
P1,43,rna_only,CD8 Proliferating,0.5333333333333333,0.5,16
P1,43,rna_only,CD8 TCM_1,0.5545454545454545,0.488,125
P1,43,rna_only,CD8 TCM_2,0.6051282051282051,0.8194444444444444,72
P1,43,rna_only,CD8 TCM_3,0.8087431693989071,0.7914438502673797,187
P1,43,rna_only,CD8 TEM_1,0.8719576719576719,0.8425357873210634,489
P1,43,rna_only,CD8 TEM_2,0.7730061349693252,0.7241379310344828,174
P1,43,rna_only,CD8 TEM_3,0.5045045045045046,0.6086956521739131,46
P1,43,rna_only,CD8 TEM_4,0.8474576271186441,0.9727626459143969,514
P1,43,rna_only,CD8 TEM_5,0.7011952191235059,0.5623003194888179,313
P1,43,rna_only,CD8 TEM_6,0.6896551724137931,0.5882352941176471,51
P1,43,rna_only,Doublet,0.6526315789473685,0.6138613861386139,101
P1,43,rna_only,Eryth,0.923076923076923,1.0,24
P1,43,rna_only,HSPC,0.9865470852017937,0.990990990990991,222
P1,43,rna_only,ILC,0.888888888888889,0.8,5
P1,43,rna_only,MAIT,0.7954545454545455,0.813953488372093,43
P1,43,rna_only,NK Proliferating,0.9090909090909091,0.9090909090909091,77
P1,43,rna_only,NK_1,0.8796680497925311,0.9079229122055674,467
P1,43,rna_only,NK_2,0.9203942380591358,0.9141566265060241,664
P1,43,rna_only,NK_3,0.5039370078740157,0.40764331210191085,157
P1,43,rna_only,NK_4,0.7397260273972603,0.8372093023255814,129
P1,43,rna_only,NK_CD56bright,0.8478260869565218,0.8125,96
P1,43,rna_only,Plasma,0.9814814814814815,0.9814814814814815,54
P1,43,rna_only,Plasmablast,0.9333333333333333,0.875,8
P1,43,rna_only,Platelet,0.9057971014492754,0.8992805755395683,139
P1,43,rna_only,Treg Memory,0.726207906295754,0.9051094890510949,274
P1,43,rna_only,Treg Naive,0.6605504587155964,0.6081081081081081,296
P1,43,rna_only,cDC1,0.9523809523809523,0.9523809523809523,21
P1,43,rna_only,cDC2_1,0.6412213740458016,0.65625,64
P1,43,rna_only,cDC2_2,0.9382022471910112,0.912568306010929,183
P1,43,rna_only,dnT_1,0.423076923076923,0.36666666666666664,30
P1,43,rna_only,dnT_2,0.9393939393939394,0.9117647058823529,34
P1,43,rna_only,gdT_1,0.6842105263157895,0.6842105263157895,19
P1,43,rna_only,gdT_2,0.0,0.0,2
P1,43,rna_only,gdT_3,0.8554216867469879,0.8658536585365854,82
P1,43,rna_only,gdT_4,0.5263157894736842,0.5769230769230769,26
P1,43,rna_only,pDC,0.9827586206896551,1.0,57
P1,43,random_size_matched_6,ASDC_mDC,0.75,0.75,4
P1,43,random_size_matched_6,ASDC_pDC,0.888888888888889,0.8,5
P1,43,random_size_matched_6,B intermediate kappa,0.8421052631578948,1.0,32
P1,43,random_size_matched_6,B intermediate lambda,0.7727272727272728,0.6938775510204082,49
P1,43,random_size_matched_6,B memory kappa,0.9379310344827586,0.9315068493150684,73
P1,43,random_size_matched_6,B memory lambda,0.8932038834951457,0.9019607843137255,51
P1,43,random_size_matched_6,B naive kappa,0.9131944444444443,0.9037800687285223,291
P1,43,random_size_matched_6,B naive lambda,0.8544303797468354,0.8598726114649682,157
P1,43,random_size_matched_6,CD14 Mono,0.9831109011456242,0.9788334901222954,4252
P1,43,random_size_matched_6,CD16 Mono,0.927643784786642,0.9566326530612245,784
P1,43,random_size_matched_6,CD4 CTL,0.971201588877855,0.9607072691552063,509
P1,43,random_size_matched_6,CD4 Naive,0.9524380495603516,0.9539631705364291,2498
P1,43,random_size_matched_6,CD4 Proliferating,0.888888888888889,0.9523809523809523,21
P1,43,random_size_matched_6,CD4 TCM_1,0.8597560975609757,0.8671586715867159,1626
P1,43,random_size_matched_6,CD4 TCM_2,0.7078651685393258,0.7777777777777778,81
P1,43,random_size_matched_6,CD4 TCM_3,0.8121968121968122,0.8207282913165266,714
P1,43,random_size_matched_6,CD4 TEM_1,0.784688995215311,0.7130434782608696,230
P1,43,random_size_matched_6,CD4 TEM_2,0.7435897435897437,0.7341772151898734,79
P1,43,random_size_matched_6,CD4 TEM_3,0.6598639455782314,0.563953488372093,172
P1,43,random_size_matched_6,CD8 Naive,0.9836601307189543,0.9804560260586319,1228
P1,43,random_size_matched_6,CD8 Naive_2,0.5777777777777777,0.7222222222222222,18
P1,43,random_size_matched_6,CD8 Proliferating,0.5,0.4375,16
P1,43,random_size_matched_6,CD8 TCM_1,0.6,0.504,125
P1,43,random_size_matched_6,CD8 TCM_2,0.7683615819209039,0.9444444444444444,72
P1,43,random_size_matched_6,CD8 TCM_3,0.8823529411764706,0.8823529411764706,187
P1,43,random_size_matched_6,CD8 TEM_1,0.9194699286442405,0.9222903885480572,489
P1,43,random_size_matched_6,CD8 TEM_2,0.8271604938271604,0.7701149425287356,174
P1,43,random_size_matched_6,CD8 TEM_3,0.631578947368421,0.782608695652174,46
P1,43,random_size_matched_6,CD8 TEM_4,0.8715753424657534,0.9902723735408561,514
P1,43,random_size_matched_6,CD8 TEM_5,0.7519685039370079,0.610223642172524,313
P1,43,random_size_matched_6,CD8 TEM_6,0.7816091954022987,0.6666666666666666,51
P1,43,random_size_matched_6,Doublet,0.6836734693877551,0.6633663366336634,101
P1,43,random_size_matched_6,Eryth,0.923076923076923,1.0,24
P1,43,random_size_matched_6,HSPC,0.9866071428571428,0.9954954954954955,222
P1,43,random_size_matched_6,ILC,0.888888888888889,0.8,5
P1,43,random_size_matched_6,MAIT,0.8888888888888888,0.8372093023255814,43
P1,43,random_size_matched_6,NK Proliferating,0.9166666666666667,0.8571428571428571,77
P1,43,random_size_matched_6,NK_1,0.9096446700507614,0.9593147751605996,467
P1,43,random_size_matched_6,NK_2,0.9248466257668712,0.9081325301204819,664
P1,43,random_size_matched_6,NK_3,0.6,0.5159235668789809,157
P1,43,random_size_matched_6,NK_4,0.7789473684210527,0.8604651162790697,129
P1,43,random_size_matched_6,NK_CD56bright,0.8983957219251337,0.875,96
P1,43,random_size_matched_6,Plasma,0.9814814814814815,0.9814814814814815,54
P1,43,random_size_matched_6,Plasmablast,0.9333333333333333,0.875,8
P1,43,random_size_matched_6,Platelet,0.9363295880149812,0.8992805755395683,139
P1,43,random_size_matched_6,Treg Memory,0.7857142857142858,0.9233576642335767,274
P1,43,random_size_matched_6,Treg Naive,0.7634408602150538,0.7195945945945946,296
P1,43,random_size_matched_6,cDC1,0.9767441860465117,1.0,21
P1,43,random_size_matched_6,cDC2_1,0.6507936507936509,0.640625,64
P1,43,random_size_matched_6,cDC2_2,0.9438202247191011,0.9180327868852459,183
P1,43,random_size_matched_6,dnT_1,0.5957446808510638,0.4666666666666667,30
P1,43,random_size_matched_6,dnT_2,0.9066666666666667,1.0,34
P1,43,random_size_matched_6,gdT_1,0.8947368421052632,0.8947368421052632,19
P1,43,random_size_matched_6,gdT_2,0.0,0.0,2
P1,43,random_size_matched_6,gdT_3,0.9202453987730062,0.9146341463414634,82
P1,43,random_size_matched_6,gdT_4,0.8275862068965517,0.9230769230769231,26
P1,43,random_size_matched_6,pDC,0.9911504424778761,0.9824561403508771,57
P1,43,random_size_matched_15,ASDC_mDC,0.6666666666666665,0.75,4
P1,43,random_size_matched_15,ASDC_pDC,0.7499999999999999,0.6,5
P1,43,random_size_matched_15,B intermediate kappa,0.8285714285714286,0.90625,32
P1,43,random_size_matched_15,B intermediate lambda,0.7529411764705882,0.6530612244897959,49
P1,43,random_size_matched_15,B memory kappa,0.9379310344827586,0.9315068493150684,73
P1,43,random_size_matched_15,B memory lambda,0.8867924528301887,0.9215686274509803,51
P1,43,random_size_matched_15,B naive kappa,0.9204737732656515,0.9347079037800687,291
P1,43,random_size_matched_15,B naive lambda,0.86084142394822,0.8471337579617835,157
P1,43,random_size_matched_15,CD14 Mono,0.9823814591462694,0.9769520225776105,4252
P1,43,random_size_matched_15,CD16 Mono,0.9273743016759776,0.9528061224489796,784
P1,43,random_size_matched_15,CD4 CTL,0.9660678642714571,0.9508840864440079,509
P1,43,random_size_matched_15,CD4 Naive,0.9544268219233085,0.9515612489991994,2498
P1,43,random_size_matched_15,CD4 Proliferating,0.888888888888889,0.9523809523809523,21
P1,43,random_size_matched_15,CD4 TCM_1,0.8600662052362323,0.8788437884378844,1626
P1,43,random_size_matched_15,CD4 TCM_2,0.7218934911242604,0.7530864197530864,81
P1,43,random_size_matched_15,CD4 TCM_3,0.807799442896936,0.8123249299719888,714
P1,43,random_size_matched_15,CD4 TEM_1,0.7699757869249394,0.691304347826087,230
P1,43,random_size_matched_15,CD4 TEM_2,0.7672955974842767,0.7721518987341772,79
P1,43,random_size_matched_15,CD4 TEM_3,0.6344827586206897,0.5348837209302325,172
P1,43,random_size_matched_15,CD8 Naive,0.9828431372549019,0.9796416938110749,1228
P1,43,random_size_matched_15,CD8 Naive_2,0.5238095238095238,0.6111111111111112,18
P1,43,random_size_matched_15,CD8 Proliferating,0.4615384615384615,0.375,16
P1,43,random_size_matched_15,CD8 TCM_1,0.6176470588235294,0.504,125
P1,43,random_size_matched_15,CD8 TCM_2,0.7252747252747253,0.9166666666666666,72
P1,43,random_size_matched_15,CD8 TCM_3,0.9086161879895561,0.93048128342246,187
P1,43,random_size_matched_15,CD8 TEM_1,0.9226069246435845,0.9263803680981595,489
P1,43,random_size_matched_15,CD8 TEM_2,0.8322981366459626,0.7701149425287356,174
P1,43,random_size_matched_15,CD8 TEM_3,0.5945945945945945,0.717391304347826,46
P1,43,random_size_matched_15,CD8 TEM_4,0.8662092624356775,0.9824902723735408,514
P1,43,random_size_matched_15,CD8 TEM_5,0.7519685039370079,0.610223642172524,313
P1,43,random_size_matched_15,CD8 TEM_6,0.8351648351648352,0.7450980392156863,51
P1,43,random_size_matched_15,Doublet,0.6701030927835052,0.6435643564356436,101
P1,43,random_size_matched_15,Eryth,0.9411764705882353,1.0,24
P1,43,random_size_matched_15,HSPC,0.988814317673378,0.9954954954954955,222
P1,43,random_size_matched_15,ILC,0.888888888888889,0.8,5
P1,43,random_size_matched_15,MAIT,0.891566265060241,0.8604651162790697,43
P1,43,random_size_matched_15,NK Proliferating,0.9166666666666667,0.8571428571428571,77
P1,43,random_size_matched_15,NK_1,0.909090909090909,0.9528907922912205,467
P1,43,random_size_matched_15,NK_2,0.9256704980842911,0.9096385542168675,664
P1,43,random_size_matched_15,NK_3,0.6080586080586081,0.5286624203821656,157
P1,43,random_size_matched_15,NK_4,0.7676056338028169,0.8449612403100775,129
P1,43,random_size_matched_15,NK_CD56bright,0.8888888888888888,0.875,96
P1,43,random_size_matched_15,Plasma,0.9629629629629629,0.9629629629629629,54
P1,43,random_size_matched_15,Plasmablast,0.8571428571428571,0.75,8
P1,43,random_size_matched_15,Platelet,0.9368029739776952,0.9064748201438849,139
P1,43,random_size_matched_15,Treg Memory,0.7776096822995462,0.9379562043795621,274
P1,43,random_size_matched_15,Treg Naive,0.7333333333333334,0.668918918918919,296
P1,43,random_size_matched_15,cDC1,0.9767441860465117,1.0,21
P1,43,random_size_matched_15,cDC2_1,0.689655172413793,0.78125,64
P1,43,random_size_matched_15,cDC2_2,0.9438202247191011,0.9180327868852459,183
P1,43,random_size_matched_15,dnT_1,0.608695652173913,0.4666666666666667,30
P1,43,random_size_matched_15,dnT_2,0.9066666666666667,1.0,34
P1,43,random_size_matched_15,gdT_1,0.8947368421052632,0.8947368421052632,19
P1,43,random_size_matched_15,gdT_2,0.0,0.0,2
P1,43,random_size_matched_15,gdT_3,0.9285714285714286,0.9512195121951219,82
P1,43,random_size_matched_15,gdT_4,0.8275862068965517,0.9230769230769231,26
P1,43,random_size_matched_15,pDC,0.9911504424778761,0.9824561403508771,57
P2,41,full,ASDC_mDC,1.0,1.0,3
P2,41,full,ASDC_pDC,1.0,1.0,3
P2,41,full,B intermediate kappa,0.8554913294797688,0.8809523809523809,84
P2,41,full,B intermediate lambda,0.8117647058823529,0.8313253012048193,83
P2,41,full,B memory kappa,0.8762886597938144,0.8854166666666666,96
P2,41,full,B memory lambda,0.7948717948717948,0.8378378378378378,37
P2,41,full,B naive kappa,0.9099167297501891,0.9037593984962407,665
P2,41,full,B naive lambda,0.8222996515679443,0.8054607508532423,293
P2,41,full,CD14 Mono,0.9760380464605817,0.9635247381726255,2769
P2,41,full,CD16 Mono,0.9415670650730411,0.9699042407660738,731
P2,41,full,CD4 CTL,0.9810606060606061,0.9885496183206107,262
P2,41,full,CD4 Naive,0.9661129568106313,0.9699799866577719,2998
P2,41,full,CD4 Proliferating,0.689655172413793,0.6666666666666666,15
P2,41,full,CD4 TCM_1,0.8469493278179938,0.8340122199592668,982
P2,41,full,CD4 TCM_2,0.6875,0.8279569892473119,93
P2,41,full,CD4 TCM_3,0.8755555555555555,0.8794642857142857,448
P2,41,full,CD4 TEM_1,0.8256880733944955,0.75,120
P2,41,full,CD4 TEM_2,0.708860759493671,0.717948717948718,39
P2,41,full,CD4 TEM_3,0.6226415094339622,0.515625,64
P2,41,full,CD4 TEM_4,0.5,0.5,2
P2,41,full,CD8 Naive,0.985985533453888,0.9895644283121597,2204
P2,41,full,CD8 Naive_2,0.6666666666666666,0.625,32
P2,41,full,CD8 Proliferating,0.6666666666666667,0.8333333333333334,6
P2,41,full,CD8 TCM_1,0.6444444444444444,0.6170212765957447,94
P2,41,full,CD8 TCM_2,0.679245283018868,0.7058823529411765,51
P2,41,full,CD8 TCM_3,0.8982035928143712,0.8928571428571429,84
P2,41,full,CD8 TEM_1,0.8516579406631762,0.8531468531468531,286
P2,41,full,CD8 TEM_2,0.7884057971014493,0.7431693989071039,183
P2,41,full,CD8 TEM_3,0.6017699115044248,0.6296296296296297,54
P2,41,full,CD8 TEM_4,0.8824742268041237,0.8770491803278688,244
P2,41,full,CD8 TEM_5,0.9573033707865168,0.9681818181818181,220
P2,41,full,CD8 TEM_6,0.8461538461538461,0.8461538461538461,39
P2,41,full,Doublet,0.6989247311827957,0.7222222222222222,90
P2,41,full,Eryth,0.7857142857142856,0.8461538461538461,13
P2,41,full,HSPC,1.0,1.0,19
P2,41,full,ILC,0.9642857142857143,1.0,27
P2,41,full,MAIT,0.9604989604989604,0.9829787234042553,235
P2,41,full,NK Proliferating,0.8602150537634408,0.8163265306122449,49
P2,41,full,NK_1,0.6091370558375635,0.5882352941176471,102
P2,41,full,NK_2,0.921313183949974,0.8947368421052632,988
P2,41,full,NK_3,0.4797047970479705,0.37790697674418605,172
P2,41,full,NK_4,0.6137339055793992,0.7944444444444444,180
P2,41,full,NK_CD56bright,0.8782287822878229,1.0,119
P2,41,full,Plasma,0.9666666666666666,1.0,58
P2,41,full,Plasmablast,0.918918918918919,0.8947368421052632,19
P2,41,full,Platelet,0.8468468468468469,0.7704918032786885,61
P2,41,full,Treg Memory,0.764525993883792,0.6756756756756757,185
P2,41,full,Treg Naive,0.8731343283582089,0.9194499017681729,509
P2,41,full,cDC1,0.9333333333333333,0.875,8
P2,41,full,cDC2_1,0.7482014388489209,0.8125,64
P2,41,full,cDC2_2,0.9240924092409241,0.9210526315789473,152
P2,41,full,dnT_1,0.7999999999999999,0.8705882352941177,85
P2,41,full,dnT_2,0.9302325581395349,0.9090909090909091,44
P2,41,full,gdT_1,0.9649122807017544,0.9532062391681109,577
P2,41,full,gdT_2,0.5714285714285714,0.7619047619047619,21
P2,41,full,gdT_3,0.912,0.9047619047619048,63
P2,41,full,gdT_4,0.7647058823529412,0.7428571428571429,35
P2,41,full,pDC,1.0,1.0,46
P2,41,random_10,ASDC_mDC,1.0,1.0,3
P2,41,random_10,ASDC_pDC,1.0,1.0,3
P2,41,random_10,B intermediate kappa,0.8421052631578947,0.8571428571428571,84
P2,41,random_10,B intermediate lambda,0.8023952095808383,0.8072289156626506,83
P2,41,random_10,B memory kappa,0.8923076923076922,0.90625,96
P2,41,random_10,B memory lambda,0.7710843373493975,0.8648648648648649,37
P2,41,random_10,B naive kappa,0.9081245254365983,0.8992481203007519,665
P2,41,random_10,B naive lambda,0.8151986183074266,0.8054607508532423,293
P2,41,random_10,CD14 Mono,0.9756717501815542,0.9703864210906464,2769
P2,41,random_10,CD16 Mono,0.94421768707483,0.9493844049247606,731
P2,41,random_10,CD4 CTL,0.9809160305343512,0.9809160305343512,262
P2,41,random_10,CD4 Naive,0.9669449081803004,0.9659773182121414,2998
P2,41,random_10,CD4 Proliferating,0.64,0.5333333333333333,15
P2,41,random_10,CD4 TCM_1,0.8486140724946696,0.8105906313645621,982
P2,41,random_10,CD4 TCM_2,0.7058823529411764,0.7741935483870968,93
P2,41,random_10,CD4 TCM_3,0.865424430641822,0.9330357142857143,448
P2,41,random_10,CD4 TEM_1,0.854625550660793,0.8083333333333333,120
P2,41,random_10,CD4 TEM_2,0.6499999999999999,0.6666666666666666,39
P2,41,random_10,CD4 TEM_3,0.7102803738317758,0.59375,64
P2,41,random_10,CD4 TEM_4,0.5,0.5,2
P2,41,random_10,CD8 Naive,0.9862146892655367,0.9900181488203267,2204
P2,41,random_10,CD8 Naive_2,0.6440677966101694,0.59375,32
P2,41,random_10,CD8 Proliferating,0.625,0.8333333333333334,6
P2,41,random_10,CD8 TCM_1,0.6519337016574586,0.6276595744680851,94
P2,41,random_10,CD8 TCM_2,0.7047619047619048,0.7254901960784313,51
P2,41,random_10,CD8 TCM_3,0.9176470588235294,0.9285714285714286,84
P2,41,random_10,CD8 TEM_1,0.8506151142355008,0.8461538461538461,286
P2,41,random_10,CD8 TEM_2,0.7894736842105263,0.7377049180327869,183
P2,41,random_10,CD8 TEM_3,0.6324786324786325,0.6851851851851852,54
P2,41,random_10,CD8 TEM_4,0.8801652892561983,0.8729508196721312,244
P2,41,random_10,CD8 TEM_5,0.9511111111111111,0.9727272727272728,220
P2,41,random_10,CD8 TEM_6,0.8148148148148148,0.8461538461538461,39
P2,41,random_10,Doublet,0.7032967032967032,0.7111111111111111,90
P2,41,random_10,Eryth,0.7333333333333334,0.8461538461538461,13
P2,41,random_10,HSPC,1.0,1.0,19
P2,41,random_10,ILC,0.9642857142857143,1.0,27
P2,41,random_10,MAIT,0.9628099173553719,0.9914893617021276,235
P2,41,random_10,NK Proliferating,0.8775510204081631,0.8775510204081632,49
P2,41,random_10,NK_1,0.5951219512195122,0.5980392156862745,102
P2,41,random_10,NK_2,0.8923573735199138,0.8390688259109311,988
P2,41,random_10,NK_3,0.42471042471042475,0.31976744186046513,172
P2,41,random_10,NK_4,0.5574387947269304,0.8222222222222222,180
P2,41,random_10,NK_CD56bright,0.8814814814814815,1.0,119
P2,41,random_10,Plasma,0.9747899159663865,1.0,58
P2,41,random_10,Plasmablast,0.9473684210526315,0.9473684210526315,19
P2,41,random_10,Platelet,0.8440366972477064,0.7540983606557377,61
P2,41,random_10,Treg Memory,0.7650602409638554,0.6864864864864865,185
P2,41,random_10,Treg Naive,0.8678899082568807,0.9292730844793713,509
P2,41,random_10,cDC1,0.9333333333333333,0.875,8
P2,41,random_10,cDC2_1,0.7517730496453902,0.828125,64
P2,41,random_10,cDC2_2,0.9302325581395349,0.9210526315789473,152
P2,41,random_10,dnT_1,0.7692307692307693,0.8235294117647058,85
P2,41,random_10,dnT_2,0.942528735632184,0.9318181818181818,44
P2,41,random_10,gdT_1,0.9675153643546971,0.9549393414211439,577
P2,41,random_10,gdT_2,0.5925925925925926,0.7619047619047619,21
P2,41,random_10,gdT_3,0.90625,0.9206349206349206,63
P2,41,random_10,gdT_4,0.7352941176470589,0.7142857142857143,35
P2,41,random_10,pDC,1.0,1.0,46
P2,41,random_30,ASDC_mDC,1.0,1.0,3
P2,41,random_30,ASDC_pDC,1.0,1.0,3
P2,41,random_30,B intermediate kappa,0.8235294117647058,0.8333333333333334,84
P2,41,random_30,B intermediate lambda,0.8070175438596491,0.8313253012048193,83
P2,41,random_30,B memory kappa,0.8817204301075269,0.8541666666666666,96
P2,41,random_30,B memory lambda,0.810126582278481,0.8648648648648649,37
P2,41,random_30,B naive kappa,0.9078549848942599,0.9037593984962407,665
P2,41,random_30,B naive lambda,0.8116438356164384,0.8088737201365188,293
P2,41,random_30,CD14 Mono,0.9762513701132627,0.964969302997472,2769
P2,41,random_30,CD16 Mono,0.9440000000000001,0.9685362517099864,731
P2,41,random_30,CD4 CTL,0.9773584905660377,0.9885496183206107,262
P2,41,random_30,CD4 Naive,0.9639235245220283,0.9669779853235491,2998
P2,41,random_30,CD4 Proliferating,0.56,0.4666666666666667,15
P2,41,random_30,CD4 TCM_1,0.8359897172236503,0.8279022403258656,982
P2,41,random_30,CD4 TCM_2,0.6355932203389831,0.8064516129032258,93
P2,41,random_30,CD4 TCM_3,0.8647450110864746,0.8705357142857143,448
P2,41,random_30,CD4 TEM_1,0.8272727272727273,0.7583333333333333,120
P2,41,random_30,CD4 TEM_2,0.6818181818181818,0.7692307692307693,39
P2,41,random_30,CD4 TEM_3,0.5,0.359375,64
P2,41,random_30,CD4 TEM_4,0.6666666666666666,0.5,2
P2,41,random_30,CD8 Naive,0.9862271393090992,0.9909255898366606,2204
P2,41,random_30,CD8 Naive_2,0.6557377049180328,0.625,32
P2,41,random_30,CD8 Proliferating,0.7142857142857143,0.8333333333333334,6
P2,41,random_30,CD8 TCM_1,0.6868686868686869,0.723404255319149,94
P2,41,random_30,CD8 TCM_2,0.6451612903225806,0.5882352941176471,51
P2,41,random_30,CD8 TCM_3,0.8711656441717791,0.8452380952380952,84
P2,41,random_30,CD8 TEM_1,0.8404802744425387,0.8566433566433567,286
P2,41,random_30,CD8 TEM_2,0.7908309455587391,0.7540983606557377,183
P2,41,random_30,CD8 TEM_3,0.5740740740740741,0.5740740740740741,54
P2,41,random_30,CD8 TEM_4,0.8870967741935485,0.9016393442622951,244
P2,41,random_30,CD8 TEM_5,0.9569160997732427,0.9590909090909091,220
P2,41,random_30,CD8 TEM_6,0.8048780487804877,0.8461538461538461,39
P2,41,random_30,Doublet,0.6881720430107527,0.7111111111111111,90
P2,41,random_30,Eryth,0.8000000000000002,0.9230769230769231,13
P2,41,random_30,HSPC,1.0,1.0,19
P2,41,random_30,ILC,0.9642857142857143,1.0,27
P2,41,random_30,MAIT,0.9699570815450644,0.9617021276595744,235
P2,41,random_30,NK Proliferating,0.8571428571428572,0.7959183673469388,49
P2,41,random_30,NK_1,0.5410628019323671,0.5490196078431373,102
P2,41,random_30,NK_2,0.8840736728060672,0.8259109311740891,988
P2,41,random_30,NK_3,0.4452296819787986,0.36627906976744184,172
P2,41,random_30,NK_4,0.5553398058252427,0.7944444444444444,180
P2,41,random_30,NK_CD56bright,0.8686131386861314,1.0,119
P2,41,random_30,Plasma,0.9661016949152542,0.9827586206896551,58
P2,41,random_30,Plasmablast,0.9473684210526315,0.9473684210526315,19
P2,41,random_30,Platelet,0.8363636363636363,0.7540983606557377,61
P2,41,random_30,Treg Memory,0.7621951219512195,0.6756756756756757,185
P2,41,random_30,Treg Naive,0.8606403013182675,0.8978388998035364,509
P2,41,random_30,cDC1,0.9333333333333333,0.875,8
P2,41,random_30,cDC2_1,0.7218045112781954,0.75,64
P2,41,random_30,cDC2_2,0.9215686274509804,0.9276315789473685,152
P2,41,random_30,dnT_1,0.7218934911242604,0.7176470588235294,85
P2,41,random_30,dnT_2,0.9176470588235294,0.8863636363636364,44
P2,41,random_30,gdT_1,0.968695652173913,0.9653379549393414,577
P2,41,random_30,gdT_2,0.5714285714285714,0.7619047619047619,21
P2,41,random_30,gdT_3,0.8907563025210083,0.8412698412698413,63
P2,41,random_30,gdT_4,0.6875,0.6285714285714286,35
P2,41,random_30,pDC,1.0,1.0,46
P2,41,random_50,ASDC_mDC,1.0,1.0,3
P2,41,random_50,ASDC_pDC,1.0,1.0,3
P2,41,random_50,B intermediate kappa,0.8072289156626505,0.7976190476190477,84
P2,41,random_50,B intermediate lambda,0.7878787878787878,0.7831325301204819,83
P2,41,random_50,B memory kappa,0.883248730964467,0.90625,96
P2,41,random_50,B memory lambda,0.7727272727272727,0.918918918918919,37
P2,41,random_50,B naive kappa,0.8955453149001537,0.8766917293233083,665
P2,41,random_50,B naive lambda,0.8040540540540541,0.8122866894197952,293
P2,41,random_50,CD14 Mono,0.9759101612026807,0.9729144095341279,2769
P2,41,random_50,CD16 Mono,0.9538043478260869,0.960328317373461,731
P2,41,random_50,CD4 CTL,0.9676190476190476,0.9694656488549618,262
P2,41,random_50,CD4 Naive,0.9539912209396847,0.9786524349566378,2998
P2,41,random_50,CD4 Proliferating,0.5,0.3333333333333333,15
P2,41,random_50,CD4 TCM_1,0.8308189655172412,0.785132382892057,982
P2,41,random_50,CD4 TCM_2,0.696078431372549,0.7634408602150538,93
P2,41,random_50,CD4 TCM_3,0.8656084656084656,0.9129464285714286,448
P2,41,random_50,CD4 TEM_1,0.8458149779735684,0.8,120
P2,41,random_50,CD4 TEM_2,0.7435897435897437,0.7435897435897436,39
P2,41,random_50,CD4 TEM_3,0.5132743362831858,0.453125,64
P2,41,random_50,CD4 TEM_4,0.0,0.0,2
P2,41,random_50,CD8 Naive,0.9822909661510872,0.9941016333938294,2204
P2,41,random_50,CD8 Naive_2,0.5862068965517242,0.53125,32
P2,41,random_50,CD8 Proliferating,0.5263157894736842,0.8333333333333334,6
P2,41,random_50,CD8 TCM_1,0.6244343891402715,0.7340425531914894,94
P2,41,random_50,CD8 TCM_2,0.5060240963855422,0.4117647058823529,51
P2,41,random_50,CD8 TCM_3,0.8082191780821918,0.7023809523809523,84
P2,41,random_50,CD8 TEM_1,0.823529411764706,0.8321678321678322,286
P2,41,random_50,CD8 TEM_2,0.7762039660056659,0.7486338797814208,183
P2,41,random_50,CD8 TEM_3,0.5619834710743802,0.6296296296296297,54
P2,41,random_50,CD8 TEM_4,0.870259481037924,0.8934426229508197,244
P2,41,random_50,CD8 TEM_5,0.9282511210762332,0.9409090909090909,220
P2,41,random_50,CD8 TEM_6,0.7999999999999999,0.8717948717948718,39
P2,41,random_50,Doublet,0.619047619047619,0.5777777777777777,90
P2,41,random_50,Eryth,0.7499999999999999,0.9230769230769231,13
P2,41,random_50,HSPC,1.0,1.0,19
P2,41,random_50,ILC,1.0,1.0,27
P2,41,random_50,MAIT,0.930327868852459,0.9659574468085106,235
P2,41,random_50,NK Proliferating,0.8799999999999999,0.8979591836734694,49
P2,41,random_50,NK_1,0.5118110236220472,0.6372549019607843,102
P2,41,random_50,NK_2,0.8810429114611623,0.8208502024291497,988
P2,41,random_50,NK_3,0.45070422535211263,0.37209302325581395,172
P2,41,random_50,NK_4,0.594017094017094,0.7722222222222223,180
P2,41,random_50,NK_CD56bright,0.8654545454545455,1.0,119
P2,41,random_50,Plasma,0.9661016949152542,0.9827586206896551,58
P2,41,random_50,Plasmablast,0.9473684210526315,0.9473684210526315,19
P2,41,random_50,Platelet,0.8363636363636363,0.7540983606557377,61
P2,41,random_50,Treg Memory,0.75625,0.654054054054054,185
P2,41,random_50,Treg Naive,0.7983453981385729,0.7583497053045186,509
P2,41,random_50,cDC1,0.9333333333333333,0.875,8
P2,41,random_50,cDC2_1,0.7027027027027026,0.8125,64
P2,41,random_50,cDC2_2,0.9010238907849829,0.868421052631579,152
P2,41,random_50,dnT_1,0.7051282051282052,0.6470588235294118,85
P2,41,random_50,dnT_2,0.9047619047619048,0.8636363636363636,44
P2,41,random_50,gdT_1,0.9357466063348416,0.8960138648180243,577
P2,41,random_50,gdT_2,0.3384615384615385,0.5238095238095238,21
P2,41,random_50,gdT_3,0.8661417322834646,0.873015873015873,63
P2,41,random_50,gdT_4,0.6551724137931034,0.5428571428571428,35
P2,41,random_50,pDC,1.0,1.0,46
P2,41,random_70,ASDC_mDC,0.8,0.6666666666666666,3
P2,41,random_70,ASDC_pDC,1.0,1.0,3
P2,41,random_70,B intermediate kappa,0.8248587570621468,0.8690476190476191,84
P2,41,random_70,B intermediate lambda,0.7888888888888889,0.8554216867469879,83
P2,41,random_70,B memory kappa,0.87,0.90625,96
P2,41,random_70,B memory lambda,0.8,0.8108108108108109,37
P2,41,random_70,B naive kappa,0.8824451410658307,0.8466165413533835,665
P2,41,random_70,B naive lambda,0.7973199329983249,0.8122866894197952,293
P2,41,random_70,CD14 Mono,0.9719355422777476,0.9693029974720115,2769
P2,41,random_70,CD16 Mono,0.9361413043478262,0.9425444596443229,731
P2,41,random_70,CD4 CTL,0.9447619047619048,0.9465648854961832,262
P2,41,random_70,CD4 Naive,0.9621912283649807,0.9549699799866578,2998
P2,41,random_70,CD4 Proliferating,0.5714285714285715,0.4,15
P2,41,random_70,CD4 TCM_1,0.8379888268156424,0.840122199592668,982
P2,41,random_70,CD4 TCM_2,0.7115384615384613,0.7956989247311828,93
P2,41,random_70,CD4 TCM_3,0.8574585635359117,0.8660714285714286,448
P2,41,random_70,CD4 TEM_1,0.761467889908257,0.6916666666666667,120
P2,41,random_70,CD4 TEM_2,0.6666666666666666,0.6923076923076923,39
P2,41,random_70,CD4 TEM_3,0.5840707964601769,0.515625,64
P2,41,random_70,CD4 TEM_4,0.0,0.0,2
P2,41,random_70,CD8 Naive,0.9760219228134276,0.9696007259528131,2204
P2,41,random_70,CD8 Naive_2,0.6557377049180328,0.625,32
P2,41,random_70,CD8 Proliferating,0.7142857142857143,0.8333333333333334,6
P2,41,random_70,CD8 TCM_1,0.5121951219512195,0.44680851063829785,94
P2,41,random_70,CD8 TCM_2,0.5794392523364487,0.6078431372549019,51
P2,41,random_70,CD8 TCM_3,0.7564102564102564,0.7023809523809523,84
P2,41,random_70,CD8 TEM_1,0.8333333333333334,0.8391608391608392,286
P2,41,random_70,CD8 TEM_2,0.7544910179640718,0.6885245901639344,183
P2,41,random_70,CD8 TEM_3,0.5740740740740741,0.5740740740740741,54
P2,41,random_70,CD8 TEM_4,0.8405797101449275,0.8319672131147541,244
P2,41,random_70,CD8 TEM_5,0.8990825688073394,0.8909090909090909,220
P2,41,random_70,CD8 TEM_6,0.7654320987654322,0.7948717948717948,39
P2,41,random_70,Doublet,0.5575757575757575,0.5111111111111111,90
P2,41,random_70,Eryth,0.7096774193548387,0.8461538461538461,13
P2,41,random_70,HSPC,1.0,1.0,19
P2,41,random_70,ILC,0.9642857142857143,1.0,27
P2,41,random_70,MAIT,0.9316770186335404,0.9574468085106383,235
P2,41,random_70,NK Proliferating,0.9108910891089108,0.9387755102040817,49
P2,41,random_70,NK_1,0.6108374384236452,0.6078431372549019,102
P2,41,random_70,NK_2,0.9062003179650239,0.8653846153846154,988
P2,41,random_70,NK_3,0.477124183006536,0.42441860465116277,172
P2,41,random_70,NK_4,0.6042553191489362,0.7888888888888889,180
P2,41,random_70,NK_CD56bright,0.8754716981132075,0.9747899159663865,119
P2,41,random_70,Plasma,0.9586776859504132,1.0,58
P2,41,random_70,Plasmablast,0.9473684210526315,0.9473684210526315,19
P2,41,random_70,Platelet,0.8256880733944955,0.7377049180327869,61
P2,41,random_70,Treg Memory,0.7556818181818181,0.7189189189189189,185
P2,41,random_70,Treg Naive,0.8542805100182149,0.9214145383104125,509
P2,41,random_70,cDC1,0.9333333333333333,0.875,8
P2,41,random_70,cDC2_1,0.7382550335570471,0.859375,64
P2,41,random_70,cDC2_2,0.904109589041096,0.868421052631579,152
P2,41,random_70,dnT_1,0.5932203389830508,0.8235294117647058,85
P2,41,random_70,dnT_2,0.9090909090909091,0.9090909090909091,44
P2,41,random_70,gdT_1,0.9261622607110301,0.8804159445407279,577
P2,41,random_70,gdT_2,0.30927835051546393,0.7142857142857143,21
P2,41,random_70,gdT_3,0.7571428571428571,0.8412698412698413,63
P2,41,random_70,gdT_4,0.5526315789473684,0.6,35
P2,41,random_70,pDC,1.0,1.0,46
P2,41,marker_memory,ASDC_mDC,1.0,1.0,3
P2,41,marker_memory,ASDC_pDC,1.0,1.0,3
P2,41,marker_memory,B intermediate kappa,0.8235294117647058,0.8333333333333334,84
P2,41,marker_memory,B intermediate lambda,0.7976190476190476,0.8072289156626506,83
P2,41,marker_memory,B memory kappa,0.8723404255319149,0.8541666666666666,96
P2,41,marker_memory,B memory lambda,0.7837837837837838,0.7837837837837838,37
P2,41,marker_memory,B naive kappa,0.9086826347305388,0.912781954887218,665
P2,41,marker_memory,B naive lambda,0.8159722222222222,0.8020477815699659,293
P2,41,marker_memory,CD14 Mono,0.9758241758241759,0.962080173347779,2769
P2,41,marker_memory,CD16 Mono,0.9417989417989417,0.9740082079343365,731
P2,41,marker_memory,CD4 CTL,0.966542750929368,0.9923664122137404,262
P2,41,marker_memory,CD4 Naive,0.9629384513567174,0.970647098065377,2998
P2,41,marker_memory,CD4 Proliferating,0.5185185185185186,0.4666666666666667,15
P2,41,marker_memory,CD4 TCM_1,0.837453971593898,0.8105906313645621,982
P2,41,marker_memory,CD4 TCM_2,0.6948356807511737,0.7956989247311828,93
P2,41,marker_memory,CD4 TCM_3,0.8756875687568758,0.8883928571428571,448
P2,41,marker_memory,CD4 TEM_1,0.8055555555555555,0.725,120
P2,41,marker_memory,CD4 TEM_2,0.6842105263157895,0.6666666666666666,39
P2,41,marker_memory,CD4 TEM_3,0.6371681415929205,0.5625,64
P2,41,marker_memory,CD4 TEM_4,0.4,0.5,2
P2,41,marker_memory,CD8 Naive,0.9857691438897673,0.9900181488203267,2204
P2,41,marker_memory,CD8 Naive_2,0.6153846153846154,0.625,32
P2,41,marker_memory,CD8 Proliferating,0.6666666666666666,1.0,6
P2,41,marker_memory,CD8 TCM_1,0.6333333333333333,0.6063829787234043,94
P2,41,marker_memory,CD8 TCM_2,0.5979381443298969,0.5686274509803921,51
P2,41,marker_memory,CD8 TCM_3,0.8953488372093024,0.9166666666666666,84
P2,41,marker_memory,CD8 TEM_1,0.8465608465608466,0.8391608391608392,286
P2,41,marker_memory,CD8 TEM_2,0.7910863509749304,0.7759562841530054,183
P2,41,marker_memory,CD8 TEM_3,0.5565217391304348,0.5925925925925926,54
P2,41,marker_memory,CD8 TEM_4,0.8798370672097761,0.8852459016393442,244
P2,41,marker_memory,CD8 TEM_5,0.958904109589041,0.9545454545454546,220
P2,41,marker_memory,CD8 TEM_6,0.8354430379746836,0.8461538461538461,39
P2,41,marker_memory,Doublet,0.7272727272727272,0.7555555555555555,90
P2,41,marker_memory,Eryth,0.7333333333333334,0.8461538461538461,13
P2,41,marker_memory,HSPC,1.0,1.0,19
P2,41,marker_memory,ILC,0.9642857142857143,1.0,27
P2,41,marker_memory,MAIT,0.9767441860465115,0.9829787234042553,235
P2,41,marker_memory,NK Proliferating,0.8602150537634408,0.8163265306122449,49
P2,41,marker_memory,NK_1,0.6213592233009709,0.6274509803921569,102
P2,41,marker_memory,NK_2,0.9192025183630641,0.8866396761133604,988
P2,41,marker_memory,NK_3,0.5,0.4069767441860465,172
P2,41,marker_memory,NK_4,0.6177105831533478,0.7944444444444444,180
P2,41,marker_memory,NK_CD56bright,0.8782287822878229,1.0,119
P2,41,marker_memory,Plasma,0.9747899159663865,1.0,58
P2,41,marker_memory,Plasmablast,0.972972972972973,0.9473684210526315,19
P2,41,marker_memory,Platelet,0.8545454545454545,0.7704918032786885,61
P2,41,marker_memory,Treg Memory,0.7469135802469136,0.654054054054054,185
P2,41,marker_memory,Treg Naive,0.8630009319664491,0.9096267190569745,509
P2,41,marker_memory,cDC1,0.9333333333333333,0.875,8
P2,41,marker_memory,cDC2_1,0.7164179104477612,0.75,64
P2,41,marker_memory,cDC2_2,0.919093851132686,0.9342105263157895,152
P2,41,marker_memory,dnT_1,0.7885714285714286,0.8117647058823529,85
P2,41,marker_memory,dnT_2,0.9156626506024097,0.8636363636363636,44
P2,41,marker_memory,gdT_1,0.9704347826086958,0.9670710571923743,577
P2,41,marker_memory,gdT_2,0.5769230769230769,0.7142857142857143,21
P2,41,marker_memory,gdT_3,0.9016393442622951,0.873015873015873,63
P2,41,marker_memory,gdT_4,0.7575757575757576,0.7142857142857143,35
P2,41,marker_memory,pDC,1.0,1.0,46
P2,41,marker_tcell,ASDC_mDC,1.0,1.0,3
P2,41,marker_tcell,ASDC_pDC,1.0,1.0,3
P2,41,marker_tcell,B intermediate kappa,0.8284023668639053,0.8333333333333334,84
P2,41,marker_tcell,B intermediate lambda,0.7928994082840237,0.8072289156626506,83
P2,41,marker_tcell,B memory kappa,0.8736842105263158,0.8645833333333334,96
P2,41,marker_tcell,B memory lambda,0.7837837837837838,0.7837837837837838,37
P2,41,marker_tcell,B naive kappa,0.906367041198502,0.9097744360902256,665
P2,41,marker_tcell,B naive lambda,0.8139130434782608,0.7986348122866894,293
P2,41,marker_tcell,CD14 Mono,0.9754937820043891,0.9631635969664138,2769
P2,41,marker_tcell,CD16 Mono,0.9434464404524284,0.9699042407660738,731
P2,41,marker_tcell,CD4 CTL,0.9591078066914499,0.9847328244274809,262
P2,41,marker_tcell,CD4 Naive,0.9644110275689223,0.962641761174116,2998
P2,41,marker_tcell,CD4 Proliferating,0.64,0.5333333333333333,15
P2,41,marker_tcell,CD4 TCM_1,0.8284789644012944,0.7820773930753564,982
P2,41,marker_tcell,CD4 TCM_2,0.6883720930232557,0.7956989247311828,93
P2,41,marker_tcell,CD4 TCM_3,0.851063829787234,0.9375,448
P2,41,marker_tcell,CD4 TEM_1,0.8389830508474576,0.825,120
P2,41,marker_tcell,CD4 TEM_2,0.7199999999999999,0.6923076923076923,39
P2,41,marker_tcell,CD4 TEM_3,0.6666666666666666,0.5625,64
P2,41,marker_tcell,CD4 TEM_4,0.1818181818181818,0.5,2
P2,41,marker_tcell,CD8 Naive,0.9768295480614819,0.9659709618874773,2204
P2,41,marker_tcell,CD8 Naive_2,0.6774193548387096,0.65625,32
P2,41,marker_tcell,CD8 Proliferating,0.7692307692307692,0.8333333333333334,6
P2,41,marker_tcell,CD8 TCM_1,0.5789473684210527,0.46808510638297873,94
P2,41,marker_tcell,CD8 TCM_2,0.6218487394957983,0.7254901960784313,51
P2,41,marker_tcell,CD8 TCM_3,0.8457142857142858,0.8809523809523809,84
P2,41,marker_tcell,CD8 TEM_1,0.8380281690140846,0.8321678321678322,286
P2,41,marker_tcell,CD8 TEM_2,0.7469135802469136,0.6612021857923497,183
P2,41,marker_tcell,CD8 TEM_3,0.5862068965517241,0.6296296296296297,54
P2,41,marker_tcell,CD8 TEM_4,0.8521739130434782,0.8032786885245902,244
P2,41,marker_tcell,CD8 TEM_5,0.9107551487414188,0.9045454545454545,220
P2,41,marker_tcell,CD8 TEM_6,0.8266666666666667,0.7948717948717948,39
P2,41,marker_tcell,Doublet,0.7040816326530612,0.7666666666666667,90
P2,41,marker_tcell,Eryth,0.7333333333333334,0.8461538461538461,13
P2,41,marker_tcell,HSPC,1.0,1.0,19
P2,41,marker_tcell,ILC,0.9310344827586207,1.0,27
P2,41,marker_tcell,MAIT,0.8524590163934426,0.9957446808510638,235
P2,41,marker_tcell,NK Proliferating,0.8979591836734694,0.8979591836734694,49
P2,41,marker_tcell,NK_1,0.547945205479452,0.5882352941176471,102
P2,41,marker_tcell,NK_2,0.9117647058823529,0.8785425101214575,988
P2,41,marker_tcell,NK_3,0.4709897610921502,0.4011627906976744,172
P2,41,marker_tcell,NK_4,0.6100217864923747,0.7777777777777778,180
P2,41,marker_tcell,NK_CD56bright,0.8750000000000001,1.0,119
P2,41,marker_tcell,Plasma,0.9666666666666666,1.0,58
P2,41,marker_tcell,Plasmablast,0.9473684210526315,0.9473684210526315,19
P2,41,marker_tcell,Platelet,0.8468468468468469,0.7704918032786885,61
P2,41,marker_tcell,Treg Memory,0.7588235294117647,0.6972972972972973,185
P2,41,marker_tcell,Treg Naive,0.8690807799442897,0.9194499017681729,509
P2,41,marker_tcell,cDC1,0.9333333333333333,0.875,8
P2,41,marker_tcell,cDC2_1,0.742857142857143,0.8125,64
P2,41,marker_tcell,cDC2_2,0.9240924092409241,0.9210526315789473,152
P2,41,marker_tcell,dnT_1,0.6410256410256411,0.8823529411764706,85
P2,41,marker_tcell,dnT_2,0.9318181818181818,0.9318181818181818,44
P2,41,marker_tcell,gdT_1,0.8660194174757281,0.7729636048526863,577
P2,41,marker_tcell,gdT_2,0.32967032967032966,0.7142857142857143,21
P2,41,marker_tcell,gdT_3,0.7851851851851852,0.8412698412698413,63
P2,41,marker_tcell,gdT_4,0.5274725274725274,0.6857142857142857,35
P2,41,marker_tcell,pDC,1.0,1.0,46
P2,41,rna_only,ASDC_mDC,0.8,0.6666666666666666,3
P2,41,rna_only,ASDC_pDC,1.0,1.0,3
P2,41,rna_only,B intermediate kappa,0.7954545454545455,0.8333333333333334,84
P2,41,rna_only,B intermediate lambda,0.7602339181286549,0.7831325301204819,83
P2,41,rna_only,B memory kappa,0.8730964467005076,0.8958333333333334,96
P2,41,rna_only,B memory lambda,0.8354430379746834,0.8918918918918919,37
P2,41,rna_only,B naive kappa,0.8835027365129008,0.849624060150376,665
P2,41,rna_only,B naive lambda,0.792079207920792,0.8191126279863481,293
P2,41,rna_only,CD14 Mono,0.9717948717948718,0.958107620079451,2769
P2,41,rna_only,CD16 Mono,0.9393139841688654,0.9740082079343365,731
P2,41,rna_only,CD4 CTL,0.9451795841209829,0.9541984732824428,262
P2,41,rna_only,CD4 Naive,0.9522071025555925,0.956971314209473,2998
P2,41,rna_only,CD4 Proliferating,0.625,0.6666666666666666,15
P2,41,rna_only,CD4 TCM_1,0.8140020898641588,0.7932790224032586,982
P2,41,rna_only,CD4 TCM_2,0.6755555555555556,0.8172043010752689,93
P2,41,rna_only,CD4 TCM_3,0.839323467230444,0.8861607142857143,448
P2,41,rna_only,CD4 TEM_1,0.8117154811715481,0.8083333333333333,120
P2,41,rna_only,CD4 TEM_2,0.6666666666666667,0.6153846153846154,39
P2,41,rna_only,CD4 TEM_3,0.5252525252525253,0.40625,64
P2,41,rna_only,CD4 TEM_4,0.0,0.0,2
P2,41,rna_only,CD8 Naive,0.9780294450736127,0.9795825771324864,2204
P2,41,rna_only,CD8 Naive_2,0.6333333333333334,0.59375,32
P2,41,rna_only,CD8 Proliferating,0.625,0.8333333333333334,6
P2,41,rna_only,CD8 TCM_1,0.5592417061611373,0.6276595744680851,94
P2,41,rna_only,CD8 TCM_2,0.5217391304347826,0.47058823529411764,51
P2,41,rna_only,CD8 TCM_3,0.6883116883116883,0.6309523809523809,84
P2,41,rna_only,CD8 TEM_1,0.7920433996383364,0.7657342657342657,286
P2,41,rna_only,CD8 TEM_2,0.743169398907104,0.7431693989071039,183
P2,41,rna_only,CD8 TEM_3,0.5238095238095238,0.6111111111111112,54
P2,41,rna_only,CD8 TEM_4,0.8278867102396515,0.7786885245901639,244
P2,41,rna_only,CD8 TEM_5,0.9217002237136465,0.9363636363636364,220
P2,41,rna_only,CD8 TEM_6,0.7674418604651163,0.8461538461538461,39
P2,41,rna_only,Doublet,0.6235294117647059,0.5888888888888889,90
P2,41,rna_only,Eryth,0.7058823529411765,0.9230769230769231,13
P2,41,rna_only,HSPC,0.9743589743589743,1.0,19
P2,41,rna_only,ILC,0.8571428571428571,1.0,27
P2,41,rna_only,MAIT,0.91699604743083,0.9872340425531915,235
P2,41,rna_only,NK Proliferating,0.851063829787234,0.8163265306122449,49
P2,41,rna_only,NK_1,0.4930232558139535,0.5196078431372549,102
P2,41,rna_only,NK_2,0.8768312533912099,0.8178137651821862,988
P2,41,rna_only,NK_3,0.49838187702265374,0.4476744186046512,172
P2,41,rna_only,NK_4,0.5906313645621182,0.8055555555555556,180
P2,41,rna_only,NK_CD56bright,0.8692307692307694,0.9495798319327731,119
P2,41,rna_only,Plasma,0.9572649572649573,0.9655172413793104,58
P2,41,rna_only,Plasmablast,0.9473684210526315,0.9473684210526315,19
P2,41,rna_only,Platelet,0.8141592920353982,0.7540983606557377,61
P2,41,rna_only,Treg Memory,0.7596439169139466,0.6918918918918919,185
P2,41,rna_only,Treg Naive,0.8141592920353982,0.8133595284872298,509
P2,41,rna_only,cDC1,0.9333333333333333,0.875,8
P2,41,rna_only,cDC2_1,0.6808510638297872,0.75,64
P2,41,rna_only,cDC2_2,0.9120521172638436,0.9210526315789473,152
P2,41,rna_only,dnT_1,0.625,0.7058823529411765,85
P2,41,rna_only,dnT_2,0.9024390243902439,0.8409090909090909,44
P2,41,rna_only,gdT_1,0.9345291479820628,0.902946273830156,577
P2,41,rna_only,gdT_2,0.5283018867924528,0.6666666666666666,21
P2,41,rna_only,gdT_3,0.8091603053435115,0.8412698412698413,63
P2,41,rna_only,gdT_4,0.588235294117647,0.5714285714285714,35
P2,41,rna_only,pDC,1.0,1.0,46
P2,41,random_size_matched_6,ASDC_mDC,1.0,1.0,3
P2,41,random_size_matched_6,ASDC_pDC,1.0,1.0,3
P2,41,random_size_matched_6,B intermediate kappa,0.8488372093023256,0.8690476190476191,84
P2,41,random_size_matched_6,B intermediate lambda,0.7752808988764045,0.8313253012048193,83
P2,41,random_size_matched_6,B memory kappa,0.8808290155440415,0.8854166666666666,96
P2,41,random_size_matched_6,B memory lambda,0.7948717948717948,0.8378378378378378,37
P2,41,random_size_matched_6,B naive kappa,0.9032258064516129,0.8842105263157894,665
P2,41,random_size_matched_6,B naive lambda,0.8191126279863481,0.8191126279863481,293
P2,41,random_size_matched_6,CD14 Mono,0.9762253108997805,0.9638858793788371,2769
P2,41,random_size_matched_6,CD16 Mono,0.9400798934753661,0.9658002735978112,731
P2,41,random_size_matched_6,CD4 CTL,0.9810606060606061,0.9885496183206107,262
P2,41,random_size_matched_6,CD4 Naive,0.9662622569386737,0.9696464309539693,2998
P2,41,random_size_matched_6,CD4 Proliferating,0.6666666666666666,0.6666666666666666,15
P2,41,random_size_matched_6,CD4 TCM_1,0.8451711803781299,0.8421588594704684,982
P2,41,random_size_matched_6,CD4 TCM_2,0.6905829596412557,0.8279569892473119,93
P2,41,random_size_matched_6,CD4 TCM_3,0.8710407239819005,0.859375,448
P2,41,random_size_matched_6,CD4 TEM_1,0.8272727272727273,0.7583333333333333,120
P2,41,random_size_matched_6,CD4 TEM_2,0.717948717948718,0.717948717948718,39
P2,41,random_size_matched_6,CD4 TEM_3,0.6285714285714286,0.515625,64
P2,41,random_size_matched_6,CD4 TEM_4,0.5,0.5,2
P2,41,random_size_matched_6,CD8 Naive,0.9866666666666667,0.9904718693284936,2204
P2,41,random_size_matched_6,CD8 Naive_2,0.6885245901639345,0.65625,32
P2,41,random_size_matched_6,CD8 Proliferating,0.7142857142857143,0.8333333333333334,6
P2,41,random_size_matched_6,CD8 TCM_1,0.6292134831460674,0.5957446808510638,94
P2,41,random_size_matched_6,CD8 TCM_2,0.6857142857142857,0.7058823529411765,51
P2,41,random_size_matched_6,CD8 TCM_3,0.8994082840236687,0.9047619047619048,84
P2,41,random_size_matched_6,CD8 TEM_1,0.8492201039861351,0.8566433566433567,286
P2,41,random_size_matched_6,CD8 TEM_2,0.791907514450867,0.7486338797814208,183
P2,41,random_size_matched_6,CD8 TEM_3,0.5636363636363636,0.5740740740740741,54
P2,41,random_size_matched_6,CD8 TEM_4,0.8811475409836066,0.8811475409836066,244
P2,41,random_size_matched_6,CD8 TEM_5,0.9478458049886621,0.95,220
P2,41,random_size_matched_6,CD8 TEM_6,0.8354430379746836,0.8461538461538461,39
P2,41,random_size_matched_6,Doublet,0.702127659574468,0.7333333333333333,90
P2,41,random_size_matched_6,Eryth,0.7857142857142856,0.8461538461538461,13
P2,41,random_size_matched_6,HSPC,1.0,1.0,19
P2,41,random_size_matched_6,ILC,0.9473684210526316,1.0,27
P2,41,random_size_matched_6,MAIT,0.964509394572025,0.9829787234042553,235
P2,41,random_size_matched_6,NK Proliferating,0.8478260869565216,0.7959183673469388,49
P2,41,random_size_matched_6,NK_1,0.5940594059405941,0.5882352941176471,102
P2,41,random_size_matched_6,NK_2,0.9109119662625198,0.8744939271255061,988
P2,41,random_size_matched_6,NK_3,0.4946236559139784,0.4011627906976744,172
P2,41,random_size_matched_6,NK_4,0.6309278350515464,0.85,180
P2,41,random_size_matched_6,NK_CD56bright,0.9111969111969112,0.9915966386554622,119
P2,41,random_size_matched_6,Plasma,0.9586776859504132,1.0,58
P2,41,random_size_matched_6,Plasmablast,0.918918918918919,0.8947368421052632,19
P2,41,random_size_matched_6,Platelet,0.8468468468468469,0.7704918032786885,61
P2,41,random_size_matched_6,Treg Memory,0.764525993883792,0.6756756756756757,185
P2,41,random_size_matched_6,Treg Naive,0.8728971962616823,0.9174852652259332,509
P2,41,random_size_matched_6,cDC1,0.9333333333333333,0.875,8
P2,41,random_size_matched_6,cDC2_1,0.7482014388489209,0.8125,64
P2,41,random_size_matched_6,cDC2_2,0.9276315789473685,0.9276315789473685,152
P2,41,random_size_matched_6,dnT_1,0.8087431693989071,0.8705882352941177,85
P2,41,random_size_matched_6,dnT_2,0.942528735632184,0.9318181818181818,44
P2,41,random_size_matched_6,gdT_1,0.967741935483871,0.9618717504332756,577
P2,41,random_size_matched_6,gdT_2,0.588235294117647,0.7142857142857143,21
P2,41,random_size_matched_6,gdT_3,0.912,0.9047619047619048,63
P2,41,random_size_matched_6,gdT_4,0.7462686567164178,0.7142857142857143,35
P2,41,random_size_matched_6,pDC,1.0,1.0,46
P2,41,random_size_matched_15,ASDC_mDC,1.0,1.0,3
P2,41,random_size_matched_15,ASDC_pDC,1.0,1.0,3
P2,41,random_size_matched_15,B intermediate kappa,0.8352941176470589,0.8452380952380952,84
P2,41,random_size_matched_15,B intermediate lambda,0.819277108433735,0.8192771084337349,83
P2,41,random_size_matched_15,B memory kappa,0.8673469387755102,0.8854166666666666,96
P2,41,random_size_matched_15,B memory lambda,0.7654320987654323,0.8378378378378378,37
P2,41,random_size_matched_15,B naive kappa,0.9066059225512529,0.8977443609022556,665
P2,41,random_size_matched_15,B naive lambda,0.8131487889273357,0.8020477815699659,293
P2,41,random_size_matched_15,CD14 Mono,0.9766252739225713,0.9656915854098953,2769
P2,41,random_size_matched_15,CD16 Mono,0.9411764705882354,0.9630642954856361,731
P2,41,random_size_matched_15,CD4 CTL,0.9792060491493384,0.9885496183206107,262
P2,41,random_size_matched_15,CD4 Naive,0.9664563268017271,0.970647098065377,2998
P2,41,random_size_matched_15,CD4 Proliferating,0.689655172413793,0.6666666666666666,15
P2,41,random_size_matched_15,CD4 TCM_1,0.8482051282051282,0.8421588594704684,982
P2,41,random_size_matched_15,CD4 TCM_2,0.6968325791855203,0.8279569892473119,93
P2,41,random_size_matched_15,CD4 TCM_3,0.8801791713325869,0.8772321428571429,448
P2,41,random_size_matched_15,CD4 TEM_1,0.8303571428571429,0.775,120
P2,41,random_size_matched_15,CD4 TEM_2,0.7105263157894737,0.6923076923076923,39
P2,41,random_size_matched_15,CD4 TEM_3,0.6213592233009708,0.5,64
P2,41,random_size_matched_15,CD4 TEM_4,0.5,0.5,2
P2,41,random_size_matched_15,CD8 Naive,0.9857562740221569,0.9891107078039928,2204
P2,41,random_size_matched_15,CD8 Naive_2,0.6666666666666666,0.625,32
P2,41,random_size_matched_15,CD8 Proliferating,0.6666666666666667,0.8333333333333334,6
P2,41,random_size_matched_15,CD8 TCM_1,0.6629834254143647,0.6382978723404256,94
P2,41,random_size_matched_15,CD8 TCM_2,0.6788990825688075,0.7254901960784313,51
P2,41,random_size_matched_15,CD8 TCM_3,0.8902439024390244,0.8690476190476191,84
P2,41,random_size_matched_15,CD8 TEM_1,0.8517241379310345,0.8636363636363636,286
P2,41,random_size_matched_15,CD8 TEM_2,0.7965116279069767,0.7486338797814208,183
P2,41,random_size_matched_15,CD8 TEM_3,0.6260869565217391,0.6666666666666666,54
P2,41,random_size_matched_15,CD8 TEM_4,0.8833333333333333,0.8688524590163934,244
P2,41,random_size_matched_15,CD8 TEM_5,0.9551569506726458,0.9681818181818181,220
P2,41,random_size_matched_15,CD8 TEM_6,0.8250000000000001,0.8461538461538461,39
P2,41,random_size_matched_15,Doublet,0.7015706806282722,0.7444444444444445,90
P2,41,random_size_matched_15,Eryth,0.7857142857142856,0.8461538461538461,13
P2,41,random_size_matched_15,HSPC,1.0,1.0,19
P2,41,random_size_matched_15,ILC,0.9642857142857143,1.0,27
P2,41,random_size_matched_15,MAIT,0.9726315789473684,0.9829787234042553,235
P2,41,random_size_matched_15,NK Proliferating,0.851063829787234,0.8163265306122449,49
P2,41,random_size_matched_15,NK_1,0.5980392156862745,0.5980392156862745,102
P2,41,random_size_matched_15,NK_2,0.9024000000000001,0.8562753036437247,988
P2,41,random_size_matched_15,NK_3,0.44106463878326996,0.3372093023255814,172
P2,41,random_size_matched_15,NK_4,0.5714285714285715,0.8111111111111111,180
P2,41,random_size_matched_15,NK_CD56bright,0.8782287822878229,1.0,119
P2,41,random_size_matched_15,Plasma,0.9666666666666666,1.0,58
P2,41,random_size_matched_15,Plasmablast,0.9473684210526315,0.9473684210526315,19
P2,41,random_size_matched_15,Platelet,0.8468468468468469,0.7704918032786885,61
P2,41,random_size_matched_15,Treg Memory,0.7592592592592592,0.6648648648648648,185
P2,41,random_size_matched_15,Treg Naive,0.8697282099343955,0.9115913555992141,509
P2,41,random_size_matched_15,cDC1,0.9333333333333333,0.875,8
P2,41,random_size_matched_15,cDC2_1,0.7536231884057971,0.8125,64
P2,41,random_size_matched_15,cDC2_2,0.92,0.9078947368421053,152
P2,41,random_size_matched_15,dnT_1,0.7932960893854748,0.8352941176470589,85
P2,41,random_size_matched_15,dnT_2,0.942528735632184,0.9318181818181818,44
P2,41,random_size_matched_15,gdT_1,0.968586387434555,0.9618717504332756,577
P2,41,random_size_matched_15,gdT_2,0.5818181818181817,0.7619047619047619,21
P2,41,random_size_matched_15,gdT_3,0.912,0.9047619047619048,63
P2,41,random_size_matched_15,gdT_4,0.7462686567164178,0.7142857142857143,35
P2,41,random_size_matched_15,pDC,1.0,1.0,46
P2,42,full,ASDC_mDC,1.0,1.0,3
P2,42,full,ASDC_pDC,0.8571428571428571,1.0,3
P2,42,full,B intermediate kappa,0.853932584269663,0.9047619047619048,84
P2,42,full,B intermediate lambda,0.8047337278106508,0.8192771084337349,83
P2,42,full,B memory kappa,0.8854166666666666,0.8854166666666666,96
P2,42,full,B memory lambda,0.8372093023255813,0.972972972972973,37
P2,42,full,B naive kappa,0.9122257053291536,0.8751879699248121,665
P2,42,full,B naive lambda,0.8543371522094927,0.8907849829351536,293
P2,42,full,CD14 Mono,0.9666976744186047,0.9382448537378115,2769
P2,42,full,CD16 Mono,0.9211195928753181,0.9904240766073872,731
P2,42,full,CD4 CTL,0.983050847457627,0.9961832061068703,262
P2,42,full,CD4 Naive,0.9619172685489166,0.9773182121414277,2998
P2,42,full,CD4 Proliferating,0.7142857142857143,1.0,15
P2,42,full,CD4 TCM_1,0.8194905869324474,0.7535641547861507,982
P2,42,full,CD4 TCM_2,0.6568627450980393,0.7204301075268817,93
P2,42,full,CD4 TCM_3,0.8607863974495218,0.9040178571428571,448
P2,42,full,CD4 TEM_1,0.8310502283105023,0.7583333333333333,120
P2,42,full,CD4 TEM_2,0.7297297297297296,0.6923076923076923,39
P2,42,full,CD4 TEM_3,0.616822429906542,0.515625,64
P2,42,full,CD4 TEM_4,0.0,0.0,2
P2,42,full,CD8 Naive,0.9849404360530457,0.9941016333938294,2204
P2,42,full,CD8 Naive_2,0.6666666666666667,0.65625,32
P2,42,full,CD8 Proliferating,0.7692307692307692,0.8333333333333334,6
P2,42,full,CD8 TCM_1,0.6775956284153006,0.6595744680851063,94
P2,42,full,CD8 TCM_2,0.6521739130434783,0.5882352941176471,51
P2,42,full,CD8 TCM_3,0.9111111111111111,0.9761904761904762,84
P2,42,full,CD8 TEM_1,0.8379888268156424,0.7867132867132867,286
P2,42,full,CD8 TEM_2,0.7692307692307693,0.7650273224043715,183
P2,42,full,CD8 TEM_3,0.6451612903225806,0.5555555555555556,54
P2,42,full,CD8 TEM_4,0.8688845401174168,0.9098360655737705,244
P2,42,full,CD8 TEM_5,0.9521640091116174,0.95,220
P2,42,full,CD8 TEM_6,0.8421052631578947,0.8205128205128205,39
P2,42,full,Doublet,0.7216494845360825,0.7777777777777778,90
P2,42,full,Eryth,0.7741935483870968,0.9230769230769231,13
P2,42,full,HSPC,1.0,1.0,19
P2,42,full,ILC,1.0,1.0,27
P2,42,full,MAIT,0.9668049792531122,0.9914893617021276,235
P2,42,full,NK Proliferating,0.8181818181818182,0.7346938775510204,49
P2,42,full,NK_1,0.4142857142857143,0.28431372549019607,102
P2,42,full,NK_2,0.9306243805748264,0.9504048582995951,988
P2,42,full,NK_3,0.5686900958466454,0.5174418604651163,172
P2,42,full,NK_4,0.6787564766839378,0.7277777777777777,180
P2,42,full,NK_CD56bright,0.893939393939394,0.9915966386554622,119
P2,42,full,Plasma,0.9586776859504132,1.0,58
P2,42,full,Plasmablast,0.9473684210526315,0.9473684210526315,19
P2,42,full,Platelet,0.8347826086956522,0.7868852459016393,61
P2,42,full,Treg Memory,0.7647058823529411,0.7027027027027027,185
P2,42,full,Treg Naive,0.8674033149171271,0.925343811394892,509
P2,42,full,cDC1,0.9333333333333333,0.875,8
P2,42,full,cDC2_1,0.7051282051282052,0.859375,64
P2,42,full,cDC2_2,0.9337748344370861,0.9276315789473685,152
P2,42,full,dnT_1,0.7804878048780488,0.7529411764705882,85
P2,42,full,dnT_2,0.8421052631578948,0.9090909090909091,44
P2,42,full,gdT_1,0.9694323144104804,0.9618717504332756,577
P2,42,full,gdT_2,0.5957446808510638,0.6666666666666666,21
P2,42,full,gdT_3,0.890625,0.9047619047619048,63
P2,42,full,gdT_4,0.8115942028985507,0.8,35
P2,42,full,pDC,0.989010989010989,0.9782608695652174,46
P2,42,random_10,ASDC_mDC,1.0,1.0,3
P2,42,random_10,ASDC_pDC,0.8571428571428571,1.0,3
P2,42,random_10,B intermediate kappa,0.8444444444444444,0.9047619047619048,84
P2,42,random_10,B intermediate lambda,0.8,0.8192771084337349,83
P2,42,random_10,B memory kappa,0.8900523560209423,0.8854166666666666,96
P2,42,random_10,B memory lambda,0.8470588235294119,0.972972972972973,37
P2,42,random_10,B naive kappa,0.9102362204724409,0.869172932330827,665
P2,42,random_10,B naive lambda,0.8492706645056726,0.89419795221843,293
P2,42,random_10,CD14 Mono,0.9688080207946529,0.9422174070061394,2769
P2,42,random_10,CD16 Mono,0.9199491740787803,0.9904240766073872,731
P2,42,random_10,CD4 CTL,0.9775280898876404,0.9961832061068703,262
P2,42,random_10,CD4 Naive,0.9626460424551588,0.975650433622415,2998
P2,42,random_10,CD4 Proliferating,0.7142857142857143,1.0,15
P2,42,random_10,CD4 TCM_1,0.8277380297193175,0.7657841140529531,982
P2,42,random_10,CD4 TCM_2,0.6865671641791045,0.7419354838709677,93
P2,42,random_10,CD4 TCM_3,0.8601252609603341,0.9196428571428571,448
P2,42,random_10,CD4 TEM_1,0.8240740740740741,0.7416666666666667,120
P2,42,random_10,CD4 TEM_2,0.6865671641791046,0.5897435897435898,39
P2,42,random_10,CD4 TEM_3,0.6238532110091743,0.53125,64
P2,42,random_10,CD4 TEM_4,0.0,0.0,2
P2,42,random_10,CD8 Naive,0.9847328244274809,0.9950090744101633,2204
P2,42,random_10,CD8 Naive_2,0.676923076923077,0.6875,32
P2,42,random_10,CD8 Proliferating,0.7142857142857143,0.8333333333333334,6
P2,42,random_10,CD8 TCM_1,0.6774193548387099,0.6702127659574468,94
P2,42,random_10,CD8 TCM_2,0.6888888888888889,0.6078431372549019,51
P2,42,random_10,CD8 TCM_3,0.8961748633879781,0.9761904761904762,84
P2,42,random_10,CD8 TEM_1,0.8311195445920304,0.7657342657342657,286
P2,42,random_10,CD8 TEM_2,0.7231638418079097,0.6994535519125683,183
P2,42,random_10,CD8 TEM_3,0.6597938144329897,0.5925925925925926,54
P2,42,random_10,CD8 TEM_4,0.8467432950191571,0.9057377049180327,244
P2,42,random_10,CD8 TEM_5,0.9403669724770641,0.9318181818181818,220
P2,42,random_10,CD8 TEM_6,0.8157894736842105,0.7948717948717948,39
P2,42,random_10,Doublet,0.7513812154696132,0.7555555555555555,90
P2,42,random_10,Eryth,0.8000000000000002,0.9230769230769231,13
P2,42,random_10,HSPC,1.0,1.0,19
P2,42,random_10,ILC,1.0,1.0,27
P2,42,random_10,MAIT,0.9490835030549899,0.9914893617021276,235
P2,42,random_10,NK Proliferating,0.8505747126436782,0.7551020408163265,49
P2,42,random_10,NK_1,0.4142857142857143,0.28431372549019607,102
P2,42,random_10,NK_2,0.9312221672439388,0.9524291497975709,988
P2,42,random_10,NK_3,0.5431309904153355,0.4941860465116279,172
P2,42,random_10,NK_4,0.6972010178117048,0.7611111111111111,180
P2,42,random_10,NK_CD56bright,0.9105058365758756,0.9831932773109243,119
P2,42,random_10,Plasma,0.9586776859504132,1.0,58
P2,42,random_10,Plasmablast,0.9473684210526315,0.9473684210526315,19
P2,42,random_10,Platelet,0.8495575221238939,0.7868852459016393,61
P2,42,random_10,Treg Memory,0.7701149425287356,0.7243243243243244,185
P2,42,random_10,Treg Naive,0.8677150786308973,0.9214145383104125,509
P2,42,random_10,cDC1,0.9333333333333333,0.875,8
P2,42,random_10,cDC2_1,0.6923076923076924,0.84375,64
P2,42,random_10,cDC2_2,0.9306930693069307,0.9276315789473685,152
P2,42,random_10,dnT_1,0.7388535031847134,0.6823529411764706,85
P2,42,random_10,dnT_2,0.8247422680412373,0.9090909090909091,44
P2,42,random_10,gdT_1,0.9592198581560284,0.9376083188908145,577
P2,42,random_10,gdT_2,0.5384615384615384,0.6666666666666666,21
P2,42,random_10,gdT_3,0.9133858267716536,0.9206349206349206,63
P2,42,random_10,gdT_4,0.7692307692307692,0.7142857142857143,35
P2,42,random_10,pDC,0.989010989010989,0.9782608695652174,46
P2,42,random_30,ASDC_mDC,1.0,1.0,3
P2,42,random_30,ASDC_pDC,0.8571428571428571,1.0,3
P2,42,random_30,B intermediate kappa,0.8255813953488372,0.8452380952380952,84
P2,42,random_30,B intermediate lambda,0.7976190476190476,0.8072289156626506,83
P2,42,random_30,B memory kappa,0.89247311827957,0.8645833333333334,96
P2,42,random_30,B memory lambda,0.8571428571428571,0.972972972972973,37
P2,42,random_30,B naive kappa,0.899604743083004,0.8556390977443609,665
P2,42,random_30,B naive lambda,0.8220472440944883,0.8907849829351536,293
P2,42,random_30,CD14 Mono,0.9666172106824926,0.9411339833875045,2769
P2,42,random_30,CD16 Mono,0.9166666666666666,0.9931600547195623,731
P2,42,random_30,CD4 CTL,0.9700374531835206,0.9885496183206107,262
P2,42,random_30,CD4 Naive,0.9517508471841214,0.9836557705136758,2998
P2,42,random_30,CD4 Proliferating,0.6818181818181819,1.0,15
P2,42,random_30,CD4 TCM_1,0.8182323513062812,0.7494908350305499,982
P2,42,random_30,CD4 TCM_2,0.683937823834197,0.7096774193548387,93
P2,42,random_30,CD4 TCM_3,0.8577540106951872,0.8950892857142857,448
P2,42,random_30,CD4 TEM_1,0.8619246861924686,0.8583333333333333,120
P2,42,random_30,CD4 TEM_2,0.7391304347826088,0.8717948717948718,39
P2,42,random_30,CD4 TEM_3,0.6538461538461537,0.53125,64
P2,42,random_30,CD4 TEM_4,0.0,0.0,2
P2,42,random_30,CD8 Naive,0.9835696601395454,0.9913793103448276,2204
P2,42,random_30,CD8 Naive_2,0.6557377049180328,0.625,32
P2,42,random_30,CD8 Proliferating,0.6153846153846153,0.6666666666666666,6
P2,42,random_30,CD8 TCM_1,0.6553672316384181,0.6170212765957447,94
P2,42,random_30,CD8 TCM_2,0.5813953488372093,0.49019607843137253,51
P2,42,random_30,CD8 TCM_3,0.9060773480662984,0.9761904761904762,84
P2,42,random_30,CD8 TEM_1,0.8357664233576643,0.8006993006993007,286
P2,42,random_30,CD8 TEM_2,0.7705382436260624,0.7431693989071039,183
P2,42,random_30,CD8 TEM_3,0.6304347826086957,0.5370370370370371,54
P2,42,random_30,CD8 TEM_4,0.8649706457925637,0.9057377049180327,244
P2,42,random_30,CD8 TEM_5,0.9387755102040817,0.9409090909090909,220
P2,42,random_30,CD8 TEM_6,0.8421052631578947,0.8205128205128205,39
P2,42,random_30,Doublet,0.6823529411764706,0.6444444444444445,90
P2,42,random_30,Eryth,0.6896551724137931,0.7692307692307693,13
P2,42,random_30,HSPC,0.9743589743589743,1.0,19
P2,42,random_30,ILC,0.9811320754716981,0.9629629629629629,27
P2,42,random_30,MAIT,0.9267326732673268,0.9957446808510638,235
P2,42,random_30,NK Proliferating,0.8409090909090908,0.7551020408163265,49
P2,42,random_30,NK_1,0.5263157894736842,0.4411764705882353,102
P2,42,random_30,NK_2,0.921174652241113,0.9048582995951417,988
P2,42,random_30,NK_3,0.5489130434782609,0.5872093023255814,172
P2,42,random_30,NK_4,0.6976744186046512,0.75,180
P2,42,random_30,NK_CD56bright,0.9076923076923076,0.9915966386554622,119
P2,42,random_30,Plasma,0.9508196721311475,1.0,58
P2,42,random_30,Plasmablast,0.918918918918919,0.8947368421052632,19
P2,42,random_30,Platelet,0.8392857142857142,0.7704918032786885,61
P2,42,random_30,Treg Memory,0.7865168539325843,0.7567567567567568,185
P2,42,random_30,Treg Naive,0.8024819027921406,0.762278978388998,509
P2,42,random_30,cDC1,0.9333333333333333,0.875,8
P2,42,random_30,cDC2_1,0.691358024691358,0.875,64
P2,42,random_30,cDC2_2,0.9146757679180887,0.881578947368421,152
P2,42,random_30,dnT_1,0.7176470588235294,0.7176470588235294,85
P2,42,random_30,dnT_2,0.8602150537634408,0.9090909090909091,44
P2,42,random_30,gdT_1,0.9505840071877808,0.9168110918544194,577
P2,42,random_30,gdT_2,0.5283018867924528,0.6666666666666666,21
P2,42,random_30,gdT_3,0.8661417322834646,0.873015873015873,63
P2,42,random_30,gdT_4,0.7352941176470589,0.7142857142857143,35
P2,42,random_30,pDC,0.989010989010989,0.9782608695652174,46
P2,42,random_50,ASDC_mDC,1.0,1.0,3
P2,42,random_50,ASDC_pDC,0.8571428571428571,1.0,3
P2,42,random_50,B intermediate kappa,0.8114285714285715,0.8452380952380952,84
P2,42,random_50,B intermediate lambda,0.7560975609756098,0.7469879518072289,83
P2,42,random_50,B memory kappa,0.8787878787878787,0.90625,96
P2,42,random_50,B memory lambda,0.7422680412371134,0.972972972972973,37
P2,42,random_50,B naive kappa,0.8952380952380952,0.8481203007518797,665
P2,42,random_50,B naive lambda,0.8298217179902754,0.8737201365187713,293
P2,42,random_50,CD14 Mono,0.9734383586737497,0.9595521849042976,2769
P2,42,random_50,CD16 Mono,0.943643512450852,0.9849521203830369,731
P2,42,random_50,CD4 CTL,0.967984934086629,0.9809160305343512,262
P2,42,random_50,CD4 Naive,0.9542270728131618,0.9769846564376251,2998
P2,42,random_50,CD4 Proliferating,0.7142857142857143,1.0,15
P2,42,random_50,CD4 TCM_1,0.8080581980973699,0.7352342158859471,982
P2,42,random_50,CD4 TCM_2,0.5668449197860964,0.5698924731182796,93
P2,42,random_50,CD4 TCM_3,0.8174603174603174,0.9196428571428571,448
P2,42,random_50,CD4 TEM_1,0.7982062780269058,0.7416666666666667,120
P2,42,random_50,CD4 TEM_2,0.7532467532467534,0.7435897435897436,39
P2,42,random_50,CD4 TEM_3,0.4752475247524753,0.375,64
P2,42,random_50,CD4 TEM_4,0.0,0.0,2
P2,42,random_50,CD8 Naive,0.9849133078135556,0.9922867513611615,2204
P2,42,random_50,CD8 Naive_2,0.634920634920635,0.625,32
P2,42,random_50,CD8 Proliferating,0.6666666666666667,0.8333333333333334,6
P2,42,random_50,CD8 TCM_1,0.6702127659574468,0.6702127659574468,94
P2,42,random_50,CD8 TCM_2,0.6222222222222223,0.5490196078431373,51
P2,42,random_50,CD8 TCM_3,0.8770053475935828,0.9761904761904762,84
P2,42,random_50,CD8 TEM_1,0.8239700374531835,0.7692307692307693,286
P2,42,random_50,CD8 TEM_2,0.7555555555555555,0.7431693989071039,183
P2,42,random_50,CD8 TEM_3,0.6086956521739131,0.5185185185185185,54
P2,42,random_50,CD8 TEM_4,0.8543307086614174,0.889344262295082,244
P2,42,random_50,CD8 TEM_5,0.9384965831435079,0.9363636363636364,220
P2,42,random_50,CD8 TEM_6,0.8157894736842105,0.7948717948717948,39
P2,42,random_50,Doublet,0.6322580645161291,0.5444444444444444,90
P2,42,random_50,Eryth,0.7499999999999999,0.9230769230769231,13
P2,42,random_50,HSPC,1.0,1.0,19
P2,42,random_50,ILC,0.9433962264150944,0.9259259259259259,27
P2,42,random_50,MAIT,0.9069767441860465,0.9957446808510638,235
P2,42,random_50,NK Proliferating,0.8505747126436782,0.7551020408163265,49
P2,42,random_50,NK_1,0.5111111111111111,0.45098039215686275,102
P2,42,random_50,NK_2,0.9179826795720836,0.9119433198380567,988
P2,42,random_50,NK_3,0.5674157303370786,0.5872093023255814,172
P2,42,random_50,NK_4,0.6868131868131868,0.6944444444444444,180
P2,42,random_50,NK_CD56bright,0.9076923076923076,0.9915966386554622,119
P2,42,random_50,Plasma,0.9666666666666666,1.0,58
P2,42,random_50,Plasmablast,0.9473684210526315,0.9473684210526315,19
P2,42,random_50,Platelet,0.8205128205128205,0.7868852459016393,61
P2,42,random_50,Treg Memory,0.7913279132791328,0.7891891891891892,185
P2,42,random_50,Treg Naive,0.8020725388601038,0.7603143418467584,509
P2,42,random_50,cDC1,1.0,1.0,8
P2,42,random_50,cDC2_1,0.6956521739130435,0.875,64
P2,42,random_50,cDC2_2,0.9183673469387754,0.8881578947368421,152
P2,42,random_50,dnT_1,0.641025641025641,0.5882352941176471,85
P2,42,random_50,dnT_2,0.761904761904762,0.9090909090909091,44
P2,42,random_50,gdT_1,0.9435989256938228,0.9133448873483535,577
P2,42,random_50,gdT_2,0.43636363636363634,0.5714285714285714,21
P2,42,random_50,gdT_3,0.8529411764705882,0.9206349206349206,63
P2,42,random_50,gdT_4,0.676470588235294,0.6571428571428571,35
P2,42,random_50,pDC,0.9777777777777777,0.9565217391304348,46
P2,42,random_70,ASDC_mDC,1.0,1.0,3
P2,42,random_70,ASDC_pDC,0.8571428571428571,1.0,3
P2,42,random_70,B intermediate kappa,0.8087431693989071,0.8809523809523809,84
P2,42,random_70,B intermediate lambda,0.783132530120482,0.7831325301204819,83
P2,42,random_70,B memory kappa,0.8673469387755102,0.8854166666666666,96
P2,42,random_70,B memory lambda,0.8089887640449438,0.972972972972973,37
P2,42,random_70,B naive kappa,0.8871096877502003,0.8330827067669173,665
P2,42,random_70,B naive lambda,0.8229665071770335,0.8805460750853242,293
P2,42,random_70,CD14 Mono,0.9726354453627181,0.9563019140483929,2769
P2,42,random_70,CD16 Mono,0.9288047028086218,0.9726402188782489,731
P2,42,random_70,CD4 CTL,0.9313543599257885,0.9580152671755725,262
P2,42,random_70,CD4 Naive,0.9497405966277561,0.9769846564376251,2998
P2,42,random_70,CD4 Proliferating,0.6521739130434783,1.0,15
P2,42,random_70,CD4 TCM_1,0.7816091954022988,0.6924643584521385,982
P2,42,random_70,CD4 TCM_2,0.5759162303664921,0.5913978494623656,93
P2,42,random_70,CD4 TCM_3,0.8418848167539268,0.8973214285714286,448
P2,42,random_70,CD4 TEM_1,0.8095238095238096,0.7083333333333334,120
P2,42,random_70,CD4 TEM_2,0.7012987012987013,0.6923076923076923,39
P2,42,random_70,CD4 TEM_3,0.5210084033613446,0.484375,64
P2,42,random_70,CD4 TEM_4,0.0,0.0,2
P2,42,random_70,CD8 Naive,0.9751311886835501,0.9696007259528131,2204
P2,42,random_70,CD8 Naive_2,0.5882352941176471,0.625,32
P2,42,random_70,CD8 Proliferating,0.6153846153846153,0.6666666666666666,6
P2,42,random_70,CD8 TCM_1,0.6069651741293532,0.648936170212766,94
P2,42,random_70,CD8 TCM_2,0.5176470588235293,0.43137254901960786,51
P2,42,random_70,CD8 TCM_3,0.7625,0.7261904761904762,84
P2,42,random_70,CD8 TEM_1,0.7729083665338645,0.6783216783216783,286
P2,42,random_70,CD8 TEM_2,0.7052341597796143,0.6994535519125683,183
P2,42,random_70,CD8 TEM_3,0.597938144329897,0.5370370370370371,54
P2,42,random_70,CD8 TEM_4,0.8282828282828283,0.8401639344262295,244
P2,42,random_70,CD8 TEM_5,0.9170506912442397,0.9045454545454545,220
P2,42,random_70,CD8 TEM_6,0.8108108108108107,0.7692307692307693,39
P2,42,random_70,Doublet,0.6745562130177515,0.6333333333333333,90
P2,42,random_70,Eryth,0.7499999999999999,0.9230769230769231,13
P2,42,random_70,HSPC,1.0,1.0,19
P2,42,random_70,ILC,0.9473684210526316,1.0,27
P2,42,random_70,MAIT,0.9603340292275573,0.9787234042553191,235
P2,42,random_70,NK Proliferating,0.8409090909090908,0.7551020408163265,49
P2,42,random_70,NK_1,0.36619718309859156,0.2549019607843137,102
P2,42,random_70,NK_2,0.9105858170606371,0.8967611336032388,988
P2,42,random_70,NK_3,0.5248618784530386,0.5523255813953488,172
P2,42,random_70,NK_4,0.6518518518518519,0.7333333333333333,180
P2,42,random_70,NK_CD56bright,0.887218045112782,0.9915966386554622,119
P2,42,random_70,Plasma,0.9586776859504132,1.0,58
P2,42,random_70,Plasmablast,0.9473684210526315,0.9473684210526315,19
P2,42,random_70,Platelet,0.8108108108108109,0.7377049180327869,61
P2,42,random_70,Treg Memory,0.7752808988764045,0.745945945945946,185
P2,42,random_70,Treg Naive,0.8547794117647058,0.9135559921414538,509
P2,42,random_70,cDC1,0.9333333333333333,0.875,8
P2,42,random_70,cDC2_1,0.7100591715976331,0.9375,64
P2,42,random_70,cDC2_2,0.8975265017667844,0.8355263157894737,152
P2,42,random_70,dnT_1,0.5465116279069768,0.5529411764705883,85
P2,42,random_70,dnT_2,0.7799999999999999,0.8863636363636364,44
P2,42,random_70,gdT_1,0.9567474048442907,0.9584055459272097,577
P2,42,random_70,gdT_2,0.4,0.6666666666666666,21
P2,42,random_70,gdT_3,0.7599999999999999,0.9047619047619048,63
P2,42,random_70,gdT_4,0.588235294117647,0.7142857142857143,35
P2,42,random_70,pDC,0.989010989010989,0.9782608695652174,46
P2,42,marker_memory,ASDC_mDC,1.0,1.0,3
P2,42,marker_memory,ASDC_pDC,0.8571428571428571,1.0,3
P2,42,marker_memory,B intermediate kappa,0.8361581920903954,0.8809523809523809,84
P2,42,marker_memory,B intermediate lambda,0.8313253012048193,0.8313253012048193,83
P2,42,marker_memory,B memory kappa,0.9042553191489361,0.8854166666666666,96
P2,42,marker_memory,B memory lambda,0.8470588235294119,0.972972972972973,37
P2,42,marker_memory,B naive kappa,0.9151750972762646,0.8842105263157894,665
P2,42,marker_memory,B naive lambda,0.8431372549019608,0.8805460750853242,293
P2,42,marker_memory,CD14 Mono,0.964811022156023,0.9357168652943301,2769
P2,42,marker_memory,CD16 Mono,0.9193650793650794,0.9904240766073872,731
P2,42,marker_memory,CD4 CTL,0.9456521739130435,0.9961832061068703,262
P2,42,marker_memory,CD4 Naive,0.958980225527047,0.9786524349566378,2998
P2,42,marker_memory,CD4 Proliferating,0.7142857142857143,1.0,15
P2,42,marker_memory,CD4 TCM_1,0.8022662889518414,0.7209775967413442,982
P2,42,marker_memory,CD4 TCM_2,0.676470588235294,0.7419354838709677,93
P2,42,marker_memory,CD4 TCM_3,0.864693446088795,0.9129464285714286,448
P2,42,marker_memory,CD4 TEM_1,0.8093023255813954,0.725,120
P2,42,marker_memory,CD4 TEM_2,0.6956521739130435,0.6153846153846154,39
P2,42,marker_memory,CD4 TEM_3,0.6491228070175439,0.578125,64
P2,42,marker_memory,CD4 TEM_4,0.0,0.0,2
P2,42,marker_memory,CD8 Naive,0.9844978656481689,0.9941016333938294,2204
P2,42,marker_memory,CD8 Naive_2,0.696969696969697,0.71875,32
P2,42,marker_memory,CD8 Proliferating,0.8,1.0,6
P2,42,marker_memory,CD8 TCM_1,0.6590909090909092,0.6170212765957447,94
P2,42,marker_memory,CD8 TCM_2,0.6363636363636364,0.5490196078431373,51
P2,42,marker_memory,CD8 TCM_3,0.9060773480662984,0.9761904761904762,84
P2,42,marker_memory,CD8 TEM_1,0.8197343453510435,0.7552447552447552,286
P2,42,marker_memory,CD8 TEM_2,0.7513227513227513,0.7759562841530054,183
P2,42,marker_memory,CD8 TEM_3,0.5599999999999999,0.5185185185185185,54
P2,42,marker_memory,CD8 TEM_4,0.8549323017408124,0.9057377049180327,244
P2,42,marker_memory,CD8 TEM_5,0.9493087557603687,0.9363636363636364,220
P2,42,marker_memory,CD8 TEM_6,0.8157894736842105,0.7948717948717948,39
P2,42,marker_memory,Doublet,0.7046632124352331,0.7555555555555555,90
P2,42,marker_memory,Eryth,0.6896551724137931,0.7692307692307693,13
P2,42,marker_memory,HSPC,1.0,1.0,19
P2,42,marker_memory,ILC,1.0,1.0,27
P2,42,marker_memory,MAIT,0.9769392033542977,0.9914893617021276,235
P2,42,marker_memory,NK Proliferating,0.8181818181818182,0.7346938775510204,49
P2,42,marker_memory,NK_1,0.49006622516556286,0.3627450980392157,102
P2,42,marker_memory,NK_2,0.9306733167082295,0.944331983805668,988
P2,42,marker_memory,NK_3,0.5804416403785488,0.5348837209302325,172
P2,42,marker_memory,NK_4,0.6736292428198434,0.7166666666666667,180
P2,42,marker_memory,NK_CD56bright,0.8905660377358491,0.9915966386554622,119
P2,42,marker_memory,Plasma,0.9666666666666666,1.0,58
P2,42,marker_memory,Plasmablast,1.0,1.0,19
P2,42,marker_memory,Platelet,0.8205128205128205,0.7868852459016393,61
P2,42,marker_memory,Treg Memory,0.7537091988130564,0.6864864864864865,185
P2,42,marker_memory,Treg Naive,0.8605504587155964,0.9214145383104125,509
P2,42,marker_memory,cDC1,0.9333333333333333,0.875,8
P2,42,marker_memory,cDC2_1,0.696774193548387,0.84375,64
P2,42,marker_memory,cDC2_2,0.9342105263157895,0.9342105263157895,152
P2,42,marker_memory,dnT_1,0.7612903225806451,0.6941176470588235,85
P2,42,marker_memory,dnT_2,0.8791208791208791,0.9090909090909091,44
P2,42,marker_memory,gdT_1,0.9722222222222223,0.9705372616984402,577
P2,42,marker_memory,gdT_2,0.5531914893617021,0.6190476190476191,21
P2,42,marker_memory,gdT_3,0.9016393442622951,0.873015873015873,63
P2,42,marker_memory,gdT_4,0.7761194029850748,0.7428571428571429,35
P2,42,marker_memory,pDC,0.989010989010989,0.9782608695652174,46
P2,42,marker_tcell,ASDC_mDC,1.0,1.0,3
P2,42,marker_tcell,ASDC_pDC,0.8571428571428571,1.0,3
P2,42,marker_tcell,B intermediate kappa,0.8409090909090908,0.8809523809523809,84
P2,42,marker_tcell,B intermediate lambda,0.819277108433735,0.8192771084337349,83
P2,42,marker_tcell,B memory kappa,0.8994708994708994,0.8854166666666666,96
P2,42,marker_tcell,B memory lambda,0.8470588235294119,0.972972972972973,37
P2,42,marker_tcell,B naive kappa,0.9177018633540373,0.8887218045112782,665
P2,42,marker_tcell,B naive lambda,0.8459016393442623,0.8805460750853242,293
P2,42,marker_tcell,CD14 Mono,0.9657738095238096,0.9375225713253882,2769
P2,42,marker_tcell,CD16 Mono,0.9201277955271565,0.9849521203830369,731
P2,42,marker_tcell,CD4 CTL,0.9523809523809523,0.9923664122137404,262
P2,42,marker_tcell,CD4 Naive,0.9616208202931971,0.9736490993995998,2998
P2,42,marker_tcell,CD4 Proliferating,0.6818181818181819,1.0,15
P2,42,marker_tcell,CD4 TCM_1,0.8041237113402063,0.714867617107943,982
P2,42,marker_tcell,CD4 TCM_2,0.6439024390243904,0.7096774193548387,93
P2,42,marker_tcell,CD4 TCM_3,0.8493975903614459,0.9441964285714286,448
P2,42,marker_tcell,CD4 TEM_1,0.8347826086956521,0.8,120
P2,42,marker_tcell,CD4 TEM_2,0.746268656716418,0.6410256410256411,39
P2,42,marker_tcell,CD4 TEM_3,0.5789473684210525,0.515625,64
P2,42,marker_tcell,CD4 TEM_4,0.6666666666666666,0.5,2
P2,42,marker_tcell,CD8 Naive,0.9800090867787369,0.9786751361161524,2204
P2,42,marker_tcell,CD8 Naive_2,0.6875,0.6875,32
P2,42,marker_tcell,CD8 Proliferating,0.7272727272727272,0.6666666666666666,6
P2,42,marker_tcell,CD8 TCM_1,0.6292134831460674,0.5957446808510638,94
P2,42,marker_tcell,CD8 TCM_2,0.6086956521739131,0.5490196078431373,51
P2,42,marker_tcell,CD8 TCM_3,0.8770053475935828,0.9761904761904762,84
P2,42,marker_tcell,CD8 TEM_1,0.8108108108108107,0.7342657342657343,286
P2,42,marker_tcell,CD8 TEM_2,0.7542857142857144,0.7213114754098361,183
P2,42,marker_tcell,CD8 TEM_3,0.6213592233009709,0.5925925925925926,54
P2,42,marker_tcell,CD8 TEM_4,0.8541666666666667,0.8401639344262295,244
P2,42,marker_tcell,CD8 TEM_5,0.919908466819222,0.9136363636363637,220
P2,42,marker_tcell,CD8 TEM_6,0.8108108108108107,0.7692307692307693,39
P2,42,marker_tcell,Doublet,0.6794258373205742,0.7888888888888889,90
P2,42,marker_tcell,Eryth,0.8125000000000001,1.0,13
P2,42,marker_tcell,HSPC,1.0,1.0,19
P2,42,marker_tcell,ILC,0.9818181818181818,1.0,27
P2,42,marker_tcell,MAIT,0.8402154398563735,0.9957446808510638,235
P2,42,marker_tcell,NK Proliferating,0.8314606741573034,0.7551020408163265,49
P2,42,marker_tcell,NK_1,0.44848484848484854,0.3627450980392157,102
P2,42,marker_tcell,NK_2,0.9267803410230693,0.9352226720647774,988
P2,42,marker_tcell,NK_3,0.53757225433526,0.5406976744186046,172
P2,42,marker_tcell,NK_4,0.6809651474530832,0.7055555555555556,180
P2,42,marker_tcell,NK_CD56bright,0.8905660377358491,0.9915966386554622,119
P2,42,marker_tcell,Plasma,0.9586776859504132,1.0,58
P2,42,marker_tcell,Plasmablast,0.9473684210526315,0.9473684210526315,19
P2,42,marker_tcell,Platelet,0.8347826086956522,0.7868852459016393,61
P2,42,marker_tcell,Treg Memory,0.7674418604651163,0.7135135135135136,185
P2,42,marker_tcell,Treg Naive,0.8664259927797835,0.9430255402750491,509
P2,42,marker_tcell,cDC1,0.9333333333333333,0.875,8
P2,42,marker_tcell,cDC2_1,0.7225806451612904,0.875,64
P2,42,marker_tcell,cDC2_2,0.9438943894389439,0.9407894736842105,152
P2,42,marker_tcell,dnT_1,0.6486486486486486,0.7058823529411765,85
P2,42,marker_tcell,dnT_2,0.8282828282828283,0.9318181818181818,44
P2,42,marker_tcell,gdT_1,0.8783783783783785,0.7885615251299827,577
P2,42,marker_tcell,gdT_2,0.4383561643835617,0.7619047619047619,21
P2,42,marker_tcell,gdT_3,0.7851851851851852,0.8412698412698413,63
P2,42,marker_tcell,gdT_4,0.5783132530120482,0.6857142857142857,35
P2,42,marker_tcell,pDC,0.989010989010989,0.9782608695652174,46
P2,42,rna_only,ASDC_mDC,1.0,1.0,3
P2,42,rna_only,ASDC_pDC,1.0,1.0,3
P2,42,rna_only,B intermediate kappa,0.7932960893854749,0.8452380952380952,84
P2,42,rna_only,B intermediate lambda,0.7810650887573964,0.7951807228915663,83
P2,42,rna_only,B memory kappa,0.8911917098445595,0.8958333333333334,96
P2,42,rna_only,B memory lambda,0.8372093023255813,0.972972972972973,37
P2,42,rna_only,B naive kappa,0.8601798855273917,0.7909774436090226,665
P2,42,rna_only,B naive lambda,0.7823439878234398,0.8771331058020477,293
P2,42,rna_only,CD14 Mono,0.9615741600148506,0.9353557240881184,2769
P2,42,rna_only,CD16 Mono,0.9158638407193321,0.9753761969904241,731
P2,42,rna_only,CD4 CTL,0.9422718808193669,0.9656488549618321,262
P2,42,rna_only,CD4 Naive,0.9490755757379176,0.9759839893262174,2998
P2,42,rna_only,CD4 Proliferating,0.6666666666666666,1.0,15
P2,42,rna_only,CD4 TCM_1,0.8084644601193706,0.7586558044806517,982
P2,42,rna_only,CD4 TCM_2,0.6473429951690822,0.7204301075268817,93
P2,42,rna_only,CD4 TCM_3,0.8401323042998898,0.8504464285714286,448
P2,42,rna_only,CD4 TEM_1,0.8050847457627119,0.7916666666666666,120
P2,42,rna_only,CD4 TEM_2,0.6666666666666666,0.6666666666666666,39
P2,42,rna_only,CD4 TEM_3,0.5691056910569106,0.546875,64
P2,42,rna_only,CD4 TEM_4,0.0,0.0,2
P2,42,rna_only,CD8 Naive,0.9787426503844414,0.9818511796733213,2204
P2,42,rna_only,CD8 Naive_2,0.5833333333333334,0.65625,32
P2,42,rna_only,CD8 Proliferating,0.6153846153846153,0.6666666666666666,6
P2,42,rna_only,CD8 TCM_1,0.62,0.6595744680851063,94
P2,42,rna_only,CD8 TCM_2,0.5869565217391304,0.5294117647058824,51
P2,42,rna_only,CD8 TCM_3,0.8202247191011236,0.8690476190476191,84
P2,42,rna_only,CD8 TEM_1,0.7894736842105263,0.7342657342657343,286
P2,42,rna_only,CD8 TEM_2,0.7252747252747253,0.7213114754098361,183
P2,42,rna_only,CD8 TEM_3,0.5961538461538461,0.5740740740740741,54
P2,42,rna_only,CD8 TEM_4,0.819126819126819,0.8073770491803278,244
P2,42,rna_only,CD8 TEM_5,0.9348314606741571,0.9454545454545454,220
P2,42,rna_only,CD8 TEM_6,0.8311688311688312,0.8205128205128205,39
P2,42,rna_only,Doublet,0.5795454545454546,0.5666666666666667,90
P2,42,rna_only,Eryth,0.7499999999999999,0.9230769230769231,13
P2,42,rna_only,HSPC,1.0,1.0,19
P2,42,rna_only,ILC,0.9285714285714286,0.9629629629629629,27
P2,42,rna_only,MAIT,0.9054325955734408,0.9574468085106383,235
P2,42,rna_only,NK Proliferating,0.8505747126436782,0.7551020408163265,49
P2,42,rna_only,NK_1,0.3448275862068965,0.24509803921568626,102
P2,42,rna_only,NK_2,0.9040533606977939,0.8917004048582996,988
P2,42,rna_only,NK_3,0.5069637883008358,0.5290697674418605,172
P2,42,rna_only,NK_4,0.6168674698795181,0.7111111111111111,180
P2,42,rna_only,NK_CD56bright,0.8550185873605948,0.9663865546218487,119
P2,42,rna_only,Plasma,0.983050847457627,1.0,58
P2,42,rna_only,Plasmablast,0.9500000000000001,1.0,19
P2,42,rna_only,Platelet,0.8108108108108109,0.7377049180327869,61
P2,42,rna_only,Treg Memory,0.7717391304347825,0.7675675675675676,185
P2,42,rna_only,Treg Naive,0.8039999999999999,0.7897838899803536,509
P2,42,rna_only,cDC1,0.9333333333333333,0.875,8
P2,42,rna_only,cDC2_1,0.576271186440678,0.796875,64
P2,42,rna_only,cDC2_2,0.8851351351351351,0.8618421052631579,152
P2,42,rna_only,dnT_1,0.5594405594405594,0.47058823529411764,85
P2,42,rna_only,dnT_2,0.896551724137931,0.8863636363636364,44
P2,42,rna_only,gdT_1,0.9194139194139195,0.8700173310225303,577
P2,42,rna_only,gdT_2,0.43076923076923074,0.6666666666666666,21
P2,42,rna_only,gdT_3,0.8125,0.8253968253968254,63
P2,42,rna_only,gdT_4,0.6470588235294118,0.6285714285714286,35
P2,42,rna_only,pDC,1.0,1.0,46
P2,42,random_size_matched_6,ASDC_mDC,1.0,1.0,3
P2,42,random_size_matched_6,ASDC_pDC,0.8571428571428571,1.0,3
P2,42,random_size_matched_6,B intermediate kappa,0.8361581920903954,0.8809523809523809,84
P2,42,random_size_matched_6,B intermediate lambda,0.7976878612716763,0.8313253012048193,83
P2,42,random_size_matched_6,B memory kappa,0.8704663212435233,0.875,96
P2,42,random_size_matched_6,B memory lambda,0.8181818181818183,0.972972972972973,37
P2,42,random_size_matched_6,B naive kappa,0.9120879120879121,0.8736842105263158,665
P2,42,random_size_matched_6,B naive lambda,0.8580858085808581,0.8873720136518771,293
P2,42,random_size_matched_6,CD14 Mono,0.9659154404917116,0.9364391477067533,2769
P2,42,random_size_matched_6,CD16 Mono,0.9186785260482846,0.9890560875512996,731
P2,42,random_size_matched_6,CD4 CTL,0.9905123339658445,0.9961832061068703,262
P2,42,random_size_matched_6,CD4 Naive,0.9629751522132631,0.9759839893262174,2998
P2,42,random_size_matched_6,CD4 Proliferating,0.6818181818181819,1.0,15
P2,42,random_size_matched_6,CD4 TCM_1,0.8217656857301499,0.7535641547861507,982
P2,42,random_size_matched_6,CD4 TCM_2,0.6761904761904762,0.7634408602150538,93
P2,42,random_size_matched_6,CD4 TCM_3,0.8634920634920635,0.9107142857142857,448
P2,42,random_size_matched_6,CD4 TEM_1,0.8444444444444444,0.7916666666666666,120
P2,42,random_size_matched_6,CD4 TEM_2,0.7500000000000001,0.6923076923076923,39
P2,42,random_size_matched_6,CD4 TEM_3,0.6428571428571429,0.5625,64
P2,42,random_size_matched_6,CD4 TEM_4,0.0,0.0,2
P2,42,random_size_matched_6,CD8 Naive,0.9853899752753428,0.9945553539019963,2204
P2,42,random_size_matched_6,CD8 Naive_2,0.6875,0.6875,32
P2,42,random_size_matched_6,CD8 Proliferating,0.6666666666666666,0.6666666666666666,6
P2,42,random_size_matched_6,CD8 TCM_1,0.6918918918918919,0.6808510638297872,94
P2,42,random_size_matched_6,CD8 TCM_2,0.6593406593406592,0.5882352941176471,51
P2,42,random_size_matched_6,CD8 TCM_3,0.9010989010989012,0.9761904761904762,84
P2,42,random_size_matched_6,CD8 TEM_1,0.8460111317254174,0.7972027972027972,286
P2,42,random_size_matched_6,CD8 TEM_2,0.782608695652174,0.7868852459016393,183
P2,42,random_size_matched_6,CD8 TEM_3,0.6526315789473683,0.5740740740740741,54
P2,42,random_size_matched_6,CD8 TEM_4,0.8782435129740518,0.9016393442622951,244
P2,42,random_size_matched_6,CD8 TEM_5,0.9500000000000001,0.95,220
P2,42,random_size_matched_6,CD8 TEM_6,0.8311688311688312,0.8205128205128205,39
P2,42,random_size_matched_6,Doublet,0.7244897959183672,0.7888888888888889,90
P2,42,random_size_matched_6,Eryth,0.7741935483870968,0.9230769230769231,13
P2,42,random_size_matched_6,HSPC,1.0,1.0,19
P2,42,random_size_matched_6,ILC,1.0,1.0,27
P2,42,random_size_matched_6,MAIT,0.9588477366255145,0.9914893617021276,235
P2,42,random_size_matched_6,NK Proliferating,0.8314606741573034,0.7551020408163265,49
P2,42,random_size_matched_6,NK_1,0.42857142857142855,0.29411764705882354,102
P2,42,random_size_matched_6,NK_2,0.9306930693069306,0.951417004048583,988
P2,42,random_size_matched_6,NK_3,0.569620253164557,0.5232558139534884,172
P2,42,random_size_matched_6,NK_4,0.6857142857142857,0.7333333333333333,180
P2,42,random_size_matched_6,NK_CD56bright,0.8973384030418251,0.9915966386554622,119
P2,42,random_size_matched_6,Plasma,0.9586776859504132,1.0,58
P2,42,random_size_matched_6,Plasmablast,0.9473684210526315,0.9473684210526315,19
P2,42,random_size_matched_6,Platelet,0.8245614035087719,0.7704918032786885,61
P2,42,random_size_matched_6,Treg Memory,0.7745664739884393,0.7243243243243244,185
P2,42,random_size_matched_6,Treg Naive,0.8700460829493087,0.9273084479371316,509
P2,42,random_size_matched_6,cDC1,0.9333333333333333,0.875,8
P2,42,random_size_matched_6,cDC2_1,0.6790123456790124,0.859375,64
P2,42,random_size_matched_6,cDC2_2,0.923076923076923,0.9078947368421053,152
P2,42,random_size_matched_6,dnT_1,0.7852760736196318,0.7529411764705882,85
P2,42,random_size_matched_6,dnT_2,0.8333333333333333,0.9090909090909091,44
P2,42,random_size_matched_6,gdT_1,0.9691629955947136,0.9532062391681109,577
P2,42,random_size_matched_6,gdT_2,0.5714285714285715,0.6666666666666666,21
P2,42,random_size_matched_6,gdT_3,0.9047619047619048,0.9047619047619048,63
P2,42,random_size_matched_6,gdT_4,0.8059701492537314,0.7714285714285715,35
P2,42,random_size_matched_6,pDC,0.989010989010989,0.9782608695652174,46
P2,42,random_size_matched_15,ASDC_mDC,1.0,1.0,3
P2,42,random_size_matched_15,ASDC_pDC,0.8571428571428571,1.0,3
P2,42,random_size_matched_15,B intermediate kappa,0.8214285714285714,0.8214285714285714,84
P2,42,random_size_matched_15,B intermediate lambda,0.8170731707317075,0.8072289156626506,83
P2,42,random_size_matched_15,B memory kappa,0.8888888888888888,0.875,96
P2,42,random_size_matched_15,B memory lambda,0.8470588235294119,0.972972972972973,37
P2,42,random_size_matched_15,B naive kappa,0.9141965678627145,0.881203007518797,665
P2,42,random_size_matched_15,B naive lambda,0.8424437299035369,0.89419795221843,293
P2,42,random_size_matched_15,CD14 Mono,0.9647453833240067,0.933911159263272,2769
P2,42,random_size_matched_15,CD16 Mono,0.915769474350855,0.9890560875512996,731
P2,42,random_size_matched_15,CD4 CTL,0.9793621013133209,0.9961832061068703,262
P2,42,random_size_matched_15,CD4 Naive,0.9457042478441392,0.9876584389593062,2998
P2,42,random_size_matched_15,CD4 Proliferating,0.6818181818181819,1.0,15
P2,42,random_size_matched_15,CD4 TCM_1,0.8170995670995671,0.7688391038696538,982
P2,42,random_size_matched_15,CD4 TCM_2,0.663316582914573,0.7096774193548387,93
P2,42,random_size_matched_15,CD4 TCM_3,0.8533333333333332,0.8571428571428571,448
P2,42,random_size_matched_15,CD4 TEM_1,0.823529411764706,0.7583333333333333,120
P2,42,random_size_matched_15,CD4 TEM_2,0.736842105263158,0.717948717948718,39
P2,42,random_size_matched_15,CD4 TEM_3,0.6486486486486486,0.5625,64
P2,42,random_size_matched_15,CD4 TEM_4,0.0,0.0,2
P2,42,random_size_matched_15,CD8 Naive,0.9849336631436924,0.9936479128856625,2204
P2,42,random_size_matched_15,CD8 Naive_2,0.6885245901639345,0.65625,32
P2,42,random_size_matched_15,CD8 Proliferating,0.6666666666666666,0.6666666666666666,6
P2,42,random_size_matched_15,CD8 TCM_1,0.6555555555555557,0.6276595744680851,94
P2,42,random_size_matched_15,CD8 TCM_2,0.6736842105263158,0.6274509803921569,51
P2,42,random_size_matched_15,CD8 TCM_3,0.9060773480662984,0.9761904761904762,84
P2,42,random_size_matched_15,CD8 TEM_1,0.8301886792452831,0.7692307692307693,286
P2,42,random_size_matched_15,CD8 TEM_2,0.7616438356164382,0.7595628415300546,183
P2,42,random_size_matched_15,CD8 TEM_3,0.6382978723404256,0.5555555555555556,54
P2,42,random_size_matched_15,CD8 TEM_4,0.85546875,0.8975409836065574,244
P2,42,random_size_matched_15,CD8 TEM_5,0.9427917620137299,0.9363636363636364,220
P2,42,random_size_matched_15,CD8 TEM_6,0.8311688311688312,0.8205128205128205,39
P2,42,random_size_matched_15,Doublet,0.7000000000000001,0.7777777777777778,90
P2,42,random_size_matched_15,Eryth,0.8125000000000001,1.0,13
P2,42,random_size_matched_15,HSPC,1.0,1.0,19
P2,42,random_size_matched_15,ILC,1.0,1.0,27
P2,42,random_size_matched_15,MAIT,0.9688149688149689,0.9914893617021276,235
P2,42,random_size_matched_15,NK Proliferating,0.8181818181818182,0.7346938775510204,49
P2,42,random_size_matched_15,NK_1,0.489795918367347,0.35294117647058826,102
P2,42,random_size_matched_15,NK_2,0.9345238095238094,0.9534412955465587,988
P2,42,random_size_matched_15,NK_3,0.577922077922078,0.5174418604651163,172
P2,42,random_size_matched_15,NK_4,0.6701298701298701,0.7166666666666667,180
P2,42,random_size_matched_15,NK_CD56bright,0.893939393939394,0.9915966386554622,119
P2,42,random_size_matched_15,Plasma,0.9666666666666666,1.0,58
P2,42,random_size_matched_15,Plasmablast,0.9743589743589743,1.0,19
P2,42,random_size_matched_15,Platelet,0.8245614035087719,0.7704918032786885,61
P2,42,random_size_matched_15,Treg Memory,0.7823529411764706,0.7189189189189189,185
P2,42,random_size_matched_15,Treg Naive,0.7658643326039388,0.68762278978389,509
P2,42,random_size_matched_15,cDC1,0.9333333333333333,0.875,8
P2,42,random_size_matched_15,cDC2_1,0.6878980891719746,0.84375,64
P2,42,random_size_matched_15,cDC2_2,0.9240924092409241,0.9210526315789473,152
P2,42,random_size_matched_15,dnT_1,0.7625,0.7176470588235294,85
P2,42,random_size_matched_15,dnT_2,0.8118811881188119,0.9318181818181818,44
P2,42,random_size_matched_15,gdT_1,0.9712793733681462,0.9670710571923743,577
P2,42,random_size_matched_15,gdT_2,0.5777777777777778,0.6190476190476191,21
P2,42,random_size_matched_15,gdT_3,0.9076923076923077,0.9365079365079365,63
P2,42,random_size_matched_15,gdT_4,0.782608695652174,0.7714285714285715,35
P2,42,random_size_matched_15,pDC,0.989010989010989,0.9782608695652174,46
P2,43,full,ASDC_mDC,1.0,1.0,3
P2,43,full,ASDC_pDC,1.0,1.0,3
P2,43,full,B intermediate kappa,0.8433734939759037,0.8333333333333334,84
P2,43,full,B intermediate lambda,0.8117647058823529,0.8313253012048193,83
P2,43,full,B memory kappa,0.8743169398907105,0.8333333333333334,96
P2,43,full,B memory lambda,0.7857142857142857,0.8918918918918919,37
P2,43,full,B naive kappa,0.9153046062407131,0.9263157894736842,665
P2,43,full,B naive lambda,0.8297872340425532,0.7986348122866894,293
P2,43,full,CD14 Mono,0.9786613167973737,0.9689418562657999,2769
P2,43,full,CD16 Mono,0.9392338177014531,0.9726402188782489,731
P2,43,full,CD4 CTL,0.9810606060606061,0.9885496183206107,262
P2,43,full,CD4 Naive,0.9596207291155795,0.9789859906604403,2998
P2,43,full,CD4 Proliferating,0.7499999999999999,1.0,15
P2,43,full,CD4 TCM_1,0.8495394063459569,0.845213849287169,982
P2,43,full,CD4 TCM_2,0.7796610169491526,0.7419354838709677,93
P2,43,full,CD4 TCM_3,0.8574712643678161,0.8325892857142857,448
P2,43,full,CD4 TEM_1,0.8849557522123894,0.8333333333333334,120
P2,43,full,CD4 TEM_2,0.7297297297297296,0.6923076923076923,39
P2,43,full,CD4 TEM_3,0.7213114754098361,0.6875,64
P2,43,full,CD4 TEM_4,0.0,0.0,2
P2,43,full,CD8 Naive,0.9832177220854776,0.9968239564428312,2204
P2,43,full,CD8 Naive_2,0.7419354838709677,0.71875,32
P2,43,full,CD8 Proliferating,0.6666666666666666,0.6666666666666666,6
P2,43,full,CD8 TCM_1,0.7171717171717171,0.7553191489361702,94
P2,43,full,CD8 TCM_2,0.6588235294117647,0.5490196078431373,51
P2,43,full,CD8 TCM_3,0.8727272727272727,0.8571428571428571,84
P2,43,full,CD8 TEM_1,0.859180035650624,0.8426573426573427,286
P2,43,full,CD8 TEM_2,0.7989821882951655,0.8579234972677595,183
P2,43,full,CD8 TEM_3,0.5185185185185185,0.3888888888888889,54
P2,43,full,CD8 TEM_4,0.8858267716535433,0.9221311475409836,244
P2,43,full,CD8 TEM_5,0.9488372093023255,0.9272727272727272,220
P2,43,full,CD8 TEM_6,0.8169014084507042,0.7435897435897436,39
P2,43,full,Doublet,0.75,0.6666666666666666,90
P2,43,full,Eryth,0.8000000000000002,0.9230769230769231,13
P2,43,full,HSPC,1.0,1.0,19
P2,43,full,ILC,1.0,1.0,27
P2,43,full,MAIT,0.9789029535864978,0.9872340425531915,235
P2,43,full,NK Proliferating,0.8045977011494253,0.7142857142857143,49
P2,43,full,NK_1,0.5828571428571429,0.5,102
P2,43,full,NK_2,0.9251908396946564,0.9200404858299596,988
P2,43,full,NK_3,0.588235294117647,0.5523255813953488,172
P2,43,full,NK_4,0.6990291262135923,0.8,180
P2,43,full,NK_CD56bright,0.928,0.9747899159663865,119
P2,43,full,Plasma,0.9508196721311475,1.0,58
P2,43,full,Plasmablast,0.918918918918919,0.8947368421052632,19
P2,43,full,Platelet,0.8363636363636363,0.7540983606557377,61
P2,43,full,Treg Memory,0.7999999999999999,0.745945945945946,185
P2,43,full,Treg Naive,0.8514056224899599,0.8330058939096268,509
P2,43,full,cDC1,0.9333333333333333,0.875,8
P2,43,full,cDC2_1,0.6942148760330578,0.65625,64
P2,43,full,cDC2_2,0.9158878504672897,0.9671052631578947,152
P2,43,full,dnT_1,0.7215189873417721,0.6705882352941176,85
P2,43,full,dnT_2,0.9135802469135803,0.8409090909090909,44
P2,43,full,gdT_1,0.9784296807592752,0.9826689774696707,577
P2,43,full,gdT_2,0.6829268292682926,0.6666666666666666,21
P2,43,full,gdT_3,0.8983050847457628,0.8412698412698413,63
P2,43,full,gdT_4,0.711864406779661,0.6,35
P2,43,full,pDC,1.0,1.0,46
P2,43,random_10,ASDC_mDC,1.0,1.0,3
P2,43,random_10,ASDC_pDC,1.0,1.0,3
P2,43,random_10,B intermediate kappa,0.8470588235294119,0.8571428571428571,84
P2,43,random_10,B intermediate lambda,0.7953216374269007,0.8192771084337349,83
P2,43,random_10,B memory kappa,0.8666666666666666,0.8125,96
P2,43,random_10,B memory lambda,0.7906976744186046,0.918918918918919,37
P2,43,random_10,B naive kappa,0.9138576779026217,0.9172932330827067,665
P2,43,random_10,B naive lambda,0.830122591943958,0.8088737201365188,293
P2,43,random_10,CD14 Mono,0.9801782142207673,0.9732755507403394,2769
P2,43,random_10,CD16 Mono,0.9414893617021277,0.9685362517099864,731
P2,43,random_10,CD4 CTL,0.9773584905660377,0.9885496183206107,262
P2,43,random_10,CD4 Naive,0.960327868852459,0.9769846564376251,2998
P2,43,random_10,CD4 Proliferating,0.7222222222222222,0.8666666666666667,15
P2,43,random_10,CD4 TCM_1,0.8478597215059309,0.8370672097759674,982
P2,43,random_10,CD4 TCM_2,0.7398843930635839,0.6881720430107527,93
P2,43,random_10,CD4 TCM_3,0.8574686431014823,0.8392857142857143,448
P2,43,random_10,CD4 TEM_1,0.8810572687224669,0.8333333333333334,120
P2,43,random_10,CD4 TEM_2,0.7142857142857142,0.7692307692307693,39
P2,43,random_10,CD4 TEM_3,0.7049180327868853,0.671875,64
P2,43,random_10,CD4 TEM_4,0.0,0.0,2
P2,43,random_10,CD8 Naive,0.9836212699124972,0.9945553539019963,2204
P2,43,random_10,CD8 Naive_2,0.7666666666666666,0.71875,32
P2,43,random_10,CD8 Proliferating,0.7272727272727272,0.6666666666666666,6
P2,43,random_10,CD8 TCM_1,0.7150259067357513,0.7340425531914894,94
P2,43,random_10,CD8 TCM_2,0.6190476190476191,0.5098039215686274,51
P2,43,random_10,CD8 TCM_3,0.8875739644970414,0.8928571428571429,84
P2,43,random_10,CD8 TEM_1,0.8396396396396397,0.8146853146853147,286
P2,43,random_10,CD8 TEM_2,0.7765957446808511,0.7978142076502732,183
P2,43,random_10,CD8 TEM_3,0.5542168674698795,0.42592592592592593,54
P2,43,random_10,CD8 TEM_4,0.8660194174757282,0.9139344262295082,244
P2,43,random_10,CD8 TEM_5,0.9379310344827586,0.9272727272727272,220
P2,43,random_10,CD8 TEM_6,0.7777777777777778,0.717948717948718,39
P2,43,random_10,Doublet,0.7204968944099378,0.6444444444444445,90
P2,43,random_10,Eryth,0.8148148148148148,0.8461538461538461,13
P2,43,random_10,HSPC,1.0,1.0,19
P2,43,random_10,ILC,1.0,1.0,27
P2,43,random_10,MAIT,0.946938775510204,0.9872340425531915,235
P2,43,random_10,NK Proliferating,0.8095238095238094,0.6938775510204082,49
P2,43,random_10,NK_1,0.574585635359116,0.5098039215686274,102
P2,43,random_10,NK_2,0.9190015282730515,0.9129554655870445,988
P2,43,random_10,NK_3,0.5899705014749262,0.5813953488372093,172
P2,43,random_10,NK_4,0.7067669172932332,0.7833333333333333,180
P2,43,random_10,NK_CD56bright,0.9317269076305221,0.9747899159663865,119
P2,43,random_10,Plasma,0.9586776859504132,1.0,58
P2,43,random_10,Plasmablast,0.918918918918919,0.8947368421052632,19
P2,43,random_10,Platelet,0.8440366972477064,0.7540983606557377,61
P2,43,random_10,Treg Memory,0.7732558139534884,0.7189189189189189,185
P2,43,random_10,Treg Naive,0.8504398826979471,0.8546168958742633,509
P2,43,random_10,cDC1,0.9333333333333333,0.875,8
P2,43,random_10,cDC2_1,0.6942148760330578,0.65625,64
P2,43,random_10,cDC2_2,0.9216300940438872,0.9671052631578947,152
P2,43,random_10,dnT_1,0.6794871794871796,0.6235294117647059,85
P2,43,random_10,dnT_2,0.9024390243902439,0.8409090909090909,44
P2,43,random_10,gdT_1,0.9631578947368421,0.951473136915078,577
P2,43,random_10,gdT_2,0.5098039215686274,0.6190476190476191,21
P2,43,random_10,gdT_3,0.9032258064516128,0.8888888888888888,63
P2,43,random_10,gdT_4,0.6984126984126985,0.6285714285714286,35
P2,43,random_10,pDC,1.0,1.0,46
P2,43,random_30,ASDC_mDC,1.0,1.0,3
P2,43,random_30,ASDC_pDC,1.0,1.0,3
P2,43,random_30,B intermediate kappa,0.8284023668639053,0.8333333333333334,84
P2,43,random_30,B intermediate lambda,0.8048780487804877,0.7951807228915663,83
P2,43,random_30,B memory kappa,0.8645833333333333,0.8645833333333334,96
P2,43,random_30,B memory lambda,0.7252747252747254,0.8918918918918919,37
P2,43,random_30,B naive kappa,0.8983308042488619,0.8902255639097745,665
P2,43,random_30,B naive lambda,0.8132635253054101,0.7952218430034129,293
P2,43,random_30,CD14 Mono,0.9775280898876405,0.9739978331527628,2769
P2,43,random_30,CD16 Mono,0.938337801608579,0.957592339261286,731
P2,43,random_30,CD4 CTL,0.982791586998088,0.9809160305343512,262
P2,43,random_30,CD4 Naive,0.9585313882970005,0.9753168779186124,2998
P2,43,random_30,CD4 Proliferating,0.7428571428571429,0.8666666666666667,15
P2,43,random_30,CD4 TCM_1,0.8423173803526449,0.8513238289205702,982
P2,43,random_30,CD4 TCM_2,0.7398843930635839,0.6881720430107527,93
P2,43,random_30,CD4 TCM_3,0.8401826484018264,0.8214285714285714,448
P2,43,random_30,CD4 TEM_1,0.8545454545454546,0.7833333333333333,120
P2,43,random_30,CD4 TEM_2,0.676056338028169,0.6153846153846154,39
P2,43,random_30,CD4 TEM_3,0.6766917293233083,0.703125,64
P2,43,random_30,CD4 TEM_4,0.0,0.0,2
P2,43,random_30,CD8 Naive,0.9823226672633699,0.9959165154264973,2204
P2,43,random_30,CD8 Naive_2,0.711864406779661,0.65625,32
P2,43,random_30,CD8 Proliferating,0.7142857142857143,0.8333333333333334,6
P2,43,random_30,CD8 TCM_1,0.6886792452830188,0.776595744680851,94
P2,43,random_30,CD8 TCM_2,0.6593406593406592,0.5882352941176471,51
P2,43,random_30,CD8 TCM_3,0.8658536585365854,0.8452380952380952,84
P2,43,random_30,CD8 TEM_1,0.8339350180505416,0.8076923076923077,286
P2,43,random_30,CD8 TEM_2,0.7769028871391077,0.8087431693989071,183
P2,43,random_30,CD8 TEM_3,0.6041666666666667,0.5370370370370371,54
P2,43,random_30,CD8 TEM_4,0.86328125,0.9057377049180327,244
P2,43,random_30,CD8 TEM_5,0.9370629370629371,0.9136363636363637,220
P2,43,random_30,CD8 TEM_6,0.8108108108108107,0.7692307692307693,39
P2,43,random_30,Doublet,0.6575342465753424,0.5333333333333333,90
P2,43,random_30,Eryth,0.7857142857142856,0.8461538461538461,13
P2,43,random_30,HSPC,0.9743589743589743,1.0,19
P2,43,random_30,ILC,1.0,1.0,27
P2,43,random_30,MAIT,0.9586776859504132,0.9872340425531915,235
P2,43,random_30,NK Proliferating,0.8372093023255813,0.7346938775510204,49
P2,43,random_30,NK_1,0.5578947368421052,0.5196078431372549,102
P2,43,random_30,NK_2,0.916923076923077,0.9048582995951417,988
P2,43,random_30,NK_3,0.5559105431309904,0.5058139534883721,172
P2,43,random_30,NK_4,0.6869158878504673,0.8166666666666667,180
P2,43,random_30,NK_CD56bright,0.924901185770751,0.9831932773109243,119
P2,43,random_30,Plasma,0.9579831932773109,0.9827586206896551,58
P2,43,random_30,Plasmablast,0.918918918918919,0.8947368421052632,19
P2,43,random_30,Platelet,0.8288288288288288,0.7540983606557377,61
P2,43,random_30,Treg Memory,0.7988505747126438,0.7513513513513513,185
P2,43,random_30,Treg Naive,0.8395061728395062,0.8015717092337917,509
P2,43,random_30,cDC1,0.9333333333333333,0.875,8
P2,43,random_30,cDC2_1,0.6451612903225806,0.625,64
P2,43,random_30,cDC2_2,0.9113924050632912,0.9473684210526315,152
P2,43,random_30,dnT_1,0.6577181208053692,0.5764705882352941,85
P2,43,random_30,dnT_2,0.8888888888888891,0.8181818181818182,44
P2,43,random_30,gdT_1,0.9614711033274956,0.951473136915078,577
P2,43,random_30,gdT_2,0.5531914893617021,0.6190476190476191,21
P2,43,random_30,gdT_3,0.9047619047619048,0.9047619047619048,63
P2,43,random_30,gdT_4,0.6666666666666666,0.5428571428571428,35
P2,43,random_30,pDC,1.0,1.0,46
P2,43,random_50,ASDC_mDC,0.8571428571428571,1.0,3
P2,43,random_50,ASDC_pDC,1.0,1.0,3
P2,43,random_50,B intermediate kappa,0.8156424581005587,0.8690476190476191,84
P2,43,random_50,B intermediate lambda,0.7486631016042781,0.8433734939759037,83
P2,43,random_50,B memory kappa,0.8539325842696629,0.7916666666666666,96
P2,43,random_50,B memory lambda,0.8421052631578947,0.8648648648648649,37
P2,43,random_50,B naive kappa,0.8887195121951219,0.8766917293233083,665
P2,43,random_50,B naive lambda,0.7951807228915662,0.78839590443686,293
P2,43,random_50,CD14 Mono,0.9770302043769218,0.9754423979776092,2769
P2,43,random_50,CD16 Mono,0.941571524513096,0.9589603283173734,731
P2,43,random_50,CD4 CTL,0.98292220113852,0.9885496183206107,262
P2,43,random_50,CD4 Naive,0.9547311652230756,0.9743162108072048,2998
P2,43,random_50,CD4 Proliferating,0.7894736842105263,1.0,15
P2,43,random_50,CD4 TCM_1,0.8320876930742401,0.8503054989816701,982
P2,43,random_50,CD4 TCM_2,0.7051282051282052,0.5913978494623656,93
P2,43,random_50,CD4 TCM_3,0.8257491675915649,0.8303571428571429,448
P2,43,random_50,CD4 TEM_1,0.8917748917748917,0.8583333333333333,120
P2,43,random_50,CD4 TEM_2,0.6756756756756757,0.6410256410256411,39
P2,43,random_50,CD4 TEM_3,0.5585585585585585,0.484375,64
P2,43,random_50,CD4 TEM_4,0.0,0.0,2
P2,43,random_50,CD8 Naive,0.9803308001788109,0.9950090744101633,2204
P2,43,random_50,CD8 Naive_2,0.6153846153846154,0.5,32
P2,43,random_50,CD8 Proliferating,0.6153846153846153,0.6666666666666666,6
P2,43,random_50,CD8 TCM_1,0.6176470588235294,0.6702127659574468,94
P2,43,random_50,CD8 TCM_2,0.6226415094339622,0.6470588235294118,51
P2,43,random_50,CD8 TCM_3,0.7101449275362318,0.5833333333333334,84
P2,43,random_50,CD8 TEM_1,0.8525179856115107,0.8286713286713286,286
P2,43,random_50,CD8 TEM_2,0.7544303797468355,0.8142076502732241,183
P2,43,random_50,CD8 TEM_3,0.4883720930232558,0.3888888888888889,54
P2,43,random_50,CD8 TEM_4,0.8244274809160306,0.8852459016393442,244
P2,43,random_50,CD8 TEM_5,0.9,0.8590909090909091,220
P2,43,random_50,CD8 TEM_6,0.8493150684931507,0.7948717948717948,39
P2,43,random_50,Doublet,0.6388888888888888,0.5111111111111111,90
P2,43,random_50,Eryth,0.7857142857142856,0.8461538461538461,13
P2,43,random_50,HSPC,0.9743589743589743,1.0,19
P2,43,random_50,ILC,0.9473684210526316,1.0,27
P2,43,random_50,MAIT,0.9704641350210971,0.9787234042553191,235
P2,43,random_50,NK Proliferating,0.8235294117647058,0.7142857142857143,49
P2,43,random_50,NK_1,0.5,0.4117647058823529,102
P2,43,random_50,NK_2,0.9074935400516796,0.888663967611336,988
P2,43,random_50,NK_3,0.5233644859813084,0.4883720930232558,172
P2,43,random_50,NK_4,0.6827133479212254,0.8666666666666667,180
P2,43,random_50,NK_CD56bright,0.925,0.9327731092436975,119
P2,43,random_50,Plasma,0.95,0.9827586206896551,58
P2,43,random_50,Plasmablast,0.918918918918919,0.8947368421052632,19
P2,43,random_50,Platelet,0.8214285714285715,0.7540983606557377,61
P2,43,random_50,Treg Memory,0.7942857142857143,0.7513513513513513,185
P2,43,random_50,Treg Naive,0.8189473684210526,0.7642436149312377,509
P2,43,random_50,cDC1,0.9333333333333333,0.875,8
P2,43,random_50,cDC2_1,0.65625,0.65625,64
P2,43,random_50,cDC2_2,0.915032679738562,0.9210526315789473,152
P2,43,random_50,dnT_1,0.5899280575539568,0.4823529411764706,85
P2,43,random_50,dnT_2,0.9,0.8181818181818182,44
P2,43,random_50,gdT_1,0.9776632302405498,0.9861351819757366,577
P2,43,random_50,gdT_2,0.6842105263157895,0.6190476190476191,21
P2,43,random_50,gdT_3,0.8688524590163935,0.8412698412698413,63
P2,43,random_50,gdT_4,0.6551724137931034,0.5428571428571428,35
P2,43,random_50,pDC,1.0,1.0,46
P2,43,random_70,ASDC_mDC,1.0,1.0,3
P2,43,random_70,ASDC_pDC,1.0,1.0,3
P2,43,random_70,B intermediate kappa,0.8313253012048192,0.8214285714285714,84
P2,43,random_70,B intermediate lambda,0.7904191616766467,0.7951807228915663,83
P2,43,random_70,B memory kappa,0.8791208791208791,0.8333333333333334,96
P2,43,random_70,B memory lambda,0.8192771084337348,0.918918918918919,37
P2,43,random_70,B naive kappa,0.8952959028831562,0.8872180451127819,665
P2,43,random_70,B naive lambda,0.7851099830795262,0.7918088737201365,293
P2,43,random_70,CD14 Mono,0.9763067462470609,0.974720115565186,2769
P2,43,random_70,CD16 Mono,0.9403085177733065,0.9589603283173734,731
P2,43,random_70,CD4 CTL,0.9714285714285714,0.9732824427480916,262
P2,43,random_70,CD4 Naive,0.9459111397295558,0.9799866577718479,2998
P2,43,random_70,CD4 Proliferating,0.8108108108108109,1.0,15
P2,43,random_70,CD4 TCM_1,0.8181349819680577,0.8085539714867617,982
P2,43,random_70,CD4 TCM_2,0.6751592356687899,0.5698924731182796,93
P2,43,random_70,CD4 TCM_3,0.8308740068104427,0.8169642857142857,448
P2,43,random_70,CD4 TEM_1,0.8533333333333333,0.8,120
P2,43,random_70,CD4 TEM_2,0.6486486486486486,0.6153846153846154,39
P2,43,random_70,CD4 TEM_3,0.6153846153846153,0.75,64
P2,43,random_70,CD4 TEM_4,0.0,0.0,2
P2,43,random_70,CD8 Naive,0.9779559118236473,0.9963702359346642,2204
P2,43,random_70,CD8 Naive_2,0.52,0.40625,32
P2,43,random_70,CD8 Proliferating,0.6153846153846153,0.6666666666666666,6
P2,43,random_70,CD8 TCM_1,0.624390243902439,0.6808510638297872,94
P2,43,random_70,CD8 TCM_2,0.6451612903225806,0.5882352941176471,51
P2,43,random_70,CD8 TCM_3,0.7225806451612903,0.6666666666666666,84
P2,43,random_70,CD8 TEM_1,0.8439716312056738,0.8321678321678322,286
P2,43,random_70,CD8 TEM_2,0.766497461928934,0.825136612021858,183
P2,43,random_70,CD8 TEM_3,0.5,0.42592592592592593,54
P2,43,random_70,CD8 TEM_4,0.8275862068965517,0.8852459016393442,244
P2,43,random_70,CD8 TEM_5,0.8851674641148325,0.8409090909090909,220
P2,43,random_70,CD8 TEM_6,0.7826086956521738,0.6923076923076923,39
P2,43,random_70,Doublet,0.6142857142857143,0.4777777777777778,90
P2,43,random_70,Eryth,0.7586206896551724,0.8461538461538461,13
P2,43,random_70,HSPC,0.9743589743589743,1.0,19
P2,43,random_70,ILC,0.9615384615384615,0.9259259259259259,27
P2,43,random_70,MAIT,0.9663865546218487,0.9787234042553191,235
P2,43,random_70,NK Proliferating,0.813953488372093,0.7142857142857143,49
P2,43,random_70,NK_1,0.5212765957446809,0.4803921568627451,102
P2,43,random_70,NK_2,0.9041382922996334,0.8734817813765182,988
P2,43,random_70,NK_3,0.5495750708215297,0.563953488372093,172
P2,43,random_70,NK_4,0.6958525345622121,0.8388888888888889,180
P2,43,random_70,NK_CD56bright,0.9382716049382716,0.957983193277311,119
P2,43,random_70,Plasma,0.95,0.9827586206896551,58
P2,43,random_70,Plasmablast,0.8947368421052632,0.8947368421052632,19
P2,43,random_70,Platelet,0.8108108108108109,0.7377049180327869,61
P2,43,random_70,Treg Memory,0.7719298245614036,0.7135135135135136,185
P2,43,random_70,Treg Naive,0.7332576617480137,0.6345776031434185,509
P2,43,random_70,cDC1,0.9333333333333333,0.875,8
P2,43,random_70,cDC2_1,0.6771653543307087,0.671875,64
P2,43,random_70,cDC2_2,0.9196141479099678,0.9407894736842105,152
P2,43,random_70,dnT_1,0.5874125874125875,0.49411764705882355,85
P2,43,random_70,dnT_2,0.8571428571428571,0.75,44
P2,43,random_70,gdT_1,0.9655172413793103,0.9705372616984402,577
P2,43,random_70,gdT_2,0.5416666666666666,0.6190476190476191,21
P2,43,random_70,gdT_3,0.8709677419354839,0.8571428571428571,63
P2,43,random_70,gdT_4,0.5964912280701754,0.4857142857142857,35
P2,43,random_70,pDC,1.0,1.0,46
P2,43,marker_memory,ASDC_mDC,1.0,1.0,3
P2,43,marker_memory,ASDC_pDC,1.0,1.0,3
P2,43,marker_memory,B intermediate kappa,0.8383233532934132,0.8333333333333334,84
P2,43,marker_memory,B intermediate lambda,0.783132530120482,0.7831325301204819,83
P2,43,marker_memory,B memory kappa,0.8764044943820225,0.8125,96
P2,43,marker_memory,B memory lambda,0.825,0.8918918918918919,37
P2,43,marker_memory,B naive kappa,0.9186390532544378,0.9338345864661655,665
P2,43,marker_memory,B naive lambda,0.8224956063268892,0.7986348122866894,293
P2,43,marker_memory,CD14 Mono,0.9788243884629426,0.9682195738533766,2769
P2,43,marker_memory,CD16 Mono,0.941331575477917,0.9767441860465116,731
P2,43,marker_memory,CD4 CTL,0.966542750929368,0.9923664122137404,262
P2,43,marker_memory,CD4 Naive,0.9566492829204695,0.9789859906604403,2998
P2,43,marker_memory,CD4 Proliferating,0.7692307692307693,1.0,15
P2,43,marker_memory,CD4 TCM_1,0.8293182983085597,0.8238289205702648,982
P2,43,marker_memory,CD4 TCM_2,0.718562874251497,0.6451612903225806,93
P2,43,marker_memory,CD4 TCM_3,0.8337236533957845,0.7946428571428571,448
P2,43,marker_memory,CD4 TEM_1,0.8810572687224669,0.8333333333333334,120
P2,43,marker_memory,CD4 TEM_2,0.6666666666666667,0.5897435897435898,39
P2,43,marker_memory,CD4 TEM_3,0.6818181818181819,0.703125,64
P2,43,marker_memory,CD4 TEM_4,0.0,0.0,2
P2,43,marker_memory,CD8 Naive,0.9812416257257704,0.9968239564428312,2204
P2,43,marker_memory,CD8 Naive_2,0.7301587301587302,0.71875,32
P2,43,marker_memory,CD8 Proliferating,0.7142857142857143,0.8333333333333334,6
P2,43,marker_memory,CD8 TCM_1,0.7157894736842105,0.723404255319149,94
P2,43,marker_memory,CD8 TCM_2,0.6818181818181819,0.5882352941176471,51
P2,43,marker_memory,CD8 TCM_3,0.8928571428571429,0.8928571428571429,84
P2,43,marker_memory,CD8 TEM_1,0.848375451263538,0.8216783216783217,286
P2,43,marker_memory,CD8 TEM_2,0.7869674185463659,0.8579234972677595,183
P2,43,marker_memory,CD8 TEM_3,0.45,0.3333333333333333,54
P2,43,marker_memory,CD8 TEM_4,0.8670520231213873,0.9221311475409836,244
P2,43,marker_memory,CD8 TEM_5,0.9411764705882352,0.9090909090909091,220
P2,43,marker_memory,CD8 TEM_6,0.8169014084507042,0.7435897435897436,39
P2,43,marker_memory,Doublet,0.7577639751552795,0.6777777777777778,90
P2,43,marker_memory,Eryth,0.8000000000000002,0.9230769230769231,13
P2,43,marker_memory,HSPC,1.0,1.0,19
P2,43,marker_memory,ILC,1.0,1.0,27
P2,43,marker_memory,MAIT,0.9808917197452229,0.9829787234042553,235
P2,43,marker_memory,NK Proliferating,0.8275862068965517,0.7346938775510204,49
P2,43,marker_memory,NK_1,0.5513513513513513,0.5,102
P2,43,marker_memory,NK_2,0.9236252545824848,0.9180161943319838,988
P2,43,marker_memory,NK_3,0.6024844720496894,0.563953488372093,172
P2,43,marker_memory,NK_4,0.7064676616915422,0.7888888888888889,180
P2,43,marker_memory,NK_CD56bright,0.9243027888446215,0.9747899159663865,119
P2,43,marker_memory,Plasma,0.9666666666666666,1.0,58
P2,43,marker_memory,Plasmablast,0.9473684210526315,0.9473684210526315,19
P2,43,marker_memory,Platelet,0.8288288288288288,0.7540983606557377,61
P2,43,marker_memory,Treg Memory,0.7831325301204819,0.7027027027027027,185
P2,43,marker_memory,Treg Naive,0.8384539147670961,0.831041257367387,509
P2,43,marker_memory,cDC1,0.9333333333333333,0.875,8
P2,43,marker_memory,cDC2_1,0.6885245901639345,0.65625,64
P2,43,marker_memory,cDC2_2,0.9192546583850931,0.9736842105263158,152
P2,43,marker_memory,dnT_1,0.6474820143884893,0.5294117647058824,85
P2,43,marker_memory,dnT_2,0.8860759493670886,0.7954545454545454,44
P2,43,marker_memory,gdT_1,0.9819432502149613,0.9896013864818024,577
P2,43,marker_memory,gdT_2,0.7,0.6666666666666666,21
P2,43,marker_memory,gdT_3,0.9090909090909091,0.873015873015873,63
P2,43,marker_memory,gdT_4,0.6779661016949152,0.5714285714285714,35
P2,43,marker_memory,pDC,1.0,1.0,46
P2,43,marker_tcell,ASDC_mDC,1.0,1.0,3
P2,43,marker_tcell,ASDC_pDC,1.0,1.0,3
P2,43,marker_tcell,B intermediate kappa,0.8383233532934132,0.8333333333333334,84
P2,43,marker_tcell,B intermediate lambda,0.7804878048780488,0.7710843373493976,83
P2,43,marker_tcell,B memory kappa,0.8764044943820225,0.8125,96
P2,43,marker_tcell,B memory lambda,0.8148148148148148,0.8918918918918919,37
P2,43,marker_tcell,B naive kappa,0.9179600886917961,0.9338345864661655,665
P2,43,marker_tcell,B naive lambda,0.8216783216783217,0.8020477815699659,293
P2,43,marker_tcell,CD14 Mono,0.9781181619256019,0.9685807150595883,2769
P2,43,marker_tcell,CD16 Mono,0.9410986101919259,0.9726402188782489,731
P2,43,marker_tcell,CD4 CTL,0.9810606060606061,0.9885496183206107,262
P2,43,marker_tcell,CD4 Naive,0.958688524590164,0.9753168779186124,2998
P2,43,marker_tcell,CD4 Proliferating,0.7692307692307693,1.0,15
P2,43,marker_tcell,CD4 TCM_1,0.8370874803562075,0.8136456211812627,982
P2,43,marker_tcell,CD4 TCM_2,0.7709497206703911,0.7419354838709677,93
P2,43,marker_tcell,CD4 TCM_3,0.8509249183895538,0.8727678571428571,448
P2,43,marker_tcell,CD4 TEM_1,0.8879310344827586,0.8583333333333333,120
P2,43,marker_tcell,CD4 TEM_2,0.736842105263158,0.717948717948718,39
P2,43,marker_tcell,CD4 TEM_3,0.6771653543307087,0.671875,64
P2,43,marker_tcell,CD4 TEM_4,0.0,0.0,2
P2,43,marker_tcell,CD8 Naive,0.9806915132465199,0.9909255898366606,2204
P2,43,marker_tcell,CD8 Naive_2,0.6779661016949152,0.625,32
P2,43,marker_tcell,CD8 Proliferating,0.6,0.5,6
P2,43,marker_tcell,CD8 TCM_1,0.7173913043478262,0.7021276595744681,94
P2,43,marker_tcell,CD8 TCM_2,0.6352941176470589,0.5294117647058824,51
P2,43,marker_tcell,CD8 TCM_3,0.8685714285714285,0.9047619047619048,84
P2,43,marker_tcell,CD8 TEM_1,0.8363636363636364,0.8041958041958042,286
P2,43,marker_tcell,CD8 TEM_2,0.7636363636363637,0.8032786885245902,183
P2,43,marker_tcell,CD8 TEM_3,0.5747126436781609,0.46296296296296297,54
P2,43,marker_tcell,CD8 TEM_4,0.8623481781376517,0.8729508196721312,244
P2,43,marker_tcell,CD8 TEM_5,0.9284064665127021,0.9136363636363637,220
P2,43,marker_tcell,CD8 TEM_6,0.7826086956521738,0.6923076923076923,39
P2,43,marker_tcell,Doublet,0.7515151515151515,0.6888888888888889,90
P2,43,marker_tcell,Eryth,0.8000000000000002,0.9230769230769231,13
P2,43,marker_tcell,HSPC,1.0,1.0,19
P2,43,marker_tcell,ILC,1.0,1.0,27
P2,43,marker_tcell,MAIT,0.8910133843212237,0.9914893617021276,235
P2,43,marker_tcell,NK Proliferating,0.8314606741573034,0.7551020408163265,49
P2,43,marker_tcell,NK_1,0.5284974093264249,0.5,102
P2,43,marker_tcell,NK_2,0.9228426395939087,0.9200404858299596,988
P2,43,marker_tcell,NK_3,0.5833333333333334,0.5697674418604651,172
P2,43,marker_tcell,NK_4,0.7010309278350516,0.7555555555555555,180
P2,43,marker_tcell,NK_CD56bright,0.9206349206349207,0.9747899159663865,119
P2,43,marker_tcell,Plasma,0.9666666666666666,1.0,58
P2,43,marker_tcell,Plasmablast,0.972972972972973,0.9473684210526315,19
P2,43,marker_tcell,Platelet,0.8141592920353982,0.7540983606557377,61
P2,43,marker_tcell,Treg Memory,0.7931034482758621,0.745945945945946,185
P2,43,marker_tcell,Treg Naive,0.844,0.8290766208251473,509
P2,43,marker_tcell,cDC1,0.9333333333333333,0.875,8
P2,43,marker_tcell,cDC2_1,0.672,0.65625,64
P2,43,marker_tcell,cDC2_2,0.9119496855345911,0.9539473684210527,152
P2,43,marker_tcell,dnT_1,0.6375000000000001,0.6,85
P2,43,marker_tcell,dnT_2,0.9135802469135803,0.8409090909090909,44
P2,43,marker_tcell,gdT_1,0.9164370982552801,0.8648180242634316,577
P2,43,marker_tcell,gdT_2,0.42622950819672134,0.6190476190476191,21
P2,43,marker_tcell,gdT_3,0.8292682926829269,0.8095238095238095,63
P2,43,marker_tcell,gdT_4,0.5555555555555556,0.5714285714285714,35
P2,43,marker_tcell,pDC,1.0,1.0,46
P2,43,rna_only,ASDC_mDC,1.0,1.0,3
P2,43,rna_only,ASDC_pDC,1.0,1.0,3
P2,43,rna_only,B intermediate kappa,0.8275862068965518,0.8571428571428571,84
P2,43,rna_only,B intermediate lambda,0.7861271676300577,0.8192771084337349,83
P2,43,rna_only,B memory kappa,0.8648648648648649,0.8333333333333334,96
P2,43,rna_only,B memory lambda,0.7674418604651163,0.8918918918918919,37
P2,43,rna_only,B naive kappa,0.8931297709923665,0.8796992481203008,665
P2,43,rna_only,B naive lambda,0.8027444253859348,0.7986348122866894,293
P2,43,rna_only,CD14 Mono,0.9746581586144029,0.9653304442036836,2769
P2,43,rna_only,CD16 Mono,0.9362261669953978,0.9740082079343365,731
P2,43,rna_only,CD4 CTL,0.9520153550863724,0.9465648854961832,262
P2,43,rna_only,CD4 Naive,0.9466470876162506,0.9676450967311541,2998
P2,43,rna_only,CD4 Proliferating,0.7692307692307693,1.0,15
P2,43,rna_only,CD4 TCM_1,0.8130412633723892,0.8126272912423625,982
P2,43,rna_only,CD4 TCM_2,0.7167630057803468,0.6666666666666666,93
P2,43,rna_only,CD4 TCM_3,0.8022727272727274,0.7879464285714286,448
P2,43,rna_only,CD4 TEM_1,0.8595744680851064,0.8416666666666667,120
P2,43,rna_only,CD4 TEM_2,0.676056338028169,0.6153846153846154,39
P2,43,rna_only,CD4 TEM_3,0.582089552238806,0.609375,64
P2,43,rna_only,CD4 TEM_4,0.0,0.0,2
P2,43,rna_only,CD8 Naive,0.9679841024508722,0.9945553539019963,2204
P2,43,rna_only,CD8 Naive_2,0.6428571428571429,0.5625,32
P2,43,rna_only,CD8 Proliferating,0.6666666666666666,0.6666666666666666,6
P2,43,rna_only,CD8 TCM_1,0.6176470588235294,0.6702127659574468,94
P2,43,rna_only,CD8 TCM_2,0.47826086956521746,0.43137254901960786,51
P2,43,rna_only,CD8 TCM_3,0.7701863354037267,0.7380952380952381,84
P2,43,rna_only,CD8 TEM_1,0.8357664233576643,0.8006993006993007,286
P2,43,rna_only,CD8 TEM_2,0.7556675062972292,0.819672131147541,183
P2,43,rna_only,CD8 TEM_3,0.5,0.5,54
P2,43,rna_only,CD8 TEM_4,0.8189300411522633,0.8155737704918032,244
P2,43,rna_only,CD8 TEM_5,0.908256880733945,0.9,220
P2,43,rna_only,CD8 TEM_6,0.7837837837837838,0.7435897435897436,39
P2,43,rna_only,Doublet,0.6308724832214765,0.5222222222222223,90
P2,43,rna_only,Eryth,0.7741935483870968,0.9230769230769231,13
P2,43,rna_only,HSPC,0.9743589743589743,1.0,19
P2,43,rna_only,ILC,0.8846153846153846,0.8518518518518519,27
P2,43,rna_only,MAIT,0.9460580912863071,0.9702127659574468,235
P2,43,rna_only,NK Proliferating,0.8314606741573034,0.7551020408163265,49
P2,43,rna_only,NK_1,0.4861878453038674,0.43137254901960786,102
P2,43,rna_only,NK_2,0.9044652128764279,0.881578947368421,988
P2,43,rna_only,NK_3,0.5630498533724341,0.5581395348837209,172
P2,43,rna_only,NK_4,0.6666666666666667,0.7944444444444444,180
P2,43,rna_only,NK_CD56bright,0.896,0.9411764705882353,119
P2,43,rna_only,Plasma,0.9747899159663865,1.0,58
P2,43,rna_only,Plasmablast,0.9230769230769231,0.9473684210526315,19
P2,43,rna_only,Platelet,0.8035714285714285,0.7377049180327869,61
P2,43,rna_only,Treg Memory,0.7640449438202248,0.7351351351351352,185
P2,43,rna_only,Treg Naive,0.7587719298245614,0.6797642436149313,509
P2,43,rna_only,cDC1,0.9333333333333333,0.875,8
P2,43,rna_only,cDC2_1,0.6825396825396826,0.671875,64
P2,43,rna_only,cDC2_2,0.9137380191693291,0.9407894736842105,152
P2,43,rna_only,dnT_1,0.5112781954887219,0.4,85
P2,43,rna_only,dnT_2,0.8860759493670886,0.7954545454545454,44
P2,43,rna_only,gdT_1,0.9569798068481125,0.9445407279029463,577
P2,43,rna_only,gdT_2,0.6046511627906977,0.6190476190476191,21
P2,43,rna_only,gdT_3,0.8225806451612904,0.8095238095238095,63
P2,43,rna_only,gdT_4,0.6101694915254237,0.5142857142857142,35
P2,43,rna_only,pDC,1.0,1.0,46
P2,43,random_size_matched_6,ASDC_mDC,1.0,1.0,3
P2,43,random_size_matched_6,ASDC_pDC,1.0,1.0,3
P2,43,random_size_matched_6,B intermediate kappa,0.8452380952380952,0.8452380952380952,84
P2,43,random_size_matched_6,B intermediate lambda,0.8214285714285715,0.8313253012048193,83
P2,43,random_size_matched_6,B memory kappa,0.8756756756756756,0.84375,96
P2,43,random_size_matched_6,B memory lambda,0.7727272727272727,0.918918918918919,37
P2,43,random_size_matched_6,B naive kappa,0.9157345264727814,0.9233082706766917,665
P2,43,random_size_matched_6,B naive lambda,0.8291814946619216,0.7952218430034129,293
P2,43,random_size_matched_6,CD14 Mono,0.9786457382734076,0.9682195738533766,2769
P2,43,random_size_matched_6,CD16 Mono,0.9381578947368422,0.9753761969904241,731
P2,43,random_size_matched_6,CD4 CTL,0.9810606060606061,0.9885496183206107,262
P2,43,random_size_matched_6,CD4 Naive,0.9597513089005235,0.9783188792528352,2998
P2,43,random_size_matched_6,CD4 Proliferating,0.7499999999999999,1.0,15
P2,43,random_size_matched_6,CD4 TCM_1,0.8524421593830334,0.8441955193482689,982
P2,43,random_size_matched_6,CD4 TCM_2,0.7727272727272727,0.7311827956989247,93
P2,43,random_size_matched_6,CD4 TCM_3,0.8607021517553793,0.8482142857142857,448
P2,43,random_size_matched_6,CD4 TEM_1,0.8810572687224669,0.8333333333333334,120
P2,43,random_size_matched_6,CD4 TEM_2,0.7297297297297296,0.6923076923076923,39
P2,43,random_size_matched_6,CD4 TEM_3,0.6890756302521008,0.640625,64
P2,43,random_size_matched_6,CD4 TEM_4,0.0,0.0,2
P2,43,random_size_matched_6,CD8 Naive,0.9829977628635347,0.9968239564428312,2204
P2,43,random_size_matched_6,CD8 Naive_2,0.7419354838709677,0.71875,32
P2,43,random_size_matched_6,CD8 Proliferating,0.6666666666666666,0.6666666666666666,6
P2,43,random_size_matched_6,CD8 TCM_1,0.7035175879396984,0.7446808510638298,94
P2,43,random_size_matched_6,CD8 TCM_2,0.6588235294117647,0.5490196078431373,51
P2,43,random_size_matched_6,CD8 TCM_3,0.8658536585365854,0.8452380952380952,84
P2,43,random_size_matched_6,CD8 TEM_1,0.8612099644128114,0.8461538461538461,286
P2,43,random_size_matched_6,CD8 TEM_2,0.8010204081632654,0.8579234972677595,183
P2,43,random_size_matched_6,CD8 TEM_3,0.5121951219512195,0.3888888888888889,54
P2,43,random_size_matched_6,CD8 TEM_4,0.8840864440078585,0.9221311475409836,244
P2,43,random_size_matched_6,CD8 TEM_5,0.9414519906323184,0.9136363636363637,220
P2,43,random_size_matched_6,CD8 TEM_6,0.8333333333333333,0.7692307692307693,39
P2,43,random_size_matched_6,Doublet,0.75,0.6666666666666666,90
P2,43,random_size_matched_6,Eryth,0.8000000000000002,0.9230769230769231,13
P2,43,random_size_matched_6,HSPC,1.0,1.0,19
P2,43,random_size_matched_6,ILC,1.0,1.0,27
P2,43,random_size_matched_6,MAIT,0.9768421052631578,0.9872340425531915,235
P2,43,random_size_matched_6,NK Proliferating,0.8045977011494253,0.7142857142857143,49
P2,43,random_size_matched_6,NK_1,0.5714285714285715,0.49019607843137253,102
P2,43,random_size_matched_6,NK_2,0.9226069246435846,0.917004048582996,988
P2,43,random_size_matched_6,NK_3,0.5864197530864197,0.5523255813953488,172
P2,43,random_size_matched_6,NK_4,0.6990291262135923,0.8,180
P2,43,random_size_matched_6,NK_CD56bright,0.928,0.9747899159663865,119
P2,43,random_size_matched_6,Plasma,0.9666666666666666,1.0,58
P2,43,random_size_matched_6,Plasmablast,0.9230769230769231,0.9473684210526315,19
P2,43,random_size_matched_6,Platelet,0.8363636363636363,0.7540983606557377,61
P2,43,random_size_matched_6,Treg Memory,0.7988338192419825,0.7405405405405405,185
P2,43,random_size_matched_6,Treg Naive,0.852,0.8369351669941061,509
P2,43,random_size_matched_6,cDC1,0.9333333333333333,0.875,8
P2,43,random_size_matched_6,cDC2_1,0.7107438016528924,0.671875,64
P2,43,random_size_matched_6,cDC2_2,0.9221183800623052,0.9736842105263158,152
P2,43,random_size_matched_6,dnT_1,0.7261146496815285,0.6705882352941176,85
P2,43,random_size_matched_6,dnT_2,0.9135802469135803,0.8409090909090909,44
P2,43,random_size_matched_6,gdT_1,0.9801210025929128,0.9826689774696707,577
P2,43,random_size_matched_6,gdT_2,0.6666666666666666,0.6666666666666666,21
P2,43,random_size_matched_6,gdT_3,0.9152542372881356,0.8571428571428571,63
P2,43,random_size_matched_6,gdT_4,0.7000000000000001,0.6,35
P2,43,random_size_matched_6,pDC,1.0,1.0,46
P2,43,random_size_matched_15,ASDC_mDC,1.0,1.0,3
P2,43,random_size_matched_15,ASDC_pDC,1.0,1.0,3
P2,43,random_size_matched_15,B intermediate kappa,0.8402366863905326,0.8452380952380952,84
P2,43,random_size_matched_15,B intermediate lambda,0.7906976744186045,0.8192771084337349,83
P2,43,random_size_matched_15,B memory kappa,0.8839779005524863,0.8333333333333334,96
P2,43,random_size_matched_15,B memory lambda,0.8000000000000002,0.918918918918919,37
P2,43,random_size_matched_15,B naive kappa,0.9157345264727814,0.9233082706766917,665
P2,43,random_size_matched_15,B naive lambda,0.8262411347517731,0.7952218430034129,293
P2,43,random_size_matched_15,CD14 Mono,0.977939835916135,0.9685807150595883,2769
P2,43,random_size_matched_15,CD16 Mono,0.9380764163372859,0.9740082079343365,731
P2,43,random_size_matched_15,CD4 CTL,0.9773584905660377,0.9885496183206107,262
P2,43,random_size_matched_15,CD4 Naive,0.9602757715036113,0.975650433622415,2998
P2,43,random_size_matched_15,CD4 Proliferating,0.7499999999999999,1.0,15
P2,43,random_size_matched_15,CD4 TCM_1,0.8461157842652152,0.8706720977596741,982
P2,43,random_size_matched_15,CD4 TCM_2,0.7613636363636364,0.7204301075268817,93
P2,43,random_size_matched_15,CD4 TCM_3,0.838709677419355,0.7834821428571429,448
P2,43,random_size_matched_15,CD4 TEM_1,0.8687782805429864,0.8,120
P2,43,random_size_matched_15,CD4 TEM_2,0.6666666666666666,0.6666666666666666,39
P2,43,random_size_matched_15,CD4 TEM_3,0.6885245901639345,0.65625,64
P2,43,random_size_matched_15,CD4 TEM_4,0.0,0.0,2
P2,43,random_size_matched_15,CD8 Naive,0.9838781907747424,0.9968239564428312,2204
P2,43,random_size_matched_15,CD8 Naive_2,0.7419354838709677,0.71875,32
P2,43,random_size_matched_15,CD8 Proliferating,0.6666666666666666,0.6666666666666666,6
P2,43,random_size_matched_15,CD8 TCM_1,0.7046632124352332,0.723404255319149,94
P2,43,random_size_matched_15,CD8 TCM_2,0.6823529411764706,0.5686274509803921,51
P2,43,random_size_matched_15,CD8 TCM_3,0.8780487804878048,0.8571428571428571,84
P2,43,random_size_matched_15,CD8 TEM_1,0.8606701940035272,0.8531468531468531,286
P2,43,random_size_matched_15,CD8 TEM_2,0.7938931297709924,0.8524590163934426,183
P2,43,random_size_matched_15,CD8 TEM_3,0.5609756097560976,0.42592592592592593,54
P2,43,random_size_matched_15,CD8 TEM_4,0.8688845401174168,0.9098360655737705,244
P2,43,random_size_matched_15,CD8 TEM_5,0.936768149882904,0.9090909090909091,220
P2,43,random_size_matched_15,CD8 TEM_6,0.8055555555555556,0.7435897435897436,39
P2,43,random_size_matched_15,Doublet,0.7236842105263158,0.6111111111111112,90
P2,43,random_size_matched_15,Eryth,0.8000000000000002,0.9230769230769231,13
P2,43,random_size_matched_15,HSPC,1.0,1.0,19
P2,43,random_size_matched_15,ILC,0.9818181818181818,1.0,27
P2,43,random_size_matched_15,MAIT,0.9746835443037974,0.9829787234042553,235
P2,43,random_size_matched_15,NK Proliferating,0.813953488372093,0.7142857142857143,49
P2,43,random_size_matched_15,NK_1,0.5683060109289617,0.5098039215686274,102
P2,43,random_size_matched_15,NK_2,0.9223697650663943,0.9139676113360324,988
P2,43,random_size_matched_15,NK_3,0.6024096385542168,0.5813953488372093,172
P2,43,random_size_matched_15,NK_4,0.7250608272506083,0.8277777777777777,180
P2,43,random_size_matched_15,NK_CD56bright,0.9456066945606694,0.9495798319327731,119
P2,43,random_size_matched_15,Plasma,0.9586776859504132,1.0,58
P2,43,random_size_matched_15,Plasmablast,0.918918918918919,0.8947368421052632,19
P2,43,random_size_matched_15,Platelet,0.8363636363636363,0.7540983606557377,61
P2,43,random_size_matched_15,Treg Memory,0.8100558659217877,0.7837837837837838,185
P2,43,random_size_matched_15,Treg Naive,0.8424304840370752,0.8035363457760314,509
P2,43,random_size_matched_15,cDC1,0.9333333333333333,0.875,8
P2,43,random_size_matched_15,cDC2_1,0.672,0.65625,64
P2,43,random_size_matched_15,cDC2_2,0.9125000000000001,0.9605263157894737,152
P2,43,random_size_matched_15,dnT_1,0.7354838709677418,0.6705882352941176,85
P2,43,random_size_matched_15,dnT_2,0.9268292682926829,0.8636363636363636,44
P2,43,random_size_matched_15,gdT_1,0.9722222222222223,0.9705372616984402,577
P2,43,random_size_matched_15,gdT_2,0.5416666666666666,0.6190476190476191,21
P2,43,random_size_matched_15,gdT_3,0.9365079365079365,0.9365079365079365,63
P2,43,random_size_matched_15,gdT_4,0.7000000000000001,0.6,35
P2,43,random_size_matched_15,pDC,1.0,1.0,46
P3,41,full,ASDC_mDC,0.8,0.6666666666666666,3
P3,41,full,ASDC_pDC,0.6666666666666666,1.0,1
P3,41,full,B intermediate kappa,0.853932584269663,0.8636363636363636,88
P3,41,full,B intermediate lambda,0.8650793650793651,0.9008264462809917,121
P3,41,full,B memory kappa,0.8874172185430463,0.8933333333333333,75
P3,41,full,B memory lambda,0.8490566037735849,0.7894736842105263,57
P3,41,full,B naive kappa,0.9365079365079365,0.9123711340206185,388
P3,41,full,B naive lambda,0.8853333333333333,0.907103825136612,183
P3,41,full,CD14 Mono,0.9895880488909009,0.987353206865402,3321
P3,41,full,CD16 Mono,0.9445876288659794,0.9556714471968709,767
P3,41,full,CD4 CTL,0.888888888888889,0.8,5
P3,41,full,CD4 Naive,0.9537299338999057,0.9204131227217497,1646
P3,41,full,CD4 Proliferating,0.962962962962963,1.0,13
P3,41,full,CD4 TCM_1,0.8457593688362919,0.833592534992224,1286
P3,41,full,CD4 TCM_2,0.807017543859649,0.8761904761904762,105
P3,41,full,CD4 TCM_3,0.8192934782608696,0.8340248962655602,723
P3,41,full,CD4 TEM_1,0.7938931297709922,0.9811320754716981,265
P3,41,full,CD4 TEM_2,0.6666666666666667,0.9122807017543859,57
P3,41,full,CD4 TEM_3,0.7913446676970635,0.6918918918918919,370
P3,41,full,CD4 TEM_4,0.7368421052631577,0.7777777777777778,9
P3,41,full,CD8 Naive,0.976978417266187,0.9755747126436781,696
P3,41,full,CD8 Naive_2,0.6666666666666666,0.6428571428571429,14
P3,41,full,CD8 Proliferating,1.0,1.0,2
P3,41,full,CD8 TCM_1,0.6588235294117646,0.5714285714285714,98
P3,41,full,CD8 TCM_2,0.7647058823529412,0.7647058823529411,68
P3,41,full,CD8 TCM_3,0.8282828282828283,0.8723404255319149,47
P3,41,full,CD8 TEM_1,0.8990610328638498,0.9251207729468599,414
P3,41,full,CD8 TEM_2,0.7775061124694377,0.828125,192
P3,41,full,CD8 TEM_3,0.4864864864864865,0.6,15
P3,41,full,CD8 TEM_4,0.6078431372549019,0.4492753623188406,69
P3,41,full,CD8 TEM_5,0.0,0.0,5
P3,41,full,CD8 TEM_6,1.0,1.0,3
P3,41,full,Doublet,0.7153284671532846,0.6363636363636364,77
P3,41,full,Eryth,0.88,1.0,11
P3,41,full,HSPC,1.0,1.0,20
P3,41,full,ILC,0.896551724137931,0.9285714285714286,14
P3,41,full,MAIT,0.9880159786950733,0.9946380697050938,373
P3,41,full,NK Proliferating,0.9448818897637796,0.9230769230769231,65
P3,41,full,NK_1,0.31313131313131315,0.19375,160
P3,41,full,NK_2,0.9323958896700919,0.978433598183882,1762
P3,41,full,NK_3,0.4416666666666667,0.33125,160
P3,41,full,NK_4,0.7202072538860104,0.7897727272727273,176
P3,41,full,NK_CD56bright,0.89,0.89,100
P3,41,full,Plasma,0.962962962962963,1.0,13
P3,41,full,Platelet,0.9298245614035087,0.9137931034482759,58
P3,41,full,Treg Memory,0.7661971830985915,0.8242424242424242,165
P3,41,full,Treg Naive,0.6545454545454544,0.7012987012987013,77
P3,41,full,cDC1,1.0,1.0,8
P3,41,full,cDC2_1,0.8172043010752689,0.9743589743589743,39
P3,41,full,cDC2_2,0.9572649572649573,0.9256198347107438,121
P3,41,full,dnT_1,0.5714285714285713,0.5454545454545454,11
P3,41,full,dnT_2,1.0,1.0,16
P3,41,full,gdT_1,0.9714285714285714,1.0,34
P3,41,full,gdT_2,0.0,0.0,1
P3,41,full,gdT_3,0.888888888888889,1.0,4
P3,41,full,gdT_4,0.6666666666666666,0.8181818181818182,11
P3,41,full,pDC,1.0,1.0,78
P3,41,random_10,ASDC_mDC,0.8,0.6666666666666666,3
P3,41,random_10,ASDC_pDC,0.6666666666666666,1.0,1
P3,41,random_10,B intermediate kappa,0.8342857142857142,0.8295454545454546,88
P3,41,random_10,B intermediate lambda,0.8640000000000001,0.8925619834710744,121
P3,41,random_10,B memory kappa,0.8609271523178809,0.8666666666666667,75
P3,41,random_10,B memory lambda,0.8411214953271027,0.7894736842105263,57
P3,41,random_10,B naive kappa,0.9257294429708223,0.8994845360824743,388
P3,41,random_10,B naive lambda,0.8713910761154855,0.907103825136612,183
P3,41,random_10,CD14 Mono,0.9892991710625471,0.988256549232159,3321
P3,41,random_10,CD16 Mono,0.9447300771208226,0.9582790091264668,767
P3,41,random_10,CD4 CTL,0.888888888888889,0.8,5
P3,41,random_10,CD4 Naive,0.9536835561081752,0.9319562575941677,1646
P3,41,random_10,CD4 Proliferating,0.962962962962963,1.0,13
P3,41,random_10,CD4 TCM_1,0.8515777171795871,0.8499222395023328,1286
P3,41,random_10,CD4 TCM_2,0.7932489451476793,0.8952380952380953,105
P3,41,random_10,CD4 TCM_3,0.7526315789473683,0.7911479944674965,723
P3,41,random_10,CD4 TEM_1,0.7172413793103447,0.9811320754716981,265
P3,41,random_10,CD4 TEM_2,0.5795454545454546,0.8947368421052632,57
P3,41,random_10,CD4 TEM_3,0.464,0.31351351351351353,370
P3,41,random_10,CD4 TEM_4,0.30769230769230765,0.2222222222222222,9
P3,41,random_10,CD8 Naive,0.9770444763271163,0.978448275862069,696
P3,41,random_10,CD8 Naive_2,0.6666666666666666,0.6428571428571429,14
P3,41,random_10,CD8 Proliferating,0.8,1.0,2
P3,41,random_10,CD8 TCM_1,0.6428571428571429,0.5510204081632653,98
P3,41,random_10,CD8 TCM_2,0.7407407407407408,0.7352941176470589,68
P3,41,random_10,CD8 TCM_3,0.8048780487804879,0.7021276595744681,47
P3,41,random_10,CD8 TEM_1,0.8902007083825265,0.9106280193236715,414
P3,41,random_10,CD8 TEM_2,0.7942583732057416,0.8645833333333334,192
P3,41,random_10,CD8 TEM_3,0.5,0.6666666666666666,15
P3,41,random_10,CD8 TEM_4,0.6213592233009708,0.463768115942029,69
P3,41,random_10,CD8 TEM_5,0.0,0.0,5
P3,41,random_10,CD8 TEM_6,0.7499999999999999,1.0,3
P3,41,random_10,Doublet,0.6969696969696969,0.5974025974025974,77
P3,41,random_10,Eryth,0.8148148148148148,1.0,11
P3,41,random_10,HSPC,1.0,1.0,20
P3,41,random_10,ILC,0.9285714285714286,0.9285714285714286,14
P3,41,random_10,MAIT,0.9827814569536425,0.9946380697050938,373
P3,41,random_10,NK Proliferating,0.9606299212598426,0.9384615384615385,65
P3,41,random_10,NK_1,0.32323232323232326,0.2,160
P3,41,random_10,NK_2,0.9325812516787537,0.985244040862656,1762
P3,41,random_10,NK_3,0.4472573839662447,0.33125,160
P3,41,random_10,NK_4,0.7397260273972603,0.7670454545454546,176
P3,41,random_10,NK_CD56bright,0.9035532994923858,0.89,100
P3,41,random_10,Plasma,0.962962962962963,1.0,13
P3,41,random_10,Platelet,0.9310344827586207,0.9310344827586207,58
P3,41,random_10,Treg Memory,0.7836990595611286,0.7575757575757576,165
P3,41,random_10,Treg Naive,0.6176470588235294,0.5454545454545454,77
P3,41,random_10,cDC1,1.0,1.0,8
P3,41,random_10,cDC2_1,0.7727272727272728,0.8717948717948718,39
P3,41,random_10,cDC2_2,0.9482758620689654,0.9090909090909091,121
P3,41,random_10,dnT_1,0.631578947368421,0.5454545454545454,11
P3,41,random_10,dnT_2,0.9411764705882353,1.0,16
P3,41,random_10,gdT_1,0.9714285714285714,1.0,34
P3,41,random_10,gdT_2,0.0,0.0,1
P3,41,random_10,gdT_3,0.888888888888889,1.0,4
P3,41,random_10,gdT_4,0.6923076923076923,0.8181818181818182,11
P3,41,random_10,pDC,1.0,1.0,78
P3,41,random_30,ASDC_mDC,0.8,0.6666666666666666,3
P3,41,random_30,ASDC_pDC,0.6666666666666666,1.0,1
P3,41,random_30,B intermediate kappa,0.8555555555555556,0.875,88
P3,41,random_30,B intermediate lambda,0.8384615384615385,0.9008264462809917,121
P3,41,random_30,B memory kappa,0.8783783783783784,0.8666666666666667,75
P3,41,random_30,B memory lambda,0.8,0.7017543859649122,57
P3,41,random_30,B naive kappa,0.918918918918919,0.8762886597938144,388
P3,41,random_30,B naive lambda,0.8520408163265306,0.912568306010929,183
P3,41,random_30,CD14 Mono,0.9884332281808623,0.9906654622101777,3321
P3,41,random_30,CD16 Mono,0.9406392694063928,0.940026075619296,767
P3,41,random_30,CD4 CTL,0.8000000000000002,0.8,5
P3,41,random_30,CD4 Naive,0.9535175879396985,0.9222357229647631,1646
P3,41,random_30,CD4 Proliferating,0.962962962962963,1.0,13
P3,41,random_30,CD4 TCM_1,0.8380566801619433,0.8048211508553654,1286
P3,41,random_30,CD4 TCM_2,0.7924528301886793,0.8,105
P3,41,random_30,CD4 TCM_3,0.8239202657807309,0.8575380359612724,723
P3,41,random_30,CD4 TEM_1,0.7923930269413629,0.9433962264150944,265
P3,41,random_30,CD4 TEM_2,0.6979865771812079,0.9122807017543859,57
P3,41,random_30,CD4 TEM_3,0.795216741405082,0.7189189189189189,370
P3,41,random_30,CD4 TEM_4,0.6086956521739131,0.7777777777777778,9
P3,41,random_30,CD8 Naive,0.9762760603882099,0.9755747126436781,696
P3,41,random_30,CD8 Naive_2,0.6153846153846153,0.5714285714285714,14
P3,41,random_30,CD8 Proliferating,1.0,1.0,2
P3,41,random_30,CD8 TCM_1,0.6163522012578616,0.5,98
P3,41,random_30,CD8 TCM_2,0.782608695652174,0.7941176470588235,68
P3,41,random_30,CD8 TCM_3,0.7387387387387387,0.8723404255319149,47
P3,41,random_30,CD8 TEM_1,0.9044117647058824,0.8913043478260869,414
P3,41,random_30,CD8 TEM_2,0.8018223234624146,0.9166666666666666,192
P3,41,random_30,CD8 TEM_3,0.4545454545454545,0.6666666666666666,15
P3,41,random_30,CD8 TEM_4,0.6019417475728155,0.4492753623188406,69
P3,41,random_30,CD8 TEM_5,0.4444444444444445,0.4,5
P3,41,random_30,CD8 TEM_6,1.0,1.0,3
P3,41,random_30,Doublet,0.656,0.5324675324675324,77
P3,41,random_30,Eryth,0.88,1.0,11
P3,41,random_30,HSPC,1.0,1.0,20
P3,41,random_30,ILC,0.896551724137931,0.9285714285714286,14
P3,41,random_30,MAIT,0.9762532981530343,0.9919571045576407,373
P3,41,random_30,NK Proliferating,0.9606299212598426,0.9384615384615385,65
P3,41,random_30,NK_1,0.39316239316239315,0.2875,160
P3,41,random_30,NK_2,0.9334438000552333,0.9591373439273553,1762
P3,41,random_30,NK_3,0.4772727272727273,0.39375,160
P3,41,random_30,NK_4,0.7383863080684596,0.8579545454545454,176
P3,41,random_30,NK_CD56bright,0.9015544041450777,0.87,100
P3,41,random_30,Plasma,0.962962962962963,1.0,13
P3,41,random_30,Platelet,0.9369369369369369,0.896551724137931,58
P3,41,random_30,Treg Memory,0.7452054794520547,0.8242424242424242,165
P3,41,random_30,Treg Naive,0.5699481865284974,0.7142857142857143,77
P3,41,random_30,cDC1,1.0,1.0,8
P3,41,random_30,cDC2_1,0.7835051546391754,0.9743589743589743,39
P3,41,random_30,cDC2_2,0.9437229437229437,0.9008264462809917,121
P3,41,random_30,dnT_1,0.5,0.45454545454545453,11
P3,41,random_30,dnT_2,0.9032258064516129,0.875,16
P3,41,random_30,gdT_1,0.9714285714285714,1.0,34
P3,41,random_30,gdT_2,0.0,0.0,1
P3,41,random_30,gdT_3,0.5454545454545454,0.75,4
P3,41,random_30,gdT_4,0.6363636363636364,0.6363636363636364,11
P3,41,random_30,pDC,1.0,1.0,78
P3,41,random_50,ASDC_mDC,0.8,0.6666666666666666,3
P3,41,random_50,ASDC_pDC,0.5,1.0,1
P3,41,random_50,B intermediate kappa,0.8522727272727273,0.8522727272727273,88
P3,41,random_50,B intermediate lambda,0.8549618320610687,0.9256198347107438,121
P3,41,random_50,B memory kappa,0.8780487804878049,0.96,75
P3,41,random_50,B memory lambda,0.8490566037735849,0.7894736842105263,57
P3,41,random_50,B naive kappa,0.9292389853137517,0.8969072164948454,388
P3,41,random_50,B naive lambda,0.8539944903581268,0.8469945355191257,183
P3,41,random_50,CD14 Mono,0.9881185140622649,0.989159891598916,3321
P3,41,random_50,CD16 Mono,0.9398976982097187,0.9582790091264668,767
P3,41,random_50,CD4 CTL,0.888888888888889,0.8,5
P3,41,random_50,CD4 Naive,0.9473019880088356,0.9119076549210207,1646
P3,41,random_50,CD4 Proliferating,0.9285714285714286,1.0,13
P3,41,random_50,CD4 TCM_1,0.835583796664019,0.8180404354587869,1286
P3,41,random_50,CD4 TCM_2,0.7672413793103449,0.8476190476190476,105
P3,41,random_50,CD4 TCM_3,0.7402049427365882,0.8492392807745505,723
P3,41,random_50,CD4 TEM_1,0.7441860465116279,0.9660377358490566,265
P3,41,random_50,CD4 TEM_2,0.6758620689655173,0.8596491228070176,57
P3,41,random_50,CD4 TEM_3,0.435483870967742,0.2918918918918919,370
P3,41,random_50,CD4 TEM_4,0.0,0.0,9
P3,41,random_50,CD8 Naive,0.9762419006479481,0.9741379310344828,696
P3,41,random_50,CD8 Naive_2,0.5833333333333334,0.5,14
P3,41,random_50,CD8 Proliferating,0.6666666666666666,0.5,2
P3,41,random_50,CD8 TCM_1,0.6170212765957447,0.5918367346938775,98
P3,41,random_50,CD8 TCM_2,0.7499999999999999,0.7941176470588235,68
P3,41,random_50,CD8 TCM_3,0.44444444444444436,0.2978723404255319,47
P3,41,random_50,CD8 TEM_1,0.8894062863795111,0.9227053140096618,414
P3,41,random_50,CD8 TEM_2,0.7305699481865284,0.734375,192
P3,41,random_50,CD8 TEM_3,0.4615384615384615,0.6,15
P3,41,random_50,CD8 TEM_4,0.5882352941176471,0.43478260869565216,69
P3,41,random_50,CD8 TEM_5,0.25,0.2,5
P3,41,random_50,CD8 TEM_6,1.0,1.0,3
P3,41,random_50,Doublet,0.5370370370370371,0.37662337662337664,77
P3,41,random_50,Eryth,0.88,1.0,11
P3,41,random_50,HSPC,1.0,1.0,20
P3,41,random_50,ILC,0.896551724137931,0.9285714285714286,14
P3,41,random_50,MAIT,0.9575289575289575,0.9973190348525469,373
P3,41,random_50,NK Proliferating,0.9606299212598426,0.9384615384615385,65
P3,41,random_50,NK_1,0.3859649122807018,0.275,160
P3,41,random_50,NK_2,0.9286510590858417,0.945516458569807,1762
P3,41,random_50,NK_3,0.4816053511705686,0.45,160
P3,41,random_50,NK_4,0.7102803738317757,0.8636363636363636,176
P3,41,random_50,NK_CD56bright,0.8397790055248618,0.76,100
P3,41,random_50,Plasma,0.9230769230769231,0.9230769230769231,13
P3,41,random_50,Platelet,0.9357798165137614,0.8793103448275862,58
P3,41,random_50,Treg Memory,0.7896253602305476,0.8303030303030303,165
P3,41,random_50,Treg Naive,0.6666666666666666,0.6493506493506493,77
P3,41,random_50,cDC1,1.0,1.0,8
P3,41,random_50,cDC2_1,0.7472527472527474,0.8717948717948718,39
P3,41,random_50,cDC2_2,0.9437229437229437,0.9008264462809917,121
P3,41,random_50,dnT_1,0.6,0.5454545454545454,11
P3,41,random_50,dnT_2,0.9090909090909091,0.9375,16
P3,41,random_50,gdT_1,0.9253731343283583,0.9117647058823529,34
P3,41,random_50,gdT_2,0.0,0.0,1
P3,41,random_50,gdT_3,0.8,1.0,4
P3,41,random_50,gdT_4,0.42857142857142855,0.5454545454545454,11
P3,41,random_50,pDC,0.9935483870967742,0.9871794871794872,78
P3,41,random_70,ASDC_mDC,0.8,0.6666666666666666,3
P3,41,random_70,ASDC_pDC,0.5,1.0,1
P3,41,random_70,B intermediate kappa,0.8522727272727273,0.8522727272727273,88
P3,41,random_70,B intermediate lambda,0.8352490421455938,0.9008264462809917,121
P3,41,random_70,B memory kappa,0.8974358974358974,0.9333333333333333,75
P3,41,random_70,B memory lambda,0.8235294117647058,0.7368421052631579,57
P3,41,random_70,B naive kappa,0.9168900804289545,0.8814432989690721,388
P3,41,random_70,B naive lambda,0.8473684210526315,0.8797814207650273,183
P3,41,random_70,CD14 Mono,0.9873684210526316,0.9885576633544113,3321
P3,41,random_70,CD16 Mono,0.9395109395109394,0.9517601043024772,767
P3,41,random_70,CD4 CTL,0.888888888888889,0.8,5
P3,41,random_70,CD4 Naive,0.9501867995018679,0.9270959902794653,1646
P3,41,random_70,CD4 Proliferating,0.896551724137931,1.0,13
P3,41,random_70,CD4 TCM_1,0.8340699075934109,0.807153965785381,1286
P3,41,random_70,CD4 TCM_2,0.7846889952153111,0.780952380952381,105
P3,41,random_70,CD4 TCM_3,0.8021680216802168,0.8188105117565698,723
P3,41,random_70,CD4 TEM_1,0.7337662337662338,0.8528301886792453,265
P3,41,random_70,CD4 TEM_2,0.5549132947976879,0.8421052631578947,57
P3,41,random_70,CD4 TEM_3,0.8011363636363636,0.7621621621621621,370
P3,41,random_70,CD4 TEM_4,0.5454545454545455,0.6666666666666666,9
P3,41,random_70,CD8 Naive,0.9686817188638019,0.9554597701149425,696
P3,41,random_70,CD8 Naive_2,0.5217391304347826,0.42857142857142855,14
P3,41,random_70,CD8 Proliferating,0.6666666666666666,0.5,2
P3,41,random_70,CD8 TCM_1,0.5512820512820513,0.4387755102040816,98
P3,41,random_70,CD8 TCM_2,0.557142857142857,0.5735294117647058,68
P3,41,random_70,CD8 TCM_3,0.7547169811320754,0.851063829787234,47
P3,41,random_70,CD8 TEM_1,0.8372670807453416,0.8140096618357487,414
P3,41,random_70,CD8 TEM_2,0.6920980926430519,0.6614583333333334,192
P3,41,random_70,CD8 TEM_3,0.42424242424242425,0.4666666666666667,15
P3,41,random_70,CD8 TEM_4,0.5882352941176471,0.43478260869565216,69
P3,41,random_70,CD8 TEM_5,0.25,0.2,5
P3,41,random_70,CD8 TEM_6,0.8571428571428571,1.0,3
P3,41,random_70,Doublet,0.5636363636363637,0.4025974025974026,77
P3,41,random_70,Eryth,0.846153846153846,1.0,11
P3,41,random_70,HSPC,1.0,1.0,20
P3,41,random_70,ILC,0.8571428571428571,0.8571428571428571,14
P3,41,random_70,MAIT,0.9044117647058825,0.9892761394101877,373
P3,41,random_70,NK Proliferating,0.9448818897637796,0.9230769230769231,65
P3,41,random_70,NK_1,0.45982142857142866,0.64375,160
P3,41,random_70,NK_2,0.9013177159590043,0.873439273552781,1762
P3,41,random_70,NK_3,0.5230769230769231,0.53125,160
P3,41,random_70,NK_4,0.7062146892655368,0.7102272727272727,176
P3,41,random_70,NK_CD56bright,0.8736842105263158,0.83,100
P3,41,random_70,Plasma,0.9230769230769231,0.9230769230769231,13
P3,41,random_70,Platelet,0.9357798165137614,0.8793103448275862,58
P3,41,random_70,Treg Memory,0.7647058823529412,0.7878787878787878,165
P3,41,random_70,Treg Naive,0.6174496644295301,0.5974025974025974,77
P3,41,random_70,cDC1,1.0,1.0,8
P3,41,random_70,cDC2_1,0.7526881720430108,0.8974358974358975,39
P3,41,random_70,cDC2_2,0.9495798319327732,0.9338842975206612,121
P3,41,random_70,dnT_1,0.4,0.45454545454545453,11
P3,41,random_70,dnT_2,0.8333333333333334,0.9375,16
P3,41,random_70,gdT_1,0.9565217391304348,0.9705882352941176,34
P3,41,random_70,gdT_2,0.0,0.0,1
P3,41,random_70,gdT_3,0.3529411764705882,0.75,4
P3,41,random_70,gdT_4,0.1971830985915493,0.6363636363636364,11
P3,41,random_70,pDC,0.9935483870967742,0.9871794871794872,78
P3,41,marker_memory,ASDC_mDC,0.8,0.6666666666666666,3
P3,41,marker_memory,ASDC_pDC,0.6666666666666666,1.0,1
P3,41,marker_memory,B intermediate kappa,0.8342857142857142,0.8295454545454546,88
P3,41,marker_memory,B intermediate lambda,0.8650793650793651,0.9008264462809917,121
P3,41,marker_memory,B memory kappa,0.8859060402684563,0.88,75
P3,41,marker_memory,B memory lambda,0.8411214953271027,0.7894736842105263,57
P3,41,marker_memory,B naive kappa,0.9313984168865435,0.9097938144329897,388
P3,41,marker_memory,B naive lambda,0.8753315649867374,0.9016393442622951,183
P3,41,marker_memory,CD14 Mono,0.9897342995169082,0.9870520927431496,3321
P3,41,marker_memory,CD16 Mono,0.9447300771208226,0.9582790091264668,767
P3,41,marker_memory,CD4 CTL,0.3076923076923077,0.8,5
P3,41,marker_memory,CD4 Naive,0.9576587795765878,0.9343863912515188,1646
P3,41,marker_memory,CD4 Proliferating,0.9230769230769231,0.9230769230769231,13
P3,41,marker_memory,CD4 TCM_1,0.8445171849427169,0.80248833592535,1286
P3,41,marker_memory,CD4 TCM_2,0.8108108108108107,0.8571428571428571,105
P3,41,marker_memory,CD4 TCM_3,0.8168249660786975,0.8326417704011065,723
P3,41,marker_memory,CD4 TEM_1,0.7699248120300752,0.9660377358490566,265
P3,41,marker_memory,CD4 TEM_2,0.6666666666666666,0.8771929824561403,57
P3,41,marker_memory,CD4 TEM_3,0.7860394537177542,0.7,370
P3,41,marker_memory,CD4 TEM_4,0.7368421052631577,0.7777777777777778,9
P3,41,marker_memory,CD8 Naive,0.978448275862069,0.978448275862069,696
P3,41,marker_memory,CD8 Naive_2,0.6666666666666666,0.6428571428571429,14
P3,41,marker_memory,CD8 Proliferating,0.6666666666666666,1.0,2
P3,41,marker_memory,CD8 TCM_1,0.6467065868263473,0.5510204081632653,98
P3,41,marker_memory,CD8 TCM_2,0.7633587786259542,0.7352941176470589,68
P3,41,marker_memory,CD8 TCM_3,0.8163265306122448,0.851063829787234,47
P3,41,marker_memory,CD8 TEM_1,0.8915956151035322,0.8840579710144928,414
P3,41,marker_memory,CD8 TEM_2,0.7880184331797235,0.890625,192
P3,41,marker_memory,CD8 TEM_3,0.4347826086956521,0.6666666666666666,15
P3,41,marker_memory,CD8 TEM_4,0.6095238095238095,0.463768115942029,69
P3,41,marker_memory,CD8 TEM_5,0.25,0.2,5
P3,41,marker_memory,CD8 TEM_6,1.0,1.0,3
P3,41,marker_memory,Doublet,0.7153284671532846,0.6363636363636364,77
P3,41,marker_memory,Eryth,0.88,1.0,11
P3,41,marker_memory,HSPC,1.0,1.0,20
P3,41,marker_memory,ILC,0.896551724137931,0.9285714285714286,14
P3,41,marker_memory,MAIT,0.9826897470039946,0.9892761394101877,373
P3,41,marker_memory,NK Proliferating,0.953125,0.9384615384615385,65
P3,41,marker_memory,NK_1,0.33663366336633666,0.2125,160
P3,41,marker_memory,NK_2,0.9315290933694181,0.9767309875141884,1762
P3,41,marker_memory,NK_3,0.4398340248962655,0.33125,160
P3,41,marker_memory,NK_4,0.7291666666666666,0.7954545454545454,176
P3,41,marker_memory,NK_CD56bright,0.89,0.89,100
P3,41,marker_memory,Plasma,1.0,1.0,13
P3,41,marker_memory,Platelet,0.9380530973451328,0.9137931034482759,58
P3,41,marker_memory,Treg Memory,0.7927927927927927,0.8,165
P3,41,marker_memory,Treg Naive,0.5727699530516431,0.7922077922077922,77
P3,41,marker_memory,cDC1,1.0,1.0,8
P3,41,marker_memory,cDC2_1,0.8085106382978723,0.9743589743589743,39
P3,41,marker_memory,cDC2_2,0.9572649572649573,0.9256198347107438,121
P3,41,marker_memory,dnT_1,0.5454545454545454,0.5454545454545454,11
P3,41,marker_memory,dnT_2,0.967741935483871,0.9375,16
P3,41,marker_memory,gdT_1,0.9714285714285714,1.0,34
P3,41,marker_memory,gdT_2,0.0,0.0,1
P3,41,marker_memory,gdT_3,0.888888888888889,1.0,4
P3,41,marker_memory,gdT_4,0.6923076923076923,0.8181818181818182,11
P3,41,marker_memory,pDC,1.0,1.0,78
P3,41,marker_tcell,ASDC_mDC,0.8,0.6666666666666666,3
P3,41,marker_tcell,ASDC_pDC,0.6666666666666666,1.0,1
P3,41,marker_tcell,B intermediate kappa,0.8379888268156425,0.8522727272727273,88
P3,41,marker_tcell,B intermediate lambda,0.8674698795180722,0.8925619834710744,121
P3,41,marker_tcell,B memory kappa,0.8874172185430463,0.8933333333333333,75
P3,41,marker_tcell,B memory lambda,0.8490566037735849,0.7894736842105263,57
P3,41,marker_tcell,B naive kappa,0.9299867899603699,0.9072164948453608,388
P3,41,marker_tcell,B naive lambda,0.8736842105263157,0.907103825136612,183
P3,41,marker_tcell,CD14 Mono,0.9902005125885722,0.9888587774766636,3321
P3,41,marker_tcell,CD16 Mono,0.9476405946994182,0.9556714471968709,767
P3,41,marker_tcell,CD4 CTL,0.888888888888889,0.8,5
P3,41,marker_tcell,CD4 Naive,0.9456970466814862,0.9046172539489672,1646
P3,41,marker_tcell,CD4 Proliferating,0.896551724137931,1.0,13
P3,41,marker_tcell,CD4 TCM_1,0.8106312292358805,0.7589424572317263,1286
P3,41,marker_tcell,CD4 TCM_2,0.8018018018018017,0.8476190476190476,105
P3,41,marker_tcell,CD4 TCM_3,0.7941550190597205,0.8644536652835408,723
P3,41,marker_tcell,CD4 TEM_1,0.7546012269938651,0.9283018867924528,265
P3,41,marker_tcell,CD4 TEM_2,0.6623376623376623,0.8947368421052632,57
P3,41,marker_tcell,CD4 TEM_3,0.782608695652174,0.7054054054054054,370
P3,41,marker_tcell,CD4 TEM_4,0.6153846153846153,0.8888888888888888,9
P3,41,marker_tcell,CD8 Naive,0.9710144927536231,0.9626436781609196,696
P3,41,marker_tcell,CD8 Naive_2,0.64,0.5714285714285714,14
P3,41,marker_tcell,CD8 Proliferating,0.6666666666666666,0.5,2
P3,41,marker_tcell,CD8 TCM_1,0.5802469135802468,0.47959183673469385,98
P3,41,marker_tcell,CD8 TCM_2,0.7285714285714285,0.75,68
P3,41,marker_tcell,CD8 TCM_3,0.7476635514018691,0.851063829787234,47
P3,41,marker_tcell,CD8 TEM_1,0.8750000000000001,0.8623188405797102,414
P3,41,marker_tcell,CD8 TEM_2,0.6685552407932012,0.6145833333333334,192
P3,41,marker_tcell,CD8 TEM_3,0.4210526315789474,0.5333333333333333,15
P3,41,marker_tcell,CD8 TEM_4,0.5656565656565656,0.4057971014492754,69
P3,41,marker_tcell,CD8 TEM_5,0.25,0.2,5
P3,41,marker_tcell,CD8 TEM_6,1.0,1.0,3
P3,41,marker_tcell,Doublet,0.7338129496402878,0.6623376623376623,77
P3,41,marker_tcell,Eryth,0.8148148148148148,1.0,11
P3,41,marker_tcell,HSPC,1.0,1.0,20
P3,41,marker_tcell,ILC,0.8666666666666666,0.9285714285714286,14
P3,41,marker_tcell,MAIT,0.9462915601023018,0.9919571045576407,373
P3,41,marker_tcell,NK Proliferating,0.9612403100775193,0.9538461538461539,65
P3,41,marker_tcell,NK_1,0.3627906976744186,0.24375,160
P3,41,marker_tcell,NK_2,0.9326086956521739,0.9738933030646992,1762
P3,41,marker_tcell,NK_3,0.4372759856630824,0.38125,160
P3,41,marker_tcell,NK_4,0.7193460490463214,0.75,176
P3,41,marker_tcell,NK_CD56bright,0.896551724137931,0.91,100
P3,41,marker_tcell,Plasma,1.0,1.0,13
P3,41,marker_tcell,Platelet,0.9310344827586207,0.9310344827586207,58
P3,41,marker_tcell,Treg Memory,0.7619047619047619,0.8242424242424242,165
P3,41,marker_tcell,Treg Naive,0.5966850828729283,0.7012987012987013,77
P3,41,marker_tcell,cDC1,1.0,1.0,8
P3,41,marker_tcell,cDC2_1,0.7912087912087913,0.9230769230769231,39
P3,41,marker_tcell,cDC2_2,0.9572649572649573,0.9256198347107438,121
P3,41,marker_tcell,dnT_1,0.4444444444444444,0.5454545454545454,11
P3,41,marker_tcell,dnT_2,0.967741935483871,0.9375,16
P3,41,marker_tcell,gdT_1,0.90625,0.8529411764705882,34
P3,41,marker_tcell,gdT_2,0.0,0.0,1
P3,41,marker_tcell,gdT_3,0.7272727272727273,1.0,4
P3,41,marker_tcell,gdT_4,0.2222222222222222,0.8181818181818182,11
P3,41,marker_tcell,pDC,1.0,1.0,78
P3,41,rna_only,ASDC_mDC,0.8,0.6666666666666666,3
P3,41,rna_only,ASDC_pDC,0.4,1.0,1
P3,41,rna_only,B intermediate kappa,0.8603351955307262,0.875,88
P3,41,rna_only,B intermediate lambda,0.8461538461538461,0.9090909090909091,121
P3,41,rna_only,B memory kappa,0.8758169934640523,0.8933333333333333,75
P3,41,rna_only,B memory lambda,0.7961165048543689,0.7192982456140351,57
P3,41,rna_only,B naive kappa,0.9112903225806451,0.8737113402061856,388
P3,41,rna_only,B naive lambda,0.8126649076517152,0.8415300546448088,183
P3,41,rna_only,CD14 Mono,0.9865984038548412,0.986449864498645,3321
P3,41,rna_only,CD16 Mono,0.9313662604233482,0.9465449804432855,767
P3,41,rna_only,CD4 CTL,0.8000000000000002,0.8,5
P3,41,rna_only,CD4 Naive,0.9407730673316708,0.916767922235723,1646
P3,41,rna_only,CD4 Proliferating,0.8799999999999999,0.8461538461538461,13
P3,41,rna_only,CD4 TCM_1,0.8395743003547497,0.828149300155521,1286
P3,41,rna_only,CD4 TCM_2,0.8,0.7619047619047619,105
P3,41,rna_only,CD4 TCM_3,0.7654986522911051,0.7856154910096819,723
P3,41,rna_only,CD4 TEM_1,0.7341040462427746,0.9584905660377359,265
P3,41,rna_only,CD4 TEM_2,0.6715328467153284,0.8070175438596491,57
P3,41,rna_only,CD4 TEM_3,0.65527950310559,0.5702702702702702,370
P3,41,rna_only,CD4 TEM_4,0.15384615384615383,0.1111111111111111,9
P3,41,rna_only,CD8 Naive,0.9785100286532951,0.9813218390804598,696
P3,41,rna_only,CD8 Naive_2,0.5454545454545454,0.42857142857142855,14
P3,41,rna_only,CD8 Proliferating,0.8,1.0,2
P3,41,rna_only,CD8 TCM_1,0.6057142857142858,0.5408163265306123,98
P3,41,rna_only,CD8 TCM_2,0.6017699115044248,0.5,68
P3,41,rna_only,CD8 TCM_3,0.7191011235955055,0.6808510638297872,47
P3,41,rna_only,CD8 TEM_1,0.8849347568208779,0.9009661835748792,414
P3,41,rna_only,CD8 TEM_2,0.722077922077922,0.7239583333333334,192
P3,41,rna_only,CD8 TEM_3,0.4680851063829787,0.7333333333333333,15
P3,41,rna_only,CD8 TEM_4,0.6226415094339622,0.4782608695652174,69
P3,41,rna_only,CD8 TEM_5,0.22222222222222224,0.2,5
P3,41,rna_only,CD8 TEM_6,0.6666666666666666,1.0,3
P3,41,rna_only,Doublet,0.543859649122807,0.4025974025974026,77
P3,41,rna_only,Eryth,0.846153846153846,1.0,11
P3,41,rna_only,HSPC,1.0,1.0,20
P3,41,rna_only,ILC,0.8571428571428571,0.8571428571428571,14
P3,41,rna_only,MAIT,0.9557046979865772,0.9544235924932976,373
P3,41,rna_only,NK Proliferating,0.9384615384615385,0.9384615384615385,65
P3,41,rna_only,NK_1,0.40650406504065045,0.3125,160
P3,41,rna_only,NK_2,0.9279379157427937,0.9500567536889898,1762
P3,41,rna_only,NK_3,0.487012987012987,0.46875,160
P3,41,rna_only,NK_4,0.7049180327868851,0.7329545454545454,176
P3,41,rna_only,NK_CD56bright,0.8787878787878789,0.87,100
P3,41,rna_only,Plasma,0.9230769230769231,0.9230769230769231,13
P3,41,rna_only,Platelet,0.9357798165137614,0.8793103448275862,58
P3,41,rna_only,Treg Memory,0.7905604719764011,0.8121212121212121,165
P3,41,rna_only,Treg Naive,0.5444444444444444,0.6363636363636364,77
P3,41,rna_only,cDC1,1.0,1.0,8
P3,41,rna_only,cDC2_1,0.7311827956989246,0.8717948717948718,39
P3,41,rna_only,cDC2_2,0.9535864978902953,0.9338842975206612,121
P3,41,rna_only,dnT_1,0.3846153846153846,0.45454545454545453,11
P3,41,rna_only,dnT_2,0.9032258064516129,0.875,16
P3,41,rna_only,gdT_1,0.8947368421052632,1.0,34
P3,41,rna_only,gdT_2,0.0,0.0,1
P3,41,rna_only,gdT_3,0.5454545454545454,0.75,4
P3,41,rna_only,gdT_4,0.28571428571428575,0.45454545454545453,11
P3,41,rna_only,pDC,0.9870129870129869,0.9743589743589743,78
P3,41,random_size_matched_6,ASDC_mDC,0.8,0.6666666666666666,3
P3,41,random_size_matched_6,ASDC_pDC,0.6666666666666666,1.0,1
P3,41,random_size_matched_6,B intermediate kappa,0.8491620111731844,0.8636363636363636,88
P3,41,random_size_matched_6,B intermediate lambda,0.8582677165354331,0.9008264462809917,121
P3,41,random_size_matched_6,B memory kappa,0.88,0.88,75
P3,41,random_size_matched_6,B memory lambda,0.8490566037735849,0.7894736842105263,57
P3,41,random_size_matched_6,B naive kappa,0.9322709163346613,0.904639175257732,388
P3,41,random_size_matched_6,B naive lambda,0.8753315649867374,0.9016393442622951,183
P3,41,random_size_matched_6,CD14 Mono,0.9891304347826086,0.986449864498645,3321
P3,41,random_size_matched_6,CD16 Mono,0.9427652733118972,0.9556714471968709,767
P3,41,random_size_matched_6,CD4 CTL,0.8000000000000002,0.8,5
P3,41,random_size_matched_6,CD4 Naive,0.953041285849354,0.9185905224787363,1646
P3,41,random_size_matched_6,CD4 Proliferating,0.962962962962963,1.0,13
P3,41,random_size_matched_6,CD4 TCM_1,0.8496183206106871,0.8654743390357699,1286
P3,41,random_size_matched_6,CD4 TCM_2,0.794759825327511,0.8666666666666667,105
P3,41,random_size_matched_6,CD4 TCM_3,0.8202567760342367,0.7952973720608575,723
P3,41,random_size_matched_6,CD4 TEM_1,0.8082408874801901,0.9622641509433962,265
P3,41,random_size_matched_6,CD4 TEM_2,0.6538461538461537,0.8947368421052632,57
P3,41,random_size_matched_6,CD4 TEM_3,0.7781250000000001,0.672972972972973,370
P3,41,random_size_matched_6,CD4 TEM_4,0.64,0.8888888888888888,9
P3,41,random_size_matched_6,CD8 Naive,0.9762760603882099,0.9755747126436781,696
P3,41,random_size_matched_6,CD8 Naive_2,0.6666666666666666,0.6428571428571429,14
P3,41,random_size_matched_6,CD8 Proliferating,1.0,1.0,2
P3,41,random_size_matched_6,CD8 TCM_1,0.6626506024096385,0.5612244897959183,98
P3,41,random_size_matched_6,CD8 TCM_2,0.7647058823529412,0.7647058823529411,68
P3,41,random_size_matched_6,CD8 TCM_3,0.7884615384615385,0.8723404255319149,47
P3,41,random_size_matched_6,CD8 TEM_1,0.9042056074766356,0.9347826086956522,414
P3,41,random_size_matched_6,CD8 TEM_2,0.7864077669902914,0.84375,192
P3,41,random_size_matched_6,CD8 TEM_3,0.5,0.6,15
P3,41,random_size_matched_6,CD8 TEM_4,0.6078431372549019,0.4492753623188406,69
P3,41,random_size_matched_6,CD8 TEM_5,0.0,0.0,5
P3,41,random_size_matched_6,CD8 TEM_6,1.0,1.0,3
P3,41,random_size_matched_6,Doublet,0.7153284671532846,0.6363636363636364,77
P3,41,random_size_matched_6,Eryth,0.88,1.0,11
P3,41,random_size_matched_6,HSPC,1.0,1.0,20
P3,41,random_size_matched_6,ILC,0.896551724137931,0.9285714285714286,14
P3,41,random_size_matched_6,MAIT,0.9838274932614556,0.9785522788203753,373
P3,41,random_size_matched_6,NK Proliferating,0.9448818897637796,0.9230769230769231,65
P3,41,random_size_matched_6,NK_1,0.32323232323232326,0.2,160
P3,41,random_size_matched_6,NK_2,0.9334415584415584,0.9790011350737798,1762
P3,41,random_size_matched_6,NK_3,0.4462809917355372,0.3375,160
P3,41,random_size_matched_6,NK_4,0.7235142118863049,0.7954545454545454,176
P3,41,random_size_matched_6,NK_CD56bright,0.89,0.89,100
P3,41,random_size_matched_6,Plasma,0.962962962962963,1.0,13
P3,41,random_size_matched_6,Platelet,0.9298245614035087,0.9137931034482759,58
P3,41,random_size_matched_6,Treg Memory,0.7513812154696133,0.8242424242424242,165
P3,41,random_size_matched_6,Treg Naive,0.6508875739644971,0.7142857142857143,77
P3,41,random_size_matched_6,cDC1,1.0,1.0,8
P3,41,random_size_matched_6,cDC2_1,0.8172043010752689,0.9743589743589743,39
P3,41,random_size_matched_6,cDC2_2,0.9572649572649573,0.9256198347107438,121
P3,41,random_size_matched_6,dnT_1,0.5714285714285713,0.5454545454545454,11
P3,41,random_size_matched_6,dnT_2,1.0,1.0,16
P3,41,random_size_matched_6,gdT_1,0.9714285714285714,1.0,34
P3,41,random_size_matched_6,gdT_2,0.0,0.0,1
P3,41,random_size_matched_6,gdT_3,0.888888888888889,1.0,4
P3,41,random_size_matched_6,gdT_4,0.6666666666666666,0.8181818181818182,11
P3,41,random_size_matched_6,pDC,1.0,1.0,78
P3,41,random_size_matched_15,ASDC_mDC,0.8,0.6666666666666666,3
P3,41,random_size_matched_15,ASDC_pDC,0.6666666666666666,1.0,1
P3,41,random_size_matched_15,B intermediate kappa,0.8603351955307262,0.875,88
P3,41,random_size_matched_15,B intermediate lambda,0.873015873015873,0.9090909090909091,121
P3,41,random_size_matched_15,B memory kappa,0.8874172185430463,0.8933333333333333,75
P3,41,random_size_matched_15,B memory lambda,0.8490566037735849,0.7894736842105263,57
P3,41,random_size_matched_15,B naive kappa,0.9368421052631579,0.9175257731958762,388
P3,41,random_size_matched_15,B naive lambda,0.8840970350404312,0.8961748633879781,183
P3,41,random_size_matched_15,CD14 Mono,0.9892765443286513,0.9861487503763926,3321
P3,41,random_size_matched_15,CD16 Mono,0.9442664958360025,0.9608865710560626,767
P3,41,random_size_matched_15,CD4 CTL,0.888888888888889,0.8,5
P3,41,random_size_matched_15,CD4 Naive,0.9521410579345088,0.9185905224787363,1646
P3,41,random_size_matched_15,CD4 Proliferating,0.962962962962963,1.0,13
P3,41,random_size_matched_15,CD4 TCM_1,0.8421887390959555,0.8258164852255054,1286
P3,41,random_size_matched_15,CD4 TCM_2,0.7982456140350878,0.8666666666666667,105
P3,41,random_size_matched_15,CD4 TCM_3,0.8259109311740892,0.8464730290456431,723
P3,41,random_size_matched_15,CD4 TEM_1,0.8094488188976379,0.969811320754717,265
P3,41,random_size_matched_15,CD4 TEM_2,0.6625,0.9298245614035088,57
P3,41,random_size_matched_15,CD4 TEM_3,0.7963525835866261,0.7081081081081081,370
P3,41,random_size_matched_15,CD4 TEM_4,0.6666666666666666,0.6666666666666666,9
P3,41,random_size_matched_15,CD8 Naive,0.9777138749101367,0.9770114942528736,696
P3,41,random_size_matched_15,CD8 Naive_2,0.6923076923076924,0.6428571428571429,14
P3,41,random_size_matched_15,CD8 Proliferating,0.8,1.0,2
P3,41,random_size_matched_15,CD8 TCM_1,0.6666666666666666,0.5816326530612245,98
P3,41,random_size_matched_15,CD8 TCM_2,0.7681159420289856,0.7794117647058824,68
P3,41,random_size_matched_15,CD8 TCM_3,0.8200000000000001,0.8723404255319149,47
P3,41,random_size_matched_15,CD8 TEM_1,0.9080188679245282,0.9299516908212561,414
P3,41,random_size_matched_15,CD8 TEM_2,0.7961630695443646,0.8645833333333334,192
P3,41,random_size_matched_15,CD8 TEM_3,0.5625,0.6,15
P3,41,random_size_matched_15,CD8 TEM_4,0.6078431372549019,0.4492753623188406,69
P3,41,random_size_matched_15,CD8 TEM_5,0.0,0.0,5
P3,41,random_size_matched_15,CD8 TEM_6,1.0,1.0,3
P3,41,random_size_matched_15,Doublet,0.7259259259259259,0.6363636363636364,77
P3,41,random_size_matched_15,Eryth,0.846153846153846,1.0,11
P3,41,random_size_matched_15,HSPC,1.0,1.0,20
P3,41,random_size_matched_15,ILC,0.896551724137931,0.9285714285714286,14
P3,41,random_size_matched_15,MAIT,0.9879839786381842,0.9919571045576407,373
P3,41,random_size_matched_15,NK Proliferating,0.9523809523809524,0.9230769230769231,65
P3,41,random_size_matched_15,NK_1,0.3644859813084112,0.24375,160
P3,41,random_size_matched_15,NK_2,0.9343860604410564,0.9738933030646992,1762
P3,41,random_size_matched_15,NK_3,0.4609375,0.36875,160
P3,41,random_size_matched_15,NK_4,0.7108753315649867,0.7613636363636364,176
P3,41,random_size_matched_15,NK_CD56bright,0.8910891089108911,0.9,100
P3,41,random_size_matched_15,Plasma,0.962962962962963,1.0,13
P3,41,random_size_matched_15,Platelet,0.9298245614035087,0.9137931034482759,58
P3,41,random_size_matched_15,Treg Memory,0.7590027700831026,0.8303030303030303,165
P3,41,random_size_matched_15,Treg Naive,0.630952380952381,0.6883116883116883,77
P3,41,random_size_matched_15,cDC1,1.0,1.0,8
P3,41,random_size_matched_15,cDC2_1,0.8043478260869565,0.9487179487179487,39
P3,41,random_size_matched_15,cDC2_2,0.9572649572649573,0.9256198347107438,121
P3,41,random_size_matched_15,dnT_1,0.5454545454545454,0.5454545454545454,11
P3,41,random_size_matched_15,dnT_2,0.967741935483871,0.9375,16
P3,41,random_size_matched_15,gdT_1,0.9714285714285714,1.0,34
P3,41,random_size_matched_15,gdT_2,0.0,0.0,1
P3,41,random_size_matched_15,gdT_3,0.888888888888889,1.0,4
P3,41,random_size_matched_15,gdT_4,0.6923076923076923,0.8181818181818182,11
P3,41,random_size_matched_15,pDC,1.0,1.0,78
P3,42,full,ASDC_mDC,0.8,0.6666666666666666,3
P3,42,full,ASDC_pDC,0.6666666666666666,1.0,1
P3,42,full,B intermediate kappa,0.849462365591398,0.8977272727272727,88
P3,42,full,B intermediate lambda,0.8559670781893004,0.859504132231405,121
P3,42,full,B memory kappa,0.87248322147651,0.8666666666666667,75
P3,42,full,B memory lambda,0.8828828828828829,0.8596491228070176,57
P3,42,full,B naive kappa,0.9181208053691274,0.8814432989690721,388
P3,42,full,B naive lambda,0.8638743455497383,0.9016393442622951,183
P3,42,full,CD14 Mono,0.9890209053993081,0.990063233965673,3321
P3,42,full,CD16 Mono,0.9473684210526315,0.9621903520208605,767
P3,42,full,CD4 CTL,0.8000000000000002,0.8,5
P3,42,full,CD4 Naive,0.9567351948450444,0.9471445929526124,1646
P3,42,full,CD4 Proliferating,0.9230769230769231,0.9230769230769231,13
P3,42,full,CD4 TCM_1,0.8614927590048274,0.9020217729393468,1286
P3,42,full,CD4 TCM_2,0.7738693467336683,0.7333333333333333,105
P3,42,full,CD4 TCM_3,0.831710709318498,0.8271092669432918,723
P3,42,full,CD4 TEM_1,0.87215411558669,0.939622641509434,265
P3,42,full,CD4 TEM_2,0.7818181818181817,0.7543859649122807,57
P3,42,full,CD4 TEM_3,0.7906976744186047,0.6891891891891891,370
P3,42,full,CD4 TEM_4,0.1818181818181818,0.1111111111111111,9
P3,42,full,CD8 Naive,0.9756097560975611,0.9770114942528736,696
P3,42,full,CD8 Naive_2,0.5833333333333334,0.5,14
P3,42,full,CD8 Proliferating,0.6666666666666666,0.5,2
P3,42,full,CD8 TCM_1,0.6810810810810811,0.6428571428571429,98
P3,42,full,CD8 TCM_2,0.7375886524822695,0.7647058823529411,68
P3,42,full,CD8 TCM_3,0.8222222222222222,0.7872340425531915,47
P3,42,full,CD8 TEM_1,0.8933782267115601,0.961352657004831,414
P3,42,full,CD8 TEM_2,0.76,0.6927083333333334,192
P3,42,full,CD8 TEM_3,0.47058823529411764,0.5333333333333333,15
P3,42,full,CD8 TEM_4,0.743801652892562,0.6521739130434783,69
P3,42,full,CD8 TEM_5,0.6666666666666665,0.6,5
P3,42,full,CD8 TEM_6,1.0,1.0,3
P3,42,full,Doublet,0.6935483870967742,0.5584415584415584,77
P3,42,full,Eryth,0.88,1.0,11
P3,42,full,HSPC,1.0,1.0,20
P3,42,full,ILC,0.8571428571428571,0.8571428571428571,14
P3,42,full,MAIT,0.9932885906040269,0.9919571045576407,373
P3,42,full,NK Proliferating,0.912,0.8769230769230769,65
P3,42,full,NK_1,0.2631578947368421,0.15625,160
P3,42,full,NK_2,0.924794047302684,0.9875141884222475,1762
P3,42,full,NK_3,0.4406779661016949,0.325,160
P3,42,full,NK_4,0.7112462006079027,0.6647727272727273,176
P3,42,full,NK_CD56bright,0.8995215311004784,0.94,100
P3,42,full,Plasma,1.0,1.0,13
P3,42,full,Platelet,0.9380530973451328,0.9137931034482759,58
P3,42,full,Treg Memory,0.7266435986159169,0.6363636363636364,165
P3,42,full,Treg Naive,0.6231155778894473,0.8051948051948052,77
P3,42,full,cDC1,1.0,1.0,8
P3,42,full,cDC2_1,0.7297297297297296,0.6923076923076923,39
P3,42,full,cDC2_2,0.9672131147540983,0.9752066115702479,121
P3,42,full,dnT_1,0.41666666666666663,0.45454545454545453,11
P3,42,full,dnT_2,0.9333333333333333,0.875,16
P3,42,full,gdT_1,0.9855072463768115,1.0,34
P3,42,full,gdT_2,0.0,0.0,1
P3,42,full,gdT_3,1.0,1.0,4
P3,42,full,gdT_4,0.5000000000000001,0.36363636363636365,11
P3,42,full,pDC,1.0,1.0,78
P3,42,random_10,ASDC_mDC,0.8,0.6666666666666666,3
P3,42,random_10,ASDC_pDC,0.6666666666666666,1.0,1
P3,42,random_10,B intermediate kappa,0.8540540540540541,0.8977272727272727,88
P3,42,random_10,B intermediate lambda,0.8653061224489798,0.8760330578512396,121
P3,42,random_10,B memory kappa,0.8767123287671234,0.8533333333333334,75
P3,42,random_10,B memory lambda,0.8363636363636363,0.8070175438596491,57
P3,42,random_10,B naive kappa,0.8922651933701659,0.8324742268041238,388
P3,42,random_10,B naive lambda,0.8255528255528255,0.9180327868852459,183
P3,42,random_10,CD14 Mono,0.9881327925491963,0.9903643480879253,3321
P3,42,random_10,CD16 Mono,0.9443378119001918,0.9621903520208605,767
P3,42,random_10,CD4 CTL,0.8000000000000002,0.8,5
P3,42,random_10,CD4 Naive,0.955076923076923,0.9428918590522479,1646
P3,42,random_10,CD4 Proliferating,0.888888888888889,0.9230769230769231,13
P3,42,random_10,CD4 TCM_1,0.8603351955307262,0.8981337480559876,1286
P3,42,random_10,CD4 TCM_2,0.787878787878788,0.7428571428571429,105
P3,42,random_10,CD4 TCM_3,0.8287292817679558,0.8298755186721992,723
P3,42,random_10,CD4 TEM_1,0.8576576576576577,0.8981132075471698,265
P3,42,random_10,CD4 TEM_2,0.8034188034188033,0.8245614035087719,57
P3,42,random_10,CD4 TEM_3,0.7798165137614679,0.6891891891891891,370
P3,42,random_10,CD4 TEM_4,0.30769230769230765,0.2222222222222222,9
P3,42,random_10,CD8 Naive,0.9778095919828204,0.9813218390804598,696
P3,42,random_10,CD8 Naive_2,0.6086956521739131,0.5,14
P3,42,random_10,CD8 Proliferating,0.6666666666666666,0.5,2
P3,42,random_10,CD8 TCM_1,0.6927374301675978,0.6326530612244898,98
P3,42,random_10,CD8 TCM_2,0.7323943661971832,0.7647058823529411,68
P3,42,random_10,CD8 TCM_3,0.795698924731183,0.7872340425531915,47
P3,42,random_10,CD8 TEM_1,0.8974069898534385,0.961352657004831,414
P3,42,random_10,CD8 TEM_2,0.7868852459016394,0.75,192
P3,42,random_10,CD8 TEM_3,0.5217391304347827,0.4,15
P3,42,random_10,CD8 TEM_4,0.7258064516129032,0.6521739130434783,69
P3,42,random_10,CD8 TEM_5,0.6666666666666665,0.6,5
P3,42,random_10,CD8 TEM_6,0.8,0.6666666666666666,3
P3,42,random_10,Doublet,0.5789473684210525,0.42857142857142855,77
P3,42,random_10,Eryth,0.8148148148148148,1.0,11
P3,42,random_10,HSPC,1.0,1.0,20
P3,42,random_10,ILC,0.896551724137931,0.9285714285714286,14
P3,42,random_10,MAIT,0.9878869448183043,0.9839142091152815,373
P3,42,random_10,NK Proliferating,0.894308943089431,0.8461538461538461,65
P3,42,random_10,NK_1,0.27551020408163274,0.16875,160
P3,42,random_10,NK_2,0.9264392324093818,0.9863791146424518,1762
P3,42,random_10,NK_3,0.4377682403433476,0.31875,160
P3,42,random_10,NK_4,0.7220630372492837,0.7159090909090909,176
P3,42,random_10,NK_CD56bright,0.883248730964467,0.87,100
P3,42,random_10,Plasma,1.0,1.0,13
P3,42,random_10,Platelet,0.9549549549549551,0.9137931034482759,58
P3,42,random_10,Treg Memory,0.7465753424657535,0.6606060606060606,165
P3,42,random_10,Treg Naive,0.62,0.8051948051948052,77
P3,42,random_10,cDC1,1.0,1.0,8
P3,42,random_10,cDC2_1,0.7466666666666666,0.717948717948718,39
P3,42,random_10,cDC2_2,0.9669421487603306,0.9669421487603306,121
P3,42,random_10,dnT_1,0.3703703703703703,0.45454545454545453,11
P3,42,random_10,dnT_2,0.9333333333333333,0.875,16
P3,42,random_10,gdT_1,1.0,1.0,34
P3,42,random_10,gdT_2,0.0,0.0,1
P3,42,random_10,gdT_3,0.4,0.25,4
P3,42,random_10,gdT_4,0.5333333333333333,0.36363636363636365,11
P3,42,random_10,pDC,1.0,1.0,78
P3,42,random_30,ASDC_mDC,0.8,0.6666666666666666,3
P3,42,random_30,ASDC_pDC,0.6666666666666666,1.0,1
P3,42,random_30,B intermediate kappa,0.8469387755102041,0.9431818181818182,88
P3,42,random_30,B intermediate lambda,0.8629032258064515,0.8842975206611571,121
P3,42,random_30,B memory kappa,0.8611111111111112,0.8266666666666667,75
P3,42,random_30,B memory lambda,0.8411214953271027,0.7894736842105263,57
P3,42,random_30,B naive kappa,0.8757062146892656,0.7989690721649485,388
P3,42,random_30,B naive lambda,0.8155339805825242,0.9180327868852459,183
P3,42,random_30,CD14 Mono,0.9884297520661157,0.9903643480879253,3321
P3,42,random_30,CD16 Mono,0.9415542710340398,0.9556714471968709,767
P3,42,random_30,CD4 CTL,0.8000000000000002,0.8,5
P3,42,random_30,CD4 Naive,0.9471139317014204,0.9520048602673147,1646
P3,42,random_30,CD4 Proliferating,0.9230769230769231,0.9230769230769231,13
P3,42,random_30,CD4 TCM_1,0.8339906776622446,0.9043545878693624,1286
P3,42,random_30,CD4 TCM_2,0.7614213197969544,0.7142857142857143,105
P3,42,random_30,CD4 TCM_3,0.7688098495212038,0.7773167358229599,723
P3,42,random_30,CD4 TEM_1,0.8613138686131387,0.8905660377358491,265
P3,42,random_30,CD4 TEM_2,0.7479674796747967,0.8070175438596491,57
P3,42,random_30,CD4 TEM_3,0.5613382899628253,0.4081081081081081,370
P3,42,random_30,CD4 TEM_4,0.19999999999999998,0.1111111111111111,9
P3,42,random_30,CD8 Naive,0.9755747126436781,0.9755747126436781,696
P3,42,random_30,CD8 Naive_2,0.5217391304347826,0.42857142857142855,14
P3,42,random_30,CD8 Proliferating,0.6666666666666666,0.5,2
P3,42,random_30,CD8 TCM_1,0.6373626373626373,0.5918367346938775,98
P3,42,random_30,CD8 TCM_2,0.6993006993006994,0.7352941176470589,68
P3,42,random_30,CD8 TCM_3,0.7179487179487178,0.5957446808510638,47
P3,42,random_30,CD8 TEM_1,0.8906249999999999,0.9637681159420289,414
P3,42,random_30,CD8 TEM_2,0.7352941176470588,0.6510416666666666,192
P3,42,random_30,CD8 TEM_3,0.4117647058823529,0.4666666666666667,15
P3,42,random_30,CD8 TEM_4,0.7301587301587301,0.6666666666666666,69
P3,42,random_30,CD8 TEM_5,0.6666666666666665,0.6,5
P3,42,random_30,CD8 TEM_6,0.8,0.6666666666666666,3
P3,42,random_30,Doublet,0.6153846153846153,0.4675324675324675,77
P3,42,random_30,Eryth,0.9090909090909091,0.9090909090909091,11
P3,42,random_30,HSPC,1.0,1.0,20
P3,42,random_30,ILC,0.8461538461538461,0.7857142857142857,14
P3,42,random_30,MAIT,0.9824086603518267,0.9731903485254692,373
P3,42,random_30,NK Proliferating,0.903225806451613,0.8615384615384616,65
P3,42,random_30,NK_1,0.23711340206185566,0.14375,160
P3,42,random_30,NK_2,0.9235278443911538,0.9835414301929626,1762
P3,42,random_30,NK_3,0.42677824267782427,0.31875,160
P3,42,random_30,NK_4,0.7207207207207207,0.6818181818181818,176
P3,42,random_30,NK_CD56bright,0.9023255813953489,0.97,100
P3,42,random_30,Plasma,1.0,1.0,13
P3,42,random_30,Platelet,0.9107142857142858,0.8793103448275862,58
P3,42,random_30,Treg Memory,0.6715867158671588,0.5515151515151515,165
P3,42,random_30,Treg Naive,0.5531914893617021,0.6753246753246753,77
P3,42,random_30,cDC1,1.0,1.0,8
P3,42,random_30,cDC2_1,0.738095238095238,0.7948717948717948,39
P3,42,random_30,cDC2_2,0.9531914893617021,0.9256198347107438,121
P3,42,random_30,dnT_1,0.42857142857142855,0.5454545454545454,11
P3,42,random_30,dnT_2,0.9333333333333333,0.875,16
P3,42,random_30,gdT_1,0.9855072463768115,1.0,34
P3,42,random_30,gdT_2,0.0,0.0,1
P3,42,random_30,gdT_3,0.4,0.25,4
P3,42,random_30,gdT_4,0.39999999999999997,0.36363636363636365,11
P3,42,random_30,pDC,0.9935483870967742,0.9871794871794872,78
P3,42,random_50,ASDC_mDC,0.8,0.6666666666666666,3
P3,42,random_50,ASDC_pDC,0.6666666666666666,1.0,1
P3,42,random_50,B intermediate kappa,0.8586956521739129,0.8977272727272727,88
P3,42,random_50,B intermediate lambda,0.8780487804878049,0.8925619834710744,121
P3,42,random_50,B memory kappa,0.8510638297872342,0.8,75
P3,42,random_50,B memory lambda,0.822429906542056,0.7719298245614035,57
P3,42,random_50,B naive kappa,0.903137789904502,0.8530927835051546,388
P3,42,random_50,B naive lambda,0.8358208955223879,0.9180327868852459,183
P3,42,random_50,CD14 Mono,0.9871064467766117,0.9912676904546823,3321
P3,42,random_50,CD16 Mono,0.9400386847195358,0.9504563233376793,767
P3,42,random_50,CD4 CTL,0.8000000000000002,0.8,5
P3,42,random_50,CD4 Naive,0.947592931139549,0.9447144592952612,1646
P3,42,random_50,CD4 Proliferating,0.9230769230769231,0.9230769230769231,13
P3,42,random_50,CD4 TCM_1,0.8485299590621511,0.8864696734059098,1286
P3,42,random_50,CD4 TCM_2,0.7675675675675676,0.6761904761904762,105
P3,42,random_50,CD4 TCM_3,0.7721602101116218,0.8132780082987552,723
P3,42,random_50,CD4 TEM_1,0.8341708542713568,0.939622641509434,265
P3,42,random_50,CD4 TEM_2,0.7692307692307692,0.7894736842105263,57
P3,42,random_50,CD4 TEM_3,0.5735294117647058,0.42162162162162165,370
P3,42,random_50,CD4 TEM_4,0.0,0.0,9
P3,42,random_50,CD8 Naive,0.9772403982930299,0.9870689655172413,696
P3,42,random_50,CD8 Naive_2,0.5217391304347826,0.42857142857142855,14
P3,42,random_50,CD8 Proliferating,0.6666666666666666,0.5,2
P3,42,random_50,CD8 TCM_1,0.5856353591160222,0.5408163265306123,98
P3,42,random_50,CD8 TCM_2,0.7194244604316546,0.7352941176470589,68
P3,42,random_50,CD8 TCM_3,0.5555555555555557,0.425531914893617,47
P3,42,random_50,CD8 TEM_1,0.8792165397170838,0.9758454106280193,414
P3,42,random_50,CD8 TEM_2,0.7038123167155425,0.625,192
P3,42,random_50,CD8 TEM_3,0.48,0.4,15
P3,42,random_50,CD8 TEM_4,0.6885245901639344,0.6086956521739131,69
P3,42,random_50,CD8 TEM_5,0.6666666666666665,0.6,5
P3,42,random_50,CD8 TEM_6,1.0,1.0,3
P3,42,random_50,Doublet,0.5840707964601769,0.42857142857142855,77
P3,42,random_50,Eryth,0.846153846153846,1.0,11
P3,42,random_50,HSPC,1.0,1.0,20
P3,42,random_50,ILC,0.8461538461538461,0.7857142857142857,14
P3,42,random_50,MAIT,0.9892183288409704,0.9839142091152815,373
P3,42,random_50,NK Proliferating,0.9193548387096773,0.8769230769230769,65
P3,42,random_50,NK_1,0.2857142857142857,0.1875,160
P3,42,random_50,NK_2,0.9208478669170915,0.9738933030646992,1762
P3,42,random_50,NK_3,0.42570281124497994,0.33125,160
P3,42,random_50,NK_4,0.7138643067846608,0.6875,176
P3,42,random_50,NK_CD56bright,0.9170731707317075,0.94,100
P3,42,random_50,Plasma,1.0,1.0,13
P3,42,random_50,Platelet,0.9174311926605505,0.8620689655172413,58
P3,42,random_50,Treg Memory,0.7007299270072992,0.5818181818181818,165
P3,42,random_50,Treg Naive,0.5170731707317074,0.6883116883116883,77
P3,42,random_50,cDC1,1.0,1.0,8
P3,42,random_50,cDC2_1,0.7000000000000001,0.717948717948718,39
P3,42,random_50,cDC2_2,0.9491525423728814,0.9256198347107438,121
P3,42,random_50,dnT_1,0.3846153846153846,0.45454545454545453,11
P3,42,random_50,dnT_2,0.8275862068965517,0.75,16
P3,42,random_50,gdT_1,0.9705882352941176,0.9705882352941176,34
P3,42,random_50,gdT_2,0.0,0.0,1
P3,42,random_50,gdT_3,0.6666666666666666,0.5,4
P3,42,random_50,gdT_4,0.4210526315789474,0.36363636363636365,11
P3,42,random_50,pDC,1.0,1.0,78
P3,42,random_70,ASDC_mDC,0.8,0.6666666666666666,3
P3,42,random_70,ASDC_pDC,0.6666666666666666,1.0,1
P3,42,random_70,B intermediate kappa,0.8604651162790699,0.8409090909090909,88
P3,42,random_70,B intermediate lambda,0.8474576271186441,0.8264462809917356,121
P3,42,random_70,B memory kappa,0.8717948717948718,0.9066666666666666,75
P3,42,random_70,B memory lambda,0.8440366972477065,0.8070175438596491,57
P3,42,random_70,B naive kappa,0.8971193415637859,0.8427835051546392,388
P3,42,random_70,B naive lambda,0.8177339901477833,0.907103825136612,183
P3,42,random_70,CD14 Mono,0.9881434789134024,0.9912676904546823,3321
P3,42,random_70,CD16 Mono,0.9364675984752224,0.9608865710560626,767
P3,42,random_70,CD4 CTL,0.3478260869565218,0.8,5
P3,42,random_70,CD4 Naive,0.9451088623121743,0.9362089914945322,1646
P3,42,random_70,CD4 Proliferating,0.8799999999999999,0.8461538461538461,13
P3,42,random_70,CD4 TCM_1,0.8442471328153903,0.8872472783825817,1286
P3,42,random_70,CD4 TCM_2,0.7659574468085107,0.6857142857142857,105
P3,42,random_70,CD4 TCM_3,0.8093278463648834,0.8160442600276625,723
P3,42,random_70,CD4 TEM_1,0.8455882352941178,0.8679245283018868,265
P3,42,random_70,CD4 TEM_2,0.7500000000000001,0.7894736842105263,57
P3,42,random_70,CD4 TEM_3,0.7551622418879056,0.6918918918918919,370
P3,42,random_70,CD4 TEM_4,0.19999999999999998,0.1111111111111111,9
P3,42,random_70,CD8 Naive,0.9756795422031475,0.9798850574712644,696
P3,42,random_70,CD8 Naive_2,0.5833333333333334,0.5,14
P3,42,random_70,CD8 Proliferating,0.5,0.5,2
P3,42,random_70,CD8 TCM_1,0.6666666666666666,0.6122448979591837,98
P3,42,random_70,CD8 TCM_2,0.6229508196721312,0.5588235294117647,68
P3,42,random_70,CD8 TCM_3,0.5925925925925926,0.5106382978723404,47
P3,42,random_70,CD8 TEM_1,0.8894009216589862,0.9323671497584541,414
P3,42,random_70,CD8 TEM_2,0.7298850574712644,0.6614583333333334,192
P3,42,random_70,CD8 TEM_3,0.3783783783783784,0.4666666666666667,15
P3,42,random_70,CD8 TEM_4,0.7244094488188977,0.6666666666666666,69
P3,42,random_70,CD8 TEM_5,0.4444444444444445,0.4,5
P3,42,random_70,CD8 TEM_6,0.8,0.6666666666666666,3
P3,42,random_70,Doublet,0.45999999999999996,0.2987012987012987,77
P3,42,random_70,Eryth,0.846153846153846,1.0,11
P3,42,random_70,HSPC,1.0,1.0,20
P3,42,random_70,ILC,0.8461538461538461,0.7857142857142857,14
P3,42,random_70,MAIT,0.9628610729023384,0.938337801608579,373
P3,42,random_70,NK Proliferating,0.928,0.8923076923076924,65
P3,42,random_70,NK_1,0.40163934426229514,0.30625,160
P3,42,random_70,NK_2,0.9203587931503127,0.9608399545970489,1762
P3,42,random_70,NK_3,0.4778156996587031,0.4375,160
P3,42,random_70,NK_4,0.6772151898734177,0.6079545454545454,176
P3,42,random_70,NK_CD56bright,0.89,0.89,100
P3,42,random_70,Plasma,1.0,1.0,13
P3,42,random_70,Platelet,0.9454545454545454,0.896551724137931,58
P3,42,random_70,Treg Memory,0.7101449275362318,0.593939393939394,165
P3,42,random_70,Treg Naive,0.509433962264151,0.7012987012987013,77
P3,42,random_70,cDC1,1.0,1.0,8
P3,42,random_70,cDC2_1,0.7027027027027027,0.6666666666666666,39
P3,42,random_70,cDC2_2,0.9583333333333334,0.9504132231404959,121
P3,42,random_70,dnT_1,0.4999999999999999,0.5454545454545454,11
P3,42,random_70,dnT_2,0.9032258064516129,0.875,16
P3,42,random_70,gdT_1,0.8717948717948718,1.0,34
P3,42,random_70,gdT_2,0.0,0.0,1
P3,42,random_70,gdT_3,0.6666666666666666,0.5,4
P3,42,random_70,gdT_4,0.2857142857142857,0.36363636363636365,11
P3,42,random_70,pDC,1.0,1.0,78
P3,42,marker_memory,ASDC_mDC,0.8,0.6666666666666666,3
P3,42,marker_memory,ASDC_pDC,0.6666666666666666,1.0,1
P3,42,marker_memory,B intermediate kappa,0.870967741935484,0.9204545454545454,88
P3,42,marker_memory,B intermediate lambda,0.8739495798319328,0.859504132231405,121
P3,42,marker_memory,B memory kappa,0.896551724137931,0.8666666666666667,75
P3,42,marker_memory,B memory lambda,0.875,0.8596491228070176,57
P3,42,marker_memory,B naive kappa,0.917900403768506,0.8788659793814433,388
P3,42,marker_memory,B naive lambda,0.8520408163265306,0.912568306010929,183
P3,42,marker_memory,CD14 Mono,0.9894641782059,0.9897621198434207,3321
P3,42,marker_memory,CD16 Mono,0.9475032010243277,0.9647979139504563,767
P3,42,marker_memory,CD4 CTL,0.47058823529411764,0.8,5
P3,42,marker_memory,CD4 Naive,0.9511599511599511,0.9465370595382746,1646
P3,42,marker_memory,CD4 Proliferating,0.8799999999999999,0.8461538461538461,13
P3,42,marker_memory,CD4 TCM_1,0.8496978851963746,0.8748055987558321,1286
P3,42,marker_memory,CD4 TCM_2,0.7684210526315789,0.6952380952380952,105
P3,42,marker_memory,CD4 TCM_3,0.8280166435506241,0.8257261410788381,723
P3,42,marker_memory,CD4 TEM_1,0.8656195462478186,0.9358490566037736,265
P3,42,marker_memory,CD4 TEM_2,0.7706422018348624,0.7368421052631579,57
P3,42,marker_memory,CD4 TEM_3,0.7920489296636085,0.7,370
P3,42,marker_memory,CD4 TEM_4,0.16666666666666666,0.1111111111111111,9
P3,42,marker_memory,CD8 Naive,0.9778729478943612,0.9841954022988506,696
P3,42,marker_memory,CD8 Naive_2,0.6086956521739131,0.5,14
P3,42,marker_memory,CD8 Proliferating,0.8,1.0,2
P3,42,marker_memory,CD8 TCM_1,0.6628571428571429,0.5918367346938775,98
P3,42,marker_memory,CD8 TCM_2,0.7571428571428572,0.7794117647058824,68
P3,42,marker_memory,CD8 TCM_3,0.7640449438202246,0.723404255319149,47
P3,42,marker_memory,CD8 TEM_1,0.8995433789954337,0.9516908212560387,414
P3,42,marker_memory,CD8 TEM_2,0.7811634349030471,0.734375,192
P3,42,marker_memory,CD8 TEM_3,0.4,0.5333333333333333,15
P3,42,marker_memory,CD8 TEM_4,0.7441860465116279,0.6956521739130435,69
P3,42,marker_memory,CD8 TEM_5,0.6666666666666665,0.6,5
P3,42,marker_memory,CD8 TEM_6,0.8,0.6666666666666666,3
P3,42,marker_memory,Doublet,0.6721311475409836,0.5324675324675324,77
P3,42,marker_memory,Eryth,0.88,1.0,11
P3,42,marker_memory,HSPC,1.0,1.0,20
P3,42,marker_memory,ILC,0.8571428571428571,0.8571428571428571,14
P3,42,marker_memory,MAIT,0.9892183288409704,0.9839142091152815,373
P3,42,marker_memory,NK Proliferating,0.9047619047619049,0.8769230769230769,65
P3,42,marker_memory,NK_1,0.28125000000000006,0.16875,160
P3,42,marker_memory,NK_2,0.9256900212314224,0.9897843359818388,1762
P3,42,marker_memory,NK_3,0.44827586206896547,0.325,160
P3,42,marker_memory,NK_4,0.7138461538461539,0.6590909090909091,176
P3,42,marker_memory,NK_CD56bright,0.8952380952380952,0.94,100
P3,42,marker_memory,Plasma,1.0,1.0,13
P3,42,marker_memory,Platelet,0.9380530973451328,0.9137931034482759,58
P3,42,marker_memory,Treg Memory,0.6788321167883212,0.5636363636363636,165
P3,42,marker_memory,Treg Naive,0.5367965367965368,0.8051948051948052,77
P3,42,marker_memory,cDC1,1.0,1.0,8
P3,42,marker_memory,cDC2_1,0.7631578947368421,0.7435897435897436,39
P3,42,marker_memory,cDC2_2,0.9672131147540983,0.9752066115702479,121
P3,42,marker_memory,dnT_1,0.41666666666666663,0.45454545454545453,11
P3,42,marker_memory,dnT_2,0.9333333333333333,0.875,16
P3,42,marker_memory,gdT_1,0.9855072463768115,1.0,34
P3,42,marker_memory,gdT_2,0.0,0.0,1
P3,42,marker_memory,gdT_3,0.4,0.25,4
P3,42,marker_memory,gdT_4,0.625,0.45454545454545453,11
P3,42,marker_memory,pDC,1.0,1.0,78
P3,42,marker_tcell,ASDC_mDC,0.8,0.6666666666666666,3
P3,42,marker_tcell,ASDC_pDC,0.6666666666666666,1.0,1
P3,42,marker_tcell,B intermediate kappa,0.8555555555555556,0.875,88
P3,42,marker_tcell,B intermediate lambda,0.8796680497925311,0.8760330578512396,121
P3,42,marker_tcell,B memory kappa,0.8783783783783784,0.8666666666666667,75
P3,42,marker_tcell,B memory lambda,0.875,0.8596491228070176,57
P3,42,marker_tcell,B naive kappa,0.9125168236877523,0.8737113402061856,388
P3,42,marker_tcell,B naive lambda,0.846938775510204,0.907103825136612,183
P3,42,marker_tcell,CD14 Mono,0.9894705174488568,0.9903643480879253,3321
P3,42,marker_tcell,CD16 Mono,0.9491307147456536,0.9608865710560626,767
P3,42,marker_tcell,CD4 CTL,0.6666666666666666,0.8,5
P3,42,marker_tcell,CD4 Naive,0.953524161280394,0.9410692588092345,1646
P3,42,marker_tcell,CD4 Proliferating,0.9230769230769231,0.9230769230769231,13
P3,42,marker_tcell,CD4 TCM_1,0.8601503759398497,0.8895800933125972,1286
P3,42,marker_tcell,CD4 TCM_2,0.7839195979899497,0.7428571428571429,105
P3,42,marker_tcell,CD4 TCM_3,0.8328804347826086,0.8478561549100968,723
P3,42,marker_tcell,CD4 TEM_1,0.8586206896551725,0.939622641509434,265
P3,42,marker_tcell,CD4 TEM_2,0.7522935779816514,0.7192982456140351,57
P3,42,marker_tcell,CD4 TEM_3,0.7938931297709922,0.7027027027027027,370
P3,42,marker_tcell,CD4 TEM_4,0.2857142857142857,0.2222222222222222,9
P3,42,marker_tcell,CD8 Naive,0.9718004338394794,0.9655172413793104,696
P3,42,marker_tcell,CD8 Naive_2,0.5217391304347826,0.42857142857142855,14
P3,42,marker_tcell,CD8 Proliferating,0.6666666666666666,0.5,2
P3,42,marker_tcell,CD8 TCM_1,0.6741573033707865,0.6122448979591837,98
P3,42,marker_tcell,CD8 TCM_2,0.7205882352941176,0.7205882352941176,68
P3,42,marker_tcell,CD8 TCM_3,0.7872340425531915,0.7872340425531915,47
P3,42,marker_tcell,CD8 TEM_1,0.9024943310657597,0.961352657004831,414
P3,42,marker_tcell,CD8 TEM_2,0.7197640117994101,0.6354166666666666,192
P3,42,marker_tcell,CD8 TEM_3,0.45161290322580644,0.4666666666666667,15
P3,42,marker_tcell,CD8 TEM_4,0.6833333333333333,0.5942028985507246,69
P3,42,marker_tcell,CD8 TEM_5,0.6666666666666665,0.6,5
P3,42,marker_tcell,CD8 TEM_6,0.8,0.6666666666666666,3
P3,42,marker_tcell,Doublet,0.7286821705426356,0.6103896103896104,77
P3,42,marker_tcell,Eryth,0.8148148148148148,1.0,11
P3,42,marker_tcell,HSPC,1.0,1.0,20
P3,42,marker_tcell,ILC,0.8571428571428571,0.8571428571428571,14
P3,42,marker_tcell,MAIT,0.9866310160427807,0.9892761394101877,373
P3,42,marker_tcell,NK Proliferating,0.9047619047619049,0.8769230769230769,65
P3,42,marker_tcell,NK_1,0.2694300518134715,0.1625,160
P3,42,marker_tcell,NK_2,0.9250797024442083,0.9880817253121453,1762
P3,42,marker_tcell,NK_3,0.43548387096774194,0.3375,160
P3,42,marker_tcell,NK_4,0.7169811320754716,0.6477272727272727,176
P3,42,marker_tcell,NK_CD56bright,0.8952380952380952,0.94,100
P3,42,marker_tcell,Plasma,1.0,1.0,13
P3,42,marker_tcell,Platelet,0.9391304347826087,0.9310344827586207,58
P3,42,marker_tcell,Treg Memory,0.7112676056338028,0.6121212121212121,165
P3,42,marker_tcell,Treg Naive,0.5933014354066987,0.8051948051948052,77
P3,42,marker_tcell,cDC1,1.0,1.0,8
P3,42,marker_tcell,cDC2_1,0.7466666666666666,0.717948717948718,39
P3,42,marker_tcell,cDC2_2,0.9669421487603306,0.9669421487603306,121
P3,42,marker_tcell,dnT_1,0.3529411764705882,0.5454545454545454,11
P3,42,marker_tcell,dnT_2,0.9333333333333333,0.875,16
P3,42,marker_tcell,gdT_1,0.9696969696969697,0.9411764705882353,34
P3,42,marker_tcell,gdT_2,0.0,0.0,1
P3,42,marker_tcell,gdT_3,0.3333333333333333,0.25,4
P3,42,marker_tcell,gdT_4,0.32,0.36363636363636365,11
P3,42,marker_tcell,pDC,1.0,1.0,78
P3,42,rna_only,ASDC_mDC,0.8,0.6666666666666666,3
P3,42,rna_only,ASDC_pDC,0.6666666666666666,1.0,1
P3,42,rna_only,B intermediate kappa,0.8350515463917526,0.9204545454545454,88
P3,42,rna_only,B intermediate lambda,0.8796680497925311,0.8760330578512396,121
P3,42,rna_only,B memory kappa,0.8571428571428572,0.84,75
P3,42,rna_only,B memory lambda,0.8545454545454546,0.8245614035087719,57
P3,42,rna_only,B naive kappa,0.8943758573388202,0.8402061855670103,388
P3,42,rna_only,B naive lambda,0.8286445012787723,0.8852459016393442,183
P3,42,rna_only,CD14 Mono,0.9882671480144405,0.989159891598916,3321
P3,42,rna_only,CD16 Mono,0.9382558879694461,0.9608865710560626,767
P3,42,rna_only,CD4 CTL,0.6153846153846154,0.8,5
P3,42,rna_only,CD4 Naive,0.9384091612503869,0.9210206561360875,1646
P3,42,rna_only,CD4 Proliferating,0.9230769230769231,0.9230769230769231,13
P3,42,rna_only,CD4 TCM_1,0.8446601941747571,0.8794712286158631,1286
P3,42,rna_only,CD4 TCM_2,0.7731958762886597,0.7142857142857143,105
P3,42,rna_only,CD4 TCM_3,0.7700394218134033,0.8105117565698479,723
P3,42,rna_only,CD4 TEM_1,0.841918294849023,0.8943396226415095,265
P3,42,rna_only,CD4 TEM_2,0.7222222222222222,0.6842105263157895,57
P3,42,rna_only,CD4 TEM_3,0.6343906510851418,0.5135135135135135,370
P3,42,rna_only,CD4 TEM_4,0.0,0.0,9
P3,42,rna_only,CD8 Naive,0.9707769066286529,0.978448275862069,696
P3,42,rna_only,CD8 Naive_2,0.5217391304347826,0.42857142857142855,14
P3,42,rna_only,CD8 Proliferating,0.6666666666666666,0.5,2
P3,42,rna_only,CD8 TCM_1,0.6270270270270271,0.5918367346938775,98
P3,42,rna_only,CD8 TCM_2,0.6417910447761194,0.6323529411764706,68
P3,42,rna_only,CD8 TCM_3,0.6075949367088608,0.5106382978723404,47
P3,42,rna_only,CD8 TEM_1,0.8822222222222222,0.9589371980676329,414
P3,42,rna_only,CD8 TEM_2,0.7085714285714286,0.6458333333333334,192
P3,42,rna_only,CD8 TEM_3,0.5,0.4666666666666667,15
P3,42,rna_only,CD8 TEM_4,0.6495726495726495,0.5507246376811594,69
P3,42,rna_only,CD8 TEM_5,0.4444444444444445,0.4,5
P3,42,rna_only,CD8 TEM_6,1.0,1.0,3
P3,42,rna_only,Doublet,0.5185185185185185,0.36363636363636365,77
P3,42,rna_only,Eryth,0.8148148148148148,1.0,11
P3,42,rna_only,HSPC,1.0,1.0,20
P3,42,rna_only,ILC,0.8571428571428571,0.8571428571428571,14
P3,42,rna_only,MAIT,0.979591836734694,0.9651474530831099,373
P3,42,rna_only,NK Proliferating,0.9538461538461539,0.9538461538461539,65
P3,42,rna_only,NK_1,0.25742574257425743,0.1625,160
P3,42,rna_only,NK_2,0.9211729889695991,0.9716231555051078,1762
P3,42,rna_only,NK_3,0.4509090909090909,0.3875,160
P3,42,rna_only,NK_4,0.6666666666666666,0.6193181818181818,176
P3,42,rna_only,NK_CD56bright,0.8855721393034827,0.89,100
P3,42,rna_only,Plasma,0.962962962962963,1.0,13
P3,42,rna_only,Platelet,0.9454545454545454,0.896551724137931,58
P3,42,rna_only,Treg Memory,0.6975088967971531,0.593939393939394,165
P3,42,rna_only,Treg Naive,0.4653061224489796,0.7402597402597403,77
P3,42,rna_only,cDC1,1.0,1.0,8
P3,42,rna_only,cDC2_1,0.7407407407407408,0.7692307692307693,39
P3,42,rna_only,cDC2_2,0.9583333333333334,0.9504132231404959,121
P3,42,rna_only,dnT_1,0.2962962962962963,0.36363636363636365,11
P3,42,rna_only,dnT_2,0.9333333333333333,0.875,16
P3,42,rna_only,gdT_1,0.9565217391304348,0.9705882352941176,34
P3,42,rna_only,gdT_2,0.0,0.0,1
P3,42,rna_only,gdT_3,0.28571428571428575,0.25,4
P3,42,rna_only,gdT_4,0.28571428571428564,0.2727272727272727,11
P3,42,rna_only,pDC,1.0,1.0,78
P3,42,random_size_matched_6,ASDC_mDC,0.8,0.6666666666666666,3
P3,42,random_size_matched_6,ASDC_pDC,0.6666666666666666,1.0,1
P3,42,random_size_matched_6,B intermediate kappa,0.8602150537634408,0.9090909090909091,88
P3,42,random_size_matched_6,B intermediate lambda,0.8653061224489798,0.8760330578512396,121
P3,42,random_size_matched_6,B memory kappa,0.8783783783783784,0.8666666666666667,75
P3,42,random_size_matched_6,B memory lambda,0.8828828828828829,0.8596491228070176,57
P3,42,random_size_matched_6,B naive kappa,0.9156626506024097,0.8814432989690721,388
P3,42,random_size_matched_6,B naive lambda,0.8578947368421053,0.8907103825136612,183
P3,42,random_size_matched_6,CD14 Mono,0.9890142964635064,0.9894610057211684,3321
P3,42,random_size_matched_6,CD16 Mono,0.9492614001284522,0.9634941329856584,767
P3,42,random_size_matched_6,CD4 CTL,0.8000000000000002,0.8,5
P3,42,random_size_matched_6,CD4 Naive,0.9559093692590324,0.948359659781288,1646
P3,42,random_size_matched_6,CD4 Proliferating,0.9230769230769231,0.9230769230769231,13
P3,42,random_size_matched_6,CD4 TCM_1,0.8567197334320621,0.8996889580093312,1286
P3,42,random_size_matched_6,CD4 TCM_2,0.7817258883248731,0.7333333333333333,105
P3,42,random_size_matched_6,CD4 TCM_3,0.8269096005606167,0.8160442600276625,723
P3,42,random_size_matched_6,CD4 TEM_1,0.8666666666666667,0.9320754716981132,265
P3,42,random_size_matched_6,CD4 TEM_2,0.7787610619469025,0.7719298245614035,57
P3,42,random_size_matched_6,CD4 TEM_3,0.7881619937694704,0.6837837837837838,370
P3,42,random_size_matched_6,CD4 TEM_4,0.3333333333333333,0.2222222222222222,9
P3,42,random_size_matched_6,CD8 Naive,0.9756446991404011,0.978448275862069,696
P3,42,random_size_matched_6,CD8 Naive_2,0.5833333333333334,0.5,14
P3,42,random_size_matched_6,CD8 Proliferating,0.6666666666666666,0.5,2
P3,42,random_size_matched_6,CD8 TCM_1,0.6629834254143647,0.6122448979591837,98
P3,42,random_size_matched_6,CD8 TCM_2,0.7323943661971832,0.7647058823529411,68
P3,42,random_size_matched_6,CD8 TCM_3,0.8043478260869565,0.7872340425531915,47
P3,42,random_size_matched_6,CD8 TEM_1,0.8923766816143498,0.961352657004831,414
P3,42,random_size_matched_6,CD8 TEM_2,0.7586206896551724,0.6875,192
P3,42,random_size_matched_6,CD8 TEM_3,0.38709677419354843,0.4,15
P3,42,random_size_matched_6,CD8 TEM_4,0.752,0.6811594202898551,69
P3,42,random_size_matched_6,CD8 TEM_5,0.6666666666666665,0.6,5
P3,42,random_size_matched_6,CD8 TEM_6,1.0,1.0,3
P3,42,random_size_matched_6,Doublet,0.734375,0.6103896103896104,77
P3,42,random_size_matched_6,Eryth,0.846153846153846,1.0,11
P3,42,random_size_matched_6,HSPC,1.0,1.0,20
P3,42,random_size_matched_6,ILC,0.8571428571428571,0.8571428571428571,14
P3,42,random_size_matched_6,MAIT,0.9919354838709676,0.9892761394101877,373
P3,42,random_size_matched_6,NK Proliferating,0.912,0.8769230769230769,65
P3,42,random_size_matched_6,NK_1,0.27999999999999997,0.175,160
P3,42,random_size_matched_6,NK_2,0.9259951910232435,0.9835414301929626,1762
P3,42,random_size_matched_6,NK_3,0.4691358024691358,0.35625,160
P3,42,random_size_matched_6,NK_4,0.7311178247734139,0.6875,176
P3,42,random_size_matched_6,NK_CD56bright,0.8995215311004784,0.94,100
P3,42,random_size_matched_6,Plasma,1.0,1.0,13
P3,42,random_size_matched_6,Platelet,0.9464285714285714,0.9137931034482759,58
P3,42,random_size_matched_6,Treg Memory,0.7228070175438598,0.6242424242424243,165
P3,42,random_size_matched_6,Treg Naive,0.6108374384236454,0.8051948051948052,77
P3,42,random_size_matched_6,cDC1,1.0,1.0,8
P3,42,random_size_matched_6,cDC2_1,0.7397260273972601,0.6923076923076923,39
P3,42,random_size_matched_6,cDC2_2,0.9672131147540983,0.9752066115702479,121
P3,42,random_size_matched_6,dnT_1,0.41666666666666663,0.45454545454545453,11
P3,42,random_size_matched_6,dnT_2,0.9333333333333333,0.875,16
P3,42,random_size_matched_6,gdT_1,0.9855072463768115,1.0,34
P3,42,random_size_matched_6,gdT_2,0.0,0.0,1
P3,42,random_size_matched_6,gdT_3,1.0,1.0,4
P3,42,random_size_matched_6,gdT_4,0.5000000000000001,0.36363636363636365,11
P3,42,random_size_matched_6,pDC,1.0,1.0,78
P3,42,random_size_matched_15,ASDC_mDC,0.8,0.6666666666666666,3
P3,42,random_size_matched_15,ASDC_pDC,0.6666666666666666,1.0,1
P3,42,random_size_matched_15,B intermediate kappa,0.8481675392670156,0.9204545454545454,88
P3,42,random_size_matched_15,B intermediate lambda,0.8477366255144033,0.8512396694214877,121
P3,42,random_size_matched_15,B memory kappa,0.8767123287671234,0.8533333333333334,75
P3,42,random_size_matched_15,B memory lambda,0.8440366972477065,0.8070175438596491,57
P3,42,random_size_matched_15,B naive kappa,0.9095816464237516,0.8685567010309279,388
P3,42,random_size_matched_15,B naive lambda,0.849740932642487,0.8961748633879781,183
P3,42,random_size_matched_15,CD14 Mono,0.9876913839687783,0.9906654622101777,3321
P3,42,random_size_matched_15,CD16 Mono,0.9425435765009684,0.9517601043024772,767
P3,42,random_size_matched_15,CD4 CTL,0.8000000000000002,0.8,5
P3,42,random_size_matched_15,CD4 Naive,0.9547831436481083,0.9428918590522479,1646
P3,42,random_size_matched_15,CD4 Proliferating,0.9230769230769231,0.9230769230769231,13
P3,42,random_size_matched_15,CD4 TCM_1,0.8571428571428573,0.8981337480559876,1286
P3,42,random_size_matched_15,CD4 TCM_2,0.7839195979899497,0.7428571428571429,105
P3,42,random_size_matched_15,CD4 TCM_3,0.8291316526610644,0.8188105117565698,723
P3,42,random_size_matched_15,CD4 TEM_1,0.874354561101549,0.9584905660377359,265
P3,42,random_size_matched_15,CD4 TEM_2,0.8070175438596491,0.8070175438596491,57
P3,42,random_size_matched_15,CD4 TEM_3,0.798151001540832,0.7,370
P3,42,random_size_matched_15,CD4 TEM_4,0.3333333333333333,0.2222222222222222,9
P3,42,random_size_matched_15,CD8 Naive,0.9756446991404011,0.978448275862069,696
P3,42,random_size_matched_15,CD8 Naive_2,0.56,0.5,14
P3,42,random_size_matched_15,CD8 Proliferating,0.6666666666666666,0.5,2
P3,42,random_size_matched_15,CD8 TCM_1,0.6741573033707865,0.6122448979591837,98
P3,42,random_size_matched_15,CD8 TCM_2,0.75177304964539,0.7794117647058824,68
P3,42,random_size_matched_15,CD8 TCM_3,0.7692307692307692,0.7446808510638298,47
P3,42,random_size_matched_15,CD8 TEM_1,0.8958566629339306,0.966183574879227,414
P3,42,random_size_matched_15,CD8 TEM_2,0.760806916426513,0.6875,192
P3,42,random_size_matched_15,CD8 TEM_3,0.4571428571428572,0.5333333333333333,15
P3,42,random_size_matched_15,CD8 TEM_4,0.7580645161290324,0.6811594202898551,69
P3,42,random_size_matched_15,CD8 TEM_5,0.6666666666666665,0.6,5
P3,42,random_size_matched_15,CD8 TEM_6,1.0,1.0,3
P3,42,random_size_matched_15,Doublet,0.6440677966101694,0.4935064935064935,77
P3,42,random_size_matched_15,Eryth,0.88,1.0,11
P3,42,random_size_matched_15,HSPC,1.0,1.0,20
P3,42,random_size_matched_15,ILC,0.8571428571428571,0.8571428571428571,14
P3,42,random_size_matched_15,MAIT,0.9932705248990579,0.9892761394101877,373
P3,42,random_size_matched_15,NK Proliferating,0.912,0.8769230769230769,65
P3,42,random_size_matched_15,NK_1,0.2871794871794871,0.175,160
P3,42,random_size_matched_15,NK_2,0.925086643561717,0.9846765039727582,1762
P3,42,random_size_matched_15,NK_3,0.4564315352697096,0.34375,160
P3,42,random_size_matched_15,NK_4,0.7108433734939757,0.6704545454545454,176
P3,42,random_size_matched_15,NK_CD56bright,0.8995215311004784,0.94,100
P3,42,random_size_matched_15,Plasma,1.0,1.0,13
P3,42,random_size_matched_15,Platelet,0.9380530973451328,0.9137931034482759,58
P3,42,random_size_matched_15,Treg Memory,0.7593220338983052,0.6787878787878788,165
P3,42,random_size_matched_15,Treg Naive,0.625,0.7792207792207793,77
P3,42,random_size_matched_15,cDC1,1.0,1.0,8
P3,42,random_size_matched_15,cDC2_1,0.7012987012987013,0.6923076923076923,39
P3,42,random_size_matched_15,cDC2_2,0.9543568464730291,0.9504132231404959,121
P3,42,random_size_matched_15,dnT_1,0.41666666666666663,0.45454545454545453,11
P3,42,random_size_matched_15,dnT_2,0.9333333333333333,0.875,16
P3,42,random_size_matched_15,gdT_1,0.9855072463768115,1.0,34
P3,42,random_size_matched_15,gdT_2,0.0,0.0,1
P3,42,random_size_matched_15,gdT_3,1.0,1.0,4
P3,42,random_size_matched_15,gdT_4,0.4705882352941177,0.36363636363636365,11
P3,42,random_size_matched_15,pDC,1.0,1.0,78
P3,43,full,ASDC_mDC,0.8,0.6666666666666666,3
P3,43,full,ASDC_pDC,0.6666666666666666,1.0,1
P3,43,full,B intermediate kappa,0.836734693877551,0.9318181818181818,88
P3,43,full,B intermediate lambda,0.8674698795180722,0.8925619834710744,121
P3,43,full,B memory kappa,0.8531468531468531,0.8133333333333334,75
P3,43,full,B memory lambda,0.8363636363636363,0.8070175438596491,57
P3,43,full,B naive kappa,0.8717948717948718,0.788659793814433,388
P3,43,full,B naive lambda,0.8125,0.9234972677595629,183
P3,43,full,CD14 Mono,0.9894610057211684,0.9894610057211684,3321
P3,43,full,CD16 Mono,0.9457562220804083,0.9661016949152542,767
P3,43,full,CD4 CTL,0.6666666666666666,0.8,5
P3,43,full,CD4 Naive,0.9577290959580378,0.9428918590522479,1646
P3,43,full,CD4 Proliferating,0.9230769230769231,0.9230769230769231,13
P3,43,full,CD4 TCM_1,0.8626126126126126,0.8934681181959565,1286
P3,43,full,CD4 TCM_2,0.7699530516431924,0.780952380952381,105
P3,43,full,CD4 TCM_3,0.8304735758407688,0.8367911479944675,723
P3,43,full,CD4 TEM_1,0.8643410852713178,0.8415094339622642,265
P3,43,full,CD4 TEM_2,0.8113207547169812,0.7543859649122807,57
P3,43,full,CD4 TEM_3,0.8485675306957708,0.8405405405405405,370
P3,43,full,CD4 TEM_4,0.16666666666666666,0.1111111111111111,9
P3,43,full,CD8 Naive,0.9793300071275837,0.9870689655172413,696
P3,43,full,CD8 Naive_2,0.6923076923076924,0.6428571428571429,14
P3,43,full,CD8 Proliferating,0.6666666666666666,0.5,2
P3,43,full,CD8 TCM_1,0.694300518134715,0.6836734693877551,98
P3,43,full,CD8 TCM_2,0.7913669064748201,0.8088235294117647,68
P3,43,full,CD8 TCM_3,0.8351648351648351,0.8085106382978723,47
P3,43,full,CD8 TEM_1,0.9004739336492892,0.9178743961352657,414
P3,43,full,CD8 TEM_2,0.7917737789203085,0.8020833333333334,192
P3,43,full,CD8 TEM_3,0.4615384615384615,0.4,15
P3,43,full,CD8 TEM_4,0.7288135593220338,0.6231884057971014,69
P3,43,full,CD8 TEM_5,0.5,0.4,5
P3,43,full,CD8 TEM_6,0.8571428571428571,1.0,3
P3,43,full,Doublet,0.6386554621848739,0.4935064935064935,77
P3,43,full,Eryth,0.8333333333333333,0.9090909090909091,11
P3,43,full,HSPC,1.0,1.0,20
P3,43,full,ILC,0.896551724137931,0.9285714285714286,14
P3,43,full,MAIT,0.9879839786381842,0.9919571045576407,373
P3,43,full,NK Proliferating,0.9193548387096773,0.8769230769230769,65
P3,43,full,NK_1,0.21739130434782608,0.125,160
P3,43,full,NK_2,0.9241819632881085,0.9858115777525539,1762
P3,43,full,NK_3,0.5036496350364964,0.43125,160
P3,43,full,NK_4,0.6967741935483871,0.6136363636363636,176
P3,43,full,NK_CD56bright,0.9306930693069307,0.94,100
P3,43,full,Plasma,0.962962962962963,1.0,13
P3,43,full,Platelet,0.9369369369369369,0.896551724137931,58
P3,43,full,Treg Memory,0.7645259938837919,0.7575757575757576,165
P3,43,full,Treg Naive,0.624113475177305,0.5714285714285714,77
P3,43,full,cDC1,1.0,1.0,8
P3,43,full,cDC2_1,0.736842105263158,0.717948717948718,39
P3,43,full,cDC2_2,0.9590163934426229,0.9669421487603306,121
P3,43,full,dnT_1,0.4705882352941177,0.36363636363636365,11
P3,43,full,dnT_2,0.9696969696969697,1.0,16
P3,43,full,gdT_1,0.9855072463768115,1.0,34
P3,43,full,gdT_2,0.0,0.0,1
P3,43,full,gdT_3,0.888888888888889,1.0,4
P3,43,full,gdT_4,0.7000000000000001,0.6363636363636364,11
P3,43,full,pDC,0.9935483870967742,0.9871794871794872,78
P3,43,random_10,ASDC_mDC,0.8,0.6666666666666666,3
P3,43,random_10,ASDC_pDC,0.6666666666666666,1.0,1
P3,43,random_10,B intermediate kappa,0.8453608247422681,0.9318181818181818,88
P3,43,random_10,B intermediate lambda,0.8640000000000001,0.8925619834710744,121
P3,43,random_10,B memory kappa,0.8472222222222223,0.8133333333333334,75
P3,43,random_10,B memory lambda,0.8545454545454546,0.8245614035087719,57
P3,43,random_10,B naive kappa,0.8788732394366198,0.8041237113402062,388
P3,43,random_10,B naive lambda,0.8186274509803921,0.912568306010929,183
P3,43,random_10,CD14 Mono,0.9888621312462372,0.989159891598916,3321
P3,43,random_10,CD16 Mono,0.94529262086514,0.9687092568448501,767
P3,43,random_10,CD4 CTL,0.6666666666666666,0.8,5
P3,43,random_10,CD4 Naive,0.9552054371331479,0.9392466585662211,1646
P3,43,random_10,CD4 Proliferating,0.9230769230769231,0.9230769230769231,13
P3,43,random_10,CD4 TCM_1,0.860491493383743,0.8849144634525661,1286
P3,43,random_10,CD4 TCM_2,0.7582938388625593,0.7619047619047619,105
P3,43,random_10,CD4 TCM_3,0.8336700336700336,0.8561549100968188,723
P3,43,random_10,CD4 TEM_1,0.859922178988327,0.8339622641509434,265
P3,43,random_10,CD4 TEM_2,0.8073394495412844,0.7719298245614035,57
P3,43,random_10,CD4 TEM_3,0.849462365591398,0.8540540540540541,370
P3,43,random_10,CD4 TEM_4,0.16666666666666666,0.1111111111111111,9
P3,43,random_10,CD8 Naive,0.9793300071275837,0.9870689655172413,696
P3,43,random_10,CD8 Naive_2,0.64,0.5714285714285714,14
P3,43,random_10,CD8 Proliferating,0.6666666666666666,0.5,2
P3,43,random_10,CD8 TCM_1,0.7052631578947369,0.6836734693877551,98
P3,43,random_10,CD8 TCM_2,0.7857142857142858,0.8088235294117647,68
P3,43,random_10,CD8 TCM_3,0.8172043010752688,0.8085106382978723,47
P3,43,random_10,CD8 TEM_1,0.901307966706302,0.9154589371980676,414
P3,43,random_10,CD8 TEM_2,0.795969773299748,0.8229166666666666,192
P3,43,random_10,CD8 TEM_3,0.48,0.4,15
P3,43,random_10,CD8 TEM_4,0.7226890756302521,0.6231884057971014,69
P3,43,random_10,CD8 TEM_5,0.5,0.4,5
P3,43,random_10,CD8 TEM_6,1.0,1.0,3
P3,43,random_10,Doublet,0.608695652173913,0.45454545454545453,77
P3,43,random_10,Eryth,0.88,1.0,11
P3,43,random_10,HSPC,1.0,1.0,20
P3,43,random_10,ILC,0.8571428571428571,0.8571428571428571,14
P3,43,random_10,MAIT,0.9906291834002677,0.9919571045576407,373
P3,43,random_10,NK Proliferating,0.9206349206349206,0.8923076923076924,65
P3,43,random_10,NK_1,0.25510204081632654,0.15625,160
P3,43,random_10,NK_2,0.925173703901657,0.9824063564131669,1762
P3,43,random_10,NK_3,0.4727272727272727,0.40625,160
P3,43,random_10,NK_4,0.6945337620578779,0.6136363636363636,176
P3,43,random_10,NK_CD56bright,0.9306930693069307,0.94,100
P3,43,random_10,Plasma,0.962962962962963,1.0,13
P3,43,random_10,Platelet,0.9369369369369369,0.896551724137931,58
P3,43,random_10,Treg Memory,0.7687499999999999,0.7454545454545455,165
P3,43,random_10,Treg Naive,0.6176470588235294,0.5454545454545454,77
P3,43,random_10,cDC1,1.0,1.0,8
P3,43,random_10,cDC2_1,0.7027027027027027,0.6666666666666666,39
P3,43,random_10,cDC2_2,0.9504132231404959,0.9504132231404959,121
P3,43,random_10,dnT_1,0.5000000000000001,0.36363636363636365,11
P3,43,random_10,dnT_2,0.9696969696969697,1.0,16
P3,43,random_10,gdT_1,0.9714285714285714,1.0,34
P3,43,random_10,gdT_2,0.0,0.0,1
P3,43,random_10,gdT_3,1.0,1.0,4
P3,43,random_10,gdT_4,0.7368421052631579,0.6363636363636364,11
P3,43,random_10,pDC,0.9935483870967742,0.9871794871794872,78
P3,43,random_30,ASDC_mDC,0.8,0.6666666666666666,3
P3,43,random_30,ASDC_pDC,0.6666666666666666,1.0,1
P3,43,random_30,B intermediate kappa,0.8617021276595745,0.9204545454545454,88
P3,43,random_30,B intermediate lambda,0.8699186991869919,0.8842975206611571,121
P3,43,random_30,B memory kappa,0.8552631578947368,0.8666666666666667,75
P3,43,random_30,B memory lambda,0.8421052631578947,0.8421052631578947,57
P3,43,random_30,B naive kappa,0.8705547652916074,0.788659793814433,388
P3,43,random_30,B naive lambda,0.8067632850241545,0.912568306010929,183
P3,43,random_30,CD14 Mono,0.9871373018247084,0.993676603432701,3321
P3,43,random_30,CD16 Mono,0.9355048859934855,0.9361147327249022,767
P3,43,random_30,CD4 CTL,0.7272727272727272,0.8,5
P3,43,random_30,CD4 Naive,0.9544750696810158,0.9362089914945322,1646
P3,43,random_30,CD4 Proliferating,0.9230769230769231,0.9230769230769231,13
P3,43,random_30,CD4 TCM_1,0.8562918838421444,0.8942457231726283,1286
P3,43,random_30,CD4 TCM_2,0.7735849056603774,0.780952380952381,105
P3,43,random_30,CD4 TCM_3,0.8298755186721992,0.8298755186721992,723
P3,43,random_30,CD4 TEM_1,0.8537549407114624,0.8150943396226416,265
P3,43,random_30,CD4 TEM_2,0.8113207547169812,0.7543859649122807,57
P3,43,random_30,CD4 TEM_3,0.8313090418353576,0.8324324324324325,370
P3,43,random_30,CD4 TEM_4,0.16666666666666666,0.1111111111111111,9
P3,43,random_30,CD8 Naive,0.9792709077912795,0.9841954022988506,696
P3,43,random_30,CD8 Naive_2,0.6153846153846153,0.5714285714285714,14
P3,43,random_30,CD8 Proliferating,0.6666666666666666,0.5,2
P3,43,random_30,CD8 TCM_1,0.7083333333333333,0.6938775510204082,98
P3,43,random_30,CD8 TCM_2,0.7375886524822695,0.7647058823529411,68
P3,43,random_30,CD8 TCM_3,0.8367346938775511,0.8723404255319149,47
P3,43,random_30,CD8 TEM_1,0.8980582524271845,0.893719806763285,414
P3,43,random_30,CD8 TEM_2,0.7751937984496126,0.78125,192
P3,43,random_30,CD8 TEM_3,0.5,0.4,15
P3,43,random_30,CD8 TEM_4,0.7068965517241379,0.5942028985507246,69
P3,43,random_30,CD8 TEM_5,0.5,0.4,5
P3,43,random_30,CD8 TEM_6,0.8571428571428571,1.0,3
P3,43,random_30,Doublet,0.5233644859813085,0.36363636363636365,77
P3,43,random_30,Eryth,0.8571428571428572,0.8181818181818182,11
P3,43,random_30,HSPC,1.0,1.0,20
P3,43,random_30,ILC,0.896551724137931,0.9285714285714286,14
P3,43,random_30,MAIT,0.9813829787234042,0.9892761394101877,373
P3,43,random_30,NK Proliferating,0.8960000000000001,0.8615384615384616,65
P3,43,random_30,NK_1,0.2291666666666667,0.1375,160
P3,43,random_30,NK_2,0.921563413985642,0.9835414301929626,1762
P3,43,random_30,NK_3,0.45185185185185184,0.38125,160
P3,43,random_30,NK_4,0.6445182724252493,0.5511363636363636,176
P3,43,random_30,NK_CD56bright,0.912621359223301,0.94,100
P3,43,random_30,Plasma,0.9230769230769231,0.9230769230769231,13
P3,43,random_30,Platelet,0.9090909090909091,0.8620689655172413,58
P3,43,random_30,Treg Memory,0.7507507507507507,0.7575757575757576,165
P3,43,random_30,Treg Naive,0.6027397260273972,0.5714285714285714,77
P3,43,random_30,cDC1,1.0,1.0,8
P3,43,random_30,cDC2_1,0.7199999999999999,0.6923076923076923,39
P3,43,random_30,cDC2_2,0.9547325102880658,0.9586776859504132,121
P3,43,random_30,dnT_1,0.4705882352941177,0.36363636363636365,11
P3,43,random_30,dnT_2,0.9696969696969697,1.0,16
P3,43,random_30,gdT_1,0.9444444444444444,1.0,34
P3,43,random_30,gdT_2,0.0,0.0,1
P3,43,random_30,gdT_3,0.7272727272727273,1.0,4
P3,43,random_30,gdT_4,0.5,0.7272727272727273,11
P3,43,random_30,pDC,0.9935483870967742,0.9871794871794872,78
P3,43,random_50,ASDC_mDC,0.8,0.6666666666666666,3
P3,43,random_50,ASDC_pDC,0.6666666666666666,1.0,1
P3,43,random_50,B intermediate kappa,0.8155339805825244,0.9545454545454546,88
P3,43,random_50,B intermediate lambda,0.8449612403100776,0.9008264462809917,121
P3,43,random_50,B memory kappa,0.8456375838926175,0.84,75
P3,43,random_50,B memory lambda,0.8468468468468469,0.8245614035087719,57
P3,43,random_50,B naive kappa,0.8293413173652694,0.7139175257731959,388
P3,43,random_50,B naive lambda,0.7822014051522248,0.912568306010929,183
P3,43,random_50,CD14 Mono,0.9887505624718764,0.9924721469436917,3321
P3,43,random_50,CD16 Mono,0.9429121231558693,0.9582790091264668,767
P3,43,random_50,CD4 CTL,0.5333333333333333,0.8,5
P3,43,random_50,CD4 Naive,0.9490909090909091,0.951397326852977,1646
P3,43,random_50,CD4 Proliferating,0.8333333333333333,0.7692307692307693,13
P3,43,random_50,CD4 TCM_1,0.840834248079034,0.8934681181959565,1286
P3,43,random_50,CD4 TCM_2,0.7348837209302326,0.7523809523809524,105
P3,43,random_50,CD4 TCM_3,0.8076923076923078,0.7842323651452282,723
P3,43,random_50,CD4 TEM_1,0.819672131147541,0.7547169811320755,265
P3,43,random_50,CD4 TEM_2,0.7766990291262136,0.7017543859649122,57
P3,43,random_50,CD4 TEM_3,0.7983761840324762,0.7972972972972973,370
P3,43,random_50,CD4 TEM_4,0.0,0.0,9
P3,43,random_50,CD8 Naive,0.9772403982930299,0.9870689655172413,696
P3,43,random_50,CD8 Naive_2,0.5217391304347826,0.42857142857142855,14
P3,43,random_50,CD8 Proliferating,0.5,0.5,2
P3,43,random_50,CD8 TCM_1,0.6310679611650485,0.6632653061224489,98
P3,43,random_50,CD8 TCM_2,0.7397260273972601,0.7941176470588235,68
P3,43,random_50,CD8 TCM_3,0.5277777777777778,0.40425531914893614,47
P3,43,random_50,CD8 TEM_1,0.8803945745992602,0.8623188405797102,414
P3,43,random_50,CD8 TEM_2,0.7684478371501272,0.7864583333333334,192
P3,43,random_50,CD8 TEM_3,0.4615384615384615,0.4,15
P3,43,random_50,CD8 TEM_4,0.6890756302521008,0.5942028985507246,69
P3,43,random_50,CD8 TEM_5,0.4444444444444445,0.4,5
P3,43,random_50,CD8 TEM_6,0.6666666666666666,1.0,3
P3,43,random_50,Doublet,0.5142857142857143,0.35064935064935066,77
P3,43,random_50,Eryth,0.8181818181818182,0.8181818181818182,11
P3,43,random_50,HSPC,1.0,1.0,20
P3,43,random_50,ILC,0.896551724137931,0.9285714285714286,14
P3,43,random_50,MAIT,0.96617050067659,0.9571045576407506,373
P3,43,random_50,NK Proliferating,0.9133858267716536,0.8923076923076924,65
P3,43,random_50,NK_1,0.31896551724137934,0.23125,160
P3,43,random_50,NK_2,0.9215792320173066,0.9670828603859251,1762
P3,43,random_50,NK_3,0.48936170212765956,0.43125,160
P3,43,random_50,NK_4,0.6535947712418302,0.5681818181818182,176
P3,43,random_50,NK_CD56bright,0.9170731707317075,0.94,100
P3,43,random_50,Plasma,0.9230769230769231,0.9230769230769231,13
P3,43,random_50,Platelet,0.9189189189189189,0.8793103448275862,58
P3,43,random_50,Treg Memory,0.7533333333333334,0.6848484848484848,165
P3,43,random_50,Treg Naive,0.5365853658536586,0.42857142857142855,77
P3,43,random_50,cDC1,1.0,1.0,8
P3,43,random_50,cDC2_1,0.717948717948718,0.717948717948718,39
P3,43,random_50,cDC2_2,0.9543568464730291,0.9504132231404959,121
P3,43,random_50,dnT_1,0.4705882352941177,0.36363636363636365,11
P3,43,random_50,dnT_2,1.0,1.0,16
P3,43,random_50,gdT_1,0.8395061728395062,1.0,34
P3,43,random_50,gdT_2,0.0,0.0,1
P3,43,random_50,gdT_3,0.8,1.0,4
P3,43,random_50,gdT_4,0.43243243243243246,0.7272727272727273,11
P3,43,random_50,pDC,0.9935483870967742,0.9871794871794872,78
P3,43,random_70,ASDC_mDC,0.8,0.6666666666666666,3
P3,43,random_70,ASDC_pDC,0.5,1.0,1
P3,43,random_70,B intermediate kappa,0.8307692307692307,0.9204545454545454,88
P3,43,random_70,B intermediate lambda,0.844621513944223,0.8760330578512396,121
P3,43,random_70,B memory kappa,0.8741721854304636,0.88,75
P3,43,random_70,B memory lambda,0.8545454545454546,0.8245614035087719,57
P3,43,random_70,B naive kappa,0.830860534124629,0.7216494845360825,388
P3,43,random_70,B naive lambda,0.7678160919540229,0.912568306010929,183
P3,43,random_70,CD14 Mono,0.9880023995200959,0.991869918699187,3321
P3,43,random_70,CD16 Mono,0.9378603459320948,0.954367666232073,767
P3,43,random_70,CD4 CTL,0.5454545454545454,0.6,5
P3,43,random_70,CD4 Naive,0.946060606060606,0.948359659781288,1646
P3,43,random_70,CD4 Proliferating,0.8461538461538461,0.8461538461538461,13
P3,43,random_70,CD4 TCM_1,0.8326279338207003,0.8413685847589425,1286
P3,43,random_70,CD4 TCM_2,0.7373737373737373,0.6952380952380952,105
P3,43,random_70,CD4 TCM_3,0.8013468013468014,0.8229598893499308,723
P3,43,random_70,CD4 TEM_1,0.7835051546391751,0.7169811320754716,265
P3,43,random_70,CD4 TEM_2,0.7413793103448276,0.7543859649122807,57
P3,43,random_70,CD4 TEM_3,0.8031914893617023,0.8162162162162162,370
P3,43,random_70,CD4 TEM_4,0.0,0.0,9
P3,43,random_70,CD8 Naive,0.9779359430604982,0.9870689655172413,696
P3,43,random_70,CD8 Naive_2,0.5217391304347826,0.42857142857142855,14
P3,43,random_70,CD8 Proliferating,0.6666666666666666,0.5,2
P3,43,random_70,CD8 TCM_1,0.6341463414634146,0.6632653061224489,98
P3,43,random_70,CD8 TCM_2,0.6299212598425196,0.5882352941176471,68
P3,43,random_70,CD8 TCM_3,0.5263157894736842,0.425531914893617,47
P3,43,random_70,CD8 TEM_1,0.8589420654911838,0.8236714975845411,414
P3,43,random_70,CD8 TEM_2,0.7538461538461539,0.765625,192
P3,43,random_70,CD8 TEM_3,0.36363636363636365,0.26666666666666666,15
P3,43,random_70,CD8 TEM_4,0.7107438016528926,0.6231884057971014,69
P3,43,random_70,CD8 TEM_5,0.6666666666666665,0.6,5
P3,43,random_70,CD8 TEM_6,0.7499999999999999,1.0,3
P3,43,random_70,Doublet,0.48076923076923084,0.3246753246753247,77
P3,43,random_70,Eryth,0.8181818181818182,0.8181818181818182,11
P3,43,random_70,HSPC,1.0,1.0,20
P3,43,random_70,ILC,0.8571428571428571,0.8571428571428571,14
P3,43,random_70,MAIT,0.9257861635220126,0.9865951742627346,373
P3,43,random_70,NK Proliferating,0.9105691056910569,0.8615384615384616,65
P3,43,random_70,NK_1,0.32388663967611336,0.25,160
P3,43,random_70,NK_2,0.9156953103822174,0.9585698070374574,1762
P3,43,random_70,NK_3,0.5063291139240506,0.5,160
P3,43,random_70,NK_4,0.5979381443298969,0.4943181818181818,176
P3,43,random_70,NK_CD56bright,0.877005347593583,0.82,100
P3,43,random_70,Plasma,0.888888888888889,0.9230769230769231,13
P3,43,random_70,Platelet,0.9285714285714286,0.896551724137931,58
P3,43,random_70,Treg Memory,0.759493670886076,0.7272727272727273,165
P3,43,random_70,Treg Naive,0.5673758865248227,0.5194805194805194,77
P3,43,random_70,cDC1,1.0,1.0,8
P3,43,random_70,cDC2_1,0.7397260273972601,0.6923076923076923,39
P3,43,random_70,cDC2_2,0.962962962962963,0.9669421487603306,121
P3,43,random_70,dnT_1,0.380952380952381,0.36363636363636365,11
P3,43,random_70,dnT_2,0.9032258064516129,0.875,16
P3,43,random_70,gdT_1,0.9189189189189189,1.0,34
P3,43,random_70,gdT_2,0.0,0.0,1
P3,43,random_70,gdT_3,0.8,1.0,4
P3,43,random_70,gdT_4,0.34146341463414637,0.6363636363636364,11
P3,43,random_70,pDC,0.9870129870129869,0.9743589743589743,78
P3,43,marker_memory,ASDC_mDC,0.8,0.6666666666666666,3
P3,43,marker_memory,ASDC_pDC,0.6666666666666666,1.0,1
P3,43,marker_memory,B intermediate kappa,0.8586387434554973,0.9318181818181818,88
P3,43,marker_memory,B intermediate lambda,0.870967741935484,0.8925619834710744,121
P3,43,marker_memory,B memory kappa,0.8571428571428571,0.8,75
P3,43,marker_memory,B memory lambda,0.8468468468468469,0.8245614035087719,57
P3,43,marker_memory,B naive kappa,0.8851540616246498,0.8144329896907216,388
P3,43,marker_memory,B naive lambda,0.8232445520581115,0.9289617486338798,183
P3,43,marker_memory,CD14 Mono,0.9893088390302666,0.989159891598916,3321
P3,43,marker_memory,CD16 Mono,0.9439490445859873,0.9661016949152542,767
P3,43,marker_memory,CD4 CTL,0.4444444444444444,0.8,5
P3,43,marker_memory,CD4 Naive,0.9527896995708155,0.9441069258809235,1646
P3,43,marker_memory,CD4 Proliferating,0.8799999999999999,0.8461538461538461,13
P3,43,marker_memory,CD4 TCM_1,0.847457627118644,0.8553654743390358,1286
P3,43,marker_memory,CD4 TCM_2,0.7699530516431924,0.780952380952381,105
P3,43,marker_memory,CD4 TCM_3,0.8284745762711864,0.8450899031811895,723
P3,43,marker_memory,CD4 TEM_1,0.8593448940269749,0.8415094339622642,265
P3,43,marker_memory,CD4 TEM_2,0.8113207547169812,0.7543859649122807,57
P3,43,marker_memory,CD4 TEM_3,0.8429530201342283,0.8486486486486486,370
P3,43,marker_memory,CD4 TEM_4,0.16666666666666666,0.1111111111111111,9
P3,43,marker_memory,CD8 Naive,0.9786324786324786,0.9870689655172413,696
P3,43,marker_memory,CD8 Naive_2,0.6666666666666666,0.5714285714285714,14
P3,43,marker_memory,CD8 Proliferating,0.8,1.0,2
P3,43,marker_memory,CD8 TCM_1,0.6770833333333333,0.6632653061224489,98
P3,43,marker_memory,CD8 TCM_2,0.7857142857142858,0.8088235294117647,68
P3,43,marker_memory,CD8 TCM_3,0.8,0.7659574468085106,47
P3,43,marker_memory,CD8 TEM_1,0.9013398294762485,0.893719806763285,414
P3,43,marker_memory,CD8 TEM_2,0.8,0.8541666666666666,192
P3,43,marker_memory,CD8 TEM_3,0.4666666666666667,0.4666666666666667,15
P3,43,marker_memory,CD8 TEM_4,0.7166666666666667,0.6231884057971014,69
P3,43,marker_memory,CD8 TEM_5,0.5,0.4,5
P3,43,marker_memory,CD8 TEM_6,1.0,1.0,3
P3,43,marker_memory,Doublet,0.603448275862069,0.45454545454545453,77
P3,43,marker_memory,Eryth,0.9166666666666666,1.0,11
P3,43,marker_memory,HSPC,1.0,1.0,20
P3,43,marker_memory,ILC,0.896551724137931,0.9285714285714286,14
P3,43,marker_memory,MAIT,0.9852744310575635,0.9865951742627346,373
P3,43,marker_memory,NK Proliferating,0.9047619047619049,0.8769230769230769,65
P3,43,marker_memory,NK_1,0.22222222222222224,0.13125,160
P3,43,marker_memory,NK_2,0.9211992570973733,0.985244040862656,1762
P3,43,marker_memory,NK_3,0.47940074906367036,0.4,160
P3,43,marker_memory,NK_4,0.6887417218543046,0.5909090909090909,176
P3,43,marker_memory,NK_CD56bright,0.9306930693069307,0.94,100
P3,43,marker_memory,Plasma,0.962962962962963,1.0,13
P3,43,marker_memory,Platelet,0.9369369369369369,0.896551724137931,58
P3,43,marker_memory,Treg Memory,0.75625,0.7333333333333333,165
P3,43,marker_memory,Treg Naive,0.6322580645161291,0.6363636363636364,77
P3,43,marker_memory,cDC1,1.0,1.0,8
P3,43,marker_memory,cDC2_1,0.736842105263158,0.717948717948718,39
P3,43,marker_memory,cDC2_2,0.9590163934426229,0.9669421487603306,121
P3,43,marker_memory,dnT_1,0.5000000000000001,0.36363636363636365,11
P3,43,marker_memory,dnT_2,1.0,1.0,16
P3,43,marker_memory,gdT_1,0.9714285714285714,1.0,34
P3,43,marker_memory,gdT_2,0.0,0.0,1
P3,43,marker_memory,gdT_3,1.0,1.0,4
P3,43,marker_memory,gdT_4,0.7000000000000001,0.6363636363636364,11
P3,43,marker_memory,pDC,1.0,1.0,78
P3,43,marker_tcell,ASDC_mDC,0.8,0.6666666666666666,3
P3,43,marker_tcell,ASDC_pDC,0.6666666666666666,1.0,1
P3,43,marker_tcell,B intermediate kappa,0.8586387434554973,0.9318181818181818,88
P3,43,marker_tcell,B intermediate lambda,0.8663967611336032,0.8842975206611571,121
P3,43,marker_tcell,B memory kappa,0.8510638297872342,0.8,75
P3,43,marker_tcell,B memory lambda,0.8468468468468469,0.8245614035087719,57
P3,43,marker_tcell,B naive kappa,0.8788732394366198,0.8041237113402062,388
P3,43,marker_tcell,B naive lambda,0.815347721822542,0.9289617486338798,183
P3,43,marker_tcell,CD14 Mono,0.9899202647811044,0.9906654622101777,3321
P3,43,marker_tcell,CD16 Mono,0.946964856230032,0.9661016949152542,767
P3,43,marker_tcell,CD4 CTL,0.7272727272727272,0.8,5
P3,43,marker_tcell,CD4 Naive,0.9541511771995043,0.9356014580801945,1646
P3,43,marker_tcell,CD4 Proliferating,0.9230769230769231,0.9230769230769231,13
P3,43,marker_tcell,CD4 TCM_1,0.8441358024691359,0.8506998444790047,1286
P3,43,marker_tcell,CD4 TCM_2,0.7641509433962264,0.7714285714285715,105
P3,43,marker_tcell,CD4 TCM_3,0.8228346456692914,0.8672199170124482,723
P3,43,marker_tcell,CD4 TEM_1,0.8473282442748092,0.8377358490566038,265
P3,43,marker_tcell,CD4 TEM_2,0.7924528301886793,0.7368421052631579,57
P3,43,marker_tcell,CD4 TEM_3,0.8326530612244898,0.827027027027027,370
P3,43,marker_tcell,CD4 TEM_4,0.3333333333333333,0.2222222222222222,9
P3,43,marker_tcell,CD8 Naive,0.9785100286532951,0.9813218390804598,696
P3,43,marker_tcell,CD8 Naive_2,0.5833333333333334,0.5,14
P3,43,marker_tcell,CD8 Proliferating,0.6666666666666666,0.5,2
P3,43,marker_tcell,CD8 TCM_1,0.6990291262135923,0.7346938775510204,98
P3,43,marker_tcell,CD8 TCM_2,0.7346938775510204,0.7941176470588235,68
P3,43,marker_tcell,CD8 TCM_3,0.7912087912087913,0.7659574468085106,47
P3,43,marker_tcell,CD8 TEM_1,0.8866995073891626,0.8695652173913043,414
P3,43,marker_tcell,CD8 TEM_2,0.7672634271099745,0.78125,192
P3,43,marker_tcell,CD8 TEM_3,0.4545454545454545,0.3333333333333333,15
P3,43,marker_tcell,CD8 TEM_4,0.6785714285714286,0.5507246376811594,69
P3,43,marker_tcell,CD8 TEM_5,0.5,0.4,5
P3,43,marker_tcell,CD8 TEM_6,0.8571428571428571,1.0,3
P3,43,marker_tcell,Doublet,0.6386554621848739,0.4935064935064935,77
P3,43,marker_tcell,Eryth,0.88,1.0,11
P3,43,marker_tcell,HSPC,1.0,1.0,20
P3,43,marker_tcell,ILC,0.896551724137931,0.9285714285714286,14
P3,43,marker_tcell,MAIT,0.9762532981530343,0.9919571045576407,373
P3,43,marker_tcell,NK Proliferating,0.9047619047619049,0.8769230769230769,65
P3,43,marker_tcell,NK_1,0.2513089005235602,0.15,160
P3,43,marker_tcell,NK_2,0.9238551650692225,0.9846765039727582,1762
P3,43,marker_tcell,NK_3,0.5017182130584192,0.45625,160
P3,43,marker_tcell,NK_4,0.6598639455782312,0.5511363636363636,176
P3,43,marker_tcell,NK_CD56bright,0.9306930693069307,0.94,100
P3,43,marker_tcell,Plasma,0.962962962962963,1.0,13
P3,43,marker_tcell,Platelet,0.920353982300885,0.896551724137931,58
P3,43,marker_tcell,Treg Memory,0.766355140186916,0.7454545454545455,165
P3,43,marker_tcell,Treg Naive,0.625,0.5844155844155844,77
P3,43,marker_tcell,cDC1,1.0,1.0,8
P3,43,marker_tcell,cDC2_1,0.7222222222222221,0.6666666666666666,39
P3,43,marker_tcell,cDC2_2,0.9590163934426229,0.9669421487603306,121
P3,43,marker_tcell,dnT_1,0.39999999999999997,0.36363636363636365,11
P3,43,marker_tcell,dnT_2,1.0,1.0,16
P3,43,marker_tcell,gdT_1,0.9565217391304348,0.9705882352941176,34
P3,43,marker_tcell,gdT_2,0.0,0.0,1
P3,43,marker_tcell,gdT_3,1.0,1.0,4
P3,43,marker_tcell,gdT_4,0.38095238095238093,0.7272727272727273,11
P3,43,marker_tcell,pDC,0.9870129870129869,0.9743589743589743,78
P3,43,rna_only,ASDC_mDC,0.8,0.6666666666666666,3
P3,43,rna_only,ASDC_pDC,0.6666666666666666,1.0,1
P3,43,rna_only,B intermediate kappa,0.8300000000000001,0.9431818181818182,88
P3,43,rna_only,B intermediate lambda,0.853658536585366,0.8677685950413223,121
P3,43,rna_only,B memory kappa,0.8827586206896552,0.8533333333333334,75
P3,43,rna_only,B memory lambda,0.8771929824561403,0.8771929824561403,57
P3,43,rna_only,B naive kappa,0.8603988603988605,0.7783505154639175,388
P3,43,rna_only,B naive lambda,0.78239608801956,0.8743169398907104,183
P3,43,rna_only,CD14 Mono,0.98796992481203,0.989159891598916,3321
P3,43,rna_only,CD16 Mono,0.9382558879694461,0.9608865710560626,767
P3,43,rna_only,CD4 CTL,0.4615384615384615,0.6,5
P3,43,rna_only,CD4 Naive,0.9480798771121351,0.9374240583232077,1646
P3,43,rna_only,CD4 Proliferating,0.8571428571428571,0.9230769230769231,13
P3,43,rna_only,CD4 TCM_1,0.8308514700267278,0.8460342146189735,1286
P3,43,rna_only,CD4 TCM_2,0.7246376811594202,0.7142857142857143,105
P3,43,rna_only,CD4 TCM_3,0.7649350649350649,0.8146611341632088,723
P3,43,rna_only,CD4 TEM_1,0.8104838709677419,0.7584905660377359,265
P3,43,rna_only,CD4 TEM_2,0.6725663716814159,0.6666666666666666,57
P3,43,rna_only,CD4 TEM_3,0.6866096866096867,0.6513513513513514,370
P3,43,rna_only,CD4 TEM_4,0.0,0.0,9
P3,43,rna_only,CD8 Naive,0.9779673063255153,0.9885057471264368,696
P3,43,rna_only,CD8 Naive_2,0.5833333333333334,0.5,14
P3,43,rna_only,CD8 Proliferating,0.6666666666666666,0.5,2
P3,43,rna_only,CD8 TCM_1,0.6238532110091742,0.6938775510204082,98
P3,43,rna_only,CD8 TCM_2,0.6141732283464567,0.5735294117647058,68
P3,43,rna_only,CD8 TCM_3,0.6097560975609756,0.5319148936170213,47
P3,43,rna_only,CD8 TEM_1,0.8698884758364313,0.8478260869565217,414
P3,43,rna_only,CD8 TEM_2,0.7791563275434243,0.8177083333333334,192
P3,43,rna_only,CD8 TEM_3,0.3478260869565218,0.26666666666666666,15
P3,43,rna_only,CD8 TEM_4,0.6842105263157895,0.5652173913043478,69
P3,43,rna_only,CD8 TEM_5,0.5454545454545454,0.6,5
P3,43,rna_only,CD8 TEM_6,0.6666666666666666,1.0,3
P3,43,rna_only,Doublet,0.48076923076923084,0.3246753246753247,77
P3,43,rna_only,Eryth,0.846153846153846,1.0,11
P3,43,rna_only,HSPC,1.0,1.0,20
P3,43,rna_only,ILC,0.8571428571428571,0.8571428571428571,14
P3,43,rna_only,MAIT,0.9642384105960266,0.9758713136729222,373
P3,43,rna_only,NK Proliferating,0.9365079365079365,0.9076923076923077,65
P3,43,rna_only,NK_1,0.2654028436018957,0.175,160
P3,43,rna_only,NK_2,0.9213844915481622,0.9744608399545971,1762
P3,43,rna_only,NK_3,0.480565371024735,0.425,160
P3,43,rna_only,NK_4,0.6325878594249201,0.5625,176
P3,43,rna_only,NK_CD56bright,0.869109947643979,0.83,100
P3,43,rna_only,Plasma,0.9230769230769231,0.9230769230769231,13
P3,43,rna_only,Platelet,0.9454545454545454,0.896551724137931,58
P3,43,rna_only,Treg Memory,0.7407407407407407,0.7272727272727273,165
P3,43,rna_only,Treg Naive,0.5555555555555555,0.5194805194805194,77
P3,43,rna_only,cDC1,1.0,1.0,8
P3,43,rna_only,cDC2_1,0.7000000000000001,0.717948717948718,39
P3,43,rna_only,cDC2_2,0.9547325102880658,0.9586776859504132,121
P3,43,rna_only,dnT_1,0.34782608695652173,0.36363636363636365,11
P3,43,rna_only,dnT_2,0.9333333333333333,0.875,16
P3,43,rna_only,gdT_1,0.9444444444444444,1.0,34
P3,43,rna_only,gdT_2,0.0,0.0,1
P3,43,rna_only,gdT_3,1.0,1.0,4
P3,43,rna_only,gdT_4,0.3703703703703703,0.45454545454545453,11
P3,43,rna_only,pDC,1.0,1.0,78
P3,43,random_size_matched_6,ASDC_mDC,0.8,0.6666666666666666,3
P3,43,random_size_matched_6,ASDC_pDC,0.6666666666666666,1.0,1
P3,43,random_size_matched_6,B intermediate kappa,0.849740932642487,0.9318181818181818,88
P3,43,random_size_matched_6,B intermediate lambda,0.8705882352941177,0.9173553719008265,121
P3,43,random_size_matched_6,B memory kappa,0.8531468531468531,0.8133333333333334,75
P3,43,random_size_matched_6,B memory lambda,0.8392857142857144,0.8245614035087719,57
P3,43,random_size_matched_6,B naive kappa,0.8721590909090908,0.7912371134020618,388
P3,43,random_size_matched_6,B naive lambda,0.8068459657701712,0.9016393442622951,183
P3,43,random_size_matched_6,CD14 Mono,0.9891664158892567,0.9897621198434207,3321
P3,43,random_size_matched_6,CD16 Mono,0.9432759719566604,0.9647979139504563,767
P3,43,random_size_matched_6,CD4 CTL,0.6666666666666666,0.8,5
P3,43,random_size_matched_6,CD4 Naive,0.9583718778908419,0.9441069258809235,1646
P3,43,random_size_matched_6,CD4 Proliferating,0.9230769230769231,0.9230769230769231,13
P3,43,random_size_matched_6,CD4 TCM_1,0.86358511837655,0.8934681181959565,1286
P3,43,random_size_matched_6,CD4 TCM_2,0.7699530516431924,0.780952380952381,105
P3,43,random_size_matched_6,CD4 TCM_3,0.8332189430336308,0.8395573997233748,723
P3,43,random_size_matched_6,CD4 TEM_1,0.8682170542635659,0.8452830188679246,265
P3,43,random_size_matched_6,CD4 TEM_2,0.8113207547169812,0.7543859649122807,57
P3,43,random_size_matched_6,CD4 TEM_3,0.8462585034013607,0.8405405405405405,370
P3,43,random_size_matched_6,CD4 TEM_4,0.16666666666666666,0.1111111111111111,9
P3,43,random_size_matched_6,CD8 Naive,0.9786019971469329,0.985632183908046,696
P3,43,random_size_matched_6,CD8 Naive_2,0.6923076923076924,0.6428571428571429,14
P3,43,random_size_matched_6,CD8 Proliferating,0.6666666666666666,0.5,2
P3,43,random_size_matched_6,CD8 TCM_1,0.6907216494845362,0.6836734693877551,98
P3,43,random_size_matched_6,CD8 TCM_2,0.7913669064748201,0.8088235294117647,68
P3,43,random_size_matched_6,CD8 TCM_3,0.8351648351648351,0.8085106382978723,47
P3,43,random_size_matched_6,CD8 TEM_1,0.9015421115065244,0.9178743961352657,414
P3,43,random_size_matched_6,CD8 TEM_2,0.7846153846153846,0.796875,192
P3,43,random_size_matched_6,CD8 TEM_3,0.4615384615384615,0.4,15
P3,43,random_size_matched_6,CD8 TEM_4,0.7008547008547009,0.5942028985507246,69
P3,43,random_size_matched_6,CD8 TEM_5,0.5,0.4,5
P3,43,random_size_matched_6,CD8 TEM_6,0.8571428571428571,1.0,3
P3,43,random_size_matched_6,Doublet,0.5714285714285715,0.4155844155844156,77
P3,43,random_size_matched_6,Eryth,0.9166666666666666,1.0,11
P3,43,random_size_matched_6,HSPC,1.0,1.0,20
P3,43,random_size_matched_6,ILC,0.896551724137931,0.9285714285714286,14
P3,43,random_size_matched_6,MAIT,0.9866666666666667,0.9919571045576407,373
P3,43,random_size_matched_6,NK Proliferating,0.9193548387096773,0.8769230769230769,65
P3,43,random_size_matched_6,NK_1,0.23655913978494622,0.1375,160
P3,43,random_size_matched_6,NK_2,0.9236499068901304,0.985244040862656,1762
P3,43,random_size_matched_6,NK_3,0.489051094890511,0.41875,160
P3,43,random_size_matched_6,NK_4,0.6860841423948221,0.6022727272727273,176
P3,43,random_size_matched_6,NK_CD56bright,0.9306930693069307,0.94,100
P3,43,random_size_matched_6,Plasma,0.962962962962963,1.0,13
P3,43,random_size_matched_6,Platelet,0.9369369369369369,0.896551724137931,58
P3,43,random_size_matched_6,Treg Memory,0.7645259938837919,0.7575757575757576,165
P3,43,random_size_matched_6,Treg Naive,0.624113475177305,0.5714285714285714,77
P3,43,random_size_matched_6,cDC1,1.0,1.0,8
P3,43,random_size_matched_6,cDC2_1,0.736842105263158,0.717948717948718,39
P3,43,random_size_matched_6,cDC2_2,0.9590163934426229,0.9669421487603306,121
P3,43,random_size_matched_6,dnT_1,0.4705882352941177,0.36363636363636365,11
P3,43,random_size_matched_6,dnT_2,0.9696969696969697,1.0,16
P3,43,random_size_matched_6,gdT_1,0.9855072463768115,1.0,34
P3,43,random_size_matched_6,gdT_2,0.0,0.0,1
P3,43,random_size_matched_6,gdT_3,1.0,1.0,4
P3,43,random_size_matched_6,gdT_4,0.7000000000000001,0.6363636363636364,11
P3,43,random_size_matched_6,pDC,0.9935483870967742,0.9871794871794872,78
P3,43,random_size_matched_15,ASDC_mDC,0.8,0.6666666666666666,3
P3,43,random_size_matched_15,ASDC_pDC,0.6666666666666666,1.0,1
P3,43,random_size_matched_15,B intermediate kappa,0.8453608247422681,0.9318181818181818,88
P3,43,random_size_matched_15,B intermediate lambda,0.8699186991869919,0.8842975206611571,121
P3,43,random_size_matched_15,B memory kappa,0.8391608391608392,0.8,75
P3,43,random_size_matched_15,B memory lambda,0.8363636363636363,0.8070175438596491,57
P3,43,random_size_matched_15,B naive kappa,0.8801128349788435,0.8041237113402062,388
P3,43,random_size_matched_15,B naive lambda,0.8192771084337349,0.9289617486338798,183
P3,43,random_size_matched_15,CD14 Mono,0.9893152746425883,0.9897621198434207,3321
P3,43,random_size_matched_15,CD16 Mono,0.9458943348185869,0.9687092568448501,767
P3,43,random_size_matched_15,CD4 CTL,0.7272727272727272,0.8,5
P3,43,random_size_matched_15,CD4 Naive,0.9551500154655118,0.9380315917375456,1646
P3,43,random_size_matched_15,CD4 Proliferating,0.8799999999999999,0.8461538461538461,13
P3,43,random_size_matched_15,CD4 TCM_1,0.8592647604901598,0.8996889580093312,1286
P3,43,random_size_matched_15,CD4 TCM_2,0.7579908675799086,0.7904761904761904,105
P3,43,random_size_matched_15,CD4 TCM_3,0.8332189430336308,0.8395573997233748,723
P3,43,random_size_matched_15,CD4 TEM_1,0.8659003831417624,0.8528301886792453,265
P3,43,random_size_matched_15,CD4 TEM_2,0.7999999999999999,0.7368421052631579,57
P3,43,random_size_matched_15,CD4 TEM_3,0.8384401114206129,0.8135135135135135,370
P3,43,random_size_matched_15,CD4 TEM_4,0.0,0.0,9
P3,43,random_size_matched_15,CD8 Naive,0.9786019971469329,0.985632183908046,696
P3,43,random_size_matched_15,CD8 Naive_2,0.64,0.5714285714285714,14
P3,43,random_size_matched_15,CD8 Proliferating,0.6666666666666666,0.5,2
P3,43,random_size_matched_15,CD8 TCM_1,0.6633663366336634,0.6836734693877551,98
P3,43,random_size_matched_15,CD8 TCM_2,0.7499999999999999,0.7941176470588235,68
P3,43,random_size_matched_15,CD8 TCM_3,0.6027397260273972,0.46808510638297873,47
P3,43,random_size_matched_15,CD8 TEM_1,0.9009661835748793,0.9009661835748792,414
P3,43,random_size_matched_15,CD8 TEM_2,0.7877237851662404,0.8020833333333334,192
P3,43,random_size_matched_15,CD8 TEM_3,0.4444444444444445,0.4,15
P3,43,random_size_matched_15,CD8 TEM_4,0.7166666666666667,0.6231884057971014,69
P3,43,random_size_matched_15,CD8 TEM_5,0.5,0.4,5
P3,43,random_size_matched_15,CD8 TEM_6,0.8571428571428571,1.0,3
P3,43,random_size_matched_15,Doublet,0.608695652173913,0.45454545454545453,77
P3,43,random_size_matched_15,Eryth,0.88,1.0,11
P3,43,random_size_matched_15,HSPC,1.0,1.0,20
P3,43,random_size_matched_15,ILC,0.8387096774193549,0.9285714285714286,14
P3,43,random_size_matched_15,MAIT,0.9840425531914894,0.9919571045576407,373
P3,43,random_size_matched_15,NK Proliferating,0.912,0.8769230769230769,65
P3,43,random_size_matched_15,NK_1,0.24598930481283418,0.14375,160
P3,43,random_size_matched_15,NK_2,0.9234856535600425,0.9863791146424518,1762
P3,43,random_size_matched_15,NK_3,0.5069444444444444,0.45625,160
P3,43,random_size_matched_15,NK_4,0.6666666666666665,0.5454545454545454,176
P3,43,random_size_matched_15,NK_CD56bright,0.9253731343283582,0.93,100
P3,43,random_size_matched_15,Plasma,0.962962962962963,1.0,13
P3,43,random_size_matched_15,Platelet,0.9464285714285714,0.9137931034482759,58
P3,43,random_size_matched_15,Treg Memory,0.7687499999999999,0.7454545454545455,165
P3,43,random_size_matched_15,Treg Naive,0.6231884057971014,0.5584415584415584,77
P3,43,random_size_matched_15,cDC1,1.0,1.0,8
P3,43,random_size_matched_15,cDC2_1,0.7027027027027027,0.6666666666666666,39
P3,43,random_size_matched_15,cDC2_2,0.9590163934426229,0.9669421487603306,121
P3,43,random_size_matched_15,dnT_1,0.4705882352941177,0.36363636363636365,11
P3,43,random_size_matched_15,dnT_2,0.9696969696969697,1.0,16
P3,43,random_size_matched_15,gdT_1,0.9855072463768115,1.0,34
P3,43,random_size_matched_15,gdT_2,0.0,0.0,1
P3,43,random_size_matched_15,gdT_3,1.0,1.0,4
P3,43,random_size_matched_15,gdT_4,0.5714285714285714,0.7272727272727273,11
P3,43,random_size_matched_15,pDC,0.9870129870129869,0.9743589743589743,78
P4,41,full,ASDC_mDC,0.7499999999999999,0.6,5
P4,41,full,ASDC_pDC,0.8571428571428571,1.0,3
P4,41,full,B intermediate kappa,0.8711111111111112,0.8828828828828829,111
P4,41,full,B intermediate lambda,0.8447204968944099,0.7906976744186046,86
P4,41,full,B memory kappa,0.9264957264957264,0.9249146757679181,293
P4,41,full,B memory lambda,0.8796680497925311,0.905982905982906,117
P4,41,full,B naive kappa,0.9319587628865978,0.9224489795918367,490
P4,41,full,B naive lambda,0.8398791540785498,0.86875,160
P4,41,full,CD14 Mono,0.9903035413153457,0.9932346723044397,4730
P4,41,full,CD16 Mono,0.9541899441340781,0.9323144104803494,458
P4,41,full,CD4 CTL,0.8235294117647058,0.7,10
P4,41,full,CD4 Naive,0.9557982319292772,0.9638175144205559,1907
P4,41,full,CD4 Proliferating,0.8571428571428571,0.75,12
P4,41,full,CD4 TCM_1,0.8536585365853657,0.8648255813953488,1376
P4,41,full,CD4 TCM_2,0.7812499999999999,0.704225352112676,71
P4,41,full,CD4 TCM_3,0.8479041916167664,0.8708487084870848,813
P4,41,full,CD4 TEM_1,0.5921787709497207,0.8217054263565892,129
P4,41,full,CD4 TEM_2,0.7708333333333335,0.7184466019417476,103
P4,41,full,CD4 TEM_3,0.7012987012987012,0.6654929577464789,284
P4,41,full,CD4 TEM_4,0.4210526315789474,0.3333333333333333,12
P4,41,full,CD8 Naive,0.9651130337705833,0.9812712826333712,1762
P4,41,full,CD8 Naive_2,0.5263157894736842,0.375,40
P4,41,full,CD8 Proliferating,0.36363636363636365,0.5,4
P4,41,full,CD8 TCM_1,0.6423841059602649,0.6510067114093959,149
P4,41,full,CD8 TCM_2,0.8656716417910447,0.8514680483592401,579
P4,41,full,CD8 TCM_3,0.7692307692307693,0.6756756756756757,37
P4,41,full,CD8 TEM_1,0.9080459770114943,0.9221789883268483,257
P4,41,full,CD8 TEM_2,0.6176470588235294,0.7924528301886793,53
P4,41,full,CD8 TEM_3,0.48275862068965514,0.3333333333333333,21
P4,41,full,CD8 TEM_4,0.7659574468085106,0.6371681415929203,113
P4,41,full,CD8 TEM_5,0.3333333333333333,0.25,8
P4,41,full,CD8 TEM_6,0.8,0.7692307692307693,26
P4,41,full,Doublet,0.5454545454545454,0.39473684210526316,38
P4,41,full,Eryth,0.8571428571428571,0.9230769230769231,13
P4,41,full,HSPC,0.9824561403508771,0.9655172413793104,29
P4,41,full,ILC,0.8000000000000002,0.8,5
P4,41,full,MAIT,0.9502487562189055,0.9112595419847328,1048
P4,41,full,NK Proliferating,0.923076923076923,0.9375,32
P4,41,full,NK_1,0.4489795918367347,0.5238095238095238,21
P4,41,full,NK_2,0.9321175278622088,0.9218436873747495,499
P4,41,full,NK_3,0.46808510638297873,0.5689655172413793,58
P4,41,full,NK_4,0.7090909090909091,0.6190476190476191,63
P4,41,full,NK_CD56bright,0.7142857142857142,0.6666666666666666,15
P4,41,full,Plasma,1.0,1.0,37
P4,41,full,Plasmablast,1.0,1.0,2
P4,41,full,Platelet,0.9312977099236642,0.8840579710144928,69
P4,41,full,Treg Memory,0.8489483747609942,0.7872340425531915,282
P4,41,full,Treg Naive,0.6926829268292684,0.6826923076923077,104
P4,41,full,cDC1,0.9818181818181818,1.0,27
P4,41,full,cDC2_1,0.6092715231788081,0.5974025974025974,77
P4,41,full,cDC2_2,0.9164420485175202,0.9392265193370166,181
P4,41,full,dnT_1,0.6956521739130435,0.64,25
P4,41,full,dnT_2,0.9142857142857143,0.9411764705882353,17
P4,41,full,gdT_1,0.943089430894309,0.9508196721311475,61
P4,41,full,gdT_2,0.2857142857142857,0.16666666666666666,6
P4,41,full,gdT_3,0.9438202247191012,0.9545454545454546,88
P4,41,full,gdT_4,0.7837837837837837,0.8529411764705882,34
P4,41,full,pDC,1.0,1.0,40
P4,41,random_10,ASDC_mDC,0.7499999999999999,0.6,5
P4,41,random_10,ASDC_pDC,0.8571428571428571,1.0,3
P4,41,random_10,B intermediate kappa,0.8722466960352423,0.8918918918918919,111
P4,41,random_10,B intermediate lambda,0.8354430379746837,0.7674418604651163,86
P4,41,random_10,B memory kappa,0.9264957264957264,0.9249146757679181,293
P4,41,random_10,B memory lambda,0.8770491803278688,0.9145299145299145,117
P4,41,random_10,B naive kappa,0.9296066252587992,0.9163265306122449,490
P4,41,random_10,B naive lambda,0.8348348348348349,0.86875,160
P4,41,random_10,CD14 Mono,0.9902094957363932,0.994291754756871,4730
P4,41,random_10,CD16 Mono,0.9496080627099664,0.925764192139738,458
P4,41,random_10,CD4 CTL,0.8235294117647058,0.7,10
P4,41,random_10,CD4 Naive,0.9538621047174702,0.9648662821185108,1907
P4,41,random_10,CD4 Proliferating,0.8571428571428571,0.75,12
P4,41,random_10,CD4 TCM_1,0.8462369463449766,0.8539244186046512,1376
P4,41,random_10,CD4 TCM_2,0.7786259541984734,0.7183098591549296,71
P4,41,random_10,CD4 TCM_3,0.8065610859728507,0.8769987699876999,813
P4,41,random_10,CD4 TEM_1,0.5564304461942258,0.8217054263565892,129
P4,41,random_10,CD4 TEM_2,0.7608695652173912,0.6796116504854369,103
P4,41,random_10,CD4 TEM_3,0.492099322799097,0.38380281690140844,284
P4,41,random_10,CD4 TEM_4,0.26666666666666666,0.16666666666666666,12
P4,41,random_10,CD8 Naive,0.9653824678950307,0.9812712826333712,1762
P4,41,random_10,CD8 Naive_2,0.5423728813559322,0.4,40
P4,41,random_10,CD8 Proliferating,0.36363636363636365,0.5,4
P4,41,random_10,CD8 TCM_1,0.6118421052631579,0.6241610738255033,149
P4,41,random_10,CD8 TCM_2,0.852112676056338,0.8359240069084629,579
P4,41,random_10,CD8 TCM_3,0.6779661016949153,0.5405405405405406,37
P4,41,random_10,CD8 TEM_1,0.9195402298850575,0.933852140077821,257
P4,41,random_10,CD8 TEM_2,0.631578947368421,0.7924528301886793,53
P4,41,random_10,CD8 TEM_3,0.45161290322580644,0.3333333333333333,21
P4,41,random_10,CD8 TEM_4,0.78125,0.6637168141592921,113
P4,41,random_10,CD8 TEM_5,0.3333333333333333,0.25,8
P4,41,random_10,CD8 TEM_6,0.7843137254901961,0.7692307692307693,26
P4,41,random_10,Doublet,0.5,0.3684210526315789,38
P4,41,random_10,Eryth,0.8571428571428571,0.9230769230769231,13
P4,41,random_10,HSPC,0.9824561403508771,0.9655172413793104,29
P4,41,random_10,ILC,0.8000000000000002,0.8,5
P4,41,random_10,MAIT,0.9386317907444668,0.8902671755725191,1048
P4,41,random_10,NK Proliferating,0.923076923076923,0.9375,32
P4,41,random_10,NK_1,0.4528301886792453,0.5714285714285714,21
P4,41,random_10,NK_2,0.9293756397134084,0.9098196392785571,499
P4,41,random_10,NK_3,0.46896551724137925,0.5862068965517241,58
P4,41,random_10,NK_4,0.7142857142857143,0.6349206349206349,63
P4,41,random_10,NK_CD56bright,0.7142857142857142,0.6666666666666666,15
P4,41,random_10,Plasma,1.0,1.0,37
P4,41,random_10,Plasmablast,1.0,1.0,2
P4,41,random_10,Platelet,0.9312977099236642,0.8840579710144928,69
P4,41,random_10,Treg Memory,0.8527724665391969,0.7907801418439716,282
P4,41,random_10,Treg Naive,0.7203791469194313,0.7307692307692307,104
P4,41,random_10,cDC1,0.9818181818181818,1.0,27
P4,41,random_10,cDC2_1,0.5844155844155844,0.5844155844155844,77
P4,41,random_10,cDC2_2,0.907563025210084,0.8950276243093923,181
P4,41,random_10,dnT_1,0.6382978723404256,0.6,25
P4,41,random_10,dnT_2,0.9142857142857143,0.9411764705882353,17
P4,41,random_10,gdT_1,0.9354838709677418,0.9508196721311475,61
P4,41,random_10,gdT_2,0.2857142857142857,0.16666666666666666,6
P4,41,random_10,gdT_3,0.9444444444444444,0.9659090909090909,88
P4,41,random_10,gdT_4,0.8055555555555555,0.8529411764705882,34
P4,41,random_10,pDC,1.0,1.0,40
P4,41,random_30,ASDC_mDC,0.7499999999999999,0.6,5
P4,41,random_30,ASDC_pDC,0.8571428571428571,1.0,3
P4,41,random_30,B intermediate kappa,0.8738738738738738,0.8738738738738738,111
P4,41,random_30,B intermediate lambda,0.8536585365853658,0.813953488372093,86
P4,41,random_30,B memory kappa,0.9299145299145298,0.9283276450511946,293
P4,41,random_30,B memory lambda,0.8833333333333334,0.905982905982906,117
P4,41,random_30,B naive kappa,0.9308565531475749,0.9204081632653062,490
P4,41,random_30,B naive lambda,0.8408408408408409,0.875,160
P4,41,random_30,CD14 Mono,0.9906028930419174,0.991754756871036,4730
P4,41,random_30,CD16 Mono,0.9517543859649122,0.9475982532751092,458
P4,41,random_30,CD4 CTL,0.608695652173913,0.7,10
P4,41,random_30,CD4 Naive,0.943762781186094,0.9680125852123754,1907
P4,41,random_30,CD4 Proliferating,0.8181818181818182,0.75,12
P4,41,random_30,CD4 TCM_1,0.8272890484739677,0.8372093023255814,1376
P4,41,random_30,CD4 TCM_2,0.7131782945736435,0.647887323943662,71
P4,41,random_30,CD4 TCM_3,0.8107798165137615,0.8696186961869619,813
P4,41,random_30,CD4 TEM_1,0.6309523809523809,0.8217054263565892,129
P4,41,random_30,CD4 TEM_2,0.7422680412371134,0.6990291262135923,103
P4,41,random_30,CD4 TEM_3,0.5446808510638297,0.4507042253521127,284
P4,41,random_30,CD4 TEM_4,0.26666666666666666,0.16666666666666666,12
P4,41,random_30,CD8 Naive,0.9605555555555556,0.9812712826333712,1762
P4,41,random_30,CD8 Naive_2,0.5333333333333333,0.4,40
P4,41,random_30,CD8 Proliferating,0.36363636363636365,0.5,4
P4,41,random_30,CD8 TCM_1,0.6144200626959249,0.6577181208053692,149
P4,41,random_30,CD8 TCM_2,0.8068181818181819,0.7357512953367875,579
P4,41,random_30,CD8 TCM_3,0.6999999999999998,0.5675675675675675,37
P4,41,random_30,CD8 TEM_1,0.9179687499999999,0.914396887159533,257
P4,41,random_30,CD8 TEM_2,0.6393442622950819,0.7358490566037735,53
P4,41,random_30,CD8 TEM_3,0.45161290322580644,0.3333333333333333,21
P4,41,random_30,CD8 TEM_4,0.81,0.7168141592920354,113
P4,41,random_30,CD8 TEM_5,0.3076923076923077,0.25,8
P4,41,random_30,CD8 TEM_6,0.7083333333333333,0.6538461538461539,26
P4,41,random_30,Doublet,0.49122807017543857,0.3684210526315789,38
P4,41,random_30,Eryth,0.8571428571428571,0.9230769230769231,13
P4,41,random_30,HSPC,0.9642857142857143,0.9310344827586207,29
P4,41,random_30,ILC,0.8000000000000002,0.8,5
P4,41,random_30,MAIT,0.9596456692913385,0.9303435114503816,1048
P4,41,random_30,NK Proliferating,0.9375,0.9375,32
P4,41,random_30,NK_1,0.4482758620689656,0.6190476190476191,21
P4,41,random_30,NK_2,0.9260780287474334,0.9038076152304609,499
P4,41,random_30,NK_3,0.46043165467625896,0.5517241379310345,58
P4,41,random_30,NK_4,0.7241379310344827,0.6666666666666666,63
P4,41,random_30,NK_CD56bright,0.7142857142857142,0.6666666666666666,15
P4,41,random_30,Plasma,1.0,1.0,37
P4,41,random_30,Plasmablast,1.0,1.0,2
P4,41,random_30,Platelet,0.9312977099236642,0.8840579710144928,69
P4,41,random_30,Treg Memory,0.8016194331983807,0.7021276595744681,282
P4,41,random_30,Treg Naive,0.6051282051282051,0.5673076923076923,104
P4,41,random_30,cDC1,0.9818181818181818,1.0,27
P4,41,random_30,cDC2_1,0.6092715231788081,0.5974025974025974,77
P4,41,random_30,cDC2_2,0.9110512129380053,0.9337016574585635,181
P4,41,random_30,dnT_1,0.6250000000000001,0.6,25
P4,41,random_30,dnT_2,0.9142857142857143,0.9411764705882353,17
P4,41,random_30,gdT_1,0.8906250000000001,0.9344262295081968,61
P4,41,random_30,gdT_2,0.6666666666666666,0.5,6
P4,41,random_30,gdT_3,0.9109947643979057,0.9886363636363636,88
P4,41,random_30,gdT_4,0.7848101265822784,0.9117647058823529,34
P4,41,random_30,pDC,1.0,1.0,40
P4,41,random_50,ASDC_mDC,0.5714285714285715,0.4,5
P4,41,random_50,ASDC_pDC,0.8571428571428571,1.0,3
P4,41,random_50,B intermediate kappa,0.8444444444444446,0.8558558558558559,111
P4,41,random_50,B intermediate lambda,0.8024691358024691,0.7558139534883721,86
P4,41,random_50,B memory kappa,0.9170896785109983,0.9249146757679181,293
P4,41,random_50,B memory lambda,0.8619246861924686,0.8803418803418803,117
P4,41,random_50,B naive kappa,0.9123548046462514,0.8816326530612245,490
P4,41,random_50,B naive lambda,0.8057142857142857,0.88125,160
P4,41,random_50,CD14 Mono,0.9896776911733726,0.9932346723044397,4730
P4,41,random_50,CD16 Mono,0.9436936936936937,0.9148471615720524,458
P4,41,random_50,CD4 CTL,0.7,0.7,10
P4,41,random_50,CD4 Naive,0.9447852760736196,0.9690613529103304,1907
P4,41,random_50,CD4 Proliferating,0.8181818181818182,0.75,12
P4,41,random_50,CD4 TCM_1,0.8331569664902998,0.8582848837209303,1376
P4,41,random_50,CD4 TCM_2,0.6942148760330579,0.5915492957746479,71
P4,41,random_50,CD4 TCM_3,0.8126159554730984,0.8081180811808119,813
P4,41,random_50,CD4 TEM_1,0.5909090909090909,0.8062015503875969,129
P4,41,random_50,CD4 TEM_2,0.761904761904762,0.6990291262135923,103
P4,41,random_50,CD4 TEM_3,0.6506469500924215,0.6197183098591549,284
P4,41,random_50,CD4 TEM_4,0.0,0.0,12
P4,41,random_50,CD8 Naive,0.963855421686747,0.9761634506242906,1762
P4,41,random_50,CD8 Naive_2,0.3928571428571429,0.275,40
P4,41,random_50,CD8 Proliferating,0.36363636363636365,0.5,4
P4,41,random_50,CD8 TCM_1,0.6466666666666665,0.6510067114093959,149
P4,41,random_50,CD8 TCM_2,0.8496849684968496,0.8151986183074266,579
P4,41,random_50,CD8 TCM_3,0.5555555555555556,0.40540540540540543,37
P4,41,random_50,CD8 TEM_1,0.9031007751937984,0.9066147859922179,257
P4,41,random_50,CD8 TEM_2,0.6190476190476191,0.7358490566037735,53
P4,41,random_50,CD8 TEM_3,0.4242424242424242,0.3333333333333333,21
P4,41,random_50,CD8 TEM_4,0.8121827411167513,0.7079646017699115,113
P4,41,random_50,CD8 TEM_5,0.26666666666666666,0.25,8
P4,41,random_50,CD8 TEM_6,0.7727272727272727,0.6538461538461539,26
P4,41,random_50,Doublet,0.4814814814814815,0.34210526315789475,38
P4,41,random_50,Eryth,0.8148148148148148,0.8461538461538461,13
P4,41,random_50,HSPC,0.9642857142857143,0.9310344827586207,29
P4,41,random_50,ILC,0.8000000000000002,0.8,5
P4,41,random_50,MAIT,0.9423558897243107,0.8969465648854962,1048
P4,41,random_50,NK Proliferating,0.9375,0.9375,32
P4,41,random_50,NK_1,0.36363636363636365,0.6666666666666666,21
P4,41,random_50,NK_2,0.9147609147609147,0.8817635270541082,499
P4,41,random_50,NK_3,0.4852941176470588,0.5689655172413793,58
P4,41,random_50,NK_4,0.6371681415929202,0.5714285714285714,63
P4,41,random_50,NK_CD56bright,0.7200000000000001,0.6,15
P4,41,random_50,Plasma,1.0,1.0,37
P4,41,random_50,Plasmablast,1.0,1.0,2
P4,41,random_50,Platelet,0.9302325581395349,0.8695652173913043,69
P4,41,random_50,Treg Memory,0.8349514563106797,0.7624113475177305,282
P4,41,random_50,Treg Naive,0.6553191489361702,0.7403846153846154,104
P4,41,random_50,cDC1,0.9818181818181818,1.0,27
P4,41,random_50,cDC2_1,0.6114649681528662,0.6233766233766234,77
P4,41,random_50,cDC2_2,0.908108108108108,0.9281767955801105,181
P4,41,random_50,dnT_1,0.5116279069767442,0.44,25
P4,41,random_50,dnT_2,0.8888888888888888,0.9411764705882353,17
P4,41,random_50,gdT_1,0.8656716417910448,0.9508196721311475,61
P4,41,random_50,gdT_2,0.2857142857142857,0.16666666666666666,6
P4,41,random_50,gdT_3,0.8817204301075268,0.9318181818181818,88
P4,41,random_50,gdT_4,0.7499999999999999,0.7941176470588235,34
P4,41,random_50,pDC,1.0,1.0,40
P4,41,random_70,ASDC_mDC,0.5714285714285715,0.4,5
P4,41,random_70,ASDC_pDC,0.8571428571428571,1.0,3
P4,41,random_70,B intermediate kappa,0.8310502283105022,0.8198198198198198,111
P4,41,random_70,B intermediate lambda,0.840764331210191,0.7674418604651163,86
P4,41,random_70,B memory kappa,0.9161073825503355,0.931740614334471,293
P4,41,random_70,B memory lambda,0.8852459016393444,0.9230769230769231,117
P4,41,random_70,B naive kappa,0.9286452947259566,0.9163265306122449,490
P4,41,random_70,B naive lambda,0.8277945619335347,0.85625,160
P4,41,random_70,CD14 Mono,0.9896842105263156,0.9938689217758985,4730
P4,41,random_70,CD16 Mono,0.9458563535911602,0.9344978165938864,458
P4,41,random_70,CD4 CTL,0.608695652173913,0.7,10
P4,41,random_70,CD4 Naive,0.9388174807197943,0.9575249082328264,1907
P4,41,random_70,CD4 Proliferating,0.8181818181818182,0.75,12
P4,41,random_70,CD4 TCM_1,0.8121252498334444,0.8859011627906976,1376
P4,41,random_70,CD4 TCM_2,0.7142857142857142,0.6338028169014085,71
P4,41,random_70,CD4 TCM_3,0.775,0.7626076260762608,813
P4,41,random_70,CD4 TEM_1,0.6714285714285714,0.7286821705426356,129
P4,41,random_70,CD4 TEM_2,0.7076923076923076,0.6699029126213593,103
P4,41,random_70,CD4 TEM_3,0.542094455852156,0.4647887323943662,284
P4,41,random_70,CD4 TEM_4,0.13333333333333333,0.08333333333333333,12
P4,41,random_70,CD8 Naive,0.9539656128674431,0.9761634506242906,1762
P4,41,random_70,CD8 Naive_2,0.456140350877193,0.325,40
P4,41,random_70,CD8 Proliferating,0.2,0.25,4
P4,41,random_70,CD8 TCM_1,0.6021505376344086,0.5637583892617449,149
P4,41,random_70,CD8 TCM_2,0.7663734115347018,0.6770293609671848,579
P4,41,random_70,CD8 TCM_3,0.5614035087719298,0.43243243243243246,37
P4,41,random_70,CD8 TEM_1,0.8923679060665362,0.8871595330739299,257
P4,41,random_70,CD8 TEM_2,0.6260869565217392,0.6792452830188679,53
P4,41,random_70,CD8 TEM_3,0.4666666666666666,0.3333333333333333,21
P4,41,random_70,CD8 TEM_4,0.802030456852792,0.6991150442477876,113
P4,41,random_70,CD8 TEM_5,0.25,0.25,8
P4,41,random_70,CD8 TEM_6,0.6956521739130435,0.6153846153846154,26
P4,41,random_70,Doublet,0.392156862745098,0.2631578947368421,38
P4,41,random_70,Eryth,0.896551724137931,1.0,13
P4,41,random_70,HSPC,0.9642857142857143,0.9310344827586207,29
P4,41,random_70,ILC,0.7272727272727272,0.8,5
P4,41,random_70,MAIT,0.967898832684825,0.9494274809160306,1048
P4,41,random_70,NK Proliferating,0.9375,0.9375,32
P4,41,random_70,NK_1,0.3548387096774194,0.5238095238095238,21
P4,41,random_70,NK_2,0.919371727748691,0.8797595190380761,499
P4,41,random_70,NK_3,0.4774193548387097,0.6379310344827587,58
P4,41,random_70,NK_4,0.6890756302521008,0.6507936507936508,63
P4,41,random_70,NK_CD56bright,0.7200000000000001,0.6,15
P4,41,random_70,Plasma,0.9863013698630138,0.972972972972973,37
P4,41,random_70,Plasmablast,1.0,1.0,2
P4,41,random_70,Platelet,0.9312977099236642,0.8840579710144928,69
P4,41,random_70,Treg Memory,0.8208092485549134,0.7553191489361702,282
P4,41,random_70,Treg Naive,0.6606334841628959,0.7019230769230769,104
P4,41,random_70,cDC1,0.9818181818181818,1.0,27
P4,41,random_70,cDC2_1,0.5793103448275863,0.5454545454545454,77
P4,41,random_70,cDC2_2,0.912568306010929,0.9226519337016574,181
P4,41,random_70,dnT_1,0.5454545454545454,0.48,25
P4,41,random_70,dnT_2,0.9142857142857143,0.9411764705882353,17
P4,41,random_70,gdT_1,0.8527131782945736,0.9016393442622951,61
P4,41,random_70,gdT_2,0.4444444444444444,0.3333333333333333,6
P4,41,random_70,gdT_3,0.8756756756756756,0.9204545454545454,88
P4,41,random_70,gdT_4,0.691358024691358,0.8235294117647058,34
P4,41,random_70,pDC,1.0,1.0,40
P4,41,marker_memory,ASDC_mDC,0.5714285714285715,0.4,5
P4,41,marker_memory,ASDC_pDC,0.8571428571428571,1.0,3
P4,41,marker_memory,B intermediate kappa,0.8778280542986425,0.8738738738738738,111
P4,41,marker_memory,B intermediate lambda,0.8395061728395061,0.7906976744186046,86
P4,41,marker_memory,B memory kappa,0.9299145299145298,0.9283276450511946,293
P4,41,marker_memory,B memory lambda,0.8796680497925311,0.905982905982906,117
P4,41,marker_memory,B naive kappa,0.9320987654320988,0.9244897959183673,490
P4,41,marker_memory,B naive lambda,0.8373493975903614,0.86875,160
P4,41,marker_memory,CD14 Mono,0.9900885702235344,0.992600422832981,4730
P4,41,marker_memory,CD16 Mono,0.953125,0.9323144104803494,458
P4,41,marker_memory,CD4 CTL,0.5833333333333334,0.7,10
P4,41,marker_memory,CD4 Naive,0.9511065362840968,0.9690613529103304,1907
P4,41,marker_memory,CD4 Proliferating,0.8181818181818182,0.75,12
P4,41,marker_memory,CD4 TCM_1,0.8429510591672755,0.8386627906976745,1376
P4,41,marker_memory,CD4 TCM_2,0.7401574803149606,0.6619718309859155,71
P4,41,marker_memory,CD4 TCM_3,0.8374325134973005,0.8585485854858549,813
P4,41,marker_memory,CD4 TEM_1,0.6172106824925816,0.8062015503875969,129
P4,41,marker_memory,CD4 TEM_2,0.7513227513227513,0.6893203883495146,103
P4,41,marker_memory,CD4 TEM_3,0.6906474820143885,0.676056338028169,284
P4,41,marker_memory,CD4 TEM_4,0.4444444444444444,0.3333333333333333,12
P4,41,marker_memory,CD8 Naive,0.9666481378543635,0.9869466515323496,1762
P4,41,marker_memory,CD8 Naive_2,0.5423728813559322,0.4,40
P4,41,marker_memory,CD8 Proliferating,0.36363636363636365,0.5,4
P4,41,marker_memory,CD8 TCM_1,0.6600660066006602,0.6711409395973155,149
P4,41,marker_memory,CD8 TCM_2,0.867145421903052,0.8341968911917098,579
P4,41,marker_memory,CD8 TCM_3,0.787878787878788,0.7027027027027027,37
P4,41,marker_memory,CD8 TEM_1,0.9224806201550387,0.9260700389105059,257
P4,41,marker_memory,CD8 TEM_2,0.6285714285714286,0.8301886792452831,53
P4,41,marker_memory,CD8 TEM_3,0.5454545454545454,0.42857142857142855,21
P4,41,marker_memory,CD8 TEM_4,0.768421052631579,0.6460176991150443,113
P4,41,marker_memory,CD8 TEM_5,0.18181818181818182,0.125,8
P4,41,marker_memory,CD8 TEM_6,0.8163265306122449,0.7692307692307693,26
P4,41,marker_memory,Doublet,0.5454545454545454,0.39473684210526316,38
P4,41,marker_memory,Eryth,0.896551724137931,1.0,13
P4,41,marker_memory,HSPC,0.9824561403508771,0.9655172413793104,29
P4,41,marker_memory,ILC,0.9090909090909091,1.0,5
P4,41,marker_memory,MAIT,0.9574257425742574,0.9227099236641222,1048
P4,41,marker_memory,NK Proliferating,0.9375,0.9375,32
P4,41,marker_memory,NK_1,0.48000000000000004,0.5714285714285714,21
P4,41,marker_memory,NK_2,0.932527693856999,0.9278557114228457,499
P4,41,marker_memory,NK_3,0.4671532846715329,0.5517241379310345,58
P4,41,marker_memory,NK_4,0.6666666666666666,0.5714285714285714,63
P4,41,marker_memory,NK_CD56bright,0.7142857142857142,0.6666666666666666,15
P4,41,marker_memory,Plasma,1.0,1.0,37
P4,41,marker_memory,Plasmablast,1.0,1.0,2
P4,41,marker_memory,Platelet,0.9312977099236642,0.8840579710144928,69
P4,41,marker_memory,Treg Memory,0.8385826771653543,0.7553191489361702,282
P4,41,marker_memory,Treg Naive,0.6875000000000001,0.7403846153846154,104
P4,41,marker_memory,cDC1,0.9818181818181818,1.0,27
P4,41,marker_memory,cDC2_1,0.6064516129032258,0.6103896103896104,77
P4,41,marker_memory,cDC2_2,0.9110512129380053,0.9337016574585635,181
P4,41,marker_memory,dnT_1,0.6666666666666666,0.56,25
P4,41,marker_memory,dnT_2,0.8823529411764706,0.8823529411764706,17
P4,41,marker_memory,gdT_1,0.9206349206349206,0.9508196721311475,61
P4,41,marker_memory,gdT_2,0.2857142857142857,0.16666666666666666,6
P4,41,marker_memory,gdT_3,0.9333333333333332,0.9545454545454546,88
P4,41,marker_memory,gdT_4,0.7631578947368423,0.8529411764705882,34
P4,41,marker_memory,pDC,1.0,1.0,40
P4,41,marker_tcell,ASDC_mDC,0.7499999999999999,0.6,5
P4,41,marker_tcell,ASDC_pDC,0.8571428571428571,1.0,3
P4,41,marker_tcell,B intermediate kappa,0.8778280542986425,0.8738738738738738,111
P4,41,marker_tcell,B intermediate lambda,0.8466257668711655,0.8023255813953488,86
P4,41,marker_tcell,B memory kappa,0.9315068493150686,0.9283276450511946,293
P4,41,marker_tcell,B memory lambda,0.8833333333333334,0.905982905982906,117
P4,41,marker_tcell,B naive kappa,0.9320987654320988,0.9244897959183673,490
P4,41,marker_tcell,B naive lambda,0.8383233532934132,0.875,160
P4,41,marker_tcell,CD14 Mono,0.990620718726947,0.9936575052854123,4730
P4,41,marker_tcell,CD16 Mono,0.9552572706935123,0.9323144104803494,458
P4,41,marker_tcell,CD4 CTL,0.6363636363636365,0.7,10
P4,41,marker_tcell,CD4 Naive,0.945792462570986,0.9606712113266911,1907
P4,41,marker_tcell,CD4 Proliferating,1.0,1.0,12
P4,41,marker_tcell,CD4 TCM_1,0.8307142857142857,0.845203488372093,1376
P4,41,marker_tcell,CD4 TCM_2,0.752,0.6619718309859155,71
P4,41,marker_tcell,CD4 TCM_3,0.8310929281122151,0.8745387453874539,813
P4,41,marker_tcell,CD4 TEM_1,0.6624605678233438,0.813953488372093,129
P4,41,marker_tcell,CD4 TEM_2,0.7319587628865979,0.6893203883495146,103
P4,41,marker_tcell,CD4 TEM_3,0.6715867158671587,0.6408450704225352,284
P4,41,marker_tcell,CD4 TEM_4,0.4,0.3333333333333333,12
P4,41,marker_tcell,CD8 Naive,0.9619181946403386,0.9676503972758229,1762
P4,41,marker_tcell,CD8 Naive_2,0.5172413793103448,0.375,40
P4,41,marker_tcell,CD8 Proliferating,0.5,0.5,4
P4,41,marker_tcell,CD8 TCM_1,0.641891891891892,0.6375838926174496,149
P4,41,marker_tcell,CD8 TCM_2,0.8243992606284657,0.770293609671848,579
P4,41,marker_tcell,CD8 TCM_3,0.7352941176470588,0.6756756756756757,37
P4,41,marker_tcell,CD8 TEM_1,0.8937007874015748,0.8832684824902723,257
P4,41,marker_tcell,CD8 TEM_2,0.5354330708661417,0.6415094339622641,53
P4,41,marker_tcell,CD8 TEM_3,0.4242424242424242,0.3333333333333333,21
P4,41,marker_tcell,CD8 TEM_4,0.7500000000000001,0.6106194690265486,113
P4,41,marker_tcell,CD8 TEM_5,0.3333333333333333,0.25,8
P4,41,marker_tcell,CD8 TEM_6,0.6818181818181818,0.5769230769230769,26
P4,41,marker_tcell,Doublet,0.5862068965517242,0.4473684210526316,38
P4,41,marker_tcell,Eryth,0.896551724137931,1.0,13
P4,41,marker_tcell,HSPC,0.9824561403508771,0.9655172413793104,29
P4,41,marker_tcell,ILC,0.8000000000000002,0.8,5
P4,41,marker_tcell,MAIT,0.9732880038853813,0.9561068702290076,1048
P4,41,marker_tcell,NK Proliferating,0.923076923076923,0.9375,32
P4,41,marker_tcell,NK_1,0.48148148148148145,0.6190476190476191,21
P4,41,marker_tcell,NK_2,0.9277721261444558,0.9138276553106213,499
P4,41,marker_tcell,NK_3,0.44755244755244755,0.5517241379310345,58
P4,41,marker_tcell,NK_4,0.6788990825688073,0.5873015873015873,63
P4,41,marker_tcell,NK_CD56bright,0.7142857142857142,0.6666666666666666,15
P4,41,marker_tcell,Plasma,1.0,1.0,37
P4,41,marker_tcell,Plasmablast,1.0,1.0,2
P4,41,marker_tcell,Platelet,0.9312977099236642,0.8840579710144928,69
P4,41,marker_tcell,Treg Memory,0.8435114503816794,0.7836879432624113,282
P4,41,marker_tcell,Treg Naive,0.7053140096618358,0.7019230769230769,104
P4,41,marker_tcell,cDC1,0.9818181818181818,1.0,27
P4,41,marker_tcell,cDC2_1,0.6225165562913907,0.6103896103896104,77
P4,41,marker_tcell,cDC2_2,0.9159891598915989,0.9337016574585635,181
P4,41,marker_tcell,dnT_1,0.5714285714285714,0.64,25
P4,41,marker_tcell,dnT_2,0.9411764705882353,0.9411764705882353,17
P4,41,marker_tcell,gdT_1,0.9217391304347826,0.8688524590163934,61
P4,41,marker_tcell,gdT_2,0.25,0.16666666666666666,6
P4,41,marker_tcell,gdT_3,0.8901098901098901,0.9204545454545454,88
P4,41,marker_tcell,gdT_4,0.6516853932584269,0.8529411764705882,34
P4,41,marker_tcell,pDC,1.0,1.0,40
P4,41,rna_only,ASDC_mDC,0.5,0.4,5
P4,41,rna_only,ASDC_pDC,0.6666666666666666,0.6666666666666666,3
P4,41,rna_only,B intermediate kappa,0.8363636363636363,0.8288288288288288,111
P4,41,rna_only,B intermediate lambda,0.8258064516129032,0.7441860465116279,86
P4,41,rna_only,B memory kappa,0.9241146711635752,0.9351535836177475,293
P4,41,rna_only,B memory lambda,0.8816326530612245,0.9230769230769231,117
P4,41,rna_only,B naive kappa,0.9253112033195021,0.9102040816326531,490
P4,41,rna_only,B naive lambda,0.8298507462686567,0.86875,160
P4,41,rna_only,CD14 Mono,0.9894603709949411,0.9923890063424947,4730
P4,41,rna_only,CD16 Mono,0.9477196885428252,0.9301310043668122,458
P4,41,rna_only,CD4 CTL,0.6666666666666666,0.7,10
P4,41,rna_only,CD4 Naive,0.9304677623261695,0.9648662821185108,1907
P4,41,rna_only,CD4 Proliferating,0.8695652173913043,0.8333333333333334,12
P4,41,rna_only,CD4 TCM_1,0.8141843971631204,0.8343023255813954,1376
P4,41,rna_only,CD4 TCM_2,0.7086614173228347,0.6338028169014085,71
P4,41,rna_only,CD4 TCM_3,0.7787081339712919,0.8007380073800738,813
P4,41,rna_only,CD4 TEM_1,0.6688741721854305,0.7829457364341085,129
P4,41,rna_only,CD4 TEM_2,0.6781609195402298,0.5728155339805825,103
P4,41,rna_only,CD4 TEM_3,0.5819521178637201,0.5563380281690141,284
P4,41,rna_only,CD4 TEM_4,0.13333333333333333,0.08333333333333333,12
P4,41,rna_only,CD8 Naive,0.9516974882693899,0.978433598183882,1762
P4,41,rna_only,CD8 Naive_2,0.5263157894736842,0.375,40
P4,41,rna_only,CD8 Proliferating,0.4,0.5,4
P4,41,rna_only,CD8 TCM_1,0.618421052631579,0.6308724832214765,149
P4,41,rna_only,CD8 TCM_2,0.7435633367662203,0.6234887737478411,579
P4,41,rna_only,CD8 TCM_3,0.576271186440678,0.4594594594594595,37
P4,41,rna_only,CD8 TEM_1,0.8986615678776291,0.914396887159533,257
P4,41,rna_only,CD8 TEM_2,0.6446280991735537,0.7358490566037735,53
P4,41,rna_only,CD8 TEM_3,0.3225806451612903,0.23809523809523808,21
P4,41,rna_only,CD8 TEM_4,0.7939698492462312,0.6991150442477876,113
P4,41,rna_only,CD8 TEM_5,0.125,0.125,8
P4,41,rna_only,CD8 TEM_6,0.7755102040816326,0.7307692307692307,26
P4,41,rna_only,Doublet,0.46153846153846156,0.3157894736842105,38
P4,41,rna_only,Eryth,0.8666666666666666,1.0,13
P4,41,rna_only,HSPC,0.9642857142857143,0.9310344827586207,29
P4,41,rna_only,ILC,0.888888888888889,0.8,5
P4,41,rna_only,MAIT,0.9723970944309928,0.9580152671755725,1048
P4,41,rna_only,NK Proliferating,0.9375,0.9375,32
P4,41,rna_only,NK_1,0.4528301886792453,0.5714285714285714,21
P4,41,rna_only,NK_2,0.9302325581395349,0.9218436873747495,499
P4,41,rna_only,NK_3,0.46616541353383456,0.5344827586206896,58
P4,41,rna_only,NK_4,0.672566371681416,0.6031746031746031,63
P4,41,rna_only,NK_CD56bright,0.8148148148148148,0.7333333333333333,15
P4,41,rna_only,Plasma,1.0,1.0,37
P4,41,rna_only,Plasmablast,1.0,1.0,2
P4,41,rna_only,Platelet,0.923076923076923,0.8695652173913043,69
P4,41,rna_only,Treg Memory,0.8226120857699805,0.74822695035461,282
P4,41,rna_only,Treg Naive,0.6334841628959277,0.6730769230769231,104
P4,41,rna_only,cDC1,0.9818181818181818,1.0,27
P4,41,rna_only,cDC2_1,0.619047619047619,0.6753246753246753,77
P4,41,rna_only,cDC2_2,0.9085872576177285,0.9060773480662984,181
P4,41,rna_only,dnT_1,0.43478260869565216,0.4,25
P4,41,rna_only,dnT_2,0.9411764705882353,0.9411764705882353,17
P4,41,rna_only,gdT_1,0.8709677419354839,0.8852459016393442,61
P4,41,rna_only,gdT_2,0.25,0.16666666666666666,6
P4,41,rna_only,gdT_3,0.8470588235294119,0.8181818181818182,88
P4,41,rna_only,gdT_4,0.6575342465753424,0.7058823529411765,34
P4,41,rna_only,pDC,1.0,1.0,40
P4,41,random_size_matched_6,ASDC_mDC,0.7499999999999999,0.6,5
P4,41,random_size_matched_6,ASDC_pDC,0.8571428571428571,1.0,3
P4,41,random_size_matched_6,B intermediate kappa,0.8672566371681416,0.8828828828828829,111
P4,41,random_size_matched_6,B intermediate lambda,0.8447204968944099,0.7906976744186046,86
P4,41,random_size_matched_6,B memory kappa,0.9233390119250426,0.9249146757679181,293
P4,41,random_size_matched_6,B memory lambda,0.8833333333333334,0.905982905982906,117
P4,41,random_size_matched_6,B naive kappa,0.9287925696594428,0.9183673469387755,490
P4,41,random_size_matched_6,B naive lambda,0.8338368580060422,0.8625,160
P4,41,random_size_matched_6,CD14 Mono,0.9900969237252423,0.993446088794926,4730
P4,41,random_size_matched_6,CD16 Mono,0.9518477043673013,0.9279475982532751,458
P4,41,random_size_matched_6,CD4 CTL,0.8235294117647058,0.7,10
P4,41,random_size_matched_6,CD4 Naive,0.9543094496365524,0.9638175144205559,1907
P4,41,random_size_matched_6,CD4 Proliferating,0.9090909090909091,0.8333333333333334,12
P4,41,random_size_matched_6,CD4 TCM_1,0.8533994334277621,0.8757267441860465,1376
P4,41,random_size_matched_6,CD4 TCM_2,0.7596899224806202,0.6901408450704225,71
P4,41,random_size_matched_6,CD4 TCM_3,0.838153846153846,0.8376383763837638,813
P4,41,random_size_matched_6,CD4 TEM_1,0.6028169014084507,0.8294573643410853,129
P4,41,random_size_matched_6,CD4 TEM_2,0.788177339901478,0.7766990291262136,103
P4,41,random_size_matched_6,CD4 TEM_3,0.6818181818181818,0.6338028169014085,284
P4,41,random_size_matched_6,CD4 TEM_4,0.25,0.16666666666666666,12
P4,41,random_size_matched_6,CD8 Naive,0.9644246803779877,0.9846765039727582,1762
P4,41,random_size_matched_6,CD8 Naive_2,0.4918032786885245,0.375,40
P4,41,random_size_matched_6,CD8 Proliferating,0.4,0.5,4
P4,41,random_size_matched_6,CD8 TCM_1,0.6394052044609666,0.5771812080536913,149
P4,41,random_size_matched_6,CD8 TCM_2,0.8688811188811189,0.8583765112262521,579
P4,41,random_size_matched_6,CD8 TCM_3,0.8059701492537312,0.7297297297297297,37
P4,41,random_size_matched_6,CD8 TEM_1,0.9150579150579151,0.9221789883268483,257
P4,41,random_size_matched_6,CD8 TEM_2,0.6277372262773723,0.8113207547169812,53
P4,41,random_size_matched_6,CD8 TEM_3,0.5161290322580645,0.38095238095238093,21
P4,41,random_size_matched_6,CD8 TEM_4,0.7789473684210527,0.6548672566371682,113
P4,41,random_size_matched_6,CD8 TEM_5,0.3333333333333333,0.25,8
P4,41,random_size_matched_6,CD8 TEM_6,0.8,0.7692307692307693,26
P4,41,random_size_matched_6,Doublet,0.5714285714285714,0.42105263157894735,38
P4,41,random_size_matched_6,Eryth,0.8571428571428571,0.9230769230769231,13
P4,41,random_size_matched_6,HSPC,0.9824561403508771,0.9655172413793104,29
P4,41,random_size_matched_6,ILC,0.9090909090909091,1.0,5
P4,41,random_size_matched_6,MAIT,0.9512922465208747,0.9131679389312977,1048
P4,41,random_size_matched_6,NK Proliferating,0.9375,0.9375,32
P4,41,random_size_matched_6,NK_1,0.4489795918367347,0.5238095238095238,21
P4,41,random_size_matched_6,NK_2,0.9295774647887324,0.9258517034068137,499
P4,41,random_size_matched_6,NK_3,0.4714285714285715,0.5689655172413793,58
P4,41,random_size_matched_6,NK_4,0.6857142857142857,0.5714285714285714,63
P4,41,random_size_matched_6,NK_CD56bright,0.7142857142857142,0.6666666666666666,15
P4,41,random_size_matched_6,Plasma,0.9863013698630138,0.972972972972973,37
P4,41,random_size_matched_6,Plasmablast,1.0,1.0,2
P4,41,random_size_matched_6,Platelet,0.9312977099236642,0.8840579710144928,69
P4,41,random_size_matched_6,Treg Memory,0.8614800759013281,0.8049645390070922,282
P4,41,random_size_matched_6,Treg Naive,0.7177033492822967,0.7211538461538461,104
P4,41,random_size_matched_6,cDC1,0.9818181818181818,1.0,27
P4,41,random_size_matched_6,cDC2_1,0.618421052631579,0.6103896103896104,77
P4,41,random_size_matched_6,cDC2_2,0.9214092140921409,0.9392265193370166,181
P4,41,random_size_matched_6,dnT_1,0.6666666666666665,0.6,25
P4,41,random_size_matched_6,dnT_2,0.9411764705882353,0.9411764705882353,17
P4,41,random_size_matched_6,gdT_1,0.9354838709677418,0.9508196721311475,61
P4,41,random_size_matched_6,gdT_2,0.2857142857142857,0.16666666666666666,6
P4,41,random_size_matched_6,gdT_3,0.9333333333333332,0.9545454545454546,88
P4,41,random_size_matched_6,gdT_4,0.7837837837837837,0.8529411764705882,34
P4,41,random_size_matched_6,pDC,1.0,1.0,40
P4,41,random_size_matched_15,ASDC_mDC,0.5714285714285715,0.4,5
P4,41,random_size_matched_15,ASDC_pDC,0.8571428571428571,1.0,3
P4,41,random_size_matched_15,B intermediate kappa,0.8687782805429864,0.8648648648648649,111
P4,41,random_size_matched_15,B intermediate lambda,0.8271604938271606,0.7790697674418605,86
P4,41,random_size_matched_15,B memory kappa,0.9246575342465754,0.9215017064846417,293
P4,41,random_size_matched_15,B memory lambda,0.8724279835390947,0.905982905982906,117
P4,41,random_size_matched_15,B naive kappa,0.9270298047276464,0.9204081632653062,490
P4,41,random_size_matched_15,B naive lambda,0.8338368580060422,0.8625,160
P4,41,random_size_matched_15,CD14 Mono,0.9899862970380521,0.9928118393234673,4730
P4,41,random_size_matched_15,CD16 Mono,0.953125,0.9323144104803494,458
P4,41,random_size_matched_15,CD4 CTL,0.8235294117647058,0.7,10
P4,41,random_size_matched_15,CD4 Naive,0.9557752341311134,0.9632931305715784,1907
P4,41,random_size_matched_15,CD4 Proliferating,0.8571428571428571,0.75,12
P4,41,random_size_matched_15,CD4 TCM_1,0.8542857142857142,0.8691860465116279,1376
P4,41,random_size_matched_15,CD4 TCM_2,0.7751937984496124,0.704225352112676,71
P4,41,random_size_matched_15,CD4 TCM_3,0.8465227817745803,0.8683886838868389,813
P4,41,random_size_matched_15,CD4 TEM_1,0.6363636363636362,0.813953488372093,129
P4,41,random_size_matched_15,CD4 TEM_2,0.7539267015706808,0.6990291262135923,103
P4,41,random_size_matched_15,CD4 TEM_3,0.7050092764378478,0.6690140845070423,284
P4,41,random_size_matched_15,CD4 TEM_4,0.4444444444444444,0.3333333333333333,12
P4,41,random_size_matched_15,CD8 Naive,0.9680314077397645,0.9795686719636776,1762
P4,41,random_size_matched_15,CD8 Naive_2,0.5172413793103448,0.375,40
P4,41,random_size_matched_15,CD8 Proliferating,0.36363636363636365,0.5,4
P4,41,random_size_matched_15,CD8 TCM_1,0.6530612244897959,0.6442953020134228,149
P4,41,random_size_matched_15,CD8 TCM_2,0.8685121107266436,0.8670120898100173,579
P4,41,random_size_matched_15,CD8 TCM_3,0.7692307692307693,0.6756756756756757,37
P4,41,random_size_matched_15,CD8 TEM_1,0.9139579349904398,0.9299610894941635,257
P4,41,random_size_matched_15,CD8 TEM_2,0.5864661654135339,0.7358490566037735,53
P4,41,random_size_matched_15,CD8 TEM_3,0.48275862068965514,0.3333333333333333,21
P4,41,random_size_matched_15,CD8 TEM_4,0.7578947368421053,0.6371681415929203,113
P4,41,random_size_matched_15,CD8 TEM_5,0.18181818181818182,0.125,8
P4,41,random_size_matched_15,CD8 TEM_6,0.7843137254901961,0.7692307692307693,26
P4,41,random_size_matched_15,Doublet,0.5555555555555556,0.39473684210526316,38
P4,41,random_size_matched_15,Eryth,0.896551724137931,1.0,13
P4,41,random_size_matched_15,HSPC,0.9824561403508771,0.9655172413793104,29
P4,41,random_size_matched_15,ILC,0.8000000000000002,0.8,5
P4,41,random_size_matched_15,MAIT,0.9606299212598425,0.9312977099236641,1048
P4,41,random_size_matched_15,NK Proliferating,0.923076923076923,0.9375,32
P4,41,random_size_matched_15,NK_1,0.4642857142857143,0.6190476190476191,21
P4,41,random_size_matched_15,NK_2,0.9295774647887324,0.9258517034068137,499
P4,41,random_size_matched_15,NK_3,0.46153846153846156,0.5172413793103449,58
P4,41,random_size_matched_15,NK_4,0.6728971962616823,0.5714285714285714,63
P4,41,random_size_matched_15,NK_CD56bright,0.7407407407407408,0.6666666666666666,15
P4,41,random_size_matched_15,Plasma,1.0,1.0,37
P4,41,random_size_matched_15,Plasmablast,1.0,1.0,2
P4,41,random_size_matched_15,Platelet,0.9312977099236642,0.8840579710144928,69
P4,41,random_size_matched_15,Treg Memory,0.83203125,0.7553191489361702,282
P4,41,random_size_matched_15,Treg Naive,0.6851851851851851,0.7115384615384616,104
P4,41,random_size_matched_15,cDC1,0.9818181818181818,1.0,27
P4,41,random_size_matched_15,cDC2_1,0.5921052631578947,0.5844155844155844,77
P4,41,random_size_matched_15,cDC2_2,0.9115281501340483,0.9392265193370166,181
P4,41,random_size_matched_15,dnT_1,0.6382978723404256,0.6,25
P4,41,random_size_matched_15,dnT_2,0.9142857142857143,0.9411764705882353,17
P4,41,random_size_matched_15,gdT_1,0.9206349206349206,0.9508196721311475,61
P4,41,random_size_matched_15,gdT_2,0.2857142857142857,0.16666666666666666,6
P4,41,random_size_matched_15,gdT_3,0.9438202247191012,0.9545454545454546,88
P4,41,random_size_matched_15,gdT_4,0.8108108108108107,0.8823529411764706,34
P4,41,random_size_matched_15,pDC,1.0,1.0,40
P4,42,full,ASDC_mDC,0.6666666666666665,0.6,5
P4,42,full,ASDC_pDC,0.6666666666666666,0.6666666666666666,3
P4,42,full,B intermediate kappa,0.8571428571428571,0.8648648648648649,111
P4,42,full,B intermediate lambda,0.8363636363636363,0.8023255813953488,86
P4,42,full,B memory kappa,0.9205298013245032,0.9488054607508533,293
P4,42,full,B memory lambda,0.8333333333333335,0.811965811965812,117
P4,42,full,B naive kappa,0.9219712525667351,0.9163265306122449,490
P4,42,full,B naive lambda,0.8238993710691823,0.81875,160
P4,42,full,CD14 Mono,0.9903198653198652,0.9949260042283298,4730
P4,42,full,CD16 Mono,0.9441277080957811,0.9039301310043668,458
P4,42,full,CD4 CTL,0.7777777777777777,0.7,10
P4,42,full,CD4 Naive,0.9512320328542094,0.9716832721552177,1907
P4,42,full,CD4 Proliferating,0.8181818181818182,0.75,12
P4,42,full,CD4 TCM_1,0.8450704225352111,0.8502906976744186,1376
P4,42,full,CD4 TCM_2,0.7462686567164178,0.704225352112676,71
P4,42,full,CD4 TCM_3,0.8362687540769732,0.7884378843788438,813
P4,42,full,CD4 TEM_1,0.5604113110539846,0.8449612403100775,129
P4,42,full,CD4 TEM_2,0.8181818181818181,0.7864077669902912,103
P4,42,full,CD4 TEM_3,0.7011686143572621,0.7394366197183099,284
P4,42,full,CD4 TEM_4,0.2222222222222222,0.16666666666666666,12
P4,42,full,CD8 Naive,0.9654017857142857,0.981838819523269,1762
P4,42,full,CD8 Naive_2,0.5373134328358209,0.45,40
P4,42,full,CD8 Proliferating,0.4,0.5,4
P4,42,full,CD8 TCM_1,0.6091954022988506,0.7114093959731543,149
P4,42,full,CD8 TCM_2,0.8495742667928099,0.7754749568221071,579
P4,42,full,CD8 TCM_3,0.7777777777777778,0.7567567567567568,37
P4,42,full,CD8 TEM_1,0.9125475285171103,0.933852140077821,257
P4,42,full,CD8 TEM_2,0.5777777777777777,0.7358490566037735,53
P4,42,full,CD8 TEM_3,0.4848484848484849,0.38095238095238093,21
P4,42,full,CD8 TEM_4,0.7567567567567567,0.6194690265486725,113
P4,42,full,CD8 TEM_5,0.18181818181818182,0.125,8
P4,42,full,CD8 TEM_6,0.8,0.7692307692307693,26
P4,42,full,Doublet,0.5757575757575758,0.5,38
P4,42,full,Eryth,0.9285714285714286,1.0,13
P4,42,full,HSPC,0.9824561403508771,0.9655172413793104,29
P4,42,full,ILC,0.9090909090909091,1.0,5
P4,42,full,MAIT,0.9425861208187718,0.9007633587786259,1048
P4,42,full,NK Proliferating,0.9206349206349206,0.90625,32
P4,42,full,NK_1,0.3132530120481928,0.6190476190476191,21
P4,42,full,NK_2,0.9073684210526315,0.8637274549098196,499
P4,42,full,NK_3,0.5035971223021583,0.603448275862069,58
P4,42,full,NK_4,0.6782608695652174,0.6190476190476191,63
P4,42,full,NK_CD56bright,0.7857142857142856,0.7333333333333333,15
P4,42,full,Plasma,1.0,1.0,37
P4,42,full,Plasmablast,1.0,1.0,2
P4,42,full,Platelet,0.9302325581395349,0.8695652173913043,69
P4,42,full,Treg Memory,0.8533333333333334,0.7943262411347518,282
P4,42,full,Treg Naive,0.6869565217391305,0.7596153846153846,104
P4,42,full,cDC1,0.9818181818181818,1.0,27
P4,42,full,cDC2_1,0.6329113924050632,0.6493506493506493,77
P4,42,full,cDC2_2,0.9070422535211268,0.8895027624309392,181
P4,42,full,dnT_1,0.72,0.72,25
P4,42,full,dnT_2,0.8888888888888888,0.9411764705882353,17
P4,42,full,gdT_1,0.9661016949152543,0.9344262295081968,61
P4,42,full,gdT_2,0.5,0.3333333333333333,6
P4,42,full,gdT_3,0.9318181818181818,0.9318181818181818,88
P4,42,full,gdT_4,0.7631578947368423,0.8529411764705882,34
P4,42,full,pDC,1.0,1.0,40
P4,42,random_10,ASDC_mDC,0.6666666666666665,0.6,5
P4,42,random_10,ASDC_pDC,0.6666666666666666,0.6666666666666666,3
P4,42,random_10,B intermediate kappa,0.8622222222222221,0.8738738738738738,111
P4,42,random_10,B intermediate lambda,0.8313253012048193,0.8023255813953488,86
P4,42,random_10,B memory kappa,0.9266666666666667,0.9488054607508533,293
P4,42,random_10,B memory lambda,0.8458149779735681,0.8205128205128205,117
P4,42,random_10,B naive kappa,0.923076923076923,0.9183673469387755,490
P4,42,random_10,B naive lambda,0.81875,0.81875,160
P4,42,random_10,CD14 Mono,0.9906305926939678,0.9947145877378436,4730
P4,42,random_10,CD16 Mono,0.9515219842164601,0.9213973799126638,458
P4,42,random_10,CD4 CTL,0.7777777777777777,0.7,10
P4,42,random_10,CD4 Naive,0.9529715762273901,0.9669638175144205,1907
P4,42,random_10,CD4 Proliferating,0.8181818181818182,0.75,12
P4,42,random_10,CD4 TCM_1,0.8453752181500873,0.8800872093023255,1376
P4,42,random_10,CD4 TCM_2,0.7272727272727273,0.676056338028169,71
P4,42,random_10,CD4 TCM_3,0.8142664872139973,0.7441574415744158,813
P4,42,random_10,CD4 TEM_1,0.5586592178770949,0.7751937984496124,129
P4,42,random_10,CD4 TEM_2,0.8085106382978723,0.7378640776699029,103
P4,42,random_10,CD4 TEM_3,0.6934189406099518,0.7605633802816901,284
P4,42,random_10,CD4 TEM_4,0.2222222222222222,0.16666666666666666,12
P4,42,random_10,CD8 Naive,0.9640768588137009,0.9824063564131669,1762
P4,42,random_10,CD8 Naive_2,0.5454545454545455,0.45,40
P4,42,random_10,CD8 Proliferating,0.4,0.5,4
P4,42,random_10,CD8 TCM_1,0.6261980830670927,0.6577181208053692,149
P4,42,random_10,CD8 TCM_2,0.8434864104967198,0.7772020725388601,579
P4,42,random_10,CD8 TCM_3,0.736842105263158,0.7567567567567568,37
P4,42,random_10,CD8 TEM_1,0.9128787878787878,0.9377431906614786,257
P4,42,random_10,CD8 TEM_2,0.5891472868217055,0.7169811320754716,53
P4,42,random_10,CD8 TEM_3,0.47058823529411764,0.38095238095238093,21
P4,42,random_10,CD8 TEM_4,0.7853403141361256,0.6637168141592921,113
P4,42,random_10,CD8 TEM_5,0.3076923076923077,0.25,8
P4,42,random_10,CD8 TEM_6,0.7692307692307693,0.7692307692307693,26
P4,42,random_10,Doublet,0.48275862068965514,0.3684210526315789,38
P4,42,random_10,Eryth,0.9285714285714286,1.0,13
P4,42,random_10,HSPC,0.9824561403508771,0.9655172413793104,29
P4,42,random_10,ILC,0.8333333333333333,1.0,5
P4,42,random_10,MAIT,0.9471057884231536,0.9055343511450382,1048
P4,42,random_10,NK Proliferating,0.9354838709677419,0.90625,32
P4,42,random_10,NK_1,0.30952380952380953,0.6190476190476191,21
P4,42,random_10,NK_2,0.9094736842105262,0.8657314629258517,499
P4,42,random_10,NK_3,0.5179856115107913,0.6206896551724138,58
P4,42,random_10,NK_4,0.6902654867256637,0.6190476190476191,63
P4,42,random_10,NK_CD56bright,0.7586206896551724,0.7333333333333333,15
P4,42,random_10,Plasma,1.0,1.0,37
P4,42,random_10,Plasmablast,1.0,1.0,2
P4,42,random_10,Platelet,0.9302325581395349,0.8695652173913043,69
P4,42,random_10,Treg Memory,0.8533834586466165,0.8049645390070922,282
P4,42,random_10,Treg Naive,0.6902654867256638,0.75,104
P4,42,random_10,cDC1,0.9818181818181818,1.0,27
P4,42,random_10,cDC2_1,0.6335403726708074,0.6623376623376623,77
P4,42,random_10,cDC2_2,0.9014084507042253,0.8839779005524862,181
P4,42,random_10,dnT_1,0.6666666666666666,0.64,25
P4,42,random_10,dnT_2,0.8648648648648648,0.9411764705882353,17
P4,42,random_10,gdT_1,0.9661016949152543,0.9344262295081968,61
P4,42,random_10,gdT_2,0.5,0.3333333333333333,6
P4,42,random_10,gdT_3,0.9385474860335197,0.9545454545454546,88
P4,42,random_10,gdT_4,0.7567567567567567,0.8235294117647058,34
P4,42,random_10,pDC,1.0,1.0,40
P4,42,random_30,ASDC_mDC,0.5,0.4,5
P4,42,random_30,ASDC_pDC,0.6666666666666666,0.6666666666666666,3
P4,42,random_30,B intermediate kappa,0.8438818565400843,0.9009009009009009,111
P4,42,random_30,B intermediate lambda,0.839080459770115,0.8488372093023255,86
P4,42,random_30,B memory kappa,0.9173693086003373,0.9283276450511946,293
P4,42,random_30,B memory lambda,0.8363636363636364,0.7863247863247863,117
P4,42,random_30,B naive kappa,0.9109947643979057,0.8877551020408163,490
P4,42,random_30,B naive lambda,0.8048048048048049,0.8375,160
P4,42,random_30,CD14 Mono,0.9894758998105662,0.9938689217758985,4730
P4,42,random_30,CD16 Mono,0.9434389140271493,0.9104803493449781,458
P4,42,random_30,CD4 CTL,0.8235294117647058,0.7,10
P4,42,random_30,CD4 Naive,0.9369641956631366,0.9743051914001049,1907
P4,42,random_30,CD4 Proliferating,0.8695652173913043,0.8333333333333334,12
P4,42,random_30,CD4 TCM_1,0.8188115202333213,0.8161337209302325,1376
P4,42,random_30,CD4 TCM_2,0.717557251908397,0.6619718309859155,71
P4,42,random_30,CD4 TCM_3,0.8216355441081777,0.7847478474784748,813
P4,42,random_30,CD4 TEM_1,0.5095238095238096,0.8294573643410853,129
P4,42,random_30,CD4 TEM_2,0.7894736842105263,0.7281553398058253,103
P4,42,random_30,CD4 TEM_3,0.6809160305343512,0.7852112676056338,284
P4,42,random_30,CD4 TEM_4,0.23529411764705882,0.16666666666666666,12
P4,42,random_30,CD8 Naive,0.9627346595685065,0.9750283768444948,1762
P4,42,random_30,CD8 Naive_2,0.53125,0.425,40
P4,42,random_30,CD8 Proliferating,0.6,0.75,4
P4,42,random_30,CD8 TCM_1,0.618421052631579,0.6308724832214765,149
P4,42,random_30,CD8 TCM_2,0.8015794669299111,0.7012089810017271,579
P4,42,random_30,CD8 TCM_3,0.736842105263158,0.7567567567567568,37
P4,42,random_30,CD8 TEM_1,0.8969465648854962,0.914396887159533,257
P4,42,random_30,CD8 TEM_2,0.5970149253731344,0.7547169811320755,53
P4,42,random_30,CD8 TEM_3,0.47058823529411764,0.38095238095238093,21
P4,42,random_30,CD8 TEM_4,0.7593582887700534,0.6283185840707964,113
P4,42,random_30,CD8 TEM_5,0.0,0.0,8
P4,42,random_30,CD8 TEM_6,0.6923076923076923,0.6923076923076923,26
P4,42,random_30,Doublet,0.48275862068965514,0.3684210526315789,38
P4,42,random_30,Eryth,0.8666666666666666,1.0,13
P4,42,random_30,HSPC,0.9642857142857143,0.9310344827586207,29
P4,42,random_30,ILC,1.0,1.0,5
P4,42,random_30,MAIT,0.9251908396946565,0.8673664122137404,1048
P4,42,random_30,NK Proliferating,0.9206349206349206,0.90625,32
P4,42,random_30,NK_1,0.28571428571428575,0.6190476190476191,21
P4,42,random_30,NK_2,0.8966986155484558,0.843687374749499,499
P4,42,random_30,NK_3,0.5205479452054794,0.6551724137931034,58
P4,42,random_30,NK_4,0.6964285714285715,0.6190476190476191,63
P4,42,random_30,NK_CD56bright,0.8148148148148148,0.7333333333333333,15
P4,42,random_30,Plasma,0.9866666666666666,1.0,37
P4,42,random_30,Plasmablast,1.0,1.0,2
P4,42,random_30,Platelet,0.9302325581395349,0.8695652173913043,69
P4,42,random_30,Treg Memory,0.8419047619047618,0.7836879432624113,282
P4,42,random_30,Treg Naive,0.6696428571428571,0.7211538461538461,104
P4,42,random_30,cDC1,0.9818181818181818,1.0,27
P4,42,random_30,cDC2_1,0.6091954022988505,0.6883116883116883,77
P4,42,random_30,cDC2_2,0.8869565217391304,0.8453038674033149,181
P4,42,random_30,dnT_1,0.7307692307692308,0.76,25
P4,42,random_30,dnT_2,0.9411764705882353,0.9411764705882353,17
P4,42,random_30,gdT_1,0.9579831932773109,0.9344262295081968,61
P4,42,random_30,gdT_2,0.5,0.3333333333333333,6
P4,42,random_30,gdT_3,0.9162011173184357,0.9318181818181818,88
P4,42,random_30,gdT_4,0.7105263157894737,0.7941176470588235,34
P4,42,random_30,pDC,1.0,1.0,40
P4,42,random_50,ASDC_mDC,0.6666666666666665,0.6,5
P4,42,random_50,ASDC_pDC,0.0,0.0,3
P4,42,random_50,B intermediate kappa,0.8110599078341014,0.7927927927927928,111
P4,42,random_50,B intermediate lambda,0.8322981366459627,0.7790697674418605,86
P4,42,random_50,B memory kappa,0.9070146818923328,0.9488054607508533,293
P4,42,random_50,B memory lambda,0.8170212765957446,0.8205128205128205,117
P4,42,random_50,B naive kappa,0.9221311475409837,0.9183673469387755,490
P4,42,random_50,B naive lambda,0.8193548387096774,0.79375,160
P4,42,random_50,CD14 Mono,0.988976377952756,0.9957716701902748,4730
P4,42,random_50,CD16 Mono,0.9371428571428572,0.8951965065502183,458
P4,42,random_50,CD4 CTL,0.7368421052631577,0.7,10
P4,42,random_50,CD4 Naive,0.9295,0.9748295752490823,1907
P4,42,random_50,CD4 Proliferating,0.9166666666666666,0.9166666666666666,12
P4,42,random_50,CD4 TCM_1,0.8073644732355949,0.8604651162790697,1376
P4,42,random_50,CD4 TCM_2,0.728476821192053,0.7746478873239436,71
P4,42,random_50,CD4 TCM_3,0.7624831309041835,0.6949569495694957,813
P4,42,random_50,CD4 TEM_1,0.5060827250608272,0.8062015503875969,129
P4,42,random_50,CD4 TEM_2,0.7724867724867726,0.7087378640776699,103
P4,42,random_50,CD4 TEM_3,0.6201834862385321,0.5950704225352113,284
P4,42,random_50,CD4 TEM_4,0.23529411764705882,0.16666666666666666,12
P4,42,random_50,CD8 Naive,0.9582156973461321,0.9631101021566402,1762
P4,42,random_50,CD8 Naive_2,0.5230769230769231,0.425,40
P4,42,random_50,CD8 Proliferating,0.6666666666666666,0.5,4
P4,42,random_50,CD8 TCM_1,0.5851851851851851,0.5302013422818792,149
P4,42,random_50,CD8 TCM_2,0.8048780487804877,0.7409326424870466,579
P4,42,random_50,CD8 TCM_3,0.7605633802816901,0.7297297297297297,37
P4,42,random_50,CD8 TEM_1,0.8918918918918919,0.8988326848249028,257
P4,42,random_50,CD8 TEM_2,0.5565217391304349,0.6037735849056604,53
P4,42,random_50,CD8 TEM_3,0.27586206896551724,0.19047619047619047,21
P4,42,random_50,CD8 TEM_4,0.7628865979381444,0.6548672566371682,113
P4,42,random_50,CD8 TEM_5,0.0,0.0,8
P4,42,random_50,CD8 TEM_6,0.6,0.46153846153846156,26
P4,42,random_50,Doublet,0.5172413793103448,0.39473684210526316,38
P4,42,random_50,Eryth,0.8666666666666666,1.0,13
P4,42,random_50,HSPC,0.9642857142857143,0.9310344827586207,29
P4,42,random_50,ILC,0.888888888888889,0.8,5
P4,42,random_50,MAIT,0.9248730964467005,0.8692748091603053,1048
P4,42,random_50,NK Proliferating,0.9393939393939394,0.96875,32
P4,42,random_50,NK_1,0.30000000000000004,0.7142857142857143,21
P4,42,random_50,NK_2,0.8774617067833699,0.8036072144288577,499
P4,42,random_50,NK_3,0.46357615894039733,0.603448275862069,58
P4,42,random_50,NK_4,0.656,0.6507936507936508,63
P4,42,random_50,NK_CD56bright,0.7200000000000001,0.6,15
P4,42,random_50,Plasma,1.0,1.0,37
P4,42,random_50,Plasmablast,1.0,1.0,2
P4,42,random_50,Platelet,0.923076923076923,0.8695652173913043,69
P4,42,random_50,Treg Memory,0.7959999999999999,0.7056737588652482,282
P4,42,random_50,Treg Naive,0.6039603960396039,0.5865384615384616,104
P4,42,random_50,cDC1,0.9818181818181818,1.0,27
P4,42,random_50,cDC2_1,0.580246913580247,0.6103896103896104,77
P4,42,random_50,cDC2_2,0.8888888888888888,0.8397790055248618,181
P4,42,random_50,dnT_1,0.6031746031746031,0.76,25
P4,42,random_50,dnT_2,0.9142857142857143,0.9411764705882353,17
P4,42,random_50,gdT_1,0.9268292682926829,0.9344262295081968,61
P4,42,random_50,gdT_2,0.5,0.3333333333333333,6
P4,42,random_50,gdT_3,0.8691099476439791,0.9431818181818182,88
P4,42,random_50,gdT_4,0.6506024096385542,0.7941176470588235,34
P4,42,random_50,pDC,0.975609756097561,1.0,40
P4,42,random_70,ASDC_mDC,0.5,0.4,5
P4,42,random_70,ASDC_pDC,0.6666666666666666,0.6666666666666666,3
P4,42,random_70,B intermediate kappa,0.794392523364486,0.7657657657657657,111
P4,42,random_70,B intermediate lambda,0.8198757763975156,0.7674418604651163,86
P4,42,random_70,B memory kappa,0.9093904448105437,0.9419795221843004,293
P4,42,random_70,B memory lambda,0.8290598290598291,0.8290598290598291,117
P4,42,random_70,B naive kappa,0.9183673469387755,0.9183673469387755,490
P4,42,random_70,B naive lambda,0.8264984227129337,0.81875,160
P4,42,random_70,CD14 Mono,0.988464765100671,0.9964059196617336,4730
P4,42,random_70,CD16 Mono,0.9266055045871558,0.8820960698689956,458
P4,42,random_70,CD4 CTL,0.7777777777777777,0.7,10
P4,42,random_70,CD4 Naive,0.9018849685838569,0.9785002621919245,1907
P4,42,random_70,CD4 Proliferating,0.761904761904762,0.6666666666666666,12
P4,42,random_70,CD4 TCM_1,0.7822254865956666,0.7739825581395349,1376
P4,42,random_70,CD4 TCM_2,0.6901408450704225,0.6901408450704225,71
P4,42,random_70,CD4 TCM_3,0.767833981841764,0.7281672816728167,813
P4,42,random_70,CD4 TEM_1,0.6562499999999999,0.813953488372093,129
P4,42,random_70,CD4 TEM_2,0.7462686567164178,0.7281553398058253,103
P4,42,random_70,CD4 TEM_3,0.5989672977624785,0.6126760563380281,284
P4,42,random_70,CD4 TEM_4,0.2,0.16666666666666666,12
P4,42,random_70,CD8 Naive,0.9482758620689655,0.9676503972758229,1762
P4,42,random_70,CD8 Naive_2,0.4067796610169491,0.3,40
P4,42,random_70,CD8 Proliferating,0.5,0.5,4
P4,42,random_70,CD8 TCM_1,0.5864661654135338,0.5234899328859061,149
P4,42,random_70,CD8 TCM_2,0.722635494155154,0.5872193436960277,579
P4,42,random_70,CD8 TCM_3,0.675,0.7297297297297297,37
P4,42,random_70,CD8 TEM_1,0.8783269961977185,0.8988326848249028,257
P4,42,random_70,CD8 TEM_2,0.5254237288135594,0.5849056603773585,53
P4,42,random_70,CD8 TEM_3,0.33333333333333326,0.23809523809523808,21
P4,42,random_70,CD8 TEM_4,0.7553191489361702,0.6283185840707964,113
P4,42,random_70,CD8 TEM_5,0.0,0.0,8
P4,42,random_70,CD8 TEM_6,0.6341463414634146,0.5,26
P4,42,random_70,Doublet,0.4313725490196079,0.2894736842105263,38
P4,42,random_70,Eryth,0.8571428571428571,0.9230769230769231,13
P4,42,random_70,HSPC,0.9642857142857143,0.9310344827586207,29
P4,42,random_70,ILC,0.888888888888889,0.8,5
P4,42,random_70,MAIT,0.9713453132588636,0.9541984732824428,1048
P4,42,random_70,NK Proliferating,0.911764705882353,0.96875,32
P4,42,random_70,NK_1,0.297029702970297,0.7142857142857143,21
P4,42,random_70,NK_2,0.8912579957356077,0.8376753507014028,499
P4,42,random_70,NK_3,0.5103448275862068,0.6379310344827587,58
P4,42,random_70,NK_4,0.6285714285714286,0.5238095238095238,63
P4,42,random_70,NK_CD56bright,0.7200000000000001,0.6,15
P4,42,random_70,Plasma,1.0,1.0,37
P4,42,random_70,Plasmablast,1.0,1.0,2
P4,42,random_70,Platelet,0.9302325581395349,0.8695652173913043,69
P4,42,random_70,Treg Memory,0.7692307692307693,0.6560283687943262,282
P4,42,random_70,Treg Naive,0.6234817813765183,0.7403846153846154,104
P4,42,random_70,cDC1,0.9818181818181818,1.0,27
P4,42,random_70,cDC2_1,0.5859872611464968,0.5974025974025974,77
P4,42,random_70,cDC2_2,0.8876080691642652,0.850828729281768,181
P4,42,random_70,dnT_1,0.59375,0.76,25
P4,42,random_70,dnT_2,0.9142857142857143,0.9411764705882353,17
P4,42,random_70,gdT_1,0.832116788321168,0.9344262295081968,61
P4,42,random_70,gdT_2,0.5,0.3333333333333333,6
P4,42,random_70,gdT_3,0.8756756756756756,0.9204545454545454,88
P4,42,random_70,gdT_4,0.6206896551724137,0.7941176470588235,34
P4,42,random_70,pDC,1.0,1.0,40
P4,42,marker_memory,ASDC_mDC,0.6666666666666665,0.6,5
P4,42,marker_memory,ASDC_pDC,0.6666666666666666,0.6666666666666666,3
P4,42,marker_memory,B intermediate kappa,0.8571428571428571,0.8648648648648649,111
P4,42,marker_memory,B intermediate lambda,0.8198757763975156,0.7674418604651163,86
P4,42,marker_memory,B memory kappa,0.9207920792079208,0.9522184300341296,293
P4,42,marker_memory,B memory lambda,0.8281938325991189,0.8034188034188035,117
P4,42,marker_memory,B naive kappa,0.9241803278688526,0.9204081632653062,490
P4,42,marker_memory,B naive lambda,0.8275862068965517,0.825,160
P4,42,marker_memory,CD14 Mono,0.9906325649931587,0.9949260042283298,4730
P4,42,marker_memory,CD16 Mono,0.9466515323496026,0.9104803493449781,458
P4,42,marker_memory,CD4 CTL,0.64,0.8,10
P4,42,marker_memory,CD4 Naive,0.9401926001013685,0.9727320398531725,1907
P4,42,marker_memory,CD4 Proliferating,0.8181818181818182,0.75,12
P4,42,marker_memory,CD4 TCM_1,0.8246063712925669,0.8183139534883721,1376
P4,42,marker_memory,CD4 TCM_2,0.725925925925926,0.6901408450704225,71
P4,42,marker_memory,CD4 TCM_3,0.8159468438538205,0.7552275522755227,813
P4,42,marker_memory,CD4 TEM_1,0.6027397260273973,0.8527131782945736,129
P4,42,marker_memory,CD4 TEM_2,0.8121827411167513,0.7766990291262136,103
P4,42,marker_memory,CD4 TEM_3,0.6775244299674267,0.7323943661971831,284
P4,42,marker_memory,CD4 TEM_4,0.2222222222222222,0.16666666666666666,12
P4,42,marker_memory,CD8 Naive,0.9628808864265929,0.9863791146424518,1762
P4,42,marker_memory,CD8 Naive_2,0.5373134328358209,0.45,40
P4,42,marker_memory,CD8 Proliferating,0.36363636363636365,0.5,4
P4,42,marker_memory,CD8 TCM_1,0.6006191950464396,0.6510067114093959,149
P4,42,marker_memory,CD8 TCM_2,0.8360498561840843,0.7530224525043178,579
P4,42,marker_memory,CD8 TCM_3,0.7297297297297297,0.7297297297297297,37
P4,42,marker_memory,CD8 TEM_1,0.9049429657794676,0.9260700389105059,257
P4,42,marker_memory,CD8 TEM_2,0.5915492957746479,0.7924528301886793,53
P4,42,marker_memory,CD8 TEM_3,0.5161290322580645,0.38095238095238093,21
P4,42,marker_memory,CD8 TEM_4,0.7724867724867724,0.6460176991150443,113
P4,42,marker_memory,CD8 TEM_5,0.0,0.0,8
P4,42,marker_memory,CD8 TEM_6,0.7659574468085107,0.6923076923076923,26
P4,42,marker_memory,Doublet,0.5757575757575758,0.5,38
P4,42,marker_memory,Eryth,0.9285714285714286,1.0,13
P4,42,marker_memory,HSPC,0.9824561403508771,0.9655172413793104,29
P4,42,marker_memory,ILC,0.8333333333333333,1.0,5
P4,42,marker_memory,MAIT,0.9549281822684498,0.9198473282442748,1048
P4,42,marker_memory,NK Proliferating,0.90625,0.90625,32
P4,42,marker_memory,NK_1,0.30952380952380953,0.6190476190476191,21
P4,42,marker_memory,NK_2,0.9096638655462185,0.8677354709418837,499
P4,42,marker_memory,NK_3,0.5072463768115941,0.603448275862069,58
P4,42,marker_memory,NK_4,0.6902654867256637,0.6190476190476191,63
P4,42,marker_memory,NK_CD56bright,0.7857142857142856,0.7333333333333333,15
P4,42,marker_memory,Plasma,1.0,1.0,37
P4,42,marker_memory,Plasmablast,1.0,1.0,2
P4,42,marker_memory,Platelet,0.9302325581395349,0.8695652173913043,69
P4,42,marker_memory,Treg Memory,0.8235294117647057,0.7446808510638298,282
P4,42,marker_memory,Treg Naive,0.6586345381526104,0.7884615384615384,104
P4,42,marker_memory,cDC1,0.9818181818181818,1.0,27
P4,42,marker_memory,cDC2_1,0.6202531645569621,0.6363636363636364,77
P4,42,marker_memory,cDC2_2,0.9044943820224719,0.8895027624309392,181
P4,42,marker_memory,dnT_1,0.6808510638297872,0.64,25
P4,42,marker_memory,dnT_2,0.8648648648648648,0.9411764705882353,17
P4,42,marker_memory,gdT_1,0.95,0.9344262295081968,61
P4,42,marker_memory,gdT_2,0.2857142857142857,0.16666666666666666,6
P4,42,marker_memory,gdT_3,0.9318181818181818,0.9318181818181818,88
P4,42,marker_memory,gdT_4,0.7631578947368423,0.8529411764705882,34
P4,42,marker_memory,pDC,1.0,1.0,40
P4,42,marker_tcell,ASDC_mDC,0.6666666666666665,0.6,5
P4,42,marker_tcell,ASDC_pDC,0.6666666666666666,0.6666666666666666,3
P4,42,marker_tcell,B intermediate kappa,0.8597285067873303,0.8558558558558559,111
P4,42,marker_tcell,B intermediate lambda,0.8292682926829267,0.7906976744186046,86
P4,42,marker_tcell,B memory kappa,0.9223140495867768,0.9522184300341296,293
P4,42,marker_tcell,B memory lambda,0.8333333333333335,0.811965811965812,117
P4,42,marker_tcell,B naive kappa,0.9244897959183674,0.9244897959183673,490
P4,42,marker_tcell,B naive lambda,0.8227848101265822,0.8125,160
P4,42,marker_tcell,CD14 Mono,0.9904281056063952,0.9953488372093023,4730
P4,42,marker_tcell,CD16 Mono,0.9453302961275627,0.9061135371179039,458
P4,42,marker_tcell,CD4 CTL,0.7777777777777777,0.7,10
P4,42,marker_tcell,CD4 Naive,0.9395017793594307,0.9690613529103304,1907
P4,42,marker_tcell,CD4 Proliferating,0.9166666666666666,0.9166666666666666,12
P4,42,marker_tcell,CD4 TCM_1,0.8296028880866425,0.8350290697674418,1376
P4,42,marker_tcell,CD4 TCM_2,0.7313432835820896,0.6901408450704225,71
P4,42,marker_tcell,CD4 TCM_3,0.8297872340425532,0.8154981549815498,813
P4,42,marker_tcell,CD4 TEM_1,0.6459627329192547,0.8062015503875969,129
P4,42,marker_tcell,CD4 TEM_2,0.7653061224489796,0.7281553398058253,103
P4,42,marker_tcell,CD4 TEM_3,0.6918032786885246,0.7429577464788732,284
P4,42,marker_tcell,CD4 TEM_4,0.2105263157894737,0.16666666666666666,12
P4,42,marker_tcell,CD8 Naive,0.9595473833097595,0.9625425652667423,1762
P4,42,marker_tcell,CD8 Naive_2,0.53125,0.425,40
P4,42,marker_tcell,CD8 Proliferating,0.5714285714285715,0.5,4
P4,42,marker_tcell,CD8 TCM_1,0.6078431372549019,0.6241610738255033,149
P4,42,marker_tcell,CD8 TCM_2,0.797270955165692,0.7063903281519862,579
P4,42,marker_tcell,CD8 TCM_3,0.736842105263158,0.7567567567567568,37
P4,42,marker_tcell,CD8 TEM_1,0.8961538461538462,0.9066147859922179,257
P4,42,marker_tcell,CD8 TEM_2,0.5203252032520325,0.6037735849056604,53
P4,42,marker_tcell,CD8 TEM_3,0.4848484848484849,0.38095238095238093,21
P4,42,marker_tcell,CD8 TEM_4,0.7500000000000001,0.6106194690265486,113
P4,42,marker_tcell,CD8 TEM_5,0.16666666666666666,0.125,8
P4,42,marker_tcell,CD8 TEM_6,0.6666666666666667,0.6153846153846154,26
P4,42,marker_tcell,Doublet,0.5970149253731344,0.5263157894736842,38
P4,42,marker_tcell,Eryth,0.8666666666666666,1.0,13
P4,42,marker_tcell,HSPC,0.9824561403508771,0.9655172413793104,29
P4,42,marker_tcell,ILC,0.8333333333333333,1.0,5
P4,42,marker_tcell,MAIT,0.9719806763285024,0.9599236641221374,1048
P4,42,marker_tcell,NK Proliferating,0.923076923076923,0.9375,32
P4,42,marker_tcell,NK_1,0.3023255813953489,0.6190476190476191,21
P4,42,marker_tcell,NK_2,0.9052631578947369,0.8617234468937875,499
P4,42,marker_tcell,NK_3,0.4861111111111111,0.603448275862069,58
P4,42,marker_tcell,NK_4,0.6785714285714285,0.6031746031746031,63
P4,42,marker_tcell,NK_CD56bright,0.7857142857142856,0.7333333333333333,15
P4,42,marker_tcell,Plasma,1.0,1.0,37
P4,42,marker_tcell,Plasmablast,1.0,1.0,2
P4,42,marker_tcell,Platelet,0.923076923076923,0.8695652173913043,69
P4,42,marker_tcell,Treg Memory,0.8301158301158301,0.7624113475177305,282
P4,42,marker_tcell,Treg Naive,0.6837606837606838,0.7692307692307693,104
P4,42,marker_tcell,cDC1,0.9818181818181818,1.0,27
P4,42,marker_tcell,cDC2_1,0.6202531645569621,0.6363636363636364,77
P4,42,marker_tcell,cDC2_2,0.9008498583569404,0.8784530386740331,181
P4,42,marker_tcell,dnT_1,0.6206896551724138,0.72,25
P4,42,marker_tcell,dnT_2,0.8648648648648648,0.9411764705882353,17
P4,42,marker_tcell,gdT_1,0.9298245614035088,0.8688524590163934,61
P4,42,marker_tcell,gdT_2,0.2857142857142857,0.16666666666666666,6
P4,42,marker_tcell,gdT_3,0.8977272727272727,0.8977272727272727,88
P4,42,marker_tcell,gdT_4,0.6363636363636364,0.8235294117647058,34
P4,42,marker_tcell,pDC,1.0,1.0,40
P4,42,rna_only,ASDC_mDC,0.4444444444444445,0.4,5
P4,42,rna_only,ASDC_pDC,0.4,0.3333333333333333,3
P4,42,rna_only,B intermediate kappa,0.8296943231441049,0.8558558558558559,111
P4,42,rna_only,B intermediate lambda,0.8289473684210527,0.7325581395348837,86
P4,42,rna_only,B memory kappa,0.9259259259259258,0.9385665529010239,293
P4,42,rna_only,B memory lambda,0.8502024291497975,0.8974358974358975,117
P4,42,rna_only,B naive kappa,0.9128630705394192,0.8979591836734694,490
P4,42,rna_only,B naive lambda,0.819571865443425,0.8375,160
P4,42,rna_only,CD14 Mono,0.989161317478691,0.9936575052854123,4730
P4,42,rna_only,CD16 Mono,0.9428891377379619,0.9192139737991266,458
P4,42,rna_only,CD4 CTL,0.7,0.7,10
P4,42,rna_only,CD4 Naive,0.9197224975222992,0.9732564237021499,1907
P4,42,rna_only,CD4 Proliferating,0.9166666666666666,0.9166666666666666,12
P4,42,rna_only,CD4 TCM_1,0.8051854519265395,0.8125,1376
P4,42,rna_only,CD4 TCM_2,0.7299270072992701,0.704225352112676,71
P4,42,rna_only,CD4 TCM_3,0.7633098139833225,0.7318573185731857,813
P4,42,rna_only,CD4 TEM_1,0.6758620689655173,0.7596899224806202,129
P4,42,rna_only,CD4 TEM_2,0.6984126984126984,0.6407766990291263,103
P4,42,rna_only,CD4 TEM_3,0.5695142378559462,0.5985915492957746,284
P4,42,rna_only,CD4 TEM_4,0.0,0.0,12
P4,42,rna_only,CD8 Naive,0.9501253831150739,0.9676503972758229,1762
P4,42,rna_only,CD8 Naive_2,0.456140350877193,0.325,40
P4,42,rna_only,CD8 Proliferating,0.6666666666666665,0.75,4
P4,42,rna_only,CD8 TCM_1,0.5461254612546126,0.4966442953020134,149
P4,42,rna_only,CD8 TCM_2,0.756811301715439,0.6476683937823834,579
P4,42,rna_only,CD8 TCM_3,0.5526315789473685,0.5675675675675675,37
P4,42,rna_only,CD8 TEM_1,0.8893129770992367,0.9066147859922179,257
P4,42,rna_only,CD8 TEM_2,0.5546218487394957,0.6226415094339622,53
P4,42,rna_only,CD8 TEM_3,0.4242424242424242,0.3333333333333333,21
P4,42,rna_only,CD8 TEM_4,0.7731958762886598,0.6637168141592921,113
P4,42,rna_only,CD8 TEM_5,0.0,0.0,8
P4,42,rna_only,CD8 TEM_6,0.693877551020408,0.6538461538461539,26
P4,42,rna_only,Doublet,0.41379310344827586,0.3157894736842105,38
P4,42,rna_only,Eryth,0.8666666666666666,1.0,13
P4,42,rna_only,HSPC,0.9642857142857143,0.9310344827586207,29
P4,42,rna_only,ILC,0.888888888888889,0.8,5
P4,42,rna_only,MAIT,0.9783965434469514,0.9723282442748091,1048
P4,42,rna_only,NK Proliferating,0.9354838709677419,0.90625,32
P4,42,rna_only,NK_1,0.31460674157303364,0.6666666666666666,21
P4,42,rna_only,NK_2,0.9033613445378151,0.8617234468937875,499
P4,42,rna_only,NK_3,0.47761194029850745,0.5517241379310345,58
P4,42,rna_only,NK_4,0.6140350877192983,0.5555555555555556,63
P4,42,rna_only,NK_CD56bright,0.689655172413793,0.6666666666666666,15
P4,42,rna_only,Plasma,1.0,1.0,37
P4,42,rna_only,Plasmablast,1.0,1.0,2
P4,42,rna_only,Platelet,0.9302325581395349,0.8695652173913043,69
P4,42,rna_only,Treg Memory,0.8038834951456311,0.7340425531914894,282
P4,42,rna_only,Treg Naive,0.6134453781512604,0.7019230769230769,104
P4,42,rna_only,cDC1,0.9818181818181818,1.0,27
P4,42,rna_only,cDC2_1,0.5333333333333333,0.5194805194805194,77
P4,42,rna_only,cDC2_2,0.8925619834710743,0.8950276243093923,181
P4,42,rna_only,dnT_1,0.5185185185185185,0.56,25
P4,42,rna_only,dnT_2,0.8888888888888888,0.9411764705882353,17
P4,42,rna_only,gdT_1,0.9059829059829059,0.8688524590163934,61
P4,42,rna_only,gdT_2,0.25,0.16666666666666666,6
P4,42,rna_only,gdT_3,0.872093023255814,0.8522727272727273,88
P4,42,rna_only,gdT_4,0.6493506493506493,0.7352941176470589,34
P4,42,rna_only,pDC,1.0,1.0,40
P4,42,random_size_matched_6,ASDC_mDC,0.6666666666666665,0.6,5
P4,42,random_size_matched_6,ASDC_pDC,0.6666666666666666,0.6666666666666666,3
P4,42,random_size_matched_6,B intermediate kappa,0.8622222222222221,0.8738738738738738,111
P4,42,random_size_matched_6,B intermediate lambda,0.8363636363636363,0.8023255813953488,86
P4,42,random_size_matched_6,B memory kappa,0.9205298013245032,0.9488054607508533,293
P4,42,random_size_matched_6,B memory lambda,0.8296943231441047,0.811965811965812,117
P4,42,random_size_matched_6,B naive kappa,0.9218106995884773,0.9142857142857143,490
P4,42,random_size_matched_6,B naive lambda,0.8238993710691823,0.81875,160
P4,42,random_size_matched_6,CD14 Mono,0.9904260915307733,0.9951374207188161,4730
P4,42,random_size_matched_6,CD16 Mono,0.9431818181818181,0.9061135371179039,458
P4,42,random_size_matched_6,CD4 CTL,0.8235294117647058,0.7,10
P4,42,random_size_matched_6,CD4 Naive,0.9484218629715165,0.9690613529103304,1907
P4,42,random_size_matched_6,CD4 Proliferating,0.8695652173913043,0.8333333333333334,12
P4,42,random_size_matched_6,CD4 TCM_1,0.8416905444126075,0.8539244186046512,1376
P4,42,random_size_matched_6,CD4 TCM_2,0.7407407407407407,0.704225352112676,71
P4,42,random_size_matched_6,CD4 TCM_3,0.8319162851536952,0.7822878228782287,813
P4,42,random_size_matched_6,CD4 TEM_1,0.5641025641025641,0.8527131782945736,129
P4,42,random_size_matched_6,CD4 TEM_2,0.8181818181818181,0.7864077669902912,103
P4,42,random_size_matched_6,CD4 TEM_3,0.6988352745424293,0.7394366197183099,284
P4,42,random_size_matched_6,CD4 TEM_4,0.2222222222222222,0.16666666666666666,12
P4,42,random_size_matched_6,CD8 Naive,0.9652855543113101,0.978433598183882,1762
P4,42,random_size_matched_6,CD8 Naive_2,0.5151515151515152,0.425,40
P4,42,random_size_matched_6,CD8 Proliferating,0.4444444444444445,0.5,4
P4,42,random_size_matched_6,CD8 TCM_1,0.6319018404907976,0.6912751677852349,149
P4,42,random_size_matched_6,CD8 TCM_2,0.837121212121212,0.7633851468048359,579
P4,42,random_size_matched_6,CD8 TCM_3,0.7297297297297297,0.7297297297297297,37
P4,42,random_size_matched_6,CD8 TEM_1,0.9104761904761903,0.9299610894941635,257
P4,42,random_size_matched_6,CD8 TEM_2,0.5846153846153845,0.7169811320754716,53
P4,42,random_size_matched_6,CD8 TEM_3,0.5,0.38095238095238093,21
P4,42,random_size_matched_6,CD8 TEM_4,0.776595744680851,0.6460176991150443,113
P4,42,random_size_matched_6,CD8 TEM_5,0.18181818181818182,0.125,8
P4,42,random_size_matched_6,CD8 TEM_6,0.7755102040816326,0.7307692307692307,26
P4,42,random_size_matched_6,Doublet,0.5538461538461538,0.47368421052631576,38
P4,42,random_size_matched_6,Eryth,0.9285714285714286,1.0,13
P4,42,random_size_matched_6,HSPC,0.9824561403508771,0.9655172413793104,29
P4,42,random_size_matched_6,ILC,0.9090909090909091,1.0,5
P4,42,random_size_matched_6,MAIT,0.9431137724550898,0.9017175572519084,1048
P4,42,random_size_matched_6,NK Proliferating,0.90625,0.90625,32
P4,42,random_size_matched_6,NK_1,0.3132530120481928,0.6190476190476191,21
P4,42,random_size_matched_6,NK_2,0.9071729957805906,0.8617234468937875,499
P4,42,random_size_matched_6,NK_3,0.49295774647887325,0.603448275862069,58
P4,42,random_size_matched_6,NK_4,0.6842105263157895,0.6190476190476191,63
P4,42,random_size_matched_6,NK_CD56bright,0.7857142857142856,0.7333333333333333,15
P4,42,random_size_matched_6,Plasma,1.0,1.0,37
P4,42,random_size_matched_6,Plasmablast,1.0,1.0,2
P4,42,random_size_matched_6,Platelet,0.9302325581395349,0.8695652173913043,69
P4,42,random_size_matched_6,Treg Memory,0.8538899430740038,0.7978723404255319,282
P4,42,random_size_matched_6,Treg Naive,0.6899563318777292,0.7596153846153846,104
P4,42,random_size_matched_6,cDC1,0.9818181818181818,1.0,27
P4,42,random_size_matched_6,cDC2_1,0.6242038216560509,0.6363636363636364,77
P4,42,random_size_matched_6,cDC2_2,0.9070422535211268,0.8895027624309392,181
P4,42,random_size_matched_6,dnT_1,0.6785714285714285,0.76,25
P4,42,random_size_matched_6,dnT_2,0.9142857142857143,0.9411764705882353,17
P4,42,random_size_matched_6,gdT_1,0.9661016949152543,0.9344262295081968,61
P4,42,random_size_matched_6,gdT_2,0.5,0.3333333333333333,6
P4,42,random_size_matched_6,gdT_3,0.9318181818181818,0.9318181818181818,88
P4,42,random_size_matched_6,gdT_4,0.7073170731707317,0.8529411764705882,34
P4,42,random_size_matched_6,pDC,1.0,1.0,40
P4,42,random_size_matched_15,ASDC_mDC,0.6666666666666665,0.6,5
P4,42,random_size_matched_15,ASDC_pDC,0.6666666666666666,0.6666666666666666,3
P4,42,random_size_matched_15,B intermediate kappa,0.868421052631579,0.8918918918918919,111
P4,42,random_size_matched_15,B intermediate lambda,0.8571428571428572,0.8372093023255814,86
P4,42,random_size_matched_15,B memory kappa,0.9228187919463087,0.9385665529010239,293
P4,42,random_size_matched_15,B memory lambda,0.8508771929824561,0.8290598290598291,117
P4,42,random_size_matched_15,B naive kappa,0.9227600411946448,0.9142857142857143,490
P4,42,random_size_matched_15,B naive lambda,0.8260869565217391,0.83125,160
P4,42,random_size_matched_15,CD14 Mono,0.9897015552753258,0.9955602536997886,4730
P4,42,random_size_matched_15,CD16 Mono,0.9397042093287827,0.9017467248908297,458
P4,42,random_size_matched_15,CD4 CTL,0.8235294117647058,0.7,10
P4,42,random_size_matched_15,CD4 Naive,0.9526505404014411,0.9706345044572627,1907
P4,42,random_size_matched_15,CD4 Proliferating,0.8571428571428571,0.75,12
P4,42,random_size_matched_15,CD4 TCM_1,0.8429394812680115,0.8502906976744186,1376
P4,42,random_size_matched_15,CD4 TCM_2,0.75,0.7183098591549296,71
P4,42,random_size_matched_15,CD4 TCM_3,0.8279009126466753,0.7810578105781057,813
P4,42,random_size_matched_15,CD4 TEM_1,0.5623342175066314,0.8217054263565892,129
P4,42,random_size_matched_15,CD4 TEM_2,0.8125,0.7572815533980582,103
P4,42,random_size_matched_15,CD4 TEM_3,0.6875,0.7359154929577465,284
P4,42,random_size_matched_15,CD4 TEM_4,0.2222222222222222,0.16666666666666666,12
P4,42,random_size_matched_15,CD8 Naive,0.9656328583403185,0.9807037457434733,1762
P4,42,random_size_matched_15,CD8 Naive_2,0.507936507936508,0.4,40
P4,42,random_size_matched_15,CD8 Proliferating,0.4,0.5,4
P4,42,random_size_matched_15,CD8 TCM_1,0.5911602209944751,0.7181208053691275,149
P4,42,random_size_matched_15,CD8 TCM_2,0.8398104265402844,0.7651122625215889,579
P4,42,random_size_matched_15,CD8 TCM_3,0.75,0.7297297297297297,37
P4,42,random_size_matched_15,CD8 TEM_1,0.9005628517823638,0.933852140077821,257
P4,42,random_size_matched_15,CD8 TEM_2,0.562962962962963,0.7169811320754716,53
P4,42,random_size_matched_15,CD8 TEM_3,0.37499999999999994,0.2857142857142857,21
P4,42,random_size_matched_15,CD8 TEM_4,0.7362637362637363,0.5929203539823009,113
P4,42,random_size_matched_15,CD8 TEM_5,0.18181818181818182,0.125,8
P4,42,random_size_matched_15,CD8 TEM_6,0.8235294117647058,0.8076923076923077,26
P4,42,random_size_matched_15,Doublet,0.5,0.3684210526315789,38
P4,42,random_size_matched_15,Eryth,0.8461538461538461,0.8461538461538461,13
P4,42,random_size_matched_15,HSPC,0.9824561403508771,0.9655172413793104,29
P4,42,random_size_matched_15,ILC,0.9090909090909091,1.0,5
P4,42,random_size_matched_15,MAIT,0.9463753723932473,0.9093511450381679,1048
P4,42,random_size_matched_15,NK Proliferating,0.9206349206349206,0.90625,32
P4,42,random_size_matched_15,NK_1,0.3132530120481928,0.6190476190476191,21
P4,42,random_size_matched_15,NK_2,0.909090909090909,0.8617234468937875,499
P4,42,random_size_matched_15,NK_3,0.49635036496350365,0.5862068965517241,58
P4,42,random_size_matched_15,NK_4,0.6885245901639344,0.6666666666666666,63
P4,42,random_size_matched_15,NK_CD56bright,0.7586206896551724,0.7333333333333333,15
P4,42,random_size_matched_15,Plasma,1.0,1.0,37
P4,42,random_size_matched_15,Plasmablast,1.0,1.0,2
P4,42,random_size_matched_15,Platelet,0.9302325581395349,0.8695652173913043,69
P4,42,random_size_matched_15,Treg Memory,0.8479087452471482,0.7907801418439716,282
P4,42,random_size_matched_15,Treg Naive,0.6986899563318777,0.7692307692307693,104
P4,42,random_size_matched_15,cDC1,0.9818181818181818,1.0,27
P4,42,random_size_matched_15,cDC2_1,0.6250000000000001,0.6493506493506493,77
P4,42,random_size_matched_15,cDC2_2,0.9008498583569404,0.8784530386740331,181
P4,42,random_size_matched_15,dnT_1,0.7083333333333334,0.68,25
P4,42,random_size_matched_15,dnT_2,0.8648648648648648,0.9411764705882353,17
P4,42,random_size_matched_15,gdT_1,0.9391304347826086,0.8852459016393442,61
P4,42,random_size_matched_15,gdT_2,0.2857142857142857,0.16666666666666666,6
P4,42,random_size_matched_15,gdT_3,0.9318181818181818,0.9318181818181818,88
P4,42,random_size_matched_15,gdT_4,0.7714285714285715,0.7941176470588235,34
P4,42,random_size_matched_15,pDC,1.0,1.0,40
P4,43,full,ASDC_mDC,0.6666666666666665,0.6,5
P4,43,full,ASDC_pDC,0.8,0.6666666666666666,3
P4,43,full,B intermediate kappa,0.8658008658008659,0.9009009009009009,111
P4,43,full,B intermediate lambda,0.8304093567251463,0.8255813953488372,86
P4,43,full,B memory kappa,0.9257950530035336,0.89419795221843,293
P4,43,full,B memory lambda,0.8799999999999999,0.9401709401709402,117
P4,43,full,B naive kappa,0.9206680584551148,0.9,490
P4,43,full,B naive lambda,0.8333333333333334,0.875,160
P4,43,full,CD14 Mono,0.9902645502645502,0.9892177589852008,4730
P4,43,full,CD16 Mono,0.9501661129568107,0.9366812227074236,458
P4,43,full,CD4 CTL,0.8235294117647058,0.7,10
P4,43,full,CD4 Naive,0.959380010689471,0.9412690089145255,1907
P4,43,full,CD4 Proliferating,0.8148148148148148,0.9166666666666666,12
P4,43,full,CD4 TCM_1,0.8555678059536935,0.8459302325581395,1376
P4,43,full,CD4 TCM_2,0.7521367521367522,0.6197183098591549,71
P4,43,full,CD4 TCM_3,0.8326073428749222,0.8228782287822878,813
P4,43,full,CD4 TEM_1,0.6103542234332425,0.8682170542635659,129
P4,43,full,CD4 TEM_2,0.8157894736842106,0.9029126213592233,103
P4,43,full,CD4 TEM_3,0.6774716369529984,0.7359154929577465,284
P4,43,full,CD4 TEM_4,0.45454545454545453,0.4166666666666667,12
P4,43,full,CD8 Naive,0.9653049804141018,0.9790011350737798,1762
P4,43,full,CD8 Naive_2,0.53125,0.425,40
P4,43,full,CD8 Proliferating,0.4,0.25,4
P4,43,full,CD8 TCM_1,0.6376811594202899,0.738255033557047,149
P4,43,full,CD8 TCM_2,0.8605072463768115,0.8203799654576857,579
P4,43,full,CD8 TCM_3,0.7714285714285715,0.7297297297297297,37
P4,43,full,CD8 TEM_1,0.9320388349514562,0.933852140077821,257
P4,43,full,CD8 TEM_2,0.6277372262773723,0.8113207547169812,53
P4,43,full,CD8 TEM_3,0.5714285714285714,0.47619047619047616,21
P4,43,full,CD8 TEM_4,0.7486631016042781,0.6194690265486725,113
P4,43,full,CD8 TEM_5,0.18181818181818182,0.125,8
P4,43,full,CD8 TEM_6,0.8510638297872339,0.7692307692307693,26
P4,43,full,Doublet,0.625,0.5263157894736842,38
P4,43,full,Eryth,0.8275862068965517,0.9230769230769231,13
P4,43,full,HSPC,0.9642857142857143,0.9310344827586207,29
P4,43,full,ILC,0.9090909090909091,1.0,5
P4,43,full,MAIT,0.9545454545454545,0.9217557251908397,1048
P4,43,full,NK Proliferating,0.9523809523809523,0.9375,32
P4,43,full,NK_1,0.4067796610169492,0.5714285714285714,21
P4,43,full,NK_2,0.9274193548387097,0.9218436873747495,499
P4,43,full,NK_3,0.46774193548387094,0.5,58
P4,43,full,NK_4,0.7079646017699115,0.6349206349206349,63
P4,43,full,NK_CD56bright,0.8000000000000002,0.8,15
P4,43,full,Plasma,0.9866666666666666,1.0,37
P4,43,full,Plasmablast,1.0,1.0,2
P4,43,full,Platelet,0.923076923076923,0.8695652173913043,69
P4,43,full,Treg Memory,0.8551724137931035,0.8794326241134752,282
P4,43,full,Treg Naive,0.6638655462184875,0.7596153846153846,104
P4,43,full,cDC1,0.9818181818181818,1.0,27
P4,43,full,cDC2_1,0.6524064171122995,0.7922077922077922,77
P4,43,full,cDC2_2,0.9101123595505617,0.8950276243093923,181
P4,43,full,dnT_1,0.6545454545454547,0.72,25
P4,43,full,dnT_2,0.9411764705882353,0.9411764705882353,17
P4,43,full,gdT_1,0.9411764705882353,0.9180327868852459,61
P4,43,full,gdT_2,0.2857142857142857,0.16666666666666666,6
P4,43,full,gdT_3,0.9347826086956522,0.9772727272727273,88
P4,43,full,gdT_4,0.7945205479452054,0.8529411764705882,34
P4,43,full,pDC,1.0,1.0,40
P4,43,random_10,ASDC_mDC,0.6666666666666665,0.6,5
P4,43,random_10,ASDC_pDC,0.8,0.6666666666666666,3
P4,43,random_10,B intermediate kappa,0.8669527896995709,0.9099099099099099,111
P4,43,random_10,B intermediate lambda,0.8284023668639053,0.813953488372093,86
P4,43,random_10,B memory kappa,0.9244288224956063,0.8976109215017065,293
P4,43,random_10,B memory lambda,0.8695652173913043,0.9401709401709402,117
P4,43,random_10,B naive kappa,0.9156118143459916,0.8857142857142857,490
P4,43,random_10,B naive lambda,0.8259587020648969,0.875,160
P4,43,random_10,CD14 Mono,0.9894045348590804,0.9871035940803383,4730
P4,43,random_10,CD16 Mono,0.9487459105779716,0.9497816593886463,458
P4,43,random_10,CD4 CTL,0.8235294117647058,0.7,10
P4,43,random_10,CD4 Naive,0.9588455371459113,0.940744625065548,1907
P4,43,random_10,CD4 Proliferating,0.8148148148148148,0.9166666666666666,12
P4,43,random_10,CD4 TCM_1,0.8526508226691043,0.8473837209302325,1376
P4,43,random_10,CD4 TCM_2,0.7350427350427351,0.6056338028169014,71
P4,43,random_10,CD4 TCM_3,0.8314745972738538,0.8253382533825339,813
P4,43,random_10,CD4 TEM_1,0.6049046321525886,0.8604651162790697,129
P4,43,random_10,CD4 TEM_2,0.8214285714285715,0.8932038834951457,103
P4,43,random_10,CD4 TEM_3,0.6765188834154352,0.7253521126760564,284
P4,43,random_10,CD4 TEM_4,0.45454545454545453,0.4166666666666667,12
P4,43,random_10,CD8 Naive,0.9666386319035605,0.978433598183882,1762
P4,43,random_10,CD8 Naive_2,0.47457627118644063,0.35,40
P4,43,random_10,CD8 Proliferating,0.4,0.25,4
P4,43,random_10,CD8 TCM_1,0.6256983240223465,0.7516778523489933,149
P4,43,random_10,CD8 TCM_2,0.8602540834845734,0.8186528497409327,579
P4,43,random_10,CD8 TCM_3,0.75,0.7297297297297297,37
P4,43,random_10,CD8 TEM_1,0.9245647969052223,0.9299610894941635,257
P4,43,random_10,CD8 TEM_2,0.6222222222222222,0.7924528301886793,53
P4,43,random_10,CD8 TEM_3,0.5714285714285714,0.47619047619047616,21
P4,43,random_10,CD8 TEM_4,0.7419354838709676,0.6106194690265486,113
P4,43,random_10,CD8 TEM_5,0.16666666666666666,0.125,8
P4,43,random_10,CD8 TEM_6,0.8260869565217392,0.7307692307692307,26
P4,43,random_10,Doublet,0.5483870967741936,0.4473684210526316,38
P4,43,random_10,Eryth,0.8666666666666666,1.0,13
P4,43,random_10,HSPC,0.9642857142857143,0.9310344827586207,29
P4,43,random_10,ILC,0.8000000000000002,0.8,5
P4,43,random_10,MAIT,0.9515331355093967,0.9179389312977099,1048
P4,43,random_10,NK Proliferating,0.9354838709677419,0.90625,32
P4,43,random_10,NK_1,0.4067796610169492,0.5714285714285714,21
P4,43,random_10,NK_2,0.9219858156028369,0.9118236472945892,499
P4,43,random_10,NK_3,0.484375,0.5344827586206896,58
P4,43,random_10,NK_4,0.6837606837606837,0.6349206349206349,63
P4,43,random_10,NK_CD56bright,0.7692307692307692,0.6666666666666666,15
P4,43,random_10,Plasma,0.9866666666666666,1.0,37
P4,43,random_10,Plasmablast,1.0,1.0,2
P4,43,random_10,Platelet,0.9160305343511451,0.8695652173913043,69
P4,43,random_10,Treg Memory,0.8537005163511188,0.8794326241134752,282
P4,43,random_10,Treg Naive,0.6609442060085837,0.7403846153846154,104
P4,43,random_10,cDC1,0.9818181818181818,1.0,27
P4,43,random_10,cDC2_1,0.6594594594594594,0.7922077922077922,77
P4,43,random_10,cDC2_2,0.9131652661064426,0.9005524861878453,181
P4,43,random_10,dnT_1,0.6785714285714285,0.76,25
P4,43,random_10,dnT_2,0.9411764705882353,0.9411764705882353,17
P4,43,random_10,gdT_1,0.9401709401709402,0.9016393442622951,61
P4,43,random_10,gdT_2,0.0,0.0,6
P4,43,random_10,gdT_3,0.9247311827956989,0.9772727272727273,88
P4,43,random_10,gdT_4,0.7945205479452054,0.8529411764705882,34
P4,43,random_10,pDC,1.0,1.0,40
P4,43,random_30,ASDC_mDC,0.8000000000000002,0.8,5
P4,43,random_30,ASDC_pDC,0.8,0.6666666666666666,3
P4,43,random_30,B intermediate kappa,0.8571428571428571,0.8918918918918919,111
P4,43,random_30,B intermediate lambda,0.8439306358381502,0.8488372093023255,86
P4,43,random_30,B memory kappa,0.9200710479573713,0.8839590443686007,293
P4,43,random_30,B memory lambda,0.8605577689243029,0.9230769230769231,117
P4,43,random_30,B naive kappa,0.9225941422594142,0.9,490
P4,43,random_30,B naive lambda,0.8402366863905325,0.8875,160
P4,43,random_30,CD14 Mono,0.9903076274757692,0.9936575052854123,4730
P4,43,random_30,CD16 Mono,0.9488888888888889,0.9323144104803494,458
P4,43,random_30,CD4 CTL,0.625,0.5,10
P4,43,random_30,CD4 Naive,0.9498933901918976,0.9344520188778186,1907
P4,43,random_30,CD4 Proliferating,0.8148148148148148,0.9166666666666666,12
P4,43,random_30,CD4 TCM_1,0.8411281685112459,0.8561046511627907,1376
P4,43,random_30,CD4 TCM_2,0.7413793103448275,0.6056338028169014,71
P4,43,random_30,CD4 TCM_3,0.8098159509202453,0.8118081180811808,813
P4,43,random_30,CD4 TEM_1,0.71280276816609,0.7984496124031008,129
P4,43,random_30,CD4 TEM_2,0.8068669527896994,0.912621359223301,103
P4,43,random_30,CD4 TEM_3,0.5856353591160222,0.5598591549295775,284
P4,43,random_30,CD4 TEM_4,0.0,0.0,12
P4,43,random_30,CD8 Naive,0.9621380846325167,0.9807037457434733,1762
P4,43,random_30,CD8 Naive_2,0.5245901639344264,0.4,40
P4,43,random_30,CD8 Proliferating,0.4,0.25,4
P4,43,random_30,CD8 TCM_1,0.6140350877192982,0.7046979865771812,149
P4,43,random_30,CD8 TCM_2,0.791907514450867,0.7098445595854922,579
P4,43,random_30,CD8 TCM_3,0.6031746031746031,0.5135135135135135,37
P4,43,random_30,CD8 TEM_1,0.9176470588235295,0.9105058365758755,257
P4,43,random_30,CD8 TEM_2,0.6165413533834586,0.7735849056603774,53
P4,43,random_30,CD8 TEM_3,0.5641025641025642,0.5238095238095238,21
P4,43,random_30,CD8 TEM_4,0.7473684210526316,0.6283185840707964,113
P4,43,random_30,CD8 TEM_5,0.3333333333333333,0.25,8
P4,43,random_30,CD8 TEM_6,0.744186046511628,0.6153846153846154,26
P4,43,random_30,Doublet,0.5,0.3684210526315789,38
P4,43,random_30,Eryth,0.8387096774193548,1.0,13
P4,43,random_30,HSPC,0.9642857142857143,0.9310344827586207,29
P4,43,random_30,ILC,0.888888888888889,0.8,5
P4,43,random_30,MAIT,0.9866666666666667,0.9885496183206107,1048
P4,43,random_30,NK Proliferating,0.9354838709677419,0.90625,32
P4,43,random_30,NK_1,0.375,0.7142857142857143,21
P4,43,random_30,NK_2,0.9145211122554068,0.8897795591182365,499
P4,43,random_30,NK_3,0.4580152671755725,0.5172413793103449,58
P4,43,random_30,NK_4,0.6666666666666667,0.5555555555555556,63
P4,43,random_30,NK_CD56bright,0.7741935483870969,0.8,15
P4,43,random_30,Plasma,1.0,1.0,37
P4,43,random_30,Plasmablast,1.0,1.0,2
P4,43,random_30,Platelet,0.9160305343511451,0.8695652173913043,69
P4,43,random_30,Treg Memory,0.8444444444444444,0.875886524822695,282
P4,43,random_30,Treg Naive,0.6615384615384616,0.8269230769230769,104
P4,43,random_30,cDC1,0.9818181818181818,1.0,27
P4,43,random_30,cDC2_1,0.6744186046511628,0.7532467532467533,77
P4,43,random_30,cDC2_2,0.9032258064516129,0.850828729281768,181
P4,43,random_30,dnT_1,0.6071428571428571,0.68,25
P4,43,random_30,dnT_2,0.9411764705882353,0.9411764705882353,17
P4,43,random_30,gdT_1,0.9310344827586207,0.8852459016393442,61
P4,43,random_30,gdT_2,0.25,0.16666666666666666,6
P4,43,random_30,gdT_3,0.9180327868852459,0.9545454545454546,88
P4,43,random_30,gdT_4,0.7560975609756098,0.9117647058823529,34
P4,43,random_30,pDC,1.0,1.0,40
P4,43,random_50,ASDC_mDC,0.6666666666666665,0.6,5
P4,43,random_50,ASDC_pDC,0.8,0.6666666666666666,3
P4,43,random_50,B intermediate kappa,0.8468468468468469,0.8468468468468469,111
P4,43,random_50,B intermediate lambda,0.8135593220338984,0.8372093023255814,86
P4,43,random_50,B memory kappa,0.9228070175438596,0.8976109215017065,293
P4,43,random_50,B memory lambda,0.864,0.9230769230769231,117
P4,43,random_50,B naive kappa,0.9156118143459916,0.8857142857142857,490
P4,43,random_50,B naive lambda,0.813953488372093,0.875,160
P4,43,random_50,CD14 Mono,0.9891178024300052,0.9896405919661734,4730
P4,43,random_50,CD16 Mono,0.9500554938956713,0.9344978165938864,458
P4,43,random_50,CD4 CTL,0.625,0.5,10
P4,43,random_50,CD4 Naive,0.9461333333333334,0.9302569480859989,1907
P4,43,random_50,CD4 Proliferating,0.8275862068965517,1.0,12
P4,43,random_50,CD4 TCM_1,0.8281750266808964,0.8459302325581395,1376
P4,43,random_50,CD4 TCM_2,0.7350427350427351,0.6056338028169014,71
P4,43,random_50,CD4 TCM_3,0.8020631850419084,0.7650676506765067,813
P4,43,random_50,CD4 TEM_1,0.736842105263158,0.813953488372093,129
P4,43,random_50,CD4 TEM_2,0.8054298642533937,0.8640776699029126,103
P4,43,random_50,CD4 TEM_3,0.6392092257001648,0.6830985915492958,284
P4,43,random_50,CD4 TEM_4,0.4166666666666667,0.4166666666666667,12
P4,43,random_50,CD8 Naive,0.960871995528228,0.9755959137343927,1762
P4,43,random_50,CD8 Naive_2,0.5,0.425,40
P4,43,random_50,CD8 Proliferating,0.4,0.25,4
P4,43,random_50,CD8 TCM_1,0.5893416927899687,0.6308724832214765,149
P4,43,random_50,CD8 TCM_2,0.8151658767772512,0.7426597582037997,579
P4,43,random_50,CD8 TCM_3,0.6363636363636364,0.7567567567567568,37
P4,43,random_50,CD8 TEM_1,0.9165048543689319,0.9182879377431906,257
P4,43,random_50,CD8 TEM_2,0.6231884057971014,0.8113207547169812,53
P4,43,random_50,CD8 TEM_3,0.5128205128205129,0.47619047619047616,21
P4,43,random_50,CD8 TEM_4,0.7301587301587302,0.6106194690265486,113
P4,43,random_50,CD8 TEM_5,0.18181818181818182,0.125,8
P4,43,random_50,CD8 TEM_6,0.7727272727272727,0.6538461538461539,26
P4,43,random_50,Doublet,0.5185185185185185,0.3684210526315789,38
P4,43,random_50,Eryth,0.8125000000000001,1.0,13
P4,43,random_50,HSPC,0.9642857142857143,0.9310344827586207,29
P4,43,random_50,ILC,0.8000000000000002,0.8,5
P4,43,random_50,MAIT,0.9793368572801537,0.9723282442748091,1048
P4,43,random_50,NK Proliferating,0.9354838709677419,0.90625,32
P4,43,random_50,NK_1,0.3636363636363637,0.47619047619047616,21
P4,43,random_50,NK_2,0.9287863590772317,0.9278557114228457,499
P4,43,random_50,NK_3,0.453125,0.5,58
P4,43,random_50,NK_4,0.6666666666666666,0.5714285714285714,63
P4,43,random_50,NK_CD56bright,0.7096774193548386,0.7333333333333333,15
P4,43,random_50,Plasma,1.0,1.0,37
P4,43,random_50,Plasmablast,1.0,1.0,2
P4,43,random_50,Platelet,0.9160305343511451,0.8695652173913043,69
P4,43,random_50,Treg Memory,0.8195615514333896,0.8617021276595744,282
P4,43,random_50,Treg Naive,0.6113207547169811,0.7788461538461539,104
P4,43,random_50,cDC1,0.9818181818181818,1.0,27
P4,43,random_50,cDC2_1,0.6703296703296704,0.7922077922077922,77
P4,43,random_50,cDC2_2,0.9162011173184358,0.9060773480662984,181
P4,43,random_50,dnT_1,0.6181818181818183,0.68,25
P4,43,random_50,dnT_2,0.9090909090909091,0.8823529411764706,17
P4,43,random_50,gdT_1,0.8760330578512396,0.8688524590163934,61
P4,43,random_50,gdT_2,0.0,0.0,6
P4,43,random_50,gdT_3,0.9090909090909091,0.9659090909090909,88
P4,43,random_50,gdT_4,0.7428571428571428,0.7647058823529411,34
P4,43,random_50,pDC,1.0,1.0,40
P4,43,random_70,ASDC_mDC,0.6666666666666665,0.6,5
P4,43,random_70,ASDC_pDC,0.8,0.6666666666666666,3
P4,43,random_70,B intermediate kappa,0.8532110091743118,0.8378378378378378,111
P4,43,random_70,B intermediate lambda,0.7852760736196319,0.7441860465116279,86
P4,43,random_70,B memory kappa,0.9188255613126078,0.9078498293515358,293
P4,43,random_70,B memory lambda,0.8661417322834646,0.9401709401709402,117
P4,43,random_70,B naive kappa,0.9113660062565173,0.8918367346938776,490
P4,43,random_70,B naive lambda,0.8130563798219584,0.85625,160
P4,43,random_70,CD14 Mono,0.9899947340705634,0.9936575052854123,4730
P4,43,random_70,CD16 Mono,0.9439461883408071,0.9192139737991266,458
P4,43,random_70,CD4 CTL,0.7,0.7,10
P4,43,random_70,CD4 Naive,0.938136256851997,0.9423177766124803,1907
P4,43,random_70,CD4 Proliferating,0.8148148148148148,0.9166666666666666,12
P4,43,random_70,CD4 TCM_1,0.8172683289914402,0.7979651162790697,1376
P4,43,random_70,CD4 TCM_2,0.6846846846846846,0.5352112676056338,71
P4,43,random_70,CD4 TCM_3,0.788923076923077,0.7884378843788438,813
P4,43,random_70,CD4 TEM_1,0.6973684210526316,0.8217054263565892,129
P4,43,random_70,CD4 TEM_2,0.7567567567567568,0.8155339805825242,103
P4,43,random_70,CD4 TEM_3,0.5413533834586466,0.5070422535211268,284
P4,43,random_70,CD4 TEM_4,0.13333333333333333,0.08333333333333333,12
P4,43,random_70,CD8 Naive,0.9560100868590641,0.9682179341657208,1762
P4,43,random_70,CD8 Naive_2,0.42105263157894735,0.3,40
P4,43,random_70,CD8 Proliferating,0.4,0.25,4
P4,43,random_70,CD8 TCM_1,0.5875370919881306,0.6644295302013423,149
P4,43,random_70,CD8 TCM_2,0.7659157688540645,0.6753022452504318,579
P4,43,random_70,CD8 TCM_3,0.6176470588235294,0.5675675675675675,37
P4,43,random_70,CD8 TEM_1,0.9094488188976378,0.8988326848249028,257
P4,43,random_70,CD8 TEM_2,0.6259541984732825,0.7735849056603774,53
P4,43,random_70,CD8 TEM_3,0.5263157894736842,0.47619047619047616,21
P4,43,random_70,CD8 TEM_4,0.7692307692307693,0.6637168141592921,113
P4,43,random_70,CD8 TEM_5,0.0,0.0,8
P4,43,random_70,CD8 TEM_6,0.6829268292682926,0.5384615384615384,26
P4,43,random_70,Doublet,0.45283018867924535,0.3157894736842105,38
P4,43,random_70,Eryth,0.8125000000000001,1.0,13
P4,43,random_70,HSPC,0.9642857142857143,0.9310344827586207,29
P4,43,random_70,ILC,0.7272727272727272,0.8,5
P4,43,random_70,MAIT,0.9822712026832775,0.9780534351145038,1048
P4,43,random_70,NK Proliferating,0.9354838709677419,0.90625,32
P4,43,random_70,NK_1,0.2894736842105263,0.5238095238095238,21
P4,43,random_70,NK_2,0.9075804776739357,0.875751503006012,499
P4,43,random_70,NK_3,0.4714285714285715,0.5689655172413793,58
P4,43,random_70,NK_4,0.672566371681416,0.6031746031746031,63
P4,43,random_70,NK_CD56bright,0.7407407407407408,0.6666666666666666,15
P4,43,random_70,Plasma,1.0,1.0,37
P4,43,random_70,Plasmablast,1.0,1.0,2
P4,43,random_70,Platelet,0.9160305343511451,0.8695652173913043,69
P4,43,random_70,Treg Memory,0.8047138047138048,0.8475177304964538,282
P4,43,random_70,Treg Naive,0.5281899109792285,0.8557692307692307,104
P4,43,random_70,cDC1,0.9818181818181818,1.0,27
P4,43,random_70,cDC2_1,0.6982248520710058,0.7662337662337663,77
P4,43,random_70,cDC2_2,0.909090909090909,0.8839779005524862,181
P4,43,random_70,dnT_1,0.5230769230769231,0.68,25
P4,43,random_70,dnT_2,0.8648648648648648,0.9411764705882353,17
P4,43,random_70,gdT_1,0.8976377952755905,0.9344262295081968,61
P4,43,random_70,gdT_2,0.2857142857142857,0.16666666666666666,6
P4,43,random_70,gdT_3,0.8808290155440414,0.9659090909090909,88
P4,43,random_70,gdT_4,0.6857142857142857,0.7058823529411765,34
P4,43,random_70,pDC,1.0,1.0,40
P4,43,marker_memory,ASDC_mDC,0.6666666666666665,0.6,5
P4,43,marker_memory,ASDC_pDC,0.8,0.6666666666666666,3
P4,43,marker_memory,B intermediate kappa,0.8608695652173914,0.8918918918918919,111
P4,43,marker_memory,B intermediate lambda,0.7976190476190477,0.7790697674418605,86
P4,43,marker_memory,B memory kappa,0.9257950530035336,0.89419795221843,293
P4,43,marker_memory,B memory lambda,0.8650793650793651,0.9316239316239316,117
P4,43,marker_memory,B naive kappa,0.9195402298850575,0.8979591836734694,490
P4,43,marker_memory,B naive lambda,0.8318584070796461,0.88125,160
P4,43,marker_memory,CD14 Mono,0.9902624894157493,0.9890063424947146,4730
P4,43,marker_memory,CD16 Mono,0.9481808158765159,0.9388646288209607,458
P4,43,marker_memory,CD4 CTL,0.5925925925925927,0.8,10
P4,43,marker_memory,CD4 Naive,0.9560117302052786,0.9402202412165706,1907
P4,43,marker_memory,CD4 Proliferating,0.8148148148148148,0.9166666666666666,12
P4,43,marker_memory,CD4 TCM_1,0.8370535714285714,0.8175872093023255,1376
P4,43,marker_memory,CD4 TCM_2,0.7304347826086957,0.5915492957746479,71
P4,43,marker_memory,CD4 TCM_3,0.8195679796696315,0.7933579335793358,813
P4,43,marker_memory,CD4 TEM_1,0.6256983240223464,0.8682170542635659,129
P4,43,marker_memory,CD4 TEM_2,0.7999999999999999,0.8737864077669902,103
P4,43,marker_memory,CD4 TEM_3,0.6624405705229793,0.7359154929577465,284
P4,43,marker_memory,CD4 TEM_4,0.4761904761904762,0.4166666666666667,12
P4,43,marker_memory,CD8 Naive,0.9645152277172394,0.9795686719636776,1762
P4,43,marker_memory,CD8 Naive_2,0.5538461538461539,0.45,40
P4,43,marker_memory,CD8 Proliferating,0.4,0.25,4
P4,43,marker_memory,CD8 TCM_1,0.6331360946745561,0.7181208053691275,149
P4,43,marker_memory,CD8 TCM_2,0.8589626933575978,0.8151986183074266,579
P4,43,marker_memory,CD8 TCM_3,0.7297297297297297,0.7297297297297297,37
P4,43,marker_memory,CD8 TEM_1,0.9254901960784313,0.9182879377431906,257
P4,43,marker_memory,CD8 TEM_2,0.6068965517241379,0.8301886792452831,53
P4,43,marker_memory,CD8 TEM_3,0.5405405405405405,0.47619047619047616,21
P4,43,marker_memory,CD8 TEM_4,0.7459459459459459,0.6106194690265486,113
P4,43,marker_memory,CD8 TEM_5,0.18181818181818182,0.125,8
P4,43,marker_memory,CD8 TEM_6,0.7906976744186047,0.6538461538461539,26
P4,43,marker_memory,Doublet,0.625,0.5263157894736842,38
P4,43,marker_memory,Eryth,0.8666666666666666,1.0,13
P4,43,marker_memory,HSPC,0.9642857142857143,0.9310344827586207,29
P4,43,marker_memory,ILC,0.8333333333333333,1.0,5
P4,43,marker_memory,MAIT,0.9631449631449631,0.9351145038167938,1048
P4,43,marker_memory,NK Proliferating,0.9523809523809523,0.9375,32
P4,43,marker_memory,NK_1,0.41379310344827586,0.5714285714285714,21
P4,43,marker_memory,NK_2,0.9264853977844915,0.9218436873747495,499
P4,43,marker_memory,NK_3,0.4426229508196722,0.46551724137931033,58
P4,43,marker_memory,NK_4,0.7079646017699115,0.6349206349206349,63
P4,43,marker_memory,NK_CD56bright,0.8000000000000002,0.8,15
P4,43,marker_memory,Plasma,0.9866666666666666,1.0,37
P4,43,marker_memory,Plasmablast,1.0,1.0,2
P4,43,marker_memory,Platelet,0.9312977099236642,0.8840579710144928,69
P4,43,marker_memory,Treg Memory,0.826890756302521,0.8723404255319149,282
P4,43,marker_memory,Treg Naive,0.6183206106870228,0.7788461538461539,104
P4,43,marker_memory,cDC1,0.9818181818181818,1.0,27
P4,43,marker_memory,cDC2_1,0.6559139784946237,0.7922077922077922,77
P4,43,marker_memory,cDC2_2,0.9101123595505617,0.8950276243093923,181
P4,43,marker_memory,dnT_1,0.7169811320754718,0.76,25
P4,43,marker_memory,dnT_2,0.9411764705882353,0.9411764705882353,17
P4,43,marker_memory,gdT_1,0.9333333333333333,0.9180327868852459,61
P4,43,marker_memory,gdT_2,0.25,0.16666666666666666,6
P4,43,marker_memory,gdT_3,0.9297297297297297,0.9772727272727273,88
P4,43,marker_memory,gdT_4,0.7887323943661971,0.8235294117647058,34
P4,43,marker_memory,pDC,1.0,1.0,40
P4,43,marker_tcell,ASDC_mDC,0.6666666666666665,0.6,5
P4,43,marker_tcell,ASDC_pDC,0.8,0.6666666666666666,3
P4,43,marker_tcell,B intermediate kappa,0.8608695652173914,0.8918918918918919,111
P4,43,marker_tcell,B intermediate lambda,0.8139534883720931,0.813953488372093,86
P4,43,marker_tcell,B memory kappa,0.9276895943562611,0.8976109215017065,293
P4,43,marker_tcell,B memory lambda,0.8744939271255062,0.9230769230769231,117
P4,43,marker_tcell,B naive kappa,0.9206680584551148,0.9,490
P4,43,marker_tcell,B naive lambda,0.8318584070796461,0.88125,160
P4,43,marker_tcell,CD14 Mono,0.9903754627181387,0.9898520084566597,4730
P4,43,marker_tcell,CD16 Mono,0.9501661129568107,0.9366812227074236,458
P4,43,marker_tcell,CD4 CTL,0.8235294117647058,0.7,10
P4,43,marker_tcell,CD4 Naive,0.9564753004005341,0.9391714735186156,1907
P4,43,marker_tcell,CD4 Proliferating,0.8148148148148148,0.9166666666666666,12
P4,43,marker_tcell,CD4 TCM_1,0.8359550561797753,0.811046511627907,1376
P4,43,marker_tcell,CD4 TCM_2,0.7457627118644067,0.6197183098591549,71
P4,43,marker_tcell,CD4 TCM_3,0.8205128205128205,0.8462484624846248,813
P4,43,marker_tcell,CD4 TEM_1,0.7035830618892509,0.8372093023255814,129
P4,43,marker_tcell,CD4 TEM_2,0.7982062780269058,0.8640776699029126,103
P4,43,marker_tcell,CD4 TEM_3,0.6622296173044925,0.7007042253521126,284
P4,43,marker_tcell,CD4 TEM_4,0.5185185185185186,0.5833333333333334,12
P4,43,marker_tcell,CD8 Naive,0.9625425652667423,0.9625425652667423,1762
P4,43,marker_tcell,CD8 Naive_2,0.4590163934426229,0.35,40
P4,43,marker_tcell,CD8 Proliferating,0.4,0.25,4
P4,43,marker_tcell,CD8 TCM_1,0.6189111747851004,0.7248322147651006,149
P4,43,marker_tcell,CD8 TCM_2,0.8472727272727273,0.8048359240069085,579
P4,43,marker_tcell,CD8 TCM_3,0.7435897435897435,0.7837837837837838,37
P4,43,marker_tcell,CD8 TEM_1,0.9169960474308301,0.9027237354085603,257
P4,43,marker_tcell,CD8 TEM_2,0.5692307692307692,0.6981132075471698,53
P4,43,marker_tcell,CD8 TEM_3,0.5789473684210527,0.5238095238095238,21
P4,43,marker_tcell,CD8 TEM_4,0.7526881720430106,0.6194690265486725,113
P4,43,marker_tcell,CD8 TEM_5,0.3076923076923077,0.25,8
P4,43,marker_tcell,CD8 TEM_6,0.7000000000000001,0.5384615384615384,26
P4,43,marker_tcell,Doublet,0.5846153846153846,0.5,38
P4,43,marker_tcell,Eryth,0.8387096774193548,1.0,13
P4,43,marker_tcell,HSPC,0.9642857142857143,0.9310344827586207,29
P4,43,marker_tcell,ILC,0.7272727272727272,0.8,5
P4,43,marker_tcell,MAIT,0.9827586206896552,0.9790076335877863,1048
P4,43,marker_tcell,NK Proliferating,0.9523809523809523,0.9375,32
P4,43,marker_tcell,NK_1,0.37499999999999994,0.5714285714285714,21
P4,43,marker_tcell,NK_2,0.9247967479674796,0.9118236472945892,499
P4,43,marker_tcell,NK_3,0.43076923076923074,0.4827586206896552,58
P4,43,marker_tcell,NK_4,0.6909090909090909,0.6031746031746031,63
P4,43,marker_tcell,NK_CD56bright,0.7741935483870969,0.8,15
P4,43,marker_tcell,Plasma,1.0,1.0,37
P4,43,marker_tcell,Plasmablast,1.0,1.0,2
P4,43,marker_tcell,Platelet,0.9312977099236642,0.8840579710144928,69
P4,43,marker_tcell,Treg Memory,0.8507718696397942,0.8794326241134752,282
P4,43,marker_tcell,Treg Naive,0.6694214876033059,0.7788461538461539,104
P4,43,marker_tcell,cDC1,0.9818181818181818,1.0,27
P4,43,marker_tcell,cDC2_1,0.6486486486486487,0.7792207792207793,77
P4,43,marker_tcell,cDC2_2,0.9101123595505617,0.8950276243093923,181
P4,43,marker_tcell,dnT_1,0.4810126582278481,0.76,25
P4,43,marker_tcell,dnT_2,0.9142857142857143,0.9411764705882353,17
P4,43,marker_tcell,gdT_1,0.8928571428571428,0.819672131147541,61
P4,43,marker_tcell,gdT_2,0.0,0.0,6
P4,43,marker_tcell,gdT_3,0.90625,0.9886363636363636,88
P4,43,marker_tcell,gdT_4,0.6904761904761905,0.8529411764705882,34
P4,43,marker_tcell,pDC,1.0,1.0,40
P4,43,rna_only,ASDC_mDC,0.6666666666666665,0.6,5
P4,43,rna_only,ASDC_pDC,0.8,0.6666666666666666,3
P4,43,rna_only,B intermediate kappa,0.8583690987124463,0.9009009009009009,111
P4,43,rna_only,B intermediate lambda,0.7906976744186046,0.7906976744186046,86
P4,43,rna_only,B memory kappa,0.9257950530035336,0.89419795221843,293
P4,43,rna_only,B memory lambda,0.8671874999999999,0.9487179487179487,117
P4,43,rna_only,B naive kappa,0.9026737967914439,0.8612244897959184,490
P4,43,rna_only,B naive lambda,0.7873563218390804,0.85625,160
P4,43,rna_only,CD14 Mono,0.9887901861252114,0.9883720930232558,4730
P4,43,rna_only,CD16 Mono,0.9432314410480349,0.9432314410480349,458
P4,43,rna_only,CD4 CTL,0.631578947368421,0.6,10
P4,43,rna_only,CD4 Naive,0.9279231179925255,0.9113791295228107,1907
P4,43,rna_only,CD4 Proliferating,0.8,1.0,12
P4,43,rna_only,CD4 TCM_1,0.8136094674556212,0.7994186046511628,1376
P4,43,rna_only,CD4 TCM_2,0.752,0.6619718309859155,71
P4,43,rna_only,CD4 TCM_3,0.7791063561988673,0.7613776137761378,813
P4,43,rna_only,CD4 TEM_1,0.6493506493506492,0.7751937984496124,129
P4,43,rna_only,CD4 TEM_2,0.7076923076923076,0.6699029126213593,103
P4,43,rna_only,CD4 TEM_3,0.5524861878453038,0.528169014084507,284
P4,43,rna_only,CD4 TEM_4,0.2222222222222222,0.16666666666666666,12
P4,43,rna_only,CD8 Naive,0.9481481481481482,0.9807037457434733,1762
P4,43,rna_only,CD8 Naive_2,0.4363636363636363,0.3,40
P4,43,rna_only,CD8 Proliferating,0.6666666666666666,0.5,4
P4,43,rna_only,CD8 TCM_1,0.5314285714285715,0.6241610738255033,149
P4,43,rna_only,CD8 TCM_2,0.7391304347826088,0.6459412780656304,579
P4,43,rna_only,CD8 TCM_3,0.5747126436781609,0.6756756756756757,37
P4,43,rna_only,CD8 TEM_1,0.8810408921933086,0.9221789883268483,257
P4,43,rna_only,CD8 TEM_2,0.6015037593984962,0.7547169811320755,53
P4,43,rna_only,CD8 TEM_3,0.42857142857142855,0.42857142857142855,21
P4,43,rna_only,CD8 TEM_4,0.7553191489361702,0.6283185840707964,113
P4,43,rna_only,CD8 TEM_5,0.11764705882352941,0.125,8
P4,43,rna_only,CD8 TEM_6,0.7307692307692306,0.7307692307692307,26
P4,43,rna_only,Doublet,0.509090909090909,0.3684210526315789,38
P4,43,rna_only,Eryth,0.7647058823529412,1.0,13
P4,43,rna_only,HSPC,0.9642857142857143,0.9310344827586207,29
P4,43,rna_only,ILC,0.888888888888889,0.8,5
P4,43,rna_only,MAIT,0.9741131351869606,0.9694656488549618,1048
P4,43,rna_only,NK Proliferating,0.9152542372881356,0.84375,32
P4,43,rna_only,NK_1,0.30769230769230765,0.47619047619047616,21
P4,43,rna_only,NK_2,0.9227642276422764,0.9098196392785571,499
P4,43,rna_only,NK_3,0.4444444444444445,0.4827586206896552,58
P4,43,rna_only,NK_4,0.6548672566371682,0.5873015873015873,63
P4,43,rna_only,NK_CD56bright,0.689655172413793,0.6666666666666666,15
P4,43,rna_only,Plasma,1.0,1.0,37
P4,43,rna_only,Plasmablast,1.0,1.0,2
P4,43,rna_only,Platelet,0.9160305343511451,0.8695652173913043,69
P4,43,rna_only,Treg Memory,0.8100840336134454,0.8546099290780141,282
P4,43,rna_only,Treg Naive,0.47852760736196326,0.75,104
P4,43,rna_only,cDC1,0.9818181818181818,1.0,27
P4,43,rna_only,cDC2_1,0.6432748538011696,0.7142857142857143,77
P4,43,rna_only,cDC2_2,0.9120879120879122,0.9171270718232044,181
P4,43,rna_only,dnT_1,0.48387096774193555,0.6,25
P4,43,rna_only,dnT_2,0.9411764705882353,0.9411764705882353,17
P4,43,rna_only,gdT_1,0.8750000000000001,0.8032786885245902,61
P4,43,rna_only,gdT_2,0.0,0.0,6
P4,43,rna_only,gdT_3,0.8478260869565218,0.8863636363636364,88
P4,43,rna_only,gdT_4,0.696969696969697,0.6764705882352942,34
P4,43,rna_only,pDC,1.0,1.0,40
P4,43,random_size_matched_6,ASDC_mDC,0.6666666666666665,0.6,5
P4,43,random_size_matched_6,ASDC_pDC,0.8,0.6666666666666666,3
P4,43,random_size_matched_6,B intermediate kappa,0.8620689655172413,0.9009009009009009,111
P4,43,random_size_matched_6,B intermediate lambda,0.8304093567251463,0.8255813953488372,86
P4,43,random_size_matched_6,B memory kappa,0.92226148409894,0.8907849829351536,293
P4,43,random_size_matched_6,B memory lambda,0.8764940239043824,0.9401709401709402,117
P4,43,random_size_matched_6,B naive kappa,0.9205020920502092,0.8979591836734694,490
P4,43,random_size_matched_6,B naive lambda,0.8392857142857142,0.88125,160
P4,43,random_size_matched_6,CD14 Mono,0.99005501481168,0.9892177589852008,4730
P4,43,random_size_matched_6,CD16 Mono,0.9501661129568107,0.9366812227074236,458
P4,43,random_size_matched_6,CD4 CTL,0.8235294117647058,0.7,10
P4,43,random_size_matched_6,CD4 Naive,0.9593582887700534,0.940744625065548,1907
P4,43,random_size_matched_6,CD4 Proliferating,0.8148148148148148,0.9166666666666666,12
P4,43,random_size_matched_6,CD4 TCM_1,0.854525467204104,0.8473837209302325,1376
P4,43,random_size_matched_6,CD4 TCM_2,0.7521367521367522,0.6197183098591549,71
P4,43,random_size_matched_6,CD4 TCM_3,0.8307307932542162,0.8179581795817958,813
P4,43,random_size_matched_6,CD4 TEM_1,0.6222222222222222,0.8682170542635659,129
P4,43,random_size_matched_6,CD4 TEM_2,0.8198198198198198,0.883495145631068,103
P4,43,random_size_matched_6,CD4 TEM_3,0.6795491143317229,0.7429577464788732,284
P4,43,random_size_matched_6,CD4 TEM_4,0.45454545454545453,0.4166666666666667,12
P4,43,random_size_matched_6,CD8 Naive,0.966657326982348,0.9790011350737798,1762
P4,43,random_size_matched_6,CD8 Naive_2,0.5396825396825397,0.425,40
P4,43,random_size_matched_6,CD8 Proliferating,0.4,0.25,4
P4,43,random_size_matched_6,CD8 TCM_1,0.6492753623188405,0.7516778523489933,149
P4,43,random_size_matched_6,CD8 TCM_2,0.8656447249774571,0.8290155440414507,579
P4,43,random_size_matched_6,CD8 TCM_3,0.7536231884057971,0.7027027027027027,37
P4,43,random_size_matched_6,CD8 TEM_1,0.9275929549902154,0.9221789883268483,257
P4,43,random_size_matched_6,CD8 TEM_2,0.6277372262773723,0.8113207547169812,53
P4,43,random_size_matched_6,CD8 TEM_3,0.5714285714285714,0.47619047619047616,21
P4,43,random_size_matched_6,CD8 TEM_4,0.7619047619047619,0.6371681415929203,113
P4,43,random_size_matched_6,CD8 TEM_5,0.2,0.125,8
P4,43,random_size_matched_6,CD8 TEM_6,0.8510638297872339,0.7692307692307693,26
P4,43,random_size_matched_6,Doublet,0.6129032258064516,0.5,38
P4,43,random_size_matched_6,Eryth,0.8666666666666666,1.0,13
P4,43,random_size_matched_6,HSPC,0.9642857142857143,0.9310344827586207,29
P4,43,random_size_matched_6,ILC,0.8000000000000002,0.8,5
P4,43,random_size_matched_6,MAIT,0.9591736350221348,0.9303435114503816,1048
P4,43,random_size_matched_6,NK Proliferating,0.9523809523809523,0.9375,32
P4,43,random_size_matched_6,NK_1,0.41379310344827586,0.5714285714285714,21
P4,43,random_size_matched_6,NK_2,0.9263370332996973,0.9198396793587175,499
P4,43,random_size_matched_6,NK_3,0.47540983606557374,0.5,58
P4,43,random_size_matched_6,NK_4,0.706896551724138,0.6507936507936508,63
P4,43,random_size_matched_6,NK_CD56bright,0.8000000000000002,0.8,15
P4,43,random_size_matched_6,Plasma,0.9866666666666666,1.0,37
P4,43,random_size_matched_6,Plasmablast,1.0,1.0,2
P4,43,random_size_matched_6,Platelet,0.9312977099236642,0.8840579710144928,69
P4,43,random_size_matched_6,Treg Memory,0.8493150684931506,0.8794326241134752,282
P4,43,random_size_matched_6,Treg Naive,0.6525423728813559,0.7403846153846154,104
P4,43,random_size_matched_6,cDC1,0.9818181818181818,1.0,27
P4,43,random_size_matched_6,cDC2_1,0.6559139784946237,0.7922077922077922,77
P4,43,random_size_matched_6,cDC2_2,0.9131652661064426,0.9005524861878453,181
P4,43,random_size_matched_6,dnT_1,0.6551724137931034,0.76,25
P4,43,random_size_matched_6,dnT_2,0.9411764705882353,0.9411764705882353,17
P4,43,random_size_matched_6,gdT_1,0.9256198347107439,0.9180327868852459,61
P4,43,random_size_matched_6,gdT_2,0.2857142857142857,0.16666666666666666,6
P4,43,random_size_matched_6,gdT_3,0.9347826086956522,0.9772727272727273,88
P4,43,random_size_matched_6,gdT_4,0.7605633802816901,0.7941176470588235,34
P4,43,random_size_matched_6,pDC,1.0,1.0,40
P4,43,random_size_matched_15,ASDC_mDC,0.6666666666666665,0.6,5
P4,43,random_size_matched_15,ASDC_pDC,0.8,0.6666666666666666,3
P4,43,random_size_matched_15,B intermediate kappa,0.8658008658008659,0.9009009009009009,111
P4,43,random_size_matched_15,B intermediate lambda,0.8023952095808382,0.7790697674418605,86
P4,43,random_size_matched_15,B memory kappa,0.9257950530035336,0.89419795221843,293
P4,43,random_size_matched_15,B memory lambda,0.873015873015873,0.9401709401709402,117
P4,43,random_size_matched_15,B naive kappa,0.9205020920502092,0.8979591836734694,490
P4,43,random_size_matched_15,B naive lambda,0.8318584070796461,0.88125,160
P4,43,random_size_matched_15,CD14 Mono,0.9892200380469245,0.9894291754756871,4730
P4,43,random_size_matched_15,CD16 Mono,0.947603121516165,0.9279475982532751,458
P4,43,random_size_matched_15,CD4 CTL,0.8235294117647058,0.7,10
P4,43,random_size_matched_15,CD4 Naive,0.9585450655255416,0.9396958573675931,1907
P4,43,random_size_matched_15,CD4 Proliferating,0.8148148148148148,0.9166666666666666,12
P4,43,random_size_matched_15,CD4 TCM_1,0.8535353535353535,0.8597383720930233,1376
P4,43,random_size_matched_15,CD4 TCM_2,0.7521367521367522,0.6197183098591549,71
P4,43,random_size_matched_15,CD4 TCM_3,0.8313176320814767,0.8031980319803198,813
P4,43,random_size_matched_15,CD4 TEM_1,0.6136986301369863,0.8682170542635659,129
P4,43,random_size_matched_15,CD4 TEM_2,0.8068669527896994,0.912621359223301,103
P4,43,random_size_matched_15,CD4 TEM_3,0.6688741721854304,0.7112676056338029,284
P4,43,random_size_matched_15,CD4 TEM_4,0.4761904761904762,0.4166666666666667,12
P4,43,random_size_matched_15,CD8 Naive,0.9658645775041971,0.9795686719636776,1762
P4,43,random_size_matched_15,CD8 Naive_2,0.53125,0.425,40
P4,43,random_size_matched_15,CD8 Proliferating,0.4,0.25,4
P4,43,random_size_matched_15,CD8 TCM_1,0.6483180428134556,0.7114093959731543,149
P4,43,random_size_matched_15,CD8 TCM_2,0.8650580875781948,0.8359240069084629,579
P4,43,random_size_matched_15,CD8 TCM_3,0.7826086956521738,0.7297297297297297,37
P4,43,random_size_matched_15,CD8 TEM_1,0.9320388349514562,0.933852140077821,257
P4,43,random_size_matched_15,CD8 TEM_2,0.6231884057971014,0.8113207547169812,53
P4,43,random_size_matched_15,CD8 TEM_3,0.5714285714285714,0.47619047619047616,21
P4,43,random_size_matched_15,CD8 TEM_4,0.7486631016042781,0.6194690265486725,113
P4,43,random_size_matched_15,CD8 TEM_5,0.18181818181818182,0.125,8
P4,43,random_size_matched_15,CD8 TEM_6,0.8333333333333333,0.7692307692307693,26
P4,43,random_size_matched_15,Doublet,0.5517241379310345,0.42105263157894735,38
P4,43,random_size_matched_15,Eryth,0.8000000000000002,0.9230769230769231,13
P4,43,random_size_matched_15,HSPC,0.9642857142857143,0.9310344827586207,29
P4,43,random_size_matched_15,ILC,0.8333333333333333,1.0,5
P4,43,random_size_matched_15,MAIT,0.9512922465208747,0.9131679389312977,1048
P4,43,random_size_matched_15,NK Proliferating,0.9523809523809523,0.9375,32
P4,43,random_size_matched_15,NK_1,0.3934426229508196,0.5714285714285714,21
P4,43,random_size_matched_15,NK_2,0.9282103134479273,0.9198396793587175,499
P4,43,random_size_matched_15,NK_3,0.4881889763779527,0.5344827586206896,58
P4,43,random_size_matched_15,NK_4,0.7142857142857143,0.6349206349206349,63
P4,43,random_size_matched_15,NK_CD56bright,0.8000000000000002,0.8,15
P4,43,random_size_matched_15,Plasma,0.9866666666666666,1.0,37
P4,43,random_size_matched_15,Plasmablast,1.0,1.0,2
P4,43,random_size_matched_15,Platelet,0.923076923076923,0.8695652173913043,69
P4,43,random_size_matched_15,Treg Memory,0.8445945945945944,0.8865248226950354,282
P4,43,random_size_matched_15,Treg Naive,0.6666666666666665,0.75,104
P4,43,random_size_matched_15,cDC1,0.9818181818181818,1.0,27
P4,43,random_size_matched_15,cDC2_1,0.6524064171122995,0.7922077922077922,77
P4,43,random_size_matched_15,cDC2_2,0.9101123595505617,0.8950276243093923,181
P4,43,random_size_matched_15,dnT_1,0.7142857142857142,0.8,25
P4,43,random_size_matched_15,dnT_2,0.9411764705882353,0.9411764705882353,17
P4,43,random_size_matched_15,gdT_1,0.9411764705882353,0.9180327868852459,61
P4,43,random_size_matched_15,gdT_2,0.2857142857142857,0.16666666666666666,6
P4,43,random_size_matched_15,gdT_3,0.9247311827956989,0.9772727272727273,88
P4,43,random_size_matched_15,gdT_4,0.8219178082191781,0.8823529411764706,34
P4,43,random_size_matched_15,pDC,1.0,1.0,40
P5,41,full,ASDC_mDC,0.9090909090909091,0.8333333333333334,6
P5,41,full,ASDC_pDC,0.875,0.875,8
P5,41,full,B intermediate kappa,0.864,0.9700598802395209,167
P5,41,full,B intermediate lambda,0.858085808580858,0.8125,160
P5,41,full,B memory kappa,0.9016786570743405,0.8506787330316742,221
P5,41,full,B memory lambda,0.9174311926605505,0.9493670886075949,158
P5,41,full,B naive kappa,0.889661164205039,0.8258064516129032,620
P5,41,full,B naive lambda,0.8591836734693878,0.9334811529933481,451
P5,41,full,CD14 Mono,0.9824367307426359,0.9917632276978919,7163
P5,41,full,CD16 Mono,0.9093198992443324,0.840512223515716,859
P5,41,full,CD4 CTL,0.9855072463768115,0.9714285714285714,35
P5,41,full,CD4 Naive,0.9828027808269301,0.9753086419753086,1377
P5,41,full,CD4 Proliferating,0.5714285714285714,0.5714285714285714,7
P5,41,full,CD4 TCM_1,0.8215568862275449,0.8427518427518428,407
P5,41,full,CD4 TCM_2,0.7868852459016393,0.7741935483870968,31
P5,41,full,CD4 TCM_3,0.8935148118494795,0.9117647058823529,612
P5,41,full,CD4 TEM_1,0.7563025210084033,0.6666666666666666,135
P5,41,full,CD4 TEM_2,0.5925925925925926,0.5925925925925926,27
P5,41,full,CD4 TEM_3,0.819047619047619,0.8113207547169812,212
P5,41,full,CD4 TEM_4,0.6,0.5,6
P5,41,full,CD8 Naive,0.9765474817377932,0.9613928841786525,1321
P5,41,full,CD8 Naive_2,0.4915254237288136,0.7435897435897436,39
P5,41,full,CD8 Proliferating,0.7999999999999999,0.75,16
P5,41,full,CD8 TCM_1,0.6885245901639344,0.6666666666666666,63
P5,41,full,CD8 TCM_2,0.9263157894736842,0.9263157894736842,95
P5,41,full,CD8 TCM_3,0.88,0.9428571428571428,70
P5,41,full,CD8 TEM_1,0.8719211822660098,0.84688995215311,209
P5,41,full,CD8 TEM_2,0.7823765020026702,0.7325,400
P5,41,full,CD8 TEM_3,0.6451612903225806,0.6666666666666666,15
P5,41,full,CD8 TEM_4,0.6607669616519174,0.6095238095238096,735
P5,41,full,CD8 TEM_5,0.6954225352112676,0.8161157024793388,484
P5,41,full,CD8 TEM_6,0.9433962264150944,0.9493670886075949,158
P5,41,full,Doublet,0.6733668341708543,0.5403225806451613,124
P5,41,full,Eryth,0.8,1.0,4
P5,41,full,HSPC,1.0,1.0,7
P5,41,full,ILC,0.9523809523809523,1.0,30
P5,41,full,MAIT,0.9718004338394793,0.9911504424778761,226
P5,41,full,NK Proliferating,0.942084942084942,0.9682539682539683,126
P5,41,full,NK_1,0.8728103579588729,0.8438880706921944,679
P5,41,full,NK_2,0.8958915037893898,0.8948207171314742,1255
P5,41,full,NK_3,0.75,0.808252427184466,412
P5,41,full,NK_4,0.7277628032345013,0.6958762886597938,194
P5,41,full,NK_CD56bright,0.9518716577540107,0.9468085106382979,94
P5,41,full,Plasma,0.972972972972973,1.0,18
P5,41,full,Plasmablast,1.0,1.0,3
P5,41,full,Platelet,0.9665192672141504,0.9720457433290979,787
P5,41,full,Treg Memory,0.7605633802816901,0.8181818181818182,33
P5,41,full,Treg Naive,0.8444444444444444,0.8837209302325582,43
P5,41,full,cDC1,0.9615384615384616,0.9615384615384616,26
P5,41,full,cDC2_1,0.7372262773722628,0.8782608695652174,115
P5,41,full,cDC2_2,0.9504643962848296,0.9246987951807228,332
P5,41,full,dnT_1,0.0,0.0,5
P5,41,full,dnT_2,1.0,1.0,2
P5,41,full,gdT_1,0.9876543209876543,0.9824561403508771,570
P5,41,full,gdT_2,0.9206349206349207,0.8854961832061069,131
P5,41,full,gdT_3,0.9298892988929889,0.984375,128
P5,41,full,gdT_4,0.6190476190476191,0.6842105263157895,19
P5,41,full,pDC,0.9972451790633609,1.0,181
P5,41,random_10,ASDC_mDC,0.9090909090909091,0.8333333333333334,6
P5,41,random_10,ASDC_pDC,0.875,0.875,8
P5,41,random_10,B intermediate kappa,0.8709677419354839,0.9700598802395209,167
P5,41,random_10,B intermediate lambda,0.8646864686468647,0.81875,160
P5,41,random_10,B memory kappa,0.9164677804295943,0.8687782805429864,221
P5,41,random_10,B memory lambda,0.918429003021148,0.9620253164556962,158
P5,41,random_10,B naive kappa,0.8980291345329906,0.8451612903225807,620
P5,41,random_10,B naive lambda,0.8666666666666667,0.9223946784922394,451
P5,41,random_10,CD14 Mono,0.9825870646766169,0.9926008655591233,7163
P5,41,random_10,CD16 Mono,0.9102322661644696,0.8440046565774156,859
P5,41,random_10,CD4 CTL,0.9855072463768115,0.9714285714285714,35
P5,41,random_10,CD4 Naive,0.982070984266374,0.9745824255628177,1377
P5,41,random_10,CD4 Proliferating,0.6153846153846153,0.5714285714285714,7
P5,41,random_10,CD4 TCM_1,0.8166666666666667,0.8427518427518428,407
P5,41,random_10,CD4 TCM_2,0.7500000000000001,0.7741935483870968,31
P5,41,random_10,CD4 TCM_3,0.8967741935483872,0.9084967320261438,612
P5,41,random_10,CD4 TEM_1,0.757201646090535,0.6814814814814815,135
P5,41,random_10,CD4 TEM_2,0.5818181818181818,0.5925925925925926,27
P5,41,random_10,CD4 TEM_3,0.8135593220338984,0.7924528301886793,212
P5,41,random_10,CD4 TEM_4,0.5714285714285715,0.6666666666666666,6
P5,41,random_10,CD8 Naive,0.9781525488692986,0.9659348978046934,1321
P5,41,random_10,CD8 Naive_2,0.5,0.7435897435897436,39
P5,41,random_10,CD8 Proliferating,0.8666666666666666,0.8125,16
P5,41,random_10,CD8 TCM_1,0.6610169491525425,0.6190476190476191,63
P5,41,random_10,CD8 TCM_2,0.881720430107527,0.8631578947368421,95
P5,41,random_10,CD8 TCM_3,0.8627450980392157,0.9428571428571428,70
P5,41,random_10,CD8 TEM_1,0.8656716417910447,0.8325358851674641,209
P5,41,random_10,CD8 TEM_2,0.7810810810810811,0.7225,400
P5,41,random_10,CD8 TEM_3,0.6451612903225806,0.6666666666666666,15
P5,41,random_10,CD8 TEM_4,0.671919770773639,0.638095238095238,735
P5,41,random_10,CD8 TEM_5,0.6919602529358627,0.7913223140495868,484
P5,41,random_10,CD8 TEM_6,0.9559748427672956,0.9620253164556962,158
P5,41,random_10,Doublet,0.5957446808510638,0.45161290322580644,124
P5,41,random_10,Eryth,0.8,1.0,4
P5,41,random_10,HSPC,0.9333333333333333,1.0,7
P5,41,random_10,ILC,0.9206349206349207,0.9666666666666667,30
P5,41,random_10,MAIT,0.9634408602150538,0.9911504424778761,226
P5,41,random_10,NK Proliferating,0.9384615384615386,0.9682539682539683,126
P5,41,random_10,NK_1,0.8716814159292035,0.8703976435935199,679
P5,41,random_10,NK_2,0.9027113237639554,0.90199203187251,1255
P5,41,random_10,NK_3,0.751173708920188,0.7766990291262136,412
P5,41,random_10,NK_4,0.7333333333333334,0.6804123711340206,194
P5,41,random_10,NK_CD56bright,0.9518716577540107,0.9468085106382979,94
P5,41,random_10,Plasma,0.972972972972973,1.0,18
P5,41,random_10,Plasmablast,1.0,1.0,3
P5,41,random_10,Platelet,0.966603654694392,0.974587039390089,787
P5,41,random_10,Treg Memory,0.7397260273972603,0.8181818181818182,33
P5,41,random_10,Treg Naive,0.8421052631578948,0.9302325581395349,43
P5,41,random_10,cDC1,0.9615384615384616,0.9615384615384616,26
P5,41,random_10,cDC2_1,0.748091603053435,0.8521739130434782,115
P5,41,random_10,cDC2_2,0.9426356589147286,0.9156626506024096,332
P5,41,random_10,dnT_1,0.0,0.0,5
P5,41,random_10,dnT_2,1.0,1.0,2
P5,41,random_10,gdT_1,0.9831709477413639,0.9736842105263158,570
P5,41,random_10,gdT_2,0.9098039215686274,0.8854961832061069,131
P5,41,random_10,gdT_3,0.9398496240601504,0.9765625,128
P5,41,random_10,gdT_4,0.5333333333333333,0.631578947368421,19
P5,41,random_10,pDC,0.9972451790633609,1.0,181
P5,41,random_30,ASDC_mDC,0.8333333333333334,0.8333333333333334,6
P5,41,random_30,ASDC_pDC,0.875,0.875,8
P5,41,random_30,B intermediate kappa,0.8421052631578948,0.9580838323353293,167
P5,41,random_30,B intermediate lambda,0.8417508417508417,0.78125,160
P5,41,random_30,B memory kappa,0.9038461538461539,0.8506787330316742,221
P5,41,random_30,B memory lambda,0.9179331306990881,0.9556962025316456,158
P5,41,random_30,B naive kappa,0.8496376811594204,0.7564516129032258,620
P5,41,random_30,B naive lambda,0.8304093567251462,0.9445676274944568,451
P5,41,random_30,CD14 Mono,0.9804569226534545,0.9945553539019963,7163
P5,41,random_30,CD16 Mono,0.8904548366431774,0.8090803259604191,859
P5,41,random_30,CD4 CTL,0.9855072463768115,0.9714285714285714,35
P5,41,random_30,CD4 Naive,0.9805647231389806,0.9709513435003632,1377
P5,41,random_30,CD4 Proliferating,0.5454545454545454,0.42857142857142855,7
P5,41,random_30,CD4 TCM_1,0.8009592326139089,0.8206388206388207,407
P5,41,random_30,CD4 TCM_2,0.7457627118644068,0.7096774193548387,31
P5,41,random_30,CD4 TCM_3,0.880513231756215,0.8970588235294118,612
P5,41,random_30,CD4 TEM_1,0.7468879668049793,0.6666666666666666,135
P5,41,random_30,CD4 TEM_2,0.6101694915254238,0.6666666666666666,27
P5,41,random_30,CD4 TEM_3,0.8091954022988507,0.8301886792452831,212
P5,41,random_30,CD4 TEM_4,0.0,0.0,6
P5,41,random_30,CD8 Naive,0.9608457321848081,0.9288417865253595,1321
P5,41,random_30,CD8 Naive_2,0.43165467625899284,0.7692307692307693,39
P5,41,random_30,CD8 Proliferating,0.7407407407407406,0.625,16
P5,41,random_30,CD8 TCM_1,0.5901639344262296,0.5714285714285714,63
P5,41,random_30,CD8 TCM_2,0.8487804878048781,0.9157894736842105,95
P5,41,random_30,CD8 TCM_3,0.8345323741007195,0.8285714285714286,70
P5,41,random_30,CD8 TEM_1,0.8500000000000001,0.8133971291866029,209
P5,41,random_30,CD8 TEM_2,0.7706422018348624,0.735,400
P5,41,random_30,CD8 TEM_3,0.7586206896551724,0.7333333333333333,15
P5,41,random_30,CD8 TEM_4,0.6224648985959438,0.5428571428571428,735
P5,41,random_30,CD8 TEM_5,0.6845753899480069,0.8161157024793388,484
P5,41,random_30,CD8 TEM_6,0.896774193548387,0.879746835443038,158
P5,41,random_30,Doublet,0.5555555555555555,0.4032258064516129,124
P5,41,random_30,Eryth,0.8,1.0,4
P5,41,random_30,HSPC,1.0,1.0,7
P5,41,random_30,ILC,0.9180327868852459,0.9333333333333333,30
P5,41,random_30,MAIT,0.9612068965517242,0.9867256637168141,226
P5,41,random_30,NK Proliferating,0.9172932330827068,0.9682539682539683,126
P5,41,random_30,NK_1,0.8623024830699775,0.8438880706921944,679
P5,41,random_30,NK_2,0.8879138412445153,0.8868525896414342,1255
P5,41,random_30,NK_3,0.7347417840375586,0.7597087378640777,412
P5,41,random_30,NK_4,0.7179487179487181,0.7216494845360825,194
P5,41,random_30,NK_CD56bright,0.9473684210526315,0.9574468085106383,94
P5,41,random_30,Plasma,0.972972972972973,1.0,18
P5,41,random_30,Plasmablast,1.0,1.0,3
P5,41,random_30,Platelet,0.9705882352941176,0.9644218551461246,787
P5,41,random_30,Treg Memory,0.7567567567567567,0.8484848484848485,33
P5,41,random_30,Treg Naive,0.8139534883720931,0.813953488372093,43
P5,41,random_30,cDC1,0.9615384615384616,0.9615384615384616,26
P5,41,random_30,cDC2_1,0.7415730337078651,0.8608695652173913,115
P5,41,random_30,cDC2_2,0.9356357927786498,0.8975903614457831,332
P5,41,random_30,dnT_1,0.0,0.0,5
P5,41,random_30,dnT_2,1.0,1.0,2
P5,41,random_30,gdT_1,0.9840707964601771,0.9754385964912281,570
P5,41,random_30,gdT_2,0.7372013651877134,0.8244274809160306,131
P5,41,random_30,gdT_3,0.8541666666666667,0.9609375,128
P5,41,random_30,gdT_4,0.35714285714285715,0.5263157894736842,19
P5,41,random_30,pDC,0.9972451790633609,1.0,181
P5,41,random_50,ASDC_mDC,0.9090909090909091,0.8333333333333334,6
P5,41,random_50,ASDC_pDC,0.875,0.875,8
P5,41,random_50,B intermediate kappa,0.8393782383419688,0.9700598802395209,167
P5,41,random_50,B intermediate lambda,0.8729641693811075,0.8375,160
P5,41,random_50,B memory kappa,0.9086538461538461,0.8552036199095022,221
P5,41,random_50,B memory lambda,0.926829268292683,0.9620253164556962,158
P5,41,random_50,B naive kappa,0.8704845814977974,0.7967741935483871,620
P5,41,random_50,B naive lambda,0.8463886063072228,0.9223946784922394,451
P5,41,random_50,CD14 Mono,0.9825288308818452,0.9931592907999441,7163
P5,41,random_50,CD16 Mono,0.9180737961225766,0.8544819557625145,859
P5,41,random_50,CD4 CTL,0.9275362318840579,0.9142857142857143,35
P5,41,random_50,CD4 Naive,0.9822528069540023,0.9847494553376906,1377
P5,41,random_50,CD4 Proliferating,0.5454545454545454,0.42857142857142855,7
P5,41,random_50,CD4 TCM_1,0.7924528301886792,0.8255528255528255,407
P5,41,random_50,CD4 TCM_2,0.7241379310344828,0.6774193548387096,31
P5,41,random_50,CD4 TCM_3,0.874487284659557,0.8709150326797386,612
P5,41,random_50,CD4 TEM_1,0.6991150442477877,0.5851851851851851,135
P5,41,random_50,CD4 TEM_2,0.4615384615384615,0.4444444444444444,27
P5,41,random_50,CD4 TEM_3,0.7895981087470448,0.7877358490566038,212
P5,41,random_50,CD4 TEM_4,0.5714285714285715,0.6666666666666666,6
P5,41,random_50,CD8 Naive,0.9605930550136559,0.9318697956093869,1321
P5,41,random_50,CD8 Naive_2,0.3660130718954248,0.717948717948718,39
P5,41,random_50,CD8 Proliferating,0.8275862068965517,0.75,16
P5,41,random_50,CD8 TCM_1,0.6611570247933884,0.6349206349206349,63
P5,41,random_50,CD8 TCM_2,0.8526315789473685,0.8526315789473684,95
P5,41,random_50,CD8 TCM_3,0.8933333333333334,0.9571428571428572,70
P5,41,random_50,CD8 TEM_1,0.8455696202531645,0.7990430622009569,209
P5,41,random_50,CD8 TEM_2,0.7813333333333334,0.7325,400
P5,41,random_50,CD8 TEM_3,0.5789473684210527,0.7333333333333333,15
P5,41,random_50,CD8 TEM_4,0.7020570670205707,0.7197278911564626,735
P5,41,random_50,CD8 TEM_5,0.6686868686868687,0.6838842975206612,484
P5,41,random_50,CD8 TEM_6,0.926517571884984,0.9177215189873418,158
P5,41,random_50,Doublet,0.5371428571428571,0.3790322580645161,124
P5,41,random_50,Eryth,0.7272727272727273,1.0,4
P5,41,random_50,HSPC,0.9333333333333333,1.0,7
P5,41,random_50,ILC,0.8923076923076922,0.9666666666666667,30
P5,41,random_50,MAIT,0.9612068965517242,0.9867256637168141,226
P5,41,random_50,NK Proliferating,0.9318181818181818,0.9761904761904762,126
P5,41,random_50,NK_1,0.8592375366568916,0.8630338733431517,679
P5,41,random_50,NK_2,0.8851791530944625,0.8661354581673307,1255
P5,41,random_50,NK_3,0.7250280583613916,0.7839805825242718,412
P5,41,random_50,NK_4,0.6994535519125683,0.6597938144329897,194
P5,41,random_50,NK_CD56bright,0.9523809523809523,0.9574468085106383,94
P5,41,random_50,Plasma,1.0,1.0,18
P5,41,random_50,Plasmablast,1.0,1.0,3
P5,41,random_50,Platelet,0.967453733248245,0.963151207115629,787
P5,41,random_50,Treg Memory,0.7397260273972603,0.8181818181818182,33
P5,41,random_50,Treg Naive,0.8163265306122448,0.9302325581395349,43
P5,41,random_50,cDC1,0.9615384615384616,0.9615384615384616,26
P5,41,random_50,cDC2_1,0.7106227106227107,0.8434782608695652,115
P5,41,random_50,cDC2_2,0.9395348837209303,0.9126506024096386,332
P5,41,random_50,dnT_1,0.0,0.0,5
P5,41,random_50,dnT_2,1.0,1.0,2
P5,41,random_50,gdT_1,0.9768683274021351,0.9631578947368421,570
P5,41,random_50,gdT_2,0.9133858267716536,0.8854961832061069,131
P5,41,random_50,gdT_3,0.9169675090252708,0.9921875,128
P5,41,random_50,gdT_4,0.5116279069767442,0.5789473684210527,19
P5,41,random_50,pDC,0.9972451790633609,1.0,181
P5,41,random_70,ASDC_mDC,0.9090909090909091,0.8333333333333334,6
P5,41,random_70,ASDC_pDC,0.875,0.875,8
P5,41,random_70,B intermediate kappa,0.8423772609819122,0.9760479041916168,167
P5,41,random_70,B intermediate lambda,0.8717948717948718,0.85,160
P5,41,random_70,B memory kappa,0.9002433090024331,0.8371040723981901,221
P5,41,random_70,B memory lambda,0.926829268292683,0.9620253164556962,158
P5,41,random_70,B naive kappa,0.8774080560420315,0.8080645161290323,620
P5,41,random_70,B naive lambda,0.8480492813141685,0.9157427937915743,451
P5,41,random_70,CD14 Mono,0.9813348026723604,0.9945553539019963,7163
P5,41,random_70,CD16 Mono,0.8968152866242037,0.819557625145518,859
P5,41,random_70,CD4 CTL,0.9189189189189189,0.9714285714285714,35
P5,41,random_70,CD4 Naive,0.9791590493601463,0.9724037763253449,1377
P5,41,random_70,CD4 Proliferating,0.5454545454545454,0.42857142857142855,7
P5,41,random_70,CD4 TCM_1,0.792494481236203,0.8820638820638821,407
P5,41,random_70,CD4 TCM_2,0.7457627118644068,0.7096774193548387,31
P5,41,random_70,CD4 TCM_3,0.8707818930041153,0.8643790849673203,612
P5,41,random_70,CD4 TEM_1,0.6697247706422019,0.5407407407407407,135
P5,41,random_70,CD4 TEM_2,0.5263157894736842,0.5555555555555556,27
P5,41,random_70,CD4 TEM_3,0.7961630695443647,0.7830188679245284,212
P5,41,random_70,CD4 TEM_4,0.6,0.5,6
P5,41,random_70,CD8 Naive,0.9674418604651164,0.9447388342165026,1321
P5,41,random_70,CD8 Naive_2,0.42748091603053434,0.717948717948718,39
P5,41,random_70,CD8 Proliferating,0.9032258064516129,0.875,16
P5,41,random_70,CD8 TCM_1,0.6065573770491803,0.5873015873015873,63
P5,41,random_70,CD8 TCM_2,0.8541666666666666,0.8631578947368421,95
P5,41,random_70,CD8 TCM_3,0.8874172185430464,0.9571428571428572,70
P5,41,random_70,CD8 TEM_1,0.8329048843187661,0.7751196172248804,209
P5,41,random_70,CD8 TEM_2,0.7698209718670076,0.7525,400
P5,41,random_70,CD8 TEM_3,0.611111111111111,0.7333333333333333,15
P5,41,random_70,CD8 TEM_4,0.6964285714285715,0.689795918367347,735
P5,41,random_70,CD8 TEM_5,0.6699900299102692,0.6942148760330579,484
P5,41,random_70,CD8 TEM_6,0.9013157894736841,0.8670886075949367,158
P5,41,random_70,Doublet,0.5227272727272727,0.3709677419354839,124
P5,41,random_70,Eryth,0.8,1.0,4
P5,41,random_70,HSPC,1.0,1.0,7
P5,41,random_70,ILC,0.9508196721311476,0.9666666666666667,30
P5,41,random_70,MAIT,0.9846153846153847,0.9911504424778761,226
P5,41,random_70,NK Proliferating,0.933852140077821,0.9523809523809523,126
P5,41,random_70,NK_1,0.8486646884272996,0.8424153166421208,679
P5,41,random_70,NK_2,0.8860557768924303,0.8860557768924303,1255
P5,41,random_70,NK_3,0.7217194570135747,0.7742718446601942,412
P5,41,random_70,NK_4,0.6934097421203438,0.6237113402061856,194
P5,41,random_70,NK_CD56bright,0.9405405405405406,0.925531914893617,94
P5,41,random_70,Plasma,1.0,1.0,18
P5,41,random_70,Plasmablast,1.0,1.0,3
P5,41,random_70,Platelet,0.9655172413793103,0.9606099110546379,787
P5,41,random_70,Treg Memory,0.732394366197183,0.7878787878787878,33
P5,41,random_70,Treg Naive,0.761904761904762,0.7441860465116279,43
P5,41,random_70,cDC1,0.9615384615384616,0.9615384615384616,26
P5,41,random_70,cDC2_1,0.7424242424242424,0.8521739130434782,115
P5,41,random_70,cDC2_2,0.9393468118195957,0.9096385542168675,332
P5,41,random_70,dnT_1,0.0,0.0,5
P5,41,random_70,dnT_2,1.0,1.0,2
P5,41,random_70,gdT_1,0.9867841409691629,0.9824561403508771,570
P5,41,random_70,gdT_2,0.8560311284046692,0.8396946564885496,131
P5,41,random_70,gdT_3,0.8985507246376812,0.96875,128
P5,41,random_70,gdT_4,0.35714285714285715,0.5263157894736842,19
P5,41,random_70,pDC,0.9972451790633609,1.0,181
P5,41,marker_memory,ASDC_mDC,0.9090909090909091,0.8333333333333334,6
P5,41,marker_memory,ASDC_pDC,0.875,0.875,8
P5,41,marker_memory,B intermediate kappa,0.864,0.9700598802395209,167
P5,41,marker_memory,B intermediate lambda,0.858085808580858,0.8125,160
P5,41,marker_memory,B memory kappa,0.9069212410501193,0.8597285067873304,221
P5,41,marker_memory,B memory lambda,0.9259259259259259,0.9493670886075949,158
P5,41,marker_memory,B naive kappa,0.8975021533161068,0.8403225806451613,620
P5,41,marker_memory,B naive lambda,0.8639175257731959,0.9290465631929047,451
P5,41,marker_memory,CD14 Mono,0.9823008849557522,0.9917632276978919,7163
P5,41,marker_memory,CD16 Mono,0.908747640025173,0.840512223515716,859
P5,41,marker_memory,CD4 CTL,0.9565217391304348,0.9428571428571428,35
P5,41,marker_memory,CD4 Naive,0.9810080350620891,0.9753086419753086,1377
P5,41,marker_memory,CD4 Proliferating,0.6153846153846153,0.5714285714285714,7
P5,41,marker_memory,CD4 TCM_1,0.803357314148681,0.8230958230958231,407
P5,41,marker_memory,CD4 TCM_2,0.7586206896551724,0.7096774193548387,31
P5,41,marker_memory,CD4 TCM_3,0.8847703464947623,0.8970588235294118,612
P5,41,marker_memory,CD4 TEM_1,0.7372881355932204,0.6444444444444445,135
P5,41,marker_memory,CD4 TEM_2,0.6428571428571429,0.6666666666666666,27
P5,41,marker_memory,CD4 TEM_3,0.812206572769953,0.8160377358490566,212
P5,41,marker_memory,CD4 TEM_4,0.6666666666666666,0.6666666666666666,6
P5,41,marker_memory,CD8 Naive,0.9734104046242775,0.9560938682816048,1321
P5,41,marker_memory,CD8 Naive_2,0.464,0.7435897435897436,39
P5,41,marker_memory,CD8 Proliferating,0.8148148148148148,0.6875,16
P5,41,marker_memory,CD8 TCM_1,0.6504065040650407,0.6349206349206349,63
P5,41,marker_memory,CD8 TCM_2,0.8900523560209423,0.8947368421052632,95
P5,41,marker_memory,CD8 TCM_3,0.868421052631579,0.9428571428571428,70
P5,41,marker_memory,CD8 TEM_1,0.8530120481927711,0.84688995215311,209
P5,41,marker_memory,CD8 TEM_2,0.7704485488126649,0.73,400
P5,41,marker_memory,CD8 TEM_3,0.625,0.6666666666666666,15
P5,41,marker_memory,CD8 TEM_4,0.6786226685796269,0.6435374149659864,735
P5,41,marker_memory,CD8 TEM_5,0.6963788300835656,0.7747933884297521,484
P5,41,marker_memory,CD8 TEM_6,0.9367088607594937,0.9367088607594937,158
P5,41,marker_memory,Doublet,0.6395939086294415,0.5080645161290323,124
P5,41,marker_memory,Eryth,0.8,1.0,4
P5,41,marker_memory,HSPC,0.9333333333333333,1.0,7
P5,41,marker_memory,ILC,0.9375,1.0,30
P5,41,marker_memory,MAIT,0.9803921568627451,0.995575221238938,226
P5,41,marker_memory,NK Proliferating,0.9307692307692308,0.9603174603174603,126
P5,41,marker_memory,NK_1,0.8719512195121951,0.8424153166421208,679
P5,41,marker_memory,NK_2,0.8941459502806736,0.8884462151394422,1255
P5,41,marker_memory,NK_3,0.7472283813747229,0.8179611650485437,412
P5,41,marker_memory,NK_4,0.7223719676549865,0.6907216494845361,194
P5,41,marker_memory,NK_CD56bright,0.9574468085106385,0.9574468085106383,94
P5,41,marker_memory,Plasma,0.972972972972973,1.0,18
P5,41,marker_memory,Plasmablast,1.0,1.0,3
P5,41,marker_memory,Platelet,0.964735516372796,0.9733163913595934,787
P5,41,marker_memory,Treg Memory,0.7428571428571429,0.7878787878787878,33
P5,41,marker_memory,Treg Naive,0.853932584269663,0.8837209302325582,43
P5,41,marker_memory,cDC1,0.9615384615384616,0.9615384615384616,26
P5,41,marker_memory,cDC2_1,0.7272727272727273,0.8695652173913043,115
P5,41,marker_memory,cDC2_2,0.9439252336448598,0.9126506024096386,332
P5,41,marker_memory,dnT_1,0.0,0.0,5
P5,41,marker_memory,dnT_2,1.0,1.0,2
P5,41,marker_memory,gdT_1,0.9885462555066078,0.9842105263157894,570
P5,41,marker_memory,gdT_2,0.9126984126984128,0.8778625954198473,131
P5,41,marker_memory,gdT_3,0.9433962264150944,0.9765625,128
P5,41,marker_memory,gdT_4,0.5531914893617021,0.6842105263157895,19
P5,41,marker_memory,pDC,0.9972451790633609,1.0,181
P5,41,marker_tcell,ASDC_mDC,0.9090909090909091,0.8333333333333334,6
P5,41,marker_tcell,ASDC_pDC,0.875,0.875,8
P5,41,marker_tcell,B intermediate kappa,0.8586666666666667,0.9640718562874252,167
P5,41,marker_tcell,B intermediate lambda,0.858085808580858,0.8125,160
P5,41,marker_tcell,B memory kappa,0.9038461538461539,0.8506787330316742,221
P5,41,marker_tcell,B memory lambda,0.923076923076923,0.9493670886075949,158
P5,41,marker_tcell,B naive kappa,0.888888888888889,0.8258064516129032,620
P5,41,marker_tcell,B naive lambda,0.8574338085539714,0.9334811529933481,451
P5,41,marker_tcell,CD14 Mono,0.9822206848841231,0.9910651961468658,7163
P5,41,marker_tcell,CD16 Mono,0.907488986784141,0.8393480791618161,859
P5,41,marker_tcell,CD4 CTL,0.9705882352941176,0.9428571428571428,35
P5,41,marker_tcell,CD4 Naive,0.9809523809523809,0.9724037763253449,1377
P5,41,marker_tcell,CD4 Proliferating,0.6153846153846153,0.5714285714285714,7
P5,41,marker_tcell,CD4 TCM_1,0.8045112781954887,0.7886977886977887,407
P5,41,marker_tcell,CD4 TCM_2,0.7384615384615385,0.7741935483870968,31
P5,41,marker_tcell,CD4 TCM_3,0.8818040435458787,0.9264705882352942,612
P5,41,marker_tcell,CD4 TEM_1,0.7364016736401673,0.6518518518518519,135
P5,41,marker_tcell,CD4 TEM_2,0.6037735849056604,0.5925925925925926,27
P5,41,marker_tcell,CD4 TEM_3,0.8125,0.7971698113207547,212
P5,41,marker_tcell,CD4 TEM_4,0.5714285714285715,0.6666666666666666,6
P5,41,marker_tcell,CD8 Naive,0.9625585023400937,0.9341408024224073,1321
P5,41,marker_tcell,CD8 Naive_2,0.3973509933774834,0.7692307692307693,39
P5,41,marker_tcell,CD8 Proliferating,0.7692307692307693,0.625,16
P5,41,marker_tcell,CD8 TCM_1,0.6315789473684211,0.5714285714285714,63
P5,41,marker_tcell,CD8 TCM_2,0.8743718592964824,0.9157894736842105,95
P5,41,marker_tcell,CD8 TCM_3,0.8741721854304636,0.9428571428571428,70
P5,41,marker_tcell,CD8 TEM_1,0.8514851485148516,0.8229665071770335,209
P5,41,marker_tcell,CD8 TEM_2,0.7724317295188557,0.7425,400
P5,41,marker_tcell,CD8 TEM_3,0.6285714285714286,0.7333333333333333,15
P5,41,marker_tcell,CD8 TEM_4,0.6175329712955779,0.5414965986394558,735
P5,41,marker_tcell,CD8 TEM_5,0.6757679180887373,0.8181818181818182,484
P5,41,marker_tcell,CD8 TEM_6,0.8903225806451613,0.8734177215189873,158
P5,41,marker_tcell,Doublet,0.6464646464646465,0.5161290322580645,124
P5,41,marker_tcell,Eryth,0.8,1.0,4
P5,41,marker_tcell,HSPC,0.9333333333333333,1.0,7
P5,41,marker_tcell,ILC,0.9508196721311476,0.9666666666666667,30
P5,41,marker_tcell,MAIT,0.9336099585062241,0.995575221238938,226
P5,41,marker_tcell,NK Proliferating,0.9172932330827068,0.9682539682539683,126
P5,41,marker_tcell,NK_1,0.851963746223565,0.8306332842415317,679
P5,41,marker_tcell,NK_2,0.8925029750099167,0.896414342629482,1255
P5,41,marker_tcell,NK_3,0.7430555555555555,0.779126213592233,412
P5,41,marker_tcell,NK_4,0.7272727272727272,0.7010309278350515,194
P5,41,marker_tcell,NK_CD56bright,0.9518716577540107,0.9468085106382979,94
P5,41,marker_tcell,Plasma,0.972972972972973,1.0,18
P5,41,marker_tcell,Plasmablast,1.0,1.0,3
P5,41,marker_tcell,Platelet,0.9653434152488973,0.9733163913595934,787
P5,41,marker_tcell,Treg Memory,0.7466666666666666,0.8484848484848485,33
P5,41,marker_tcell,Treg Naive,0.8602150537634408,0.9302325581395349,43
P5,41,marker_tcell,cDC1,0.9615384615384616,0.9615384615384616,26
P5,41,marker_tcell,cDC2_1,0.7266187050359711,0.8782608695652174,115
P5,41,marker_tcell,cDC2_2,0.9442724458204335,0.9186746987951807,332
P5,41,marker_tcell,dnT_1,0.0,0.0,5
P5,41,marker_tcell,dnT_2,1.0,1.0,2
P5,41,marker_tcell,gdT_1,0.9554140127388536,0.9210526315789473,570
P5,41,marker_tcell,gdT_2,0.8142292490118578,0.7862595419847328,131
P5,41,marker_tcell,gdT_3,0.8773234200743494,0.921875,128
P5,41,marker_tcell,gdT_4,0.3548387096774194,0.5789473684210527,19
P5,41,marker_tcell,pDC,0.9972451790633609,1.0,181
P5,41,rna_only,ASDC_mDC,0.7692307692307692,0.8333333333333334,6
P5,41,rna_only,ASDC_pDC,0.823529411764706,0.875,8
P5,41,rna_only,B intermediate kappa,0.8363636363636364,0.9640718562874252,167
P5,41,rna_only,B intermediate lambda,0.8441558441558441,0.8125,160
P5,41,rna_only,B memory kappa,0.8926829268292683,0.8280542986425339,221
P5,41,rna_only,B memory lambda,0.9254658385093167,0.9430379746835443,158
P5,41,rna_only,B naive kappa,0.8892674616695059,0.8419354838709677,620
P5,41,rna_only,B naive lambda,0.8514644351464435,0.9024390243902439,451
P5,41,rna_only,CD14 Mono,0.9834070796460177,0.9928800781795337,7163
P5,41,rna_only,CD16 Mono,0.9180124223602484,0.860302677532014,859
P5,41,rna_only,CD4 CTL,0.9295774647887323,0.9428571428571428,35
P5,41,rna_only,CD4 Naive,0.9767610748002905,0.9767610748002905,1377
P5,41,rna_only,CD4 Proliferating,0.6153846153846153,0.5714285714285714,7
P5,41,rna_only,CD4 TCM_1,0.770156438026474,0.7862407862407862,407
P5,41,rna_only,CD4 TCM_2,0.6969696969696969,0.7419354838709677,31
P5,41,rna_only,CD4 TCM_3,0.8342857142857143,0.8349673202614379,612
P5,41,rna_only,CD4 TEM_1,0.6919831223628692,0.6074074074074074,135
P5,41,rna_only,CD4 TEM_2,0.5263157894736842,0.5555555555555556,27
P5,41,rna_only,CD4 TEM_3,0.6869158878504673,0.6933962264150944,212
P5,41,rna_only,CD4 TEM_4,0.13333333333333333,0.16666666666666666,6
P5,41,rna_only,CD8 Naive,0.9470774091627172,0.9076457229371688,1321
P5,41,rna_only,CD8 Naive_2,0.3135135135135135,0.7435897435897436,39
P5,41,rna_only,CD8 Proliferating,0.6923076923076923,0.5625,16
P5,41,rna_only,CD8 TCM_1,0.582089552238806,0.6190476190476191,63
P5,41,rna_only,CD8 TCM_2,0.7810650887573964,0.6947368421052632,95
P5,41,rna_only,CD8 TCM_3,0.8163265306122449,0.8571428571428571,70
P5,41,rna_only,CD8 TEM_1,0.8010752688172044,0.7129186602870813,209
P5,41,rna_only,CD8 TEM_2,0.7792848335388409,0.79,400
P5,41,rna_only,CD8 TEM_3,0.6,0.8,15
P5,41,rna_only,CD8 TEM_4,0.652694610778443,0.5931972789115646,735
P5,41,rna_only,CD8 TEM_5,0.6702317290552584,0.7768595041322314,484
P5,41,rna_only,CD8 TEM_6,0.9032258064516129,0.8860759493670886,158
P5,41,rna_only,Doublet,0.5492227979274612,0.4274193548387097,124
P5,41,rna_only,Eryth,0.8,1.0,4
P5,41,rna_only,HSPC,1.0,1.0,7
P5,41,rna_only,ILC,0.9508196721311476,0.9666666666666667,30
P5,41,rna_only,MAIT,0.9570815450643776,0.9867256637168141,226
P5,41,rna_only,NK Proliferating,0.920152091254753,0.9603174603174603,126
P5,41,rna_only,NK_1,0.8388059701492536,0.8276877761413843,679
P5,41,rna_only,NK_2,0.8864734299516909,0.8772908366533865,1255
P5,41,rna_only,NK_3,0.7276836158192092,0.7815533980582524,412
P5,41,rna_only,NK_4,0.6909090909090909,0.6855670103092784,194
P5,41,rna_only,NK_CD56bright,0.9162011173184357,0.8723404255319149,94
P5,41,rna_only,Plasma,1.0,1.0,18
P5,41,rna_only,Plasmablast,1.0,1.0,3
P5,41,rna_only,Platelet,0.9642401021711366,0.9593392630241423,787
P5,41,rna_only,Treg Memory,0.6944444444444444,0.7575757575757576,33
P5,41,rna_only,Treg Naive,0.7741935483870969,0.8372093023255814,43
P5,41,rna_only,cDC1,0.9411764705882353,0.9230769230769231,26
P5,41,rna_only,cDC2_1,0.7104247104247103,0.8,115
P5,41,rna_only,cDC2_2,0.9235569422776911,0.891566265060241,332
P5,41,rna_only,dnT_1,0.0,0.0,5
P5,41,rna_only,dnT_2,1.0,1.0,2
P5,41,rna_only,gdT_1,0.9804964539007092,0.9701754385964912,570
P5,41,rna_only,gdT_2,0.7999999999999999,0.7175572519083969,131
P5,41,rna_only,gdT_3,0.9037037037037037,0.953125,128
P5,41,rna_only,gdT_4,0.3055555555555556,0.5789473684210527,19
P5,41,rna_only,pDC,0.9972451790633609,1.0,181
P5,41,random_size_matched_6,ASDC_mDC,0.9090909090909091,0.8333333333333334,6
P5,41,random_size_matched_6,ASDC_pDC,0.875,0.875,8
P5,41,random_size_matched_6,B intermediate kappa,0.864,0.9700598802395209,167
P5,41,random_size_matched_6,B intermediate lambda,0.8618421052631579,0.81875,160
P5,41,random_size_matched_6,B memory kappa,0.9060240963855422,0.8506787330316742,221
P5,41,random_size_matched_6,B memory lambda,0.9240121580547112,0.9620253164556962,158
P5,41,random_size_matched_6,B naive kappa,0.8865619546247818,0.8193548387096774,620
P5,41,random_size_matched_6,B naive lambda,0.8577235772357724,0.9356984478935698,451
P5,41,random_size_matched_6,CD14 Mono,0.981624758220503,0.9919028340080972,7163
P5,41,random_size_matched_6,CD16 Mono,0.906447534766119,0.8346915017462165,859
P5,41,random_size_matched_6,CD4 CTL,0.9855072463768115,0.9714285714285714,35
P5,41,random_size_matched_6,CD4 Naive,0.9831378299120235,0.9738562091503268,1377
P5,41,random_size_matched_6,CD4 Proliferating,0.6153846153846153,0.5714285714285714,7
P5,41,random_size_matched_6,CD4 TCM_1,0.8195937873357229,0.8427518427518428,407
P5,41,random_size_matched_6,CD4 TCM_2,0.7741935483870968,0.7741935483870968,31
P5,41,random_size_matched_6,CD4 TCM_3,0.8963855421686748,0.9117647058823529,612
P5,41,random_size_matched_6,CD4 TEM_1,0.7551867219917012,0.674074074074074,135
P5,41,random_size_matched_6,CD4 TEM_2,0.6181818181818182,0.6296296296296297,27
P5,41,random_size_matched_6,CD4 TEM_3,0.8179669030732861,0.8160377358490566,212
P5,41,random_size_matched_6,CD4 TEM_4,0.6,0.5,6
P5,41,random_size_matched_6,CD8 Naive,0.9741811175337186,0.9568508705526116,1321
P5,41,random_size_matched_6,CD8 Naive_2,0.4715447154471545,0.7435897435897436,39
P5,41,random_size_matched_6,CD8 Proliferating,0.7999999999999999,0.75,16
P5,41,random_size_matched_6,CD8 TCM_1,0.6885245901639344,0.6666666666666666,63
P5,41,random_size_matched_6,CD8 TCM_2,0.9157894736842105,0.9157894736842105,95
P5,41,random_size_matched_6,CD8 TCM_3,0.87248322147651,0.9285714285714286,70
P5,41,random_size_matched_6,CD8 TEM_1,0.8768472906403941,0.8516746411483254,209
P5,41,random_size_matched_6,CD8 TEM_2,0.7846763540290621,0.7425,400
P5,41,random_size_matched_6,CD8 TEM_3,0.6451612903225806,0.6666666666666666,15
P5,41,random_size_matched_6,CD8 TEM_4,0.6617320503330866,0.6081632653061224,735
P5,41,random_size_matched_6,CD8 TEM_5,0.6966490299823633,0.8161157024793388,484
P5,41,random_size_matched_6,CD8 TEM_6,0.9437500000000001,0.9556962025316456,158
P5,41,random_size_matched_6,Doublet,0.6282722513089006,0.4838709677419355,124
P5,41,random_size_matched_6,Eryth,0.8,1.0,4
P5,41,random_size_matched_6,HSPC,1.0,1.0,7
P5,41,random_size_matched_6,ILC,0.967741935483871,1.0,30
P5,41,random_size_matched_6,MAIT,0.9718004338394793,0.9911504424778761,226
P5,41,random_size_matched_6,NK Proliferating,0.933852140077821,0.9523809523809523,126
P5,41,random_size_matched_6,NK_1,0.8708938120702827,0.8394698085419735,679
P5,41,random_size_matched_6,NK_2,0.8950099800399202,0.8932270916334661,1255
P5,41,random_size_matched_6,NK_3,0.7447045707915272,0.8106796116504854,412
P5,41,random_size_matched_6,NK_4,0.7228260869565217,0.6855670103092784,194
P5,41,random_size_matched_6,NK_CD56bright,0.9468085106382979,0.9468085106382979,94
P5,41,random_size_matched_6,Plasma,0.972972972972973,1.0,18
P5,41,random_size_matched_6,Plasmablast,1.0,1.0,3
P5,41,random_size_matched_6,Platelet,0.965865992414665,0.9707750952986023,787
P5,41,random_size_matched_6,Treg Memory,0.7671232876712328,0.8484848484848485,33
P5,41,random_size_matched_6,Treg Naive,0.8409090909090908,0.8604651162790697,43
P5,41,random_size_matched_6,cDC1,0.9615384615384616,0.9615384615384616,26
P5,41,random_size_matched_6,cDC2_1,0.7259786476868328,0.8869565217391304,115
P5,41,random_size_matched_6,cDC2_2,0.9420970266040688,0.9066265060240963,332
P5,41,random_size_matched_6,dnT_1,0.0,0.0,5
P5,41,random_size_matched_6,dnT_2,1.0,1.0,2
P5,41,random_size_matched_6,gdT_1,0.9876543209876543,0.9824561403508771,570
P5,41,random_size_matched_6,gdT_2,0.9206349206349207,0.8854961832061069,131
P5,41,random_size_matched_6,gdT_3,0.9264705882352942,0.984375,128
P5,41,random_size_matched_6,gdT_4,0.6046511627906976,0.6842105263157895,19
P5,41,random_size_matched_6,pDC,0.9972451790633609,1.0,181
P5,41,random_size_matched_15,ASDC_mDC,0.8333333333333334,0.8333333333333334,6
P5,41,random_size_matched_15,ASDC_pDC,0.875,0.875,8
P5,41,random_size_matched_15,B intermediate kappa,0.8617021276595744,0.9700598802395209,167
P5,41,random_size_matched_15,B intermediate lambda,0.8514851485148516,0.80625,160
P5,41,random_size_matched_15,B memory kappa,0.8990384615384615,0.8461538461538461,221
P5,41,random_size_matched_15,B memory lambda,0.9146341463414634,0.9493670886075949,158
P5,41,random_size_matched_15,B naive kappa,0.8800705467372133,0.8048387096774193,620
P5,41,random_size_matched_15,B naive lambda,0.8522613065326633,0.9401330376940134,451
P5,41,random_size_matched_15,CD14 Mono,0.9805651274982772,0.9931592907999441,7163
P5,41,random_size_matched_15,CD16 Mono,0.8884615384615385,0.8067520372526193,859
P5,41,random_size_matched_15,CD4 CTL,0.955223880597015,0.9142857142857143,35
P5,41,random_size_matched_15,CD4 Naive,0.9820183486238532,0.971677559912854,1377
P5,41,random_size_matched_15,CD4 Proliferating,0.6666666666666666,0.5714285714285714,7
P5,41,random_size_matched_15,CD4 TCM_1,0.8133174791914388,0.8402948402948403,407
P5,41,random_size_matched_15,CD4 TCM_2,0.7741935483870968,0.7741935483870968,31
P5,41,random_size_matched_15,CD4 TCM_3,0.8906624102154828,0.9117647058823529,612
P5,41,random_size_matched_15,CD4 TEM_1,0.7478991596638656,0.6592592592592592,135
P5,41,random_size_matched_15,CD4 TEM_2,0.5964912280701755,0.6296296296296297,27
P5,41,random_size_matched_15,CD4 TEM_3,0.8162291169451074,0.8066037735849056,212
P5,41,random_size_matched_15,CD4 TEM_4,0.7272727272727272,0.6666666666666666,6
P5,41,random_size_matched_15,CD8 Naive,0.9764932562620423,0.9591218773656321,1321
P5,41,random_size_matched_15,CD8 Naive_2,0.5,0.7948717948717948,39
P5,41,random_size_matched_15,CD8 Proliferating,0.7741935483870969,0.75,16
P5,41,random_size_matched_15,CD8 TCM_1,0.6557377049180327,0.6349206349206349,63
P5,41,random_size_matched_15,CD8 TCM_2,0.9157894736842105,0.9157894736842105,95
P5,41,random_size_matched_15,CD8 TCM_3,0.868421052631579,0.9428571428571428,70
P5,41,random_size_matched_15,CD8 TEM_1,0.8737864077669903,0.861244019138756,209
P5,41,random_size_matched_15,CD8 TEM_2,0.7882822902796272,0.74,400
P5,41,random_size_matched_15,CD8 TEM_3,0.689655172413793,0.6666666666666666,15
P5,41,random_size_matched_15,CD8 TEM_4,0.6690962099125364,0.6244897959183674,735
P5,41,random_size_matched_15,CD8 TEM_5,0.6912028725314183,0.7954545454545454,484
P5,41,random_size_matched_15,CD8 TEM_6,0.9473684210526316,0.9683544303797469,158
P5,41,random_size_matched_15,Doublet,0.5925925925925926,0.45161290322580644,124
P5,41,random_size_matched_15,Eryth,0.8,1.0,4
P5,41,random_size_matched_15,HSPC,1.0,1.0,7
P5,41,random_size_matched_15,ILC,0.9375,1.0,30
P5,41,random_size_matched_15,MAIT,0.9695652173913043,0.9867256637168141,226
P5,41,random_size_matched_15,NK Proliferating,0.9384615384615386,0.9682539682539683,126
P5,41,random_size_matched_15,NK_1,0.8727272727272726,0.8483063328424153,679
P5,41,random_size_matched_15,NK_2,0.8932584269662921,0.8868525896414342,1255
P5,41,random_size_matched_15,NK_3,0.7427293064876958,0.8058252427184466,412
P5,41,random_size_matched_15,NK_4,0.711590296495957,0.6804123711340206,194
P5,41,random_size_matched_15,NK_CD56bright,0.9468085106382979,0.9468085106382979,94
P5,41,random_size_matched_15,Plasma,0.972972972972973,1.0,18
P5,41,random_size_matched_15,Plasmablast,1.0,1.0,3
P5,41,random_size_matched_15,Platelet,0.9708121827411168,0.9720457433290979,787
P5,41,random_size_matched_15,Treg Memory,0.7714285714285715,0.8181818181818182,33
P5,41,random_size_matched_15,Treg Naive,0.8444444444444444,0.8837209302325582,43
P5,41,random_size_matched_15,cDC1,0.9615384615384616,0.9615384615384616,26
P5,41,random_size_matched_15,cDC2_1,0.7292418772563178,0.8782608695652174,115
P5,41,random_size_matched_15,cDC2_2,0.9371069182389937,0.8975903614457831,332
P5,41,random_size_matched_15,dnT_1,0.0,0.0,5
P5,41,random_size_matched_15,dnT_2,1.0,1.0,2
P5,41,random_size_matched_15,gdT_1,0.9858906525573193,0.980701754385965,570
P5,41,random_size_matched_15,gdT_2,0.9163346613545819,0.8778625954198473,131
P5,41,random_size_matched_15,gdT_3,0.9473684210526315,0.984375,128
P5,41,random_size_matched_15,gdT_4,0.6046511627906976,0.6842105263157895,19
P5,41,random_size_matched_15,pDC,0.9972451790633609,1.0,181
P5,42,full,ASDC_mDC,1.0,1.0,6
P5,42,full,ASDC_pDC,0.9333333333333333,0.875,8
P5,42,full,B intermediate kappa,0.8774928774928775,0.9221556886227545,167
P5,42,full,B intermediate lambda,0.8698412698412699,0.85625,160
P5,42,full,B memory kappa,0.8942307692307693,0.8416289592760181,221
P5,42,full,B memory lambda,0.9113149847094801,0.9430379746835443,158
P5,42,full,B naive kappa,0.9117408906882591,0.9080645161290323,620
P5,42,full,B naive lambda,0.8825466520307355,0.8913525498891353,451
P5,42,full,CD14 Mono,0.9844357976653697,0.9889711014937875,7163
P5,42,full,CD16 Mono,0.9223241590214069,0.8777648428405123,859
P5,42,full,CD4 CTL,0.9714285714285714,0.9714285714285714,35
P5,42,full,CD4 Naive,0.9848265895953756,0.9898329702251271,1377
P5,42,full,CD4 Proliferating,0.6666666666666666,0.5714285714285714,7
P5,42,full,CD4 TCM_1,0.8155844155844156,0.7714987714987716,407
P5,42,full,CD4 TCM_2,0.7333333333333333,0.7096774193548387,31
P5,42,full,CD4 TCM_3,0.8874388254486133,0.8888888888888888,612
P5,42,full,CD4 TEM_1,0.7919463087248323,0.8740740740740741,135
P5,42,full,CD4 TEM_2,0.6250000000000001,0.5555555555555556,27
P5,42,full,CD4 TEM_3,0.7904761904761906,0.7830188679245284,212
P5,42,full,CD4 TEM_4,0.4444444444444444,0.3333333333333333,6
P5,42,full,CD8 Naive,0.9855623100303951,0.9818319454958365,1321
P5,42,full,CD8 Naive_2,0.6046511627906976,0.6666666666666666,39
P5,42,full,CD8 Proliferating,0.875,0.875,16
P5,42,full,CD8 TCM_1,0.7333333333333333,0.6984126984126984,63
P5,42,full,CD8 TCM_2,0.8842105263157894,0.8842105263157894,95
P5,42,full,CD8 TCM_3,0.8936170212765958,0.9,70
P5,42,full,CD8 TEM_1,0.8778054862842893,0.8421052631578947,209
P5,42,full,CD8 TEM_2,0.8082368082368083,0.785,400
P5,42,full,CD8 TEM_3,0.6451612903225806,0.6666666666666666,15
P5,42,full,CD8 TEM_4,0.7141877998629198,0.708843537414966,735
P5,42,full,CD8 TEM_5,0.6929911154985192,0.7252066115702479,484
P5,42,full,CD8 TEM_6,0.9367088607594937,0.9367088607594937,158
P5,42,full,Doublet,0.6666666666666667,0.6129032258064516,124
P5,42,full,Eryth,0.888888888888889,1.0,4
P5,42,full,HSPC,1.0,1.0,7
P5,42,full,ILC,0.9152542372881356,0.9,30
P5,42,full,MAIT,0.9801324503311258,0.9823008849557522,226
P5,42,full,NK Proliferating,0.9027237354085603,0.9206349206349206,126
P5,42,full,NK_1,0.8618266978922716,0.812960235640648,679
P5,42,full,NK_2,0.8841059602649007,0.850996015936255,1255
P5,42,full,NK_3,0.7188755020080321,0.8689320388349514,412
P5,42,full,NK_4,0.6875,0.6804123711340206,194
P5,42,full,NK_CD56bright,0.9398907103825136,0.9148936170212766,94
P5,42,full,Plasma,1.0,1.0,18
P5,42,full,Plasmablast,1.0,1.0,3
P5,42,full,Platelet,0.9670468948035488,0.9695044472681067,787
P5,42,full,Treg Memory,0.8115942028985507,0.8484848484848485,33
P5,42,full,Treg Naive,0.8659793814432991,0.9767441860465116,43
P5,42,full,cDC1,0.9615384615384616,0.9615384615384616,26
P5,42,full,cDC2_1,0.6832740213523131,0.8347826086956521,115
P5,42,full,cDC2_2,0.9324960753532183,0.8945783132530121,332
P5,42,full,dnT_1,0.0,0.0,5
P5,42,full,dnT_2,0.8,1.0,2
P5,42,full,gdT_1,0.9878048780487805,0.9947368421052631,570
P5,42,full,gdT_2,0.9384615384615385,0.9312977099236641,131
P5,42,full,gdT_3,0.9473684210526315,0.984375,128
P5,42,full,gdT_4,0.5882352941176471,0.7894736842105263,19
P5,42,full,pDC,0.9972451790633609,1.0,181
P5,42,random_10,ASDC_mDC,1.0,1.0,6
P5,42,random_10,ASDC_pDC,0.9333333333333333,0.875,8
P5,42,random_10,B intermediate kappa,0.8670520231213873,0.8982035928143712,167
P5,42,random_10,B intermediate lambda,0.8607594936708861,0.85,160
P5,42,random_10,B memory kappa,0.8973747016706444,0.8506787330316742,221
P5,42,random_10,B memory lambda,0.9079754601226993,0.9367088607594937,158
P5,42,random_10,B naive kappa,0.9056000000000001,0.9129032258064517,620
P5,42,random_10,B naive lambda,0.8730512249443209,0.8691796008869179,451
P5,42,random_10,CD14 Mono,0.9844934288297058,0.9882730699427614,7163
P5,42,random_10,CD16 Mono,0.9272727272727274,0.8905704307334109,859
P5,42,random_10,CD4 CTL,0.9714285714285714,0.9714285714285714,35
P5,42,random_10,CD4 Naive,0.9820531227566404,0.9934640522875817,1377
P5,42,random_10,CD4 Proliferating,0.6666666666666666,0.5714285714285714,7
P5,42,random_10,CD4 TCM_1,0.8040973111395647,0.7714987714987716,407
P5,42,random_10,CD4 TCM_2,0.7333333333333333,0.7096774193548387,31
P5,42,random_10,CD4 TCM_3,0.8813838550247117,0.8741830065359477,612
P5,42,random_10,CD4 TEM_1,0.7892976588628763,0.8740740740740741,135
P5,42,random_10,CD4 TEM_2,0.6666666666666666,0.5925925925925926,27
P5,42,random_10,CD4 TEM_3,0.7780429594272077,0.7688679245283019,212
P5,42,random_10,CD4 TEM_4,0.4,0.3333333333333333,6
P5,42,random_10,CD8 Naive,0.9859689040576413,0.9841029523088569,1321
P5,42,random_10,CD8 Naive_2,0.6,0.6153846153846154,39
P5,42,random_10,CD8 Proliferating,0.8484848484848485,0.875,16
P5,42,random_10,CD8 TCM_1,0.7333333333333333,0.6984126984126984,63
P5,42,random_10,CD8 TCM_2,0.8900523560209423,0.8947368421052632,95
P5,42,random_10,CD8 TCM_3,0.8857142857142857,0.8857142857142857,70
P5,42,random_10,CD8 TEM_1,0.871536523929471,0.8277511961722488,209
P5,42,random_10,CD8 TEM_2,0.805128205128205,0.785,400
P5,42,random_10,CD8 TEM_3,0.625,0.6666666666666666,15
P5,42,random_10,CD8 TEM_4,0.7208672086720868,0.7238095238095238,735
P5,42,random_10,CD8 TEM_5,0.6953907815631263,0.7169421487603306,484
P5,42,random_10,CD8 TEM_6,0.9371069182389938,0.9430379746835443,158
P5,42,random_10,Doublet,0.646288209606987,0.5967741935483871,124
P5,42,random_10,Eryth,0.888888888888889,1.0,4
P5,42,random_10,HSPC,1.0,1.0,7
P5,42,random_10,ILC,0.9473684210526316,0.9,30
P5,42,random_10,MAIT,0.9823788546255506,0.9867256637168141,226
P5,42,random_10,NK Proliferating,0.9133858267716536,0.9206349206349206,126
P5,42,random_10,NK_1,0.8624420401854713,0.8217967599410898,679
P5,42,random_10,NK_2,0.8768971332209107,0.8286852589641435,1255
P5,42,random_10,NK_3,0.6990291262135923,0.8737864077669902,412
P5,42,random_10,NK_4,0.6597402597402597,0.654639175257732,194
P5,42,random_10,NK_CD56bright,0.9230769230769231,0.8936170212765957,94
P5,42,random_10,Plasma,1.0,1.0,18
P5,42,random_10,Plasmablast,1.0,1.0,3
P5,42,random_10,Platelet,0.969543147208122,0.9707750952986023,787
P5,42,random_10,Treg Memory,0.8,0.7878787878787878,33
P5,42,random_10,Treg Naive,0.8292682926829267,0.7906976744186046,43
P5,42,random_10,cDC1,0.9615384615384616,0.9615384615384616,26
P5,42,random_10,cDC2_1,0.6981818181818181,0.8347826086956521,115
P5,42,random_10,cDC2_2,0.939157566302652,0.9066265060240963,332
P5,42,random_10,dnT_1,0.0,0.0,5
P5,42,random_10,dnT_2,0.8,1.0,2
P5,42,random_10,gdT_1,0.988646288209607,0.9929824561403509,570
P5,42,random_10,gdT_2,0.9307692307692308,0.9236641221374046,131
P5,42,random_10,gdT_3,0.9363295880149812,0.9765625,128
P5,42,random_10,gdT_4,0.6,0.7894736842105263,19
P5,42,random_10,pDC,0.9972451790633609,1.0,181
P5,42,random_30,ASDC_mDC,1.0,1.0,6
P5,42,random_30,ASDC_pDC,0.9333333333333333,0.875,8
P5,42,random_30,B intermediate kappa,0.8703170028818443,0.9041916167664671,167
P5,42,random_30,B intermediate lambda,0.8580246913580247,0.86875,160
P5,42,random_30,B memory kappa,0.8990384615384615,0.8461538461538461,221
P5,42,random_30,B memory lambda,0.8950617283950618,0.9177215189873418,158
P5,42,random_30,B naive kappa,0.9046454767726162,0.8951612903225806,620
P5,42,random_30,B naive lambda,0.8745910577971647,0.8891352549889135,451
P5,42,random_30,CD14 Mono,0.9840055632823365,0.9877146447019405,7163
P5,42,random_30,CD16 Mono,0.9253012048192771,0.8940628637951106,859
P5,42,random_30,CD4 CTL,0.8,0.9714285714285714,35
P5,42,random_30,CD4 Naive,0.980533525594809,0.9876543209876543,1377
P5,42,random_30,CD4 Proliferating,0.5,0.42857142857142855,7
P5,42,random_30,CD4 TCM_1,0.803030303030303,0.7813267813267813,407
P5,42,random_30,CD4 TCM_2,0.7213114754098361,0.7096774193548387,31
P5,42,random_30,CD4 TCM_3,0.8764415156507414,0.869281045751634,612
P5,42,random_30,CD4 TEM_1,0.7882736156351792,0.8962962962962963,135
P5,42,random_30,CD4 TEM_2,0.576923076923077,0.5555555555555556,27
P5,42,random_30,CD4 TEM_3,0.7769784172661871,0.7641509433962265,212
P5,42,random_30,CD4 TEM_4,0.4444444444444444,0.3333333333333333,6
P5,42,random_30,CD8 Naive,0.977760736196319,0.9651778955336866,1321
P5,42,random_30,CD8 Naive_2,0.47058823529411764,0.6153846153846154,39
P5,42,random_30,CD8 Proliferating,0.9032258064516129,0.875,16
P5,42,random_30,CD8 TCM_1,0.6964285714285715,0.6190476190476191,63
P5,42,random_30,CD8 TCM_2,0.8367346938775511,0.8631578947368421,95
P5,42,random_30,CD8 TCM_3,0.9014084507042254,0.9142857142857143,70
P5,42,random_30,CD8 TEM_1,0.8519480519480519,0.784688995215311,209
P5,42,random_30,CD8 TEM_2,0.7801047120418849,0.745,400
P5,42,random_30,CD8 TEM_3,0.5,0.5333333333333333,15
P5,42,random_30,CD8 TEM_4,0.7078417765440667,0.6938775510204082,735
P5,42,random_30,CD8 TEM_5,0.6791707798617966,0.7107438016528925,484
P5,42,random_30,CD8 TEM_6,0.9078947368421053,0.8734177215189873,158
P5,42,random_30,Doublet,0.588235294117647,0.5241935483870968,124
P5,42,random_30,Eryth,0.888888888888889,1.0,4
P5,42,random_30,HSPC,1.0,1.0,7
P5,42,random_30,ILC,0.896551724137931,0.8666666666666667,30
P5,42,random_30,MAIT,0.9823008849557522,0.9823008849557522,226
P5,42,random_30,NK Proliferating,0.9056603773584905,0.9523809523809523,126
P5,42,random_30,NK_1,0.8375673595073133,0.801178203240059,679
P5,42,random_30,NK_2,0.886715566422168,0.8669322709163346,1255
P5,42,random_30,NK_3,0.7184265010351967,0.8422330097087378,412
P5,42,random_30,NK_4,0.6574585635359116,0.6134020618556701,194
P5,42,random_30,NK_CD56bright,0.9222222222222223,0.8829787234042553,94
P5,42,random_30,Plasma,1.0,1.0,18
P5,42,random_30,Plasmablast,1.0,1.0,3
P5,42,random_30,Platelet,0.9702719797596459,0.974587039390089,787
P5,42,random_30,Treg Memory,0.7536231884057971,0.7878787878787878,33
P5,42,random_30,Treg Naive,0.8095238095238095,0.7906976744186046,43
P5,42,random_30,cDC1,0.9615384615384616,0.9615384615384616,26
P5,42,random_30,cDC2_1,0.6736111111111112,0.8434782608695652,115
P5,42,random_30,cDC2_2,0.9218500797448166,0.8704819277108434,332
P5,42,random_30,dnT_1,0.0,0.0,5
P5,42,random_30,dnT_2,1.0,1.0,2
P5,42,random_30,gdT_1,0.9903930131004367,0.9947368421052631,570
P5,42,random_30,gdT_2,0.8603773584905662,0.8702290076335878,131
P5,42,random_30,gdT_3,0.8947368421052632,0.9296875,128
P5,42,random_30,gdT_4,0.3835616438356165,0.7368421052631579,19
P5,42,random_30,pDC,0.994475138121547,0.994475138121547,181
P5,42,random_50,ASDC_mDC,1.0,1.0,6
P5,42,random_50,ASDC_pDC,0.9333333333333333,0.875,8
P5,42,random_50,B intermediate kappa,0.8746355685131195,0.8982035928143712,167
P5,42,random_50,B intermediate lambda,0.8589743589743589,0.8375,160
P5,42,random_50,B memory kappa,0.9107981220657276,0.8778280542986425,221
P5,42,random_50,B memory lambda,0.9174311926605505,0.9493670886075949,158
P5,42,random_50,B naive kappa,0.9089430894308943,0.9016129032258065,620
P5,42,random_50,B naive lambda,0.876772082878953,0.8913525498891353,451
P5,42,random_50,CD14 Mono,0.9840808416389812,0.992461259248918,7163
P5,42,random_50,CD16 Mono,0.9196811771919068,0.8731082654249127,859
P5,42,random_50,CD4 CTL,0.8717948717948717,0.9714285714285714,35
P5,42,random_50,CD4 Naive,0.9808871258564731,0.9876543209876543,1377
P5,42,random_50,CD4 Proliferating,0.5714285714285714,0.5714285714285714,7
P5,42,random_50,CD4 TCM_1,0.7943805874840358,0.7641277641277642,407
P5,42,random_50,CD4 TCM_2,0.7457627118644068,0.7096774193548387,31
P5,42,random_50,CD4 TCM_3,0.8833063209076174,0.8905228758169934,612
P5,42,random_50,CD4 TEM_1,0.7972972972972974,0.8740740740740741,135
P5,42,random_50,CD4 TEM_2,0.5599999999999999,0.5185185185185185,27
P5,42,random_50,CD4 TEM_3,0.7904761904761906,0.7830188679245284,212
P5,42,random_50,CD4 TEM_4,0.4444444444444444,0.3333333333333333,6
P5,42,random_50,CD8 Naive,0.982830980541778,0.9750189250567751,1321
P5,42,random_50,CD8 Naive_2,0.5393258426966293,0.6153846153846154,39
P5,42,random_50,CD8 Proliferating,0.8484848484848485,0.875,16
P5,42,random_50,CD8 TCM_1,0.706896551724138,0.6507936507936508,63
P5,42,random_50,CD8 TCM_2,0.8176795580110496,0.7789473684210526,95
P5,42,random_50,CD8 TCM_3,0.8904109589041096,0.9285714285714286,70
P5,42,random_50,CD8 TEM_1,0.8426666666666666,0.7559808612440191,209
P5,42,random_50,CD8 TEM_2,0.7789473684210526,0.74,400
P5,42,random_50,CD8 TEM_3,0.5294117647058824,0.6,15
P5,42,random_50,CD8 TEM_4,0.7100753941055516,0.7047619047619048,735
P5,42,random_50,CD8 TEM_5,0.6706467661691542,0.6962809917355371,484
P5,42,random_50,CD8 TEM_6,0.9096774193548387,0.8924050632911392,158
P5,42,random_50,Doublet,0.5247524752475248,0.4274193548387097,124
P5,42,random_50,Eryth,0.888888888888889,1.0,4
P5,42,random_50,HSPC,1.0,1.0,7
P5,42,random_50,ILC,0.912280701754386,0.8666666666666667,30
P5,42,random_50,MAIT,0.9889135254988914,0.9867256637168141,226
P5,42,random_50,NK Proliferating,0.8992248062015504,0.9206349206349206,126
P5,42,random_50,NK_1,0.8464536243180046,0.7997054491899853,679
P5,42,random_50,NK_2,0.8771488469601676,0.8334661354581673,1255
P5,42,random_50,NK_3,0.7012487992315083,0.8859223300970874,412
P5,42,random_50,NK_4,0.6684491978609626,0.6443298969072165,194
P5,42,random_50,NK_CD56bright,0.9111111111111112,0.8723404255319149,94
P5,42,random_50,Plasma,1.0,1.0,18
P5,42,random_50,Plasmablast,1.0,1.0,3
P5,42,random_50,Platelet,0.970625798212005,0.96569250317662,787
P5,42,random_50,Treg Memory,0.7761194029850745,0.7878787878787878,33
P5,42,random_50,Treg Naive,0.8297872340425532,0.9069767441860465,43
P5,42,random_50,cDC1,0.9411764705882353,0.9230769230769231,26
P5,42,random_50,cDC2_1,0.6594982078853047,0.8,115
P5,42,random_50,cDC2_2,0.9079159935379644,0.8463855421686747,332
P5,42,random_50,dnT_1,0.0,0.0,5
P5,42,random_50,dnT_2,0.6666666666666666,1.0,2
P5,42,random_50,gdT_1,0.987783595113438,0.9929824561403509,570
P5,42,random_50,gdT_2,0.8768115942028986,0.9236641221374046,131
P5,42,random_50,gdT_3,0.9191176470588235,0.9765625,128
P5,42,random_50,gdT_4,0.37333333333333335,0.7368421052631579,19
P5,42,random_50,pDC,0.9972451790633609,1.0,181
P5,42,random_70,ASDC_mDC,0.8,1.0,6
P5,42,random_70,ASDC_pDC,0.875,0.875,8
P5,42,random_70,B intermediate kappa,0.8742857142857143,0.9161676646706587,167
P5,42,random_70,B intermediate lambda,0.875399361022364,0.85625,160
P5,42,random_70,B memory kappa,0.9052132701421801,0.8642533936651584,221
P5,42,random_70,B memory lambda,0.916923076923077,0.9430379746835443,158
P5,42,random_70,B naive kappa,0.9046104928457871,0.917741935483871,620
P5,42,random_70,B naive lambda,0.8658399098083427,0.8514412416851441,451
P5,42,random_70,CD14 Mono,0.9833229534288286,0.9919028340080972,7163
P5,42,random_70,CD16 Mono,0.9233576642335766,0.8835855646100116,859
P5,42,random_70,CD4 CTL,0.9428571428571428,0.9428571428571428,35
P5,42,random_70,CD4 Naive,0.9797248370745837,0.9825708061002179,1377
P5,42,random_70,CD4 Proliferating,0.47058823529411764,0.5714285714285714,7
P5,42,random_70,CD4 TCM_1,0.7723270440251573,0.7542997542997543,407
P5,42,random_70,CD4 TCM_2,0.75,0.6774193548387096,31
P5,42,random_70,CD4 TCM_3,0.8412302576891106,0.826797385620915,612
P5,42,random_70,CD4 TEM_1,0.7906976744186047,0.8814814814814815,135
P5,42,random_70,CD4 TEM_2,0.6399999999999999,0.5925925925925926,27
P5,42,random_70,CD4 TEM_3,0.6727688787185354,0.6933962264150944,212
P5,42,random_70,CD4 TEM_4,0.25,0.16666666666666666,6
P5,42,random_70,CD8 Naive,0.9871212121212122,0.9863739591218774,1321
P5,42,random_70,CD8 Naive_2,0.6499999999999999,0.6666666666666666,39
P5,42,random_70,CD8 Proliferating,0.823529411764706,0.875,16
P5,42,random_70,CD8 TCM_1,0.6335403726708074,0.8095238095238095,63
P5,42,random_70,CD8 TCM_2,0.879120879120879,0.8421052631578947,95
P5,42,random_70,CD8 TCM_3,0.6788990825688073,0.5285714285714286,70
P5,42,random_70,CD8 TEM_1,0.8600508905852416,0.8086124401913876,209
P5,42,random_70,CD8 TEM_2,0.8165829145728642,0.8125,400
P5,42,random_70,CD8 TEM_3,0.5714285714285715,0.6666666666666666,15
P5,42,random_70,CD8 TEM_4,0.7156927117531189,0.7414965986394558,735
P5,42,random_70,CD8 TEM_5,0.6369426751592357,0.6198347107438017,484
P5,42,random_70,CD8 TEM_6,0.9161290322580645,0.8987341772151899,158
P5,42,random_70,Doublet,0.5026737967914439,0.3790322580645161,124
P5,42,random_70,Eryth,0.888888888888889,1.0,4
P5,42,random_70,HSPC,1.0,1.0,7
P5,42,random_70,ILC,0.9508196721311476,0.9666666666666667,30
P5,42,random_70,MAIT,0.9866666666666667,0.9823008849557522,226
P5,42,random_70,NK Proliferating,0.9016393442622951,0.873015873015873,126
P5,42,random_70,NK_1,0.8404907975460123,0.8070692194403535,679
P5,42,random_70,NK_2,0.886280857952246,0.8725099601593626,1255
P5,42,random_70,NK_3,0.7309322033898304,0.837378640776699,412
P5,42,random_70,NK_4,0.675531914893617,0.654639175257732,194
P5,42,random_70,NK_CD56bright,0.9152542372881356,0.8617021276595744,94
P5,42,random_70,Plasma,1.0,1.0,18
P5,42,random_70,Plasmablast,1.0,1.0,3
P5,42,random_70,Platelet,0.9690721649484536,0.9555273189326556,787
P5,42,random_70,Treg Memory,0.8059701492537314,0.8181818181818182,33
P5,42,random_70,Treg Naive,0.8124999999999999,0.9069767441860465,43
P5,42,random_70,cDC1,0.9615384615384616,0.9615384615384616,26
P5,42,random_70,cDC2_1,0.6354515050167223,0.8260869565217391,115
P5,42,random_70,cDC2_2,0.8795986622073579,0.7921686746987951,332
P5,42,random_70,dnT_1,0.0,0.0,5
P5,42,random_70,dnT_2,1.0,1.0,2
P5,42,random_70,gdT_1,0.9869451697127937,0.9947368421052631,570
P5,42,random_70,gdT_2,0.9147286821705426,0.9007633587786259,131
P5,42,random_70,gdT_3,0.9393939393939394,0.96875,128
P5,42,random_70,gdT_4,0.5490196078431372,0.7368421052631579,19
P5,42,random_70,pDC,0.994475138121547,0.994475138121547,181
P5,42,marker_memory,ASDC_mDC,1.0,1.0,6
P5,42,marker_memory,ASDC_pDC,0.9333333333333333,0.875,8
P5,42,marker_memory,B intermediate kappa,0.8685714285714285,0.9101796407185628,167
P5,42,marker_memory,B intermediate lambda,0.8626198083067093,0.84375,160
P5,42,marker_memory,B memory kappa,0.891566265060241,0.8371040723981901,221
P5,42,marker_memory,B memory lambda,0.9113149847094801,0.9430379746835443,158
P5,42,marker_memory,B naive kappa,0.9096774193548387,0.9096774193548387,620
P5,42,marker_memory,B naive lambda,0.8791208791208792,0.8869179600886918,451
P5,42,marker_memory,CD14 Mono,0.9846282256381721,0.9881334636325562,7163
P5,42,marker_memory,CD16 Mono,0.9256097560975609,0.8835855646100116,859
P5,42,marker_memory,CD4 CTL,0.9705882352941176,0.9428571428571428,35
P5,42,marker_memory,CD4 Naive,0.9801944544472452,0.9883805374001452,1377
P5,42,marker_memory,CD4 Proliferating,0.7272727272727273,0.5714285714285714,7
P5,42,marker_memory,CD4 TCM_1,0.7952755905511812,0.7444717444717445,407
P5,42,marker_memory,CD4 TCM_2,0.7586206896551724,0.7096774193548387,31
P5,42,marker_memory,CD4 TCM_3,0.8837970540098199,0.8823529411764706,612
P5,42,marker_memory,CD4 TEM_1,0.7986577181208054,0.8814814814814815,135
P5,42,marker_memory,CD4 TEM_2,0.6530612244897959,0.5925925925925926,27
P5,42,marker_memory,CD4 TEM_3,0.7953488372093023,0.8066037735849056,212
P5,42,marker_memory,CD4 TEM_4,0.4444444444444444,0.3333333333333333,6
P5,42,marker_memory,CD8 Naive,0.981679389312977,0.9735049205147616,1321
P5,42,marker_memory,CD8 Naive_2,0.5510204081632654,0.6923076923076923,39
P5,42,marker_memory,CD8 Proliferating,0.823529411764706,0.875,16
P5,42,marker_memory,CD8 TCM_1,0.7333333333333333,0.6984126984126984,63
P5,42,marker_memory,CD8 TCM_2,0.8842105263157894,0.8842105263157894,95
P5,42,marker_memory,CD8 TCM_3,0.9014084507042254,0.9142857142857143,70
P5,42,marker_memory,CD8 TEM_1,0.858560794044665,0.8277511961722488,209
P5,42,marker_memory,CD8 TEM_2,0.80306905370844,0.785,400
P5,42,marker_memory,CD8 TEM_3,0.606060606060606,0.6666666666666666,15
P5,42,marker_memory,CD8 TEM_4,0.7141887304820095,0.7156462585034014,735
P5,42,marker_memory,CD8 TEM_5,0.6781029263370333,0.6942148760330579,484
P5,42,marker_memory,CD8 TEM_6,0.9294871794871796,0.9177215189873418,158
P5,42,marker_memory,Doublet,0.6610169491525423,0.6290322580645161,124
P5,42,marker_memory,Eryth,0.888888888888889,1.0,4
P5,42,marker_memory,HSPC,1.0,1.0,7
P5,42,marker_memory,ILC,0.9,0.9,30
P5,42,marker_memory,MAIT,0.9822222222222223,0.9778761061946902,226
P5,42,marker_memory,NK Proliferating,0.9027237354085603,0.9206349206349206,126
P5,42,marker_memory,NK_1,0.8617760617760617,0.8217967599410898,679
P5,42,marker_memory,NK_2,0.8866148178469095,0.8629482071713147,1255
P5,42,marker_memory,NK_3,0.7291886195995784,0.8398058252427184,412
P5,42,marker_memory,NK_4,0.6854219948849105,0.6907216494845361,194
P5,42,marker_memory,NK_CD56bright,0.9289617486338798,0.9042553191489362,94
P5,42,marker_memory,Plasma,1.0,1.0,18
P5,42,marker_memory,Plasmablast,1.0,1.0,3
P5,42,marker_memory,Platelet,0.9664769133459835,0.9707750952986023,787
P5,42,marker_memory,Treg Memory,0.8125,0.7878787878787878,33
P5,42,marker_memory,Treg Naive,0.851063829787234,0.9302325581395349,43
P5,42,marker_memory,cDC1,0.9615384615384616,0.9615384615384616,26
P5,42,marker_memory,cDC2_1,0.6736111111111112,0.8434782608695652,115
P5,42,marker_memory,cDC2_2,0.9289099526066351,0.8855421686746988,332
P5,42,marker_memory,dnT_1,0.0,0.0,5
P5,42,marker_memory,dnT_2,1.0,1.0,2
P5,42,marker_memory,gdT_1,0.9878260869565217,0.9964912280701754,570
P5,42,marker_memory,gdT_2,0.933852140077821,0.916030534351145,131
P5,42,marker_memory,gdT_3,0.9433962264150944,0.9765625,128
P5,42,marker_memory,gdT_4,0.5357142857142857,0.7894736842105263,19
P5,42,marker_memory,pDC,0.9972451790633609,1.0,181
P5,42,marker_tcell,ASDC_mDC,1.0,1.0,6
P5,42,marker_tcell,ASDC_pDC,0.9333333333333333,0.875,8
P5,42,marker_tcell,B intermediate kappa,0.867816091954023,0.9041916167664671,167
P5,42,marker_tcell,B intermediate lambda,0.8598726114649682,0.84375,160
P5,42,marker_tcell,B memory kappa,0.883495145631068,0.8235294117647058,221
P5,42,marker_tcell,B memory lambda,0.9085365853658536,0.9430379746835443,158
P5,42,marker_tcell,B naive kappa,0.907051282051282,0.9129032258064517,620
P5,42,marker_tcell,B naive lambda,0.8773480662983425,0.8802660753880266,451
P5,42,marker_tcell,CD14 Mono,0.984643179765131,0.9891107078039928,7163
P5,42,marker_tcell,CD16 Mono,0.9229828850855747,0.8789289871944121,859
P5,42,marker_tcell,CD4 CTL,0.904109589041096,0.9428571428571428,35
P5,42,marker_tcell,CD4 Naive,0.9822656532754253,0.9854756717501816,1377
P5,42,marker_tcell,CD4 Proliferating,0.6666666666666666,0.5714285714285714,7
P5,42,marker_tcell,CD4 TCM_1,0.799468791500664,0.7395577395577395,407
P5,42,marker_tcell,CD4 TCM_2,0.7586206896551724,0.7096774193548387,31
P5,42,marker_tcell,CD4 TCM_3,0.885691446842526,0.9052287581699346,612
P5,42,marker_tcell,CD4 TEM_1,0.8013468013468015,0.8814814814814815,135
P5,42,marker_tcell,CD4 TEM_2,0.5833333333333334,0.5185185185185185,27
P5,42,marker_tcell,CD4 TEM_3,0.7971360381861575,0.7877358490566038,212
P5,42,marker_tcell,CD4 TEM_4,0.4444444444444444,0.3333333333333333,6
P5,42,marker_tcell,CD8 Naive,0.9793735676088617,0.9704769114307343,1321
P5,42,marker_tcell,CD8 Naive_2,0.52,0.6666666666666666,39
P5,42,marker_tcell,CD8 Proliferating,0.875,0.875,16
P5,42,marker_tcell,CD8 TCM_1,0.7079646017699115,0.6349206349206349,63
P5,42,marker_tcell,CD8 TCM_2,0.8421052631578947,0.8421052631578947,95
P5,42,marker_tcell,CD8 TCM_3,0.904109589041096,0.9428571428571428,70
P5,42,marker_tcell,CD8 TEM_1,0.8337730870712401,0.7559808612440191,209
P5,42,marker_tcell,CD8 TEM_2,0.7881136950904393,0.7625,400
P5,42,marker_tcell,CD8 TEM_3,0.5882352941176471,0.6666666666666666,15
P5,42,marker_tcell,CD8 TEM_4,0.6873646209386282,0.6476190476190476,735
P5,42,marker_tcell,CD8 TEM_5,0.6730769230769231,0.7231404958677686,484
P5,42,marker_tcell,CD8 TEM_6,0.9150326797385621,0.8860759493670886,158
P5,42,marker_tcell,Doublet,0.6375545851528385,0.5887096774193549,124
P5,42,marker_tcell,Eryth,0.888888888888889,1.0,4
P5,42,marker_tcell,HSPC,1.0,1.0,7
P5,42,marker_tcell,ILC,0.9152542372881356,0.9,30
P5,42,marker_tcell,MAIT,0.9676025917926566,0.9911504424778761,226
P5,42,marker_tcell,NK Proliferating,0.8880597014925372,0.9444444444444444,126
P5,42,marker_tcell,NK_1,0.8325434439178515,0.7761413843888071,679
P5,42,marker_tcell,NK_2,0.8886198547215498,0.8772908366533865,1255
P5,42,marker_tcell,NK_3,0.727659574468085,0.8300970873786407,412
P5,42,marker_tcell,NK_4,0.6632124352331606,0.6597938144329897,194
P5,42,marker_tcell,NK_CD56bright,0.9281767955801106,0.8936170212765957,94
P5,42,marker_tcell,Plasma,1.0,1.0,18
P5,42,marker_tcell,Plasmablast,1.0,1.0,3
P5,42,marker_tcell,Platelet,0.967741935483871,0.9720457433290979,787
P5,42,marker_tcell,Treg Memory,0.7777777777777778,0.8484848484848485,33
P5,42,marker_tcell,Treg Naive,0.8399999999999999,0.9767441860465116,43
P5,42,marker_tcell,cDC1,0.9615384615384616,0.9615384615384616,26
P5,42,marker_tcell,cDC2_1,0.6853146853146853,0.8521739130434782,115
P5,42,marker_tcell,cDC2_2,0.9305993690851735,0.8885542168674698,332
P5,42,marker_tcell,dnT_1,0.0,0.0,5
P5,42,marker_tcell,dnT_2,0.8,1.0,2
P5,42,marker_tcell,gdT_1,0.9804964539007092,0.9701754385964912,570
P5,42,marker_tcell,gdT_2,0.7999999999999999,0.9007633587786259,131
P5,42,marker_tcell,gdT_3,0.906367041198502,0.9453125,128
P5,42,marker_tcell,gdT_4,0.33707865168539325,0.7894736842105263,19
P5,42,marker_tcell,pDC,0.9972451790633609,1.0,181
P5,42,rna_only,ASDC_mDC,0.8,1.0,6
P5,42,rna_only,ASDC_pDC,0.875,0.875,8
P5,42,rna_only,B intermediate kappa,0.8628571428571429,0.9041916167664671,167
P5,42,rna_only,B intermediate lambda,0.858044164037855,0.85,160
P5,42,rna_only,B memory kappa,0.8926014319809069,0.8461538461538461,221
P5,42,rna_only,B memory lambda,0.8984615384615384,0.9240506329113924,158
P5,42,rna_only,B naive kappa,0.8980544747081711,0.9306451612903226,620
P5,42,rna_only,B naive lambda,0.8558139534883721,0.8159645232815964,451
P5,42,rna_only,CD14 Mono,0.9824244529350469,0.9871562194611196,7163
P5,42,rna_only,CD16 Mono,0.9186602870813397,0.8940628637951106,859
P5,42,rna_only,CD4 CTL,0.9315068493150684,0.9714285714285714,35
P5,42,rna_only,CD4 Naive,0.9754689754689755,0.9818445896877269,1377
P5,42,rna_only,CD4 Proliferating,0.24,0.8571428571428571,7
P5,42,rna_only,CD4 TCM_1,0.7578947368421053,0.7076167076167076,407
P5,42,rna_only,CD4 TCM_2,0.7096774193548389,0.7096774193548387,31
P5,42,rna_only,CD4 TCM_3,0.8384991843393149,0.8398692810457516,612
P5,42,rna_only,CD4 TEM_1,0.7766990291262136,0.8888888888888888,135
P5,42,rna_only,CD4 TEM_2,0.4897959183673469,0.4444444444444444,27
P5,42,rna_only,CD4 TEM_3,0.661904761904762,0.6556603773584906,212
P5,42,rna_only,CD4 TEM_4,0.125,0.16666666666666666,6
P5,42,rna_only,CD8 Naive,0.9817490494296578,0.9772899318697956,1321
P5,42,rna_only,CD8 Naive_2,0.5476190476190476,0.5897435897435898,39
P5,42,rna_only,CD8 Proliferating,0.588235294117647,0.9375,16
P5,42,rna_only,CD8 TCM_1,0.6153846153846154,0.6984126984126984,63
P5,42,rna_only,CD8 TCM_2,0.7954545454545454,0.7368421052631579,95
P5,42,rna_only,CD8 TCM_3,0.8181818181818182,0.7714285714285715,70
P5,42,rna_only,CD8 TEM_1,0.8087431693989071,0.7081339712918661,209
P5,42,rna_only,CD8 TEM_2,0.7754077791718946,0.7725,400
P5,42,rna_only,CD8 TEM_3,0.6,0.8,15
P5,42,rna_only,CD8 TEM_4,0.7063655030800822,0.7020408163265306,735
P5,42,rna_only,CD8 TEM_5,0.668,0.6900826446280992,484
P5,42,rna_only,CD8 TEM_6,0.8925081433224756,0.8670886075949367,158
P5,42,rna_only,Doublet,0.4811320754716981,0.4112903225806452,124
P5,42,rna_only,Eryth,0.8,1.0,4
P5,42,rna_only,HSPC,1.0,1.0,7
P5,42,rna_only,ILC,0.9508196721311476,0.9666666666666667,30
P5,42,rna_only,MAIT,0.9779735682819383,0.9823008849557522,226
P5,42,rna_only,NK Proliferating,0.6834170854271356,0.5396825396825397,126
P5,42,rna_only,NK_1,0.8193697156033819,0.7849779086892489,679
P5,42,rna_only,NK_2,0.8701134930643127,0.8247011952191236,1255
P5,42,rna_only,NK_3,0.6764132553606238,0.8422330097087378,412
P5,42,rna_only,NK_4,0.6493506493506492,0.6443298969072165,194
P5,42,rna_only,NK_CD56bright,0.9142857142857143,0.851063829787234,94
P5,42,rna_only,Plasma,1.0,1.0,18
P5,42,rna_only,Plasmablast,1.0,1.0,3
P5,42,rna_only,Platelet,0.9660038486209108,0.9567979669631512,787
P5,42,rna_only,Treg Memory,0.746268656716418,0.7575757575757576,33
P5,42,rna_only,Treg Naive,0.8041237113402061,0.9069767441860465,43
P5,42,rna_only,cDC1,0.9615384615384616,0.9615384615384616,26
P5,42,rna_only,cDC2_1,0.6319444444444444,0.7913043478260869,115
P5,42,rna_only,cDC2_2,0.8968903436988543,0.8253012048192772,332
P5,42,rna_only,dnT_1,0.0,0.0,5
P5,42,rna_only,dnT_2,1.0,1.0,2
P5,42,rna_only,gdT_1,0.9842105263157894,0.9842105263157894,570
P5,42,rna_only,gdT_2,0.8195488721804511,0.8320610687022901,131
P5,42,rna_only,gdT_3,0.9022556390977444,0.9375,128
P5,42,rna_only,gdT_4,0.37681159420289856,0.6842105263157895,19
P5,42,rna_only,pDC,0.994475138121547,0.994475138121547,181
P5,42,random_size_matched_6,ASDC_mDC,1.0,1.0,6
P5,42,random_size_matched_6,ASDC_pDC,0.9333333333333333,0.875,8
P5,42,random_size_matched_6,B intermediate kappa,0.8786127167630058,0.9101796407185628,167
P5,42,random_size_matched_6,B intermediate lambda,0.8670886075949367,0.85625,160
P5,42,random_size_matched_6,B memory kappa,0.9021479713603817,0.8552036199095022,221
P5,42,random_size_matched_6,B memory lambda,0.9141104294478527,0.9430379746835443,158
P5,42,random_size_matched_6,B naive kappa,0.9095315024232633,0.9080645161290323,620
P5,42,random_size_matched_6,B naive lambda,0.8813186813186814,0.8891352549889135,451
P5,42,random_size_matched_6,CD14 Mono,0.9845171144900369,0.9898087393550189,7163
P5,42,random_size_matched_6,CD16 Mono,0.9231714812538414,0.8742724097788126,859
P5,42,random_size_matched_6,CD4 CTL,0.9714285714285714,0.9714285714285714,35
P5,42,random_size_matched_6,CD4 Naive,0.982646420824295,0.9869281045751634,1377
P5,42,random_size_matched_6,CD4 Proliferating,0.6666666666666666,0.5714285714285714,7
P5,42,random_size_matched_6,CD4 TCM_1,0.8052287581699347,0.7567567567567568,407
P5,42,random_size_matched_6,CD4 TCM_2,0.7457627118644068,0.7096774193548387,31
P5,42,random_size_matched_6,CD4 TCM_3,0.882258064516129,0.8937908496732027,612
P5,42,random_size_matched_6,CD4 TEM_1,0.7959183673469387,0.8666666666666667,135
P5,42,random_size_matched_6,CD4 TEM_2,0.6363636363636364,0.5185185185185185,27
P5,42,random_size_matched_6,CD4 TEM_3,0.7904761904761906,0.7830188679245284,212
P5,42,random_size_matched_6,CD4 TEM_4,0.4444444444444444,0.3333333333333333,6
P5,42,random_size_matched_6,CD8 Naive,0.9836315188427864,0.9780469341408025,1321
P5,42,random_size_matched_6,CD8 Naive_2,0.5777777777777778,0.6666666666666666,39
P5,42,random_size_matched_6,CD8 Proliferating,0.8484848484848485,0.875,16
P5,42,random_size_matched_6,CD8 TCM_1,0.7288135593220338,0.6825396825396826,63
P5,42,random_size_matched_6,CD8 TCM_2,0.8900523560209423,0.8947368421052632,95
P5,42,random_size_matched_6,CD8 TCM_3,0.8873239436619719,0.9,70
P5,42,random_size_matched_6,CD8 TEM_1,0.8759493670886075,0.8277511961722488,209
P5,42,random_size_matched_6,CD8 TEM_2,0.8076923076923076,0.7875,400
P5,42,random_size_matched_6,CD8 TEM_3,0.625,0.6666666666666666,15
P5,42,random_size_matched_6,CD8 TEM_4,0.7147719537100067,0.7142857142857143,735
P5,42,random_size_matched_6,CD8 TEM_5,0.6885572139303483,0.7148760330578512,484
P5,42,random_size_matched_6,CD8 TEM_6,0.9308176100628932,0.9367088607594937,158
P5,42,random_size_matched_6,Doublet,0.64,0.5806451612903226,124
P5,42,random_size_matched_6,Eryth,0.888888888888889,1.0,4
P5,42,random_size_matched_6,HSPC,1.0,1.0,7
P5,42,random_size_matched_6,ILC,0.9152542372881356,0.9,30
P5,42,random_size_matched_6,MAIT,0.9844789356984479,0.9823008849557522,226
P5,42,random_size_matched_6,NK Proliferating,0.9034749034749036,0.9285714285714286,126
P5,42,random_size_matched_6,NK_1,0.8531029065200314,0.7997054491899853,679
P5,42,random_size_matched_6,NK_2,0.8819875776397514,0.848605577689243,1255
P5,42,random_size_matched_6,NK_3,0.713717693836978,0.8713592233009708,412
P5,42,random_size_matched_6,NK_4,0.6858638743455496,0.6752577319587629,194
P5,42,random_size_matched_6,NK_CD56bright,0.9281767955801106,0.8936170212765957,94
P5,42,random_size_matched_6,Plasma,1.0,1.0,18
P5,42,random_size_matched_6,Plasmablast,1.0,1.0,3
P5,42,random_size_matched_6,Platelet,0.9689283449587826,0.9707750952986023,787
P5,42,random_size_matched_6,Treg Memory,0.8285714285714285,0.8787878787878788,33
P5,42,random_size_matched_6,Treg Naive,0.8571428571428571,0.9767441860465116,43
P5,42,random_size_matched_6,cDC1,0.9615384615384616,0.9615384615384616,26
P5,42,random_size_matched_6,cDC2_1,0.6807017543859649,0.8434782608695652,115
P5,42,random_size_matched_6,cDC2_2,0.9322834645669291,0.891566265060241,332
P5,42,random_size_matched_6,dnT_1,0.0,0.0,5
P5,42,random_size_matched_6,dnT_2,0.8,1.0,2
P5,42,random_size_matched_6,gdT_1,0.9886858137510879,0.9964912280701754,570
P5,42,random_size_matched_6,gdT_2,0.9384615384615385,0.9312977099236641,131
P5,42,random_size_matched_6,gdT_3,0.9433962264150944,0.9765625,128
P5,42,random_size_matched_6,gdT_4,0.5882352941176471,0.7894736842105263,19
P5,42,random_size_matched_6,pDC,0.9972451790633609,1.0,181
P5,42,random_size_matched_15,ASDC_mDC,1.0,1.0,6
P5,42,random_size_matched_15,ASDC_pDC,0.9333333333333333,0.875,8
P5,42,random_size_matched_15,B intermediate kappa,0.8728323699421966,0.9041916167664671,167
P5,42,random_size_matched_15,B intermediate lambda,0.8571428571428571,0.84375,160
P5,42,random_size_matched_15,B memory kappa,0.894736842105263,0.8461538461538461,221
P5,42,random_size_matched_15,B memory lambda,0.9051987767584098,0.9367088607594937,158
P5,42,random_size_matched_15,B naive kappa,0.9066022544283413,0.9080645161290323,620
P5,42,random_size_matched_15,B naive lambda,0.8776185226019846,0.8824833702882483,451
P5,42,random_size_matched_15,CD14 Mono,0.9849127442119168,0.9888314951835823,7163
P5,42,random_size_matched_15,CD16 Mono,0.9252279635258358,0.8859138533178114,859
P5,42,random_size_matched_15,CD4 CTL,0.9714285714285714,0.9714285714285714,35
P5,42,random_size_matched_15,CD4 Naive,0.9830508474576272,0.9898329702251271,1377
P5,42,random_size_matched_15,CD4 Proliferating,0.7272727272727273,0.5714285714285714,7
P5,42,random_size_matched_15,CD4 TCM_1,0.8005215123859192,0.7542997542997543,407
P5,42,random_size_matched_15,CD4 TCM_2,0.7333333333333333,0.7096774193548387,31
P5,42,random_size_matched_15,CD4 TCM_3,0.8856209150326797,0.8856209150326797,612
P5,42,random_size_matched_15,CD4 TEM_1,0.7986577181208054,0.8814814814814815,135
P5,42,random_size_matched_15,CD4 TEM_2,0.6222222222222222,0.5185185185185185,27
P5,42,random_size_matched_15,CD4 TEM_3,0.7885985748218528,0.7830188679245284,212
P5,42,random_size_matched_15,CD4 TEM_4,0.4,0.3333333333333333,6
P5,42,random_size_matched_15,CD8 Naive,0.982095238095238,0.975775927327782,1321
P5,42,random_size_matched_15,CD8 Naive_2,0.553191489361702,0.6666666666666666,39
P5,42,random_size_matched_15,CD8 Proliferating,0.823529411764706,0.875,16
P5,42,random_size_matched_15,CD8 TCM_1,0.7479674796747968,0.7301587301587301,63
P5,42,random_size_matched_15,CD8 TCM_2,0.8947368421052632,0.8947368421052632,95
P5,42,random_size_matched_15,CD8 TCM_3,0.8905109489051095,0.8714285714285714,70
P5,42,random_size_matched_15,CD8 TEM_1,0.8708860759493671,0.8229665071770335,209
P5,42,random_size_matched_15,CD8 TEM_2,0.8010335917312661,0.775,400
P5,42,random_size_matched_15,CD8 TEM_3,0.6451612903225806,0.6666666666666666,15
P5,42,random_size_matched_15,CD8 TEM_4,0.7158176943699732,0.726530612244898,735
P5,42,random_size_matched_15,CD8 TEM_5,0.6814964610717896,0.6962809917355371,484
P5,42,random_size_matched_15,CD8 TEM_6,0.9333333333333332,0.930379746835443,158
P5,42,random_size_matched_15,Doublet,0.6608695652173913,0.6129032258064516,124
P5,42,random_size_matched_15,Eryth,0.888888888888889,1.0,4
P5,42,random_size_matched_15,HSPC,1.0,1.0,7
P5,42,random_size_matched_15,ILC,0.9152542372881356,0.9,30
P5,42,random_size_matched_15,MAIT,0.9823008849557522,0.9823008849557522,226
P5,42,random_size_matched_15,NK Proliferating,0.90625,0.9206349206349206,126
P5,42,random_size_matched_15,NK_1,0.8597560975609756,0.8306332842415317,679
P5,42,random_size_matched_15,NK_2,0.8879770209273697,0.8621513944223107,1255
P5,42,random_size_matched_15,NK_3,0.7225130890052356,0.837378640776699,412
P5,42,random_size_matched_15,NK_4,0.6809651474530831,0.654639175257732,194
P5,42,random_size_matched_15,NK_CD56bright,0.9289617486338798,0.9042553191489362,94
P5,42,random_size_matched_15,Plasma,1.0,1.0,18
P5,42,random_size_matched_15,Plasmablast,1.0,1.0,3
P5,42,random_size_matched_15,Platelet,0.9670468948035488,0.9695044472681067,787
P5,42,random_size_matched_15,Treg Memory,0.8115942028985507,0.8484848484848485,33
P5,42,random_size_matched_15,Treg Naive,0.8659793814432991,0.9767441860465116,43
P5,42,random_size_matched_15,cDC1,0.9615384615384616,0.9615384615384616,26
P5,42,random_size_matched_15,cDC2_1,0.6981818181818181,0.8347826086956521,115
P5,42,random_size_matched_15,cDC2_2,0.9375,0.9036144578313253,332
P5,42,random_size_matched_15,dnT_1,0.0,0.0,5
P5,42,random_size_matched_15,dnT_2,0.8,1.0,2
P5,42,random_size_matched_15,gdT_1,0.9886858137510879,0.9964912280701754,570
P5,42,random_size_matched_15,gdT_2,0.9384615384615385,0.9312977099236641,131
P5,42,random_size_matched_15,gdT_3,0.9402985074626866,0.984375,128
P5,42,random_size_matched_15,gdT_4,0.5882352941176471,0.7894736842105263,19
P5,42,random_size_matched_15,pDC,0.9972451790633609,1.0,181
P5,43,full,ASDC_mDC,0.7058823529411764,1.0,6
P5,43,full,ASDC_pDC,0.6666666666666666,0.5,8
P5,43,full,B intermediate kappa,0.8595988538681948,0.8982035928143712,167
P5,43,full,B intermediate lambda,0.8398791540785498,0.86875,160
P5,43,full,B memory kappa,0.8819277108433734,0.8280542986425339,221
P5,43,full,B memory lambda,0.8561872909698997,0.810126582278481,158
P5,43,full,B naive kappa,0.900243309002433,0.8951612903225806,620
P5,43,full,B naive lambda,0.8685344827586207,0.893569844789357,451
P5,43,full,CD14 Mono,0.9847497573825038,0.9916236213876867,7163
P5,43,full,CD16 Mono,0.9216533004318322,0.869615832363213,859
P5,43,full,CD4 CTL,0.9705882352941176,0.9428571428571428,35
P5,43,full,CD4 Naive,0.9839533187454413,0.9796659404502541,1377
P5,43,full,CD4 Proliferating,0.6,0.42857142857142855,7
P5,43,full,CD4 TCM_1,0.8140442132639791,0.769041769041769,407
P5,43,full,CD4 TCM_2,0.631578947368421,0.7741935483870968,31
P5,43,full,CD4 TCM_3,0.8892430278884462,0.9117647058823529,612
P5,43,full,CD4 TEM_1,0.7925925925925926,0.7925925925925926,135
P5,43,full,CD4 TEM_2,0.6222222222222222,0.5185185185185185,27
P5,43,full,CD4 TEM_3,0.8211009174311926,0.8443396226415094,212
P5,43,full,CD4 TEM_4,0.4615384615384615,0.5,6
P5,43,full,CD8 Naive,0.9874381423677199,0.9818319454958365,1321
P5,43,full,CD8 Naive_2,0.6373626373626373,0.7435897435897436,39
P5,43,full,CD8 Proliferating,0.9032258064516129,0.875,16
P5,43,full,CD8 TCM_1,0.7218045112781954,0.7619047619047619,63
P5,43,full,CD8 TCM_2,0.9015544041450776,0.9157894736842105,95
P5,43,full,CD8 TCM_3,0.9037037037037037,0.8714285714285714,70
P5,43,full,CD8 TEM_1,0.859903381642512,0.8516746411483254,209
P5,43,full,CD8 TEM_2,0.7368421052631579,0.6125,400
P5,43,full,CD8 TEM_3,0.5454545454545454,0.6,15
P5,43,full,CD8 TEM_4,0.44802867383512546,0.3401360544217687,735
P5,43,full,CD8 TEM_5,0.6549543218552355,0.9628099173553719,484
P5,43,full,CD8 TEM_6,0.9587301587301587,0.9556962025316456,158
P5,43,full,Doublet,0.6886792452830188,0.5887096774193549,124
P5,43,full,Eryth,0.888888888888889,1.0,4
P5,43,full,HSPC,1.0,1.0,7
P5,43,full,ILC,0.9508196721311476,0.9666666666666667,30
P5,43,full,MAIT,0.975929978118162,0.9867256637168141,226
P5,43,full,NK Proliferating,0.9444444444444444,0.9444444444444444,126
P5,43,full,NK_1,0.8788562829194883,0.8600883652430045,679
P5,43,full,NK_2,0.8966080915406622,0.8741035856573706,1255
P5,43,full,NK_3,0.7502590673575129,0.8786407766990292,412
P5,43,full,NK_4,0.701949860724234,0.6494845360824743,194
P5,43,full,NK_CD56bright,0.9005847953216375,0.8191489361702128,94
P5,43,full,Plasma,1.0,1.0,18
P5,43,full,Plasmablast,1.0,1.0,3
P5,43,full,Platelet,0.9676601141407736,0.9695044472681067,787
P5,43,full,Treg Memory,0.8358208955223881,0.8484848484848485,33
P5,43,full,Treg Naive,0.875,0.9767441860465116,43
P5,43,full,cDC1,0.9387755102040816,0.8846153846153846,26
P5,43,full,cDC2_1,0.710801393728223,0.8869565217391304,115
P5,43,full,cDC2_2,0.9216,0.8674698795180723,332
P5,43,full,dnT_1,0.33333333333333337,0.2,5
P5,43,full,dnT_2,0.8,1.0,2
P5,43,full,gdT_1,0.989492119089317,0.9912280701754386,570
P5,43,full,gdT_2,0.9057971014492754,0.9541984732824428,131
P5,43,full,gdT_3,0.9402985074626866,0.984375,128
P5,43,full,gdT_4,0.6153846153846154,0.8421052631578947,19
P5,43,full,pDC,0.9972451790633609,1.0,181
P5,43,random_10,ASDC_mDC,0.7058823529411764,1.0,6
P5,43,random_10,ASDC_pDC,0.6666666666666666,0.5,8
P5,43,random_10,B intermediate kappa,0.8620689655172413,0.8982035928143712,167
P5,43,random_10,B intermediate lambda,0.8424242424242424,0.86875,160
P5,43,random_10,B memory kappa,0.8765133171912833,0.8190045248868778,221
P5,43,random_10,B memory lambda,0.8571428571428572,0.8164556962025317,158
P5,43,random_10,B naive kappa,0.9003215434083601,0.9032258064516129,620
P5,43,random_10,B naive lambda,0.8661588683351469,0.8824833702882483,451
P5,43,random_10,CD14 Mono,0.9836994059953031,0.9941365349713807,7163
P5,43,random_10,CD16 Mono,0.9101194217473287,0.8428405122235157,859
P5,43,random_10,CD4 CTL,0.9705882352941176,0.9428571428571428,35
P5,43,random_10,CD4 Naive,0.982044705020154,0.9731299927378358,1377
P5,43,random_10,CD4 Proliferating,0.6,0.42857142857142855,7
P5,43,random_10,CD4 TCM_1,0.8145363408521303,0.7985257985257985,407
P5,43,random_10,CD4 TCM_2,0.6233766233766235,0.7741935483870968,31
P5,43,random_10,CD4 TCM_3,0.8908649959579629,0.9003267973856209,612
P5,43,random_10,CD4 TEM_1,0.7956204379562045,0.8074074074074075,135
P5,43,random_10,CD4 TEM_2,0.5833333333333334,0.5185185185185185,27
P5,43,random_10,CD4 TEM_3,0.8082191780821917,0.8349056603773585,212
P5,43,random_10,CD4 TEM_4,0.4615384615384615,0.5,6
P5,43,random_10,CD8 Naive,0.9839572192513368,0.9750189250567751,1321
P5,43,random_10,CD8 Naive_2,0.5918367346938775,0.7435897435897436,39
P5,43,random_10,CD8 Proliferating,0.9032258064516129,0.875,16
P5,43,random_10,CD8 TCM_1,0.7205882352941178,0.7777777777777778,63
P5,43,random_10,CD8 TCM_2,0.8923076923076922,0.9157894736842105,95
P5,43,random_10,CD8 TCM_3,0.8939393939393939,0.8428571428571429,70
P5,43,random_10,CD8 TEM_1,0.8619854721549637,0.8516746411483254,209
P5,43,random_10,CD8 TEM_2,0.725609756097561,0.595,400
P5,43,random_10,CD8 TEM_3,0.606060606060606,0.6666666666666666,15
P5,43,random_10,CD8 TEM_4,0.46031746031746035,0.3551020408163265,735
P5,43,random_10,CD8 TEM_5,0.6614950634696756,0.96900826446281,484
P5,43,random_10,CD8 TEM_6,0.9496855345911951,0.9556962025316456,158
P5,43,random_10,Doublet,0.66,0.532258064516129,124
P5,43,random_10,Eryth,0.8,1.0,4
P5,43,random_10,HSPC,0.9333333333333333,1.0,7
P5,43,random_10,ILC,0.9491525423728815,0.9333333333333333,30
P5,43,random_10,MAIT,0.9715536105032823,0.9823008849557522,226
P5,43,random_10,NK Proliferating,0.9407114624505929,0.9444444444444444,126
P5,43,random_10,NK_1,0.8808290155440415,0.8762886597938144,679
P5,43,random_10,NK_2,0.8976248976248977,0.8733067729083666,1255
P5,43,random_10,NK_3,0.751311647429171,0.8689320388349514,412
P5,43,random_10,NK_4,0.7078651685393258,0.6494845360824743,194
P5,43,random_10,NK_CD56bright,0.8941176470588235,0.8085106382978723,94
P5,43,random_10,Plasma,1.0,1.0,18
P5,43,random_10,Plasmablast,1.0,1.0,3
P5,43,random_10,Platelet,0.9725590299936184,0.9682337992376112,787
P5,43,random_10,Treg Memory,0.8059701492537314,0.8181818181818182,33
P5,43,random_10,Treg Naive,0.8089887640449438,0.8372093023255814,43
P5,43,random_10,cDC1,0.9600000000000001,0.9230769230769231,26
P5,43,random_10,cDC2_1,0.7079037800687286,0.8956521739130435,115
P5,43,random_10,cDC2_2,0.9158576051779935,0.8524096385542169,332
P5,43,random_10,dnT_1,0.33333333333333337,0.2,5
P5,43,random_10,dnT_2,0.8,1.0,2
P5,43,random_10,gdT_1,0.9894736842105263,0.9894736842105263,570
P5,43,random_10,gdT_2,0.9259259259259259,0.9541984732824428,131
P5,43,random_10,gdT_3,0.929368029739777,0.9765625,128
P5,43,random_10,gdT_4,0.5769230769230769,0.7894736842105263,19
P5,43,random_10,pDC,0.9972451790633609,1.0,181
P5,43,random_30,ASDC_mDC,0.7058823529411764,1.0,6
P5,43,random_30,ASDC_pDC,0.6666666666666666,0.5,8
P5,43,random_30,B intermediate kappa,0.8507042253521128,0.9041916167664671,167
P5,43,random_30,B intermediate lambda,0.8606060606060607,0.8875,160
P5,43,random_30,B memory kappa,0.8743961352657005,0.8190045248868778,221
P5,43,random_30,B memory lambda,0.8580858085808581,0.8227848101265823,158
P5,43,random_30,B naive kappa,0.8928863450531481,0.8806451612903226,620
P5,43,random_30,B naive lambda,0.8623655913978494,0.8891352549889135,451
P5,43,random_30,CD14 Mono,0.9843944206601298,0.9951137791428173,7163
P5,43,random_30,CD16 Mono,0.9174425822470516,0.860302677532014,859
P5,43,random_30,CD4 CTL,0.9705882352941176,0.9428571428571428,35
P5,43,random_30,CD4 Naive,0.9842663739480425,0.9767610748002905,1377
P5,43,random_30,CD4 Proliferating,0.6,0.42857142857142855,7
P5,43,random_30,CD4 TCM_1,0.8026666666666666,0.7395577395577395,407
P5,43,random_30,CD4 TCM_2,0.6575342465753424,0.7741935483870968,31
P5,43,random_30,CD4 TCM_3,0.8943217665615142,0.9264705882352942,612
P5,43,random_30,CD4 TEM_1,0.7927272727272727,0.8074074074074075,135
P5,43,random_30,CD4 TEM_2,0.6046511627906976,0.48148148148148145,27
P5,43,random_30,CD4 TEM_3,0.8140043763676148,0.8773584905660378,212
P5,43,random_30,CD4 TEM_4,0.5,0.5,6
P5,43,random_30,CD8 Naive,0.9867172675521823,0.9841029523088569,1321
P5,43,random_30,CD8 Naive_2,0.6341463414634145,0.6666666666666666,39
P5,43,random_30,CD8 Proliferating,0.9375,0.9375,16
P5,43,random_30,CD8 TCM_1,0.7591240875912408,0.8253968253968254,63
P5,43,random_30,CD8 TCM_2,0.8864864864864865,0.8631578947368421,95
P5,43,random_30,CD8 TCM_3,0.9104477611940298,0.8714285714285714,70
P5,43,random_30,CD8 TEM_1,0.8481927710843373,0.8421052631578947,209
P5,43,random_30,CD8 TEM_2,0.7300150829562594,0.605,400
P5,43,random_30,CD8 TEM_3,0.5641025641025641,0.7333333333333333,15
P5,43,random_30,CD8 TEM_4,0.44684684684684683,0.33741496598639453,735
P5,43,random_30,CD8 TEM_5,0.6596785464709993,0.9752066115702479,484
P5,43,random_30,CD8 TEM_6,0.9430379746835443,0.9430379746835443,158
P5,43,random_30,Doublet,0.5894736842105264,0.45161290322580644,124
P5,43,random_30,Eryth,0.8,1.0,4
P5,43,random_30,HSPC,1.0,1.0,7
P5,43,random_30,ILC,0.967741935483871,1.0,30
P5,43,random_30,MAIT,0.9736842105263158,0.9823008849557522,226
P5,43,random_30,NK Proliferating,0.933852140077821,0.9523809523809523,126
P5,43,random_30,NK_1,0.8557558945908461,0.9086892488954345,679
P5,43,random_30,NK_2,0.8887036265110464,0.8494023904382471,1255
P5,43,random_30,NK_3,0.7304347826086958,0.8155339805825242,412
P5,43,random_30,NK_4,0.6607142857142857,0.5721649484536082,194
P5,43,random_30,NK_CD56bright,0.8823529411764706,0.7978723404255319,94
P5,43,random_30,Plasma,1.0,1.0,18
P5,43,random_30,Plasmablast,1.0,1.0,3
P5,43,random_30,Platelet,0.9682337992376112,0.9682337992376112,787
P5,43,random_30,Treg Memory,0.8115942028985507,0.8484848484848485,33
P5,43,random_30,Treg Naive,0.8723404255319148,0.9534883720930233,43
P5,43,random_30,cDC1,0.9199999999999999,0.8846153846153846,26
P5,43,random_30,cDC2_1,0.6968641114982579,0.8695652173913043,115
P5,43,random_30,cDC2_2,0.8903654485049833,0.8072289156626506,332
P5,43,random_30,dnT_1,0.33333333333333337,0.2,5
P5,43,random_30,dnT_2,0.8,1.0,2
P5,43,random_30,gdT_1,0.9832007073386384,0.9754385964912281,570
P5,43,random_30,gdT_2,0.9103942652329748,0.9694656488549618,131
P5,43,random_30,gdT_3,0.9433962264150944,0.9765625,128
P5,43,random_30,gdT_4,0.5925925925925926,0.8421052631578947,19
P5,43,random_30,pDC,0.9972451790633609,1.0,181
P5,43,random_50,ASDC_mDC,0.6666666666666666,1.0,6
P5,43,random_50,ASDC_pDC,0.6666666666666666,0.5,8
P5,43,random_50,B intermediate kappa,0.8096514745308312,0.9041916167664671,167
P5,43,random_50,B intermediate lambda,0.8333333333333334,0.90625,160
P5,43,random_50,B memory kappa,0.8223350253807107,0.7330316742081447,221
P5,43,random_50,B memory lambda,0.845360824742268,0.7784810126582279,158
P5,43,random_50,B naive kappa,0.8901639344262295,0.8758064516129033,620
P5,43,random_50,B naive lambda,0.8620689655172414,0.8869179600886918,451
P5,43,random_50,CD14 Mono,0.9842541436464087,0.9948345665224068,7163
P5,43,random_50,CD16 Mono,0.9263803680981595,0.8789289871944121,859
P5,43,random_50,CD4 CTL,0.9565217391304348,0.9428571428571428,35
P5,43,random_50,CD4 Naive,0.9824689554419285,0.9767610748002905,1377
P5,43,random_50,CD4 Proliferating,0.6,0.42857142857142855,7
P5,43,random_50,CD4 TCM_1,0.7969151670951157,0.7616707616707616,407
P5,43,random_50,CD4 TCM_2,0.6233766233766235,0.7741935483870968,31
P5,43,random_50,CD4 TCM_3,0.888888888888889,0.9019607843137255,612
P5,43,random_50,CD4 TEM_1,0.7970479704797047,0.8,135
P5,43,random_50,CD4 TEM_2,0.5909090909090909,0.48148148148148145,27
P5,43,random_50,CD4 TEM_3,0.7929515418502202,0.8490566037735849,212
P5,43,random_50,CD4 TEM_4,0.5333333333333333,0.6666666666666666,6
P5,43,random_50,CD8 Naive,0.9786259541984732,0.9704769114307343,1321
P5,43,random_50,CD8 Naive_2,0.536082474226804,0.6666666666666666,39
P5,43,random_50,CD8 Proliferating,0.875,0.875,16
P5,43,random_50,CD8 TCM_1,0.6290322580645161,0.6190476190476191,63
P5,43,random_50,CD8 TCM_2,0.8426966292134832,0.7894736842105263,95
P5,43,random_50,CD8 TCM_3,0.8496732026143791,0.9285714285714286,70
P5,43,random_50,CD8 TEM_1,0.8391959798994975,0.7990430622009569,209
P5,43,random_50,CD8 TEM_2,0.7242921013412816,0.6075,400
P5,43,random_50,CD8 TEM_3,0.47619047619047616,0.6666666666666666,15
P5,43,random_50,CD8 TEM_4,0.46384479717813054,0.3578231292517007,735
P5,43,random_50,CD8 TEM_5,0.6594672426205904,0.9462809917355371,484
P5,43,random_50,CD8 TEM_6,0.9320388349514563,0.9113924050632911,158
P5,43,random_50,Doublet,0.5444444444444445,0.3951612903225806,124
P5,43,random_50,Eryth,0.8,1.0,4
P5,43,random_50,HSPC,1.0,1.0,7
P5,43,random_50,ILC,0.9666666666666667,0.9666666666666667,30
P5,43,random_50,MAIT,0.9469214437367305,0.9867256637168141,226
P5,43,random_50,NK Proliferating,0.9272030651340996,0.9603174603174603,126
P5,43,random_50,NK_1,0.8525547445255474,0.8600883652430045,679
P5,43,random_50,NK_2,0.8734939759036144,0.8087649402390438,1255
P5,43,random_50,NK_3,0.7199211045364892,0.8859223300970874,412
P5,43,random_50,NK_4,0.697201017811705,0.7061855670103093,194
P5,43,random_50,NK_CD56bright,0.8941176470588235,0.8085106382978723,94
P5,43,random_50,Plasma,1.0,1.0,18
P5,43,random_50,Plasmablast,1.0,1.0,3
P5,43,random_50,Platelet,0.9667519181585678,0.9606099110546379,787
P5,43,random_50,Treg Memory,0.8115942028985507,0.8484848484848485,33
P5,43,random_50,Treg Naive,0.8484848484848485,0.9767441860465116,43
P5,43,random_50,cDC1,0.9199999999999999,0.8846153846153846,26
P5,43,random_50,cDC2_1,0.6805555555555556,0.8521739130434782,115
P5,43,random_50,cDC2_2,0.8791946308724833,0.7891566265060241,332
P5,43,random_50,dnT_1,0.0,0.0,5
P5,43,random_50,dnT_2,0.8,1.0,2
P5,43,random_50,gdT_1,0.9704565801253358,0.9508771929824561,570
P5,43,random_50,gdT_2,0.847457627118644,0.9541984732824428,131
P5,43,random_50,gdT_3,0.9236641221374047,0.9453125,128
P5,43,random_50,gdT_4,0.4999999999999999,0.7894736842105263,19
P5,43,random_50,pDC,0.9972451790633609,1.0,181
P5,43,random_70,ASDC_mDC,0.7058823529411764,1.0,6
P5,43,random_70,ASDC_pDC,0.6666666666666666,0.5,8
P5,43,random_70,B intermediate kappa,0.8412256267409471,0.9041916167664671,167
P5,43,random_70,B intermediate lambda,0.8405797101449275,0.90625,160
P5,43,random_70,B memory kappa,0.8634146341463415,0.8009049773755657,221
P5,43,random_70,B memory lambda,0.8513513513513514,0.7974683544303798,158
P5,43,random_70,B naive kappa,0.8922829581993568,0.8951612903225806,620
P5,43,random_70,B naive lambda,0.8603104212860311,0.8603104212860311,451
P5,43,random_70,CD14 Mono,0.9841050449205253,0.9939969286611755,7163
P5,43,random_70,CD16 Mono,0.9227918468190242,0.869615832363213,859
P5,43,random_70,CD4 CTL,0.9295774647887323,0.9428571428571428,35
P5,43,random_70,CD4 Naive,0.9786135693215338,0.9636891793754538,1377
P5,43,random_70,CD4 Proliferating,0.6,0.42857142857142855,7
P5,43,random_70,CD4 TCM_1,0.7902439024390245,0.7960687960687961,407
P5,43,random_70,CD4 TCM_2,0.6478873239436619,0.7419354838709677,31
P5,43,random_70,CD4 TCM_3,0.8871349644830308,0.9183006535947712,612
P5,43,random_70,CD4 TEM_1,0.81203007518797,0.8,135
P5,43,random_70,CD4 TEM_2,0.6511627906976744,0.5185185185185185,27
P5,43,random_70,CD4 TEM_3,0.8090909090909092,0.839622641509434,212
P5,43,random_70,CD4 TEM_4,0.2222222222222222,0.16666666666666666,6
P5,43,random_70,CD8 Naive,0.9758713136729222,0.9644208932626798,1321
P5,43,random_70,CD8 Naive_2,0.4952380952380952,0.6666666666666666,39
P5,43,random_70,CD8 Proliferating,0.9032258064516129,0.875,16
P5,43,random_70,CD8 TCM_1,0.6490066225165563,0.7777777777777778,63
P5,43,random_70,CD8 TCM_2,0.8268156424581005,0.7789473684210526,95
P5,43,random_70,CD8 TCM_3,0.7796610169491525,0.6571428571428571,70
P5,43,random_70,CD8 TEM_1,0.845771144278607,0.8133971291866029,209
P5,43,random_70,CD8 TEM_2,0.7018633540372671,0.565,400
P5,43,random_70,CD8 TEM_3,0.5499999999999999,0.7333333333333333,15
P5,43,random_70,CD8 TEM_4,0.46459412780656306,0.3659863945578231,735
P5,43,random_70,CD8 TEM_5,0.6541516245487364,0.9359504132231405,484
P5,43,random_70,CD8 TEM_6,0.9133333333333333,0.8670886075949367,158
P5,43,random_70,Doublet,0.5251396648044693,0.3790322580645161,124
P5,43,random_70,Eryth,0.8,1.0,4
P5,43,random_70,HSPC,1.0,1.0,7
P5,43,random_70,ILC,0.90625,0.9666666666666667,30
P5,43,random_70,MAIT,0.9820627802690582,0.9690265486725663,226
P5,43,random_70,NK Proliferating,0.9453125000000001,0.9603174603174603,126
P5,43,random_70,NK_1,0.8352387357094821,0.914580265095729,679
P5,43,random_70,NK_2,0.8575209528010587,0.7745019920318725,1255
P5,43,random_70,NK_3,0.7052947052947053,0.8567961165048543,412
P5,43,random_70,NK_4,0.6778711484593838,0.6237113402061856,194
P5,43,random_70,NK_CD56bright,0.8606060606060607,0.7553191489361702,94
P5,43,random_70,Plasma,1.0,1.0,18
P5,43,random_70,Plasmablast,1.0,1.0,3
P5,43,random_70,Platelet,0.9671603348358017,0.9542566709021602,787
P5,43,random_70,Treg Memory,0.7887323943661972,0.8484848484848485,33
P5,43,random_70,Treg Naive,0.8118811881188119,0.9534883720930233,43
P5,43,random_70,cDC1,0.9199999999999999,0.8846153846153846,26
P5,43,random_70,cDC2_1,0.6866666666666666,0.8956521739130435,115
P5,43,random_70,cDC2_2,0.8950819672131147,0.822289156626506,332
P5,43,random_70,dnT_1,0.0,0.0,5
P5,43,random_70,dnT_2,0.8,1.0,2
P5,43,random_70,gdT_1,0.9938864628820961,0.9982456140350877,570
P5,43,random_70,gdT_2,0.8737201365187713,0.9770992366412213,131
P5,43,random_70,gdT_3,0.8953068592057762,0.96875,128
P5,43,random_70,gdT_4,0.5555555555555555,0.7894736842105263,19
P5,43,random_70,pDC,0.9972451790633609,1.0,181
P5,43,marker_memory,ASDC_mDC,0.7058823529411764,1.0,6
P5,43,marker_memory,ASDC_pDC,0.6666666666666666,0.5,8
P5,43,marker_memory,B intermediate kappa,0.8620689655172413,0.8982035928143712,167
P5,43,marker_memory,B intermediate lambda,0.8414634146341463,0.8625,160
P5,43,marker_memory,B memory kappa,0.8786407766990291,0.8190045248868778,221
P5,43,marker_memory,B memory lambda,0.8504983388704319,0.810126582278481,158
P5,43,marker_memory,B naive kappa,0.9027552674230146,0.8983870967741936,620
P5,43,marker_memory,B naive lambda,0.8669527896995709,0.8957871396895787,451
P5,43,marker_memory,CD14 Mono,0.9859194007074982,0.9921820466285076,7163
P5,43,marker_memory,CD16 Mono,0.9282648681790313,0.8812572759022119,859
P5,43,marker_memory,CD4 CTL,0.9705882352941176,0.9428571428571428,35
P5,43,marker_memory,CD4 Naive,0.9817916970138383,0.9789397240377633,1377
P5,43,marker_memory,CD4 Proliferating,0.6,0.42857142857142855,7
P5,43,marker_memory,CD4 TCM_1,0.8087855297157622,0.769041769041769,407
P5,43,marker_memory,CD4 TCM_2,0.7058823529411764,0.7741935483870968,31
P5,43,marker_memory,CD4 TCM_3,0.8897827835880934,0.9035947712418301,612
P5,43,marker_memory,CD4 TEM_1,0.7985611510791367,0.8222222222222222,135
P5,43,marker_memory,CD4 TEM_2,0.5365853658536585,0.4074074074074074,27
P5,43,marker_memory,CD4 TEM_3,0.8082191780821917,0.8349056603773585,212
P5,43,marker_memory,CD4 TEM_4,0.42857142857142855,0.5,6
P5,43,marker_memory,CD8 Naive,0.9851428571428571,0.9788039364118092,1321
P5,43,marker_memory,CD8 Naive_2,0.6304347826086957,0.7435897435897436,39
P5,43,marker_memory,CD8 Proliferating,0.9375,0.9375,16
P5,43,marker_memory,CD8 TCM_1,0.7343749999999999,0.746031746031746,63
P5,43,marker_memory,CD8 TCM_2,0.8969072164948454,0.9157894736842105,95
P5,43,marker_memory,CD8 TCM_3,0.9130434782608695,0.9,70
P5,43,marker_memory,CD8 TEM_1,0.8393285371702638,0.8373205741626795,209
P5,43,marker_memory,CD8 TEM_2,0.7267267267267268,0.605,400
P5,43,marker_memory,CD8 TEM_3,0.5116279069767441,0.7333333333333333,15
P5,43,marker_memory,CD8 TEM_4,0.47627416520210897,0.3687074829931973,735
P5,43,marker_memory,CD8 TEM_5,0.6642599277978339,0.9504132231404959,484
P5,43,marker_memory,CD8 TEM_6,0.935064935064935,0.9113924050632911,158
P5,43,marker_memory,Doublet,0.6886792452830188,0.5887096774193549,124
P5,43,marker_memory,Eryth,0.8,1.0,4
P5,43,marker_memory,HSPC,1.0,1.0,7
P5,43,marker_memory,ILC,0.9523809523809523,1.0,30
P5,43,marker_memory,MAIT,0.9802197802197802,0.9867256637168141,226
P5,43,marker_memory,NK Proliferating,0.9448818897637795,0.9523809523809523,126
P5,43,marker_memory,NK_1,0.8785185185185185,0.8733431516936672,679
P5,43,marker_memory,NK_2,0.8974569319114029,0.8717131474103585,1255
P5,43,marker_memory,NK_3,0.7460815047021943,0.866504854368932,412
P5,43,marker_memory,NK_4,0.6944444444444445,0.6443298969072165,194
P5,43,marker_memory,NK_CD56bright,0.9005847953216375,0.8191489361702128,94
P5,43,marker_memory,Plasma,1.0,1.0,18
P5,43,marker_memory,Plasmablast,1.0,1.0,3
P5,43,marker_memory,Platelet,0.9670886075949368,0.9707750952986023,787
P5,43,marker_memory,Treg Memory,0.8484848484848486,0.8484848484848485,33
P5,43,marker_memory,Treg Naive,0.8723404255319148,0.9534883720930233,43
P5,43,marker_memory,cDC1,0.9411764705882353,0.9230769230769231,26
P5,43,marker_memory,cDC2_1,0.7163120567375887,0.8782608695652174,115
P5,43,marker_memory,cDC2_2,0.9216,0.8674698795180723,332
P5,43,marker_memory,dnT_1,0.0,0.0,5
P5,43,marker_memory,dnT_2,0.6666666666666666,1.0,2
P5,43,marker_memory,gdT_1,0.9868536371603858,0.987719298245614,570
P5,43,marker_memory,gdT_2,0.8920863309352518,0.9465648854961832,131
P5,43,marker_memory,gdT_3,0.9438202247191011,0.984375,128
P5,43,marker_memory,gdT_4,0.4999999999999999,0.7894736842105263,19
P5,43,marker_memory,pDC,0.9972451790633609,1.0,181
P5,43,marker_tcell,ASDC_mDC,0.7058823529411764,1.0,6
P5,43,marker_tcell,ASDC_pDC,0.6666666666666666,0.5,8
P5,43,marker_tcell,B intermediate kappa,0.8547008547008547,0.8982035928143712,167
P5,43,marker_tcell,B intermediate lambda,0.8348348348348349,0.86875,160
P5,43,marker_tcell,B memory kappa,0.8682926829268294,0.8054298642533937,221
P5,43,marker_tcell,B memory lambda,0.8600682593856656,0.7974683544303798,158
P5,43,marker_tcell,B naive kappa,0.9020242914979757,0.8983870967741936,620
P5,43,marker_tcell,B naive lambda,0.8660235798499464,0.8957871396895787,451
P5,43,marker_tcell,CD14 Mono,0.9846068506448481,0.9912048024570711,7163
P5,43,marker_tcell,CD16 Mono,0.9215565163681285,0.8684516880093132,859
P5,43,marker_tcell,CD4 CTL,0.9705882352941176,0.9428571428571428,35
P5,43,marker_tcell,CD4 Naive,0.98390636430139,0.9767610748002905,1377
P5,43,marker_tcell,CD4 Proliferating,0.6,0.42857142857142855,7
P5,43,marker_tcell,CD4 TCM_1,0.793148880105402,0.7395577395577395,407
P5,43,marker_tcell,CD4 TCM_2,0.64,0.7741935483870968,31
P5,43,marker_tcell,CD4 TCM_3,0.8814352574102964,0.923202614379085,612
P5,43,marker_tcell,CD4 TEM_1,0.7942238267148014,0.8148148148148148,135
P5,43,marker_tcell,CD4 TEM_2,0.5499999999999999,0.4074074074074074,27
P5,43,marker_tcell,CD4 TEM_3,0.8149882903981264,0.8207547169811321,212
P5,43,marker_tcell,CD4 TEM_4,0.5,0.8333333333333334,6
P5,43,marker_tcell,CD8 Naive,0.9793103448275862,0.967448902346707,1321
P5,43,marker_tcell,CD8 Naive_2,0.5555555555555555,0.7692307692307693,39
P5,43,marker_tcell,CD8 Proliferating,0.8666666666666666,0.8125,16
P5,43,marker_tcell,CD8 TCM_1,0.6434782608695652,0.5873015873015873,63
P5,43,marker_tcell,CD8 TCM_2,0.8481675392670157,0.8526315789473684,95
P5,43,marker_tcell,CD8 TCM_3,0.8843537414965986,0.9285714285714286,70
P5,43,marker_tcell,CD8 TEM_1,0.8214285714285714,0.7703349282296651,209
P5,43,marker_tcell,CD8 TEM_2,0.6645569620253164,0.525,400
P5,43,marker_tcell,CD8 TEM_3,0.4878048780487804,0.6666666666666666,15
P5,43,marker_tcell,CD8 TEM_4,0.3902894491129785,0.28435374149659864,735
P5,43,marker_tcell,CD8 TEM_5,0.6164079822616408,0.8615702479338843,484
P5,43,marker_tcell,CD8 TEM_6,0.9114754098360656,0.879746835443038,158
P5,43,marker_tcell,Doublet,0.6728971962616822,0.5806451612903226,124
P5,43,marker_tcell,Eryth,0.8,1.0,4
P5,43,marker_tcell,HSPC,0.9333333333333333,1.0,7
P5,43,marker_tcell,ILC,0.9491525423728815,0.9333333333333333,30
P5,43,marker_tcell,MAIT,0.9409282700421941,0.9867256637168141,226
P5,43,marker_tcell,NK Proliferating,0.920152091254753,0.9603174603174603,126
P5,43,marker_tcell,NK_1,0.8400000000000001,0.8350515463917526,679
P5,43,marker_tcell,NK_2,0.8937728937728937,0.8749003984063745,1255
P5,43,marker_tcell,NK_3,0.7346072186836519,0.8398058252427184,412
P5,43,marker_tcell,NK_4,0.7103825136612022,0.6701030927835051,194
P5,43,marker_tcell,NK_CD56bright,0.9132947976878613,0.8404255319148937,94
P5,43,marker_tcell,Plasma,1.0,1.0,18
P5,43,marker_tcell,Plasmablast,1.0,1.0,3
P5,43,marker_tcell,Platelet,0.9670468948035488,0.9695044472681067,787
P5,43,marker_tcell,Treg Memory,0.8115942028985507,0.8484848484848485,33
P5,43,marker_tcell,Treg Naive,0.8659793814432991,0.9767441860465116,43
P5,43,marker_tcell,cDC1,0.9600000000000001,0.9230769230769231,26
P5,43,marker_tcell,cDC2_1,0.698961937716263,0.8782608695652174,115
P5,43,marker_tcell,cDC2_2,0.9218500797448166,0.8704819277108434,332
P5,43,marker_tcell,dnT_1,0.0,0.0,5
P5,43,marker_tcell,dnT_2,0.6666666666666666,1.0,2
P5,43,marker_tcell,gdT_1,0.9621621621621621,0.9368421052631579,570
P5,43,marker_tcell,gdT_2,0.6885245901639343,0.9618320610687023,131
P5,43,marker_tcell,gdT_3,0.8796992481203008,0.9140625,128
P5,43,marker_tcell,gdT_4,0.2735042735042735,0.8421052631578947,19
P5,43,marker_tcell,pDC,0.9972451790633609,1.0,181
P5,43,rna_only,ASDC_mDC,0.631578947368421,1.0,6
P5,43,rna_only,ASDC_pDC,0.6666666666666666,0.5,8
P5,43,rna_only,B intermediate kappa,0.8435754189944135,0.9041916167664671,167
P5,43,rna_only,B intermediate lambda,0.8562691131498471,0.875,160
P5,43,rna_only,B memory kappa,0.8656716417910447,0.7873303167420814,221
P5,43,rna_only,B memory lambda,0.8831168831168831,0.8607594936708861,158
P5,43,rna_only,B naive kappa,0.890728476821192,0.867741935483871,620
P5,43,rna_only,B naive lambda,0.8646379853095487,0.9135254988913526,451
P5,43,rna_only,CD14 Mono,0.985238062235775,0.9923216529387129,7163
P5,43,rna_only,CD16 Mono,0.927360774818402,0.8917345750873108,859
P5,43,rna_only,CD4 CTL,0.9275362318840579,0.9142857142857143,35
P5,43,rna_only,CD4 Naive,0.9769484083424808,0.9694989106753813,1377
P5,43,rna_only,CD4 Proliferating,0.6,0.42857142857142855,7
P5,43,rna_only,CD4 TCM_1,0.7850931677018632,0.7764127764127764,407
P5,43,rna_only,CD4 TCM_2,0.6575342465753424,0.7741935483870968,31
P5,43,rna_only,CD4 TCM_3,0.8412570507655117,0.8529411764705882,612
P5,43,rna_only,CD4 TEM_1,0.782312925170068,0.8518518518518519,135
P5,43,rna_only,CD4 TEM_2,0.5238095238095238,0.4074074074074074,27
P5,43,rna_only,CD4 TEM_3,0.6915887850467289,0.6981132075471698,212
P5,43,rna_only,CD4 TEM_4,0.2222222222222222,0.16666666666666666,6
P5,43,rna_only,CD8 Naive,0.9590962212699649,0.9318697956093869,1321
P5,43,rna_only,CD8 Naive_2,0.3783783783783784,0.717948717948718,39
P5,43,rna_only,CD8 Proliferating,0.9090909090909091,0.9375,16
P5,43,rna_only,CD8 TCM_1,0.6853146853146853,0.7777777777777778,63
P5,43,rna_only,CD8 TCM_2,0.8181818181818181,0.7578947368421053,95
P5,43,rna_only,CD8 TCM_3,0.8372093023255813,0.7714285714285715,70
P5,43,rna_only,CD8 TEM_1,0.8329177057356607,0.7990430622009569,209
P5,43,rna_only,CD8 TEM_2,0.7275405007363771,0.6175,400
P5,43,rna_only,CD8 TEM_3,0.5777777777777778,0.8666666666666667,15
P5,43,rna_only,CD8 TEM_4,0.46985815602836883,0.36054421768707484,735
P5,43,rna_only,CD8 TEM_5,0.6504424778761063,0.9111570247933884,484
P5,43,rna_only,CD8 TEM_6,0.9114754098360656,0.879746835443038,158
P5,43,rna_only,Doublet,0.5588235294117647,0.4596774193548387,124
P5,43,rna_only,Eryth,0.8,1.0,4
P5,43,rna_only,HSPC,1.0,1.0,7
P5,43,rna_only,ILC,0.9206349206349207,0.9666666666666667,30
P5,43,rna_only,MAIT,0.9649122807017544,0.9734513274336283,226
P5,43,rna_only,NK Proliferating,0.9195402298850575,0.9523809523809523,126
P5,43,rna_only,NK_1,0.8275862068965517,0.865979381443299,679
P5,43,rna_only,NK_2,0.8748408994484513,0.8215139442231075,1255
P5,43,rna_only,NK_3,0.7157676348547717,0.837378640776699,412
P5,43,rna_only,NK_4,0.6863270777479893,0.6597938144329897,194
P5,43,rna_only,NK_CD56bright,0.896551724137931,0.8297872340425532,94
P5,43,rna_only,Plasma,1.0,1.0,18
P5,43,rna_only,Plasmablast,1.0,1.0,3
P5,43,rna_only,Platelet,0.9664082687338502,0.9504447268106735,787
P5,43,rna_only,Treg Memory,0.7605633802816901,0.8181818181818182,33
P5,43,rna_only,Treg Naive,0.8041237113402061,0.9069767441860465,43
P5,43,rna_only,cDC1,0.9411764705882353,0.9230769230769231,26
P5,43,rna_only,cDC2_1,0.6827586206896552,0.8608695652173913,115
P5,43,rna_only,cDC2_2,0.8855721393034827,0.8042168674698795,332
P5,43,rna_only,dnT_1,0.0,0.0,5
P5,43,rna_only,dnT_2,0.8,1.0,2
P5,43,rna_only,gdT_1,0.9769503546099292,0.9666666666666667,570
P5,43,rna_only,gdT_2,0.8135593220338982,0.916030534351145,131
P5,43,rna_only,gdT_3,0.8854961832061069,0.90625,128
P5,43,rna_only,gdT_4,0.34146341463414637,0.7368421052631579,19
P5,43,rna_only,pDC,0.9972451790633609,1.0,181
P5,43,random_size_matched_6,ASDC_mDC,0.7058823529411764,1.0,6
P5,43,random_size_matched_6,ASDC_pDC,0.6666666666666666,0.5,8
P5,43,random_size_matched_6,B intermediate kappa,0.8653295128939829,0.9041916167664671,167
P5,43,random_size_matched_6,B intermediate lambda,0.8484848484848485,0.875,160
P5,43,random_size_matched_6,B memory kappa,0.8798076923076923,0.8280542986425339,221
P5,43,random_size_matched_6,B memory lambda,0.8637873754152824,0.8227848101265823,158
P5,43,random_size_matched_6,B naive kappa,0.9025974025974025,0.896774193548387,620
P5,43,random_size_matched_6,B naive lambda,0.8716289104638619,0.8957871396895787,451
P5,43,random_size_matched_6,CD14 Mono,0.9844918305178622,0.9926008655591233,7163
P5,43,random_size_matched_6,CD16 Mono,0.9175449473031618,0.8614668218859138,859
P5,43,random_size_matched_6,CD4 CTL,0.9855072463768115,0.9714285714285714,35
P5,43,random_size_matched_6,CD4 Naive,0.984323733138899,0.9803921568627451,1377
P5,43,random_size_matched_6,CD4 Proliferating,0.6,0.42857142857142855,7
P5,43,random_size_matched_6,CD4 TCM_1,0.8191214470284238,0.7788697788697788,407
P5,43,random_size_matched_6,CD4 TCM_2,0.6486486486486487,0.7741935483870968,31
P5,43,random_size_matched_6,CD4 TCM_3,0.8922585794094172,0.9133986928104575,612
P5,43,random_size_matched_6,CD4 TEM_1,0.8014981273408239,0.7925925925925926,135
P5,43,random_size_matched_6,CD4 TEM_2,0.6222222222222222,0.5185185185185185,27
P5,43,random_size_matched_6,CD4 TEM_3,0.8165137614678899,0.839622641509434,212
P5,43,random_size_matched_6,CD4 TEM_4,0.4615384615384615,0.5,6
P5,43,random_size_matched_6,CD8 Naive,0.9878326996197718,0.9833459500378501,1321
P5,43,random_size_matched_6,CD8 Naive_2,0.6516853932584269,0.7435897435897436,39
P5,43,random_size_matched_6,CD8 Proliferating,0.9032258064516129,0.875,16
P5,43,random_size_matched_6,CD8 TCM_1,0.7187500000000001,0.7301587301587301,63
P5,43,random_size_matched_6,CD8 TCM_2,0.9025641025641025,0.9263157894736842,95
P5,43,random_size_matched_6,CD8 TCM_3,0.9051094890510949,0.8857142857142857,70
P5,43,random_size_matched_6,CD8 TEM_1,0.859903381642512,0.8516746411483254,209
P5,43,random_size_matched_6,CD8 TEM_2,0.7311178247734138,0.605,400
P5,43,random_size_matched_6,CD8 TEM_3,0.5625,0.6,15
P5,43,random_size_matched_6,CD8 TEM_4,0.4468275245755138,0.3401360544217687,735
P5,43,random_size_matched_6,CD8 TEM_5,0.6535211267605635,0.9586776859504132,484
P5,43,random_size_matched_6,CD8 TEM_6,0.9584664536741213,0.9493670886075949,158
P5,43,random_size_matched_6,Doublet,0.6763285024154589,0.5645161290322581,124
P5,43,random_size_matched_6,Eryth,0.888888888888889,1.0,4
P5,43,random_size_matched_6,HSPC,1.0,1.0,7
P5,43,random_size_matched_6,ILC,0.9508196721311476,0.9666666666666667,30
P5,43,random_size_matched_6,MAIT,0.975929978118162,0.9867256637168141,226
P5,43,random_size_matched_6,NK Proliferating,0.9444444444444444,0.9444444444444444,126
P5,43,random_size_matched_6,NK_1,0.8763197586726998,0.8556701030927835,679
P5,43,random_size_matched_6,NK_2,0.8992688870836718,0.8820717131474104,1255
P5,43,random_size_matched_6,NK_3,0.7510460251046024,0.8713592233009708,412
P5,43,random_size_matched_6,NK_4,0.700280112044818,0.6443298969072165,194
P5,43,random_size_matched_6,NK_CD56bright,0.9005847953216375,0.8191489361702128,94
P5,43,random_size_matched_6,Plasma,1.0,1.0,18
P5,43,random_size_matched_6,Plasmablast,1.0,1.0,3
P5,43,random_size_matched_6,Platelet,0.9695044472681067,0.9695044472681067,787
P5,43,random_size_matched_6,Treg Memory,0.8484848484848486,0.8484848484848485,33
P5,43,random_size_matched_6,Treg Naive,0.8865979381443299,1.0,43
P5,43,random_size_matched_6,cDC1,0.9387755102040816,0.8846153846153846,26
P5,43,random_size_matched_6,cDC2_1,0.7092198581560283,0.8695652173913043,115
P5,43,random_size_matched_6,cDC2_2,0.9203821656050954,0.8704819277108434,332
P5,43,random_size_matched_6,dnT_1,0.0,0.0,5
P5,43,random_size_matched_6,dnT_2,0.8,1.0,2
P5,43,random_size_matched_6,gdT_1,0.989492119089317,0.9912280701754386,570
P5,43,random_size_matched_6,gdT_2,0.9025270758122744,0.9541984732824428,131
P5,43,random_size_matched_6,gdT_3,0.9333333333333333,0.984375,128
P5,43,random_size_matched_6,gdT_4,0.5818181818181818,0.8421052631578947,19
P5,43,random_size_matched_6,pDC,0.9972451790633609,1.0,181
P5,43,random_size_matched_15,ASDC_mDC,0.6666666666666666,1.0,6
P5,43,random_size_matched_15,ASDC_pDC,0.6666666666666666,0.5,8
P5,43,random_size_matched_15,B intermediate kappa,0.8628571428571429,0.9041916167664671,167
P5,43,random_size_matched_15,B intermediate lambda,0.8298507462686567,0.86875,160
P5,43,random_size_matched_15,B memory kappa,0.8819277108433734,0.8280542986425339,221
P5,43,random_size_matched_15,B memory lambda,0.8581081081081081,0.8037974683544303,158
P5,43,random_size_matched_15,B naive kappa,0.9016129032258065,0.9016129032258065,620
P5,43,random_size_matched_15,B naive lambda,0.868335146898803,0.88470066518847,451
P5,43,random_size_matched_15,CD14 Mono,0.9854590776900706,0.9934385034203546,7163
P5,43,random_size_matched_15,CD16 Mono,0.9244007375537799,0.8754365541327125,859
P5,43,random_size_matched_15,CD4 CTL,0.9705882352941176,0.9428571428571428,35
P5,43,random_size_matched_15,CD4 Naive,0.9846715328467154,0.9796659404502541,1377
P5,43,random_size_matched_15,CD4 Proliferating,0.6,0.42857142857142855,7
P5,43,random_size_matched_15,CD4 TCM_1,0.819277108433735,0.8353808353808354,407
P5,43,random_size_matched_15,CD4 TCM_2,0.676056338028169,0.7741935483870968,31
P5,43,random_size_matched_15,CD4 TCM_3,0.8644939965694682,0.8235294117647058,612
P5,43,random_size_matched_15,CD4 TEM_1,0.8074074074074074,0.8074074074074075,135
P5,43,random_size_matched_15,CD4 TEM_2,0.6808510638297872,0.5925925925925926,27
P5,43,random_size_matched_15,CD4 TEM_3,0.7194860813704496,0.7924528301886793,212
P5,43,random_size_matched_15,CD4 TEM_4,0.5,0.5,6
P5,43,random_size_matched_15,CD8 Naive,0.9870624048706241,0.9818319454958365,1321
P5,43,random_size_matched_15,CD8 Naive_2,0.6304347826086957,0.7435897435897436,39
P5,43,random_size_matched_15,CD8 Proliferating,0.8387096774193549,0.8125,16
P5,43,random_size_matched_15,CD8 TCM_1,0.7272727272727274,0.8888888888888888,63
P5,43,random_size_matched_15,CD8 TCM_2,0.9032258064516129,0.8842105263157894,95
P5,43,random_size_matched_15,CD8 TCM_3,0.8333333333333333,0.7142857142857143,70
P5,43,random_size_matched_15,CD8 TEM_1,0.856447688564477,0.8421052631578947,209
P5,43,random_size_matched_15,CD8 TEM_2,0.7518142235123367,0.6475,400
P5,43,random_size_matched_15,CD8 TEM_3,0.5294117647058824,0.6,15
P5,43,random_size_matched_15,CD8 TEM_4,0.44260789715335175,0.32789115646258504,735
P5,43,random_size_matched_15,CD8 TEM_5,0.6620013995801258,0.9772727272727273,484
P5,43,random_size_matched_15,CD8 TEM_6,0.9526813880126183,0.9556962025316456,158
P5,43,random_size_matched_15,Doublet,0.6732673267326732,0.5483870967741935,124
P5,43,random_size_matched_15,Eryth,0.888888888888889,1.0,4
P5,43,random_size_matched_15,HSPC,1.0,1.0,7
P5,43,random_size_matched_15,ILC,0.9508196721311476,0.9666666666666667,30
P5,43,random_size_matched_15,MAIT,0.9779735682819383,0.9823008849557522,226
P5,43,random_size_matched_15,NK Proliferating,0.9296874999999999,0.9444444444444444,126
P5,43,random_size_matched_15,NK_1,0.8752834467120181,0.8527245949926362,679
P5,43,random_size_matched_15,NK_2,0.8928716904276985,0.8733067729083666,1255
P5,43,random_size_matched_15,NK_3,0.7461139896373057,0.8737864077669902,412
P5,43,random_size_matched_15,NK_4,0.6944444444444445,0.6443298969072165,194
P5,43,random_size_matched_15,NK_CD56bright,0.8941176470588235,0.8085106382978723,94
P5,43,random_size_matched_15,Plasma,1.0,1.0,18
P5,43,random_size_matched_15,Plasmablast,1.0,1.0,3
P5,43,random_size_matched_15,Platelet,0.9713558243157224,0.9695044472681067,787
P5,43,random_size_matched_15,Treg Memory,0.8181818181818182,0.8181818181818182,33
P5,43,random_size_matched_15,Treg Naive,0.8659793814432991,0.9767441860465116,43
P5,43,random_size_matched_15,cDC1,0.9199999999999999,0.8846153846153846,26
P5,43,random_size_matched_15,cDC2_1,0.7083333333333334,0.8869565217391304,115
P5,43,random_size_matched_15,cDC2_2,0.9090909090909092,0.8433734939759037,332
P5,43,random_size_matched_15,dnT_1,0.33333333333333337,0.2,5
P5,43,random_size_matched_15,dnT_2,0.8,1.0,2
P5,43,random_size_matched_15,gdT_1,0.9868536371603858,0.987719298245614,570
P5,43,random_size_matched_15,gdT_2,0.9056603773584906,0.916030534351145,131
P5,43,random_size_matched_15,gdT_3,0.929368029739777,0.9765625,128
P5,43,random_size_matched_15,gdT_4,0.5423728813559322,0.8421052631578947,19
P5,43,random_size_matched_15,pDC,0.9972451790633609,1.0,181
P6,41,full,ASDC_mDC,0.9090909090909091,1.0,5
P6,41,full,ASDC_pDC,1.0,1.0,4
P6,41,full,B intermediate kappa,0.9048843187660668,0.8888888888888888,198
P6,41,full,B intermediate lambda,0.8690228690228691,0.8393574297188755,249
P6,41,full,B memory kappa,0.9149797570850202,0.8944591029023746,379
P6,41,full,B memory lambda,0.910299003322259,0.958041958041958,286
P6,41,full,B naive kappa,0.9088757396449705,0.9343065693430657,1233
P6,41,full,B naive lambda,0.8617984308992155,0.8311990686845169,859
P6,41,full,CD14 Mono,0.9892898928989289,0.9865374259558427,5571
P6,41,full,CD16 Mono,0.9560795191863153,0.9791666666666666,1056
P6,41,full,CD4 CTL,0.6666666666666665,0.75,4
P6,41,full,CD4 Naive,0.9648173207036537,0.9381578947368421,1520
P6,41,full,CD4 Proliferating,0.6923076923076923,0.8181818181818182,11
P6,41,full,CD4 TCM_1,0.7247232472324723,0.6537949400798935,751
P6,41,full,CD4 TCM_2,0.7397260273972601,0.7105263157894737,38
P6,41,full,CD4 TCM_3,0.8962868117797695,0.9749303621169917,1436
P6,41,full,CD4 TEM_1,0.7518796992481204,0.7874015748031497,127
P6,41,full,CD4 TEM_2,0.6779661016949153,0.5882352941176471,34
P6,41,full,CD4 TEM_3,0.8276619099890229,0.8231441048034934,458
P6,41,full,CD4 TEM_4,0.4285714285714285,0.3,10
P6,41,full,CD8 Naive,0.9805249788314988,0.9796954314720813,591
P6,41,full,CD8 Naive_2,0.7741935483870968,0.7741935483870968,31
P6,41,full,CD8 Proliferating,0.5882352941176471,0.5555555555555556,9
P6,41,full,CD8 TCM_1,0.7541899441340784,0.7068062827225131,191
P6,41,full,CD8 TCM_2,0.8691588785046729,0.9207920792079208,101
P6,41,full,CD8 TCM_3,0.7615062761506277,0.9381443298969072,97
P6,41,full,CD8 TEM_1,0.8478802992518703,0.821256038647343,207
P6,41,full,CD8 TEM_2,0.7872340425531915,0.7872340425531915,94
P6,41,full,CD8 TEM_3,0.7441860465116279,0.6808510638297872,47
P6,41,full,CD8 TEM_4,0.868421052631579,0.8461538461538461,117
P6,41,full,CD8 TEM_5,0.0,0.0,4
P6,41,full,CD8 TEM_6,0.6666666666666666,0.7142857142857143,14
P6,41,full,Doublet,0.6376811594202899,0.4943820224719101,89
P6,41,full,Eryth,0.923076923076923,1.0,6
P6,41,full,HSPC,0.9333333333333333,0.875,8
P6,41,full,ILC,0.896551724137931,0.9629629629629629,27
P6,41,full,MAIT,0.9862700228832952,0.9908045977011494,435
P6,41,full,NK Proliferating,0.8661417322834646,0.8088235294117647,68
P6,41,full,NK_1,0.5220588235294119,0.39664804469273746,358
P6,41,full,NK_2,0.9114408808042126,0.9616161616161616,1980
P6,41,full,NK_3,0.5540540540540541,0.44686648501362397,367
P6,41,full,NK_4,0.6863033873343152,0.7740863787375415,301
P6,41,full,NK_CD56bright,0.9439728353140916,0.9823321554770318,283
P6,41,full,Plasma,0.9787234042553191,1.0,23
P6,41,full,Plasmablast,1.0,1.0,2
P6,41,full,Platelet,0.964332892998679,0.9707446808510638,376
P6,41,full,Treg Memory,0.8541666666666667,0.8367346938775511,49
P6,41,full,Treg Naive,0.7222222222222222,0.6842105263157895,19
P6,41,full,cDC1,1.0,1.0,9
P6,41,full,cDC2_1,0.6190476190476191,0.8125,64
P6,41,full,cDC2_2,0.8827930174563591,0.8045454545454546,220
P6,41,full,dnT_1,0.6666666666666666,0.5,2
P6,41,full,dnT_2,1.0,1.0,8
P6,41,full,gdT_1,0.9565217391304348,0.9217877094972067,179
P6,41,full,gdT_2,0.0,0.0,1
P6,41,full,gdT_3,0.9295774647887323,0.9428571428571428,35
P6,41,full,gdT_4,0.8333333333333334,0.8333333333333334,24
P6,41,full,pDC,0.9935483870967742,1.0,77
P6,41,random_10,ASDC_mDC,0.9090909090909091,1.0,5
P6,41,random_10,ASDC_pDC,1.0,1.0,4
P6,41,random_10,B intermediate kappa,0.9015544041450778,0.8787878787878788,198
P6,41,random_10,B intermediate lambda,0.8619246861924685,0.8273092369477911,249
P6,41,random_10,B memory kappa,0.9154362416107383,0.899736147757256,379
P6,41,random_10,B memory lambda,0.9084858569051582,0.9545454545454546,286
P6,41,random_10,B naive kappa,0.9078687228153419,0.9310624493106245,1233
P6,41,random_10,B naive lambda,0.8607442977190877,0.8346915017462165,859
P6,41,random_10,CD14 Mono,0.9885678278872987,0.9856399210195657,5571
P6,41,random_10,CD16 Mono,0.9534776600644863,0.9801136363636364,1056
P6,41,random_10,CD4 CTL,0.75,0.75,4
P6,41,random_10,CD4 Naive,0.9641891891891893,0.9388157894736842,1520
P6,41,random_10,CD4 Proliferating,0.7500000000000001,0.8181818181818182,11
P6,41,random_10,CD4 TCM_1,0.7271386430678466,0.6564580559254327,751
P6,41,random_10,CD4 TCM_2,0.7142857142857143,0.6578947368421053,38
P6,41,random_10,CD4 TCM_3,0.8584846587351282,0.9547353760445683,1436
P6,41,random_10,CD4 TEM_1,0.7555555555555556,0.8031496062992126,127
P6,41,random_10,CD4 TEM_2,0.7,0.6176470588235294,34
P6,41,random_10,CD4 TEM_3,0.6682577565632458,0.611353711790393,458
P6,41,random_10,CD4 TEM_4,0.30769230769230765,0.2,10
P6,41,random_10,CD8 Naive,0.9823083403538332,0.9864636209813875,591
P6,41,random_10,CD8 Naive_2,0.7741935483870968,0.7741935483870968,31
P6,41,random_10,CD8 Proliferating,0.5263157894736842,0.5555555555555556,9
P6,41,random_10,CD8 TCM_1,0.7634408602150539,0.743455497382199,191
P6,41,random_10,CD8 TCM_2,0.89,0.8811881188118812,101
P6,41,random_10,CD8 TCM_3,0.7555555555555555,0.8762886597938144,97
P6,41,random_10,CD8 TEM_1,0.8395061728395061,0.821256038647343,207
P6,41,random_10,CD8 TEM_2,0.7812500000000001,0.7978723404255319,94
P6,41,random_10,CD8 TEM_3,0.651685393258427,0.6170212765957447,47
P6,41,random_10,CD8 TEM_4,0.8493150684931507,0.7948717948717948,117
P6,41,random_10,CD8 TEM_5,0.0,0.0,4
P6,41,random_10,CD8 TEM_6,0.7096774193548386,0.7857142857142857,14
P6,41,random_10,Doublet,0.5468750000000001,0.39325842696629215,89
P6,41,random_10,Eryth,0.923076923076923,1.0,6
P6,41,random_10,HSPC,0.9333333333333333,0.875,8
P6,41,random_10,ILC,0.896551724137931,0.9629629629629629,27
P6,41,random_10,MAIT,0.9874285714285714,0.993103448275862,435
P6,41,random_10,NK Proliferating,0.868217054263566,0.8235294117647058,68
P6,41,random_10,NK_1,0.4356435643564357,0.30726256983240224,358
P6,41,random_10,NK_2,0.9041224970553593,0.9691919191919192,1980
P6,41,random_10,NK_3,0.5611015490533563,0.444141689373297,367
P6,41,random_10,NK_4,0.7004470938897167,0.7807308970099668,301
P6,41,random_10,NK_CD56bright,0.9517241379310345,0.9752650176678446,283
P6,41,random_10,Plasma,0.9787234042553191,1.0,23
P6,41,random_10,Plasmablast,1.0,1.0,2
P6,41,random_10,Platelet,0.9656084656084656,0.9707446808510638,376
P6,41,random_10,Treg Memory,0.8571428571428571,0.8571428571428571,49
P6,41,random_10,Treg Naive,0.6486486486486486,0.631578947368421,19
P6,41,random_10,cDC1,1.0,1.0,9
P6,41,random_10,cDC2_1,0.6081871345029239,0.8125,64
P6,41,random_10,cDC2_2,0.8771929824561404,0.7954545454545454,220
P6,41,random_10,dnT_1,0.0,0.0,2
P6,41,random_10,dnT_2,1.0,1.0,8
P6,41,random_10,gdT_1,0.9712643678160919,0.9441340782122905,179
P6,41,random_10,gdT_2,0.0,0.0,1
P6,41,random_10,gdT_3,0.9166666666666667,0.9428571428571428,35
P6,41,random_10,gdT_4,0.875,0.875,24
P6,41,random_10,pDC,0.9935483870967742,1.0,77
P6,41,random_30,ASDC_mDC,0.9090909090909091,1.0,5
P6,41,random_30,ASDC_pDC,1.0,1.0,4
P6,41,random_30,B intermediate kappa,0.8958333333333334,0.8686868686868687,198
P6,41,random_30,B intermediate lambda,0.8724279835390946,0.8514056224899599,249
P6,41,random_30,B memory kappa,0.9142091152815014,0.899736147757256,379
P6,41,random_30,B memory lambda,0.9166666666666666,0.9615384615384616,286
P6,41,random_30,B naive kappa,0.9093078758949881,0.927007299270073,1233
P6,41,random_30,B naive lambda,0.8655110579796772,0.8428405122235157,859
P6,41,random_30,CD14 Mono,0.98889286993909,0.9908454496499731,5571
P6,41,random_30,CD16 Mono,0.9566854990583805,0.9621212121212122,1056
P6,41,random_30,CD4 CTL,0.5714285714285715,0.5,4
P6,41,random_30,CD4 Naive,0.9572010869565217,0.9269736842105263,1520
P6,41,random_30,CD4 Proliferating,0.7500000000000001,0.8181818181818182,11
P6,41,random_30,CD4 TCM_1,0.7412095639943742,0.7017310252996005,751
P6,41,random_30,CD4 TCM_2,0.732394366197183,0.6842105263157895,38
P6,41,random_30,CD4 TCM_3,0.8529226901319925,0.9449860724233984,1436
P6,41,random_30,CD4 TEM_1,0.735632183908046,0.7559055118110236,127
P6,41,random_30,CD4 TEM_2,0.7419354838709677,0.6764705882352942,34
P6,41,random_30,CD4 TEM_3,0.622991347342398,0.5502183406113537,458
P6,41,random_30,CD4 TEM_4,0.30769230769230765,0.2,10
P6,41,random_30,CD8 Naive,0.9805249788314988,0.9796954314720813,591
P6,41,random_30,CD8 Naive_2,0.8064516129032258,0.8064516129032258,31
P6,41,random_30,CD8 Proliferating,0.7000000000000001,0.7777777777777778,9
P6,41,random_30,CD8 TCM_1,0.7660668380462725,0.7801047120418848,191
P6,41,random_30,CD8 TCM_2,0.8910891089108911,0.8910891089108911,101
P6,41,random_30,CD8 TCM_3,0.7572815533980584,0.8041237113402062,97
P6,41,random_30,CD8 TEM_1,0.832116788321168,0.8260869565217391,207
P6,41,random_30,CD8 TEM_2,0.7675675675675676,0.7553191489361702,94
P6,41,random_30,CD8 TEM_3,0.6947368421052632,0.7021276595744681,47
P6,41,random_30,CD8 TEM_4,0.8622222222222222,0.8290598290598291,117
P6,41,random_30,CD8 TEM_5,0.0,0.0,4
P6,41,random_30,CD8 TEM_6,0.6875000000000001,0.7857142857142857,14
P6,41,random_30,Doublet,0.4793388429752066,0.3258426966292135,89
P6,41,random_30,Eryth,0.8333333333333334,0.8333333333333334,6
P6,41,random_30,HSPC,0.9333333333333333,0.875,8
P6,41,random_30,ILC,0.9473684210526316,1.0,27
P6,41,random_30,MAIT,0.9828178694158075,0.9862068965517241,435
P6,41,random_30,NK Proliferating,0.8787878787878787,0.8529411764705882,68
P6,41,random_30,NK_1,0.3852459016393443,0.26256983240223464,358
P6,41,random_30,NK_2,0.9040966137816718,0.9641414141414142,1980
P6,41,random_30,NK_3,0.5317324185248714,0.4223433242506812,367
P6,41,random_30,NK_4,0.6913229018492176,0.8073089700996677,301
P6,41,random_30,NK_CD56bright,0.9533678756476685,0.9752650176678446,283
P6,41,random_30,Plasma,0.9787234042553191,1.0,23
P6,41,random_30,Plasmablast,1.0,1.0,2
P6,41,random_30,Platelet,0.9669749009247027,0.973404255319149,376
P6,41,random_30,Treg Memory,0.8541666666666667,0.8367346938775511,49
P6,41,random_30,Treg Naive,0.631578947368421,0.631578947368421,19
P6,41,random_30,cDC1,1.0,1.0,9
P6,41,random_30,cDC2_1,0.5988700564971751,0.828125,64
P6,41,random_30,cDC2_2,0.8629441624365481,0.7727272727272727,220
P6,41,random_30,dnT_1,0.0,0.0,2
P6,41,random_30,dnT_2,1.0,1.0,8
P6,41,random_30,gdT_1,0.956268221574344,0.9162011173184358,179
P6,41,random_30,gdT_2,0.0,0.0,1
P6,41,random_30,gdT_3,0.9295774647887323,0.9428571428571428,35
P6,41,random_30,gdT_4,0.7555555555555556,0.7083333333333334,24
P6,41,random_30,pDC,0.9935483870967742,1.0,77
P6,41,random_50,ASDC_mDC,0.9090909090909091,1.0,5
P6,41,random_50,ASDC_pDC,1.0,1.0,4
P6,41,random_50,B intermediate kappa,0.8923884514435695,0.8585858585858586,198
P6,41,random_50,B intermediate lambda,0.8531187122736419,0.8514056224899599,249
P6,41,random_50,B memory kappa,0.9179004037685061,0.899736147757256,379
P6,41,random_50,B memory lambda,0.9093959731543624,0.9475524475524476,286
P6,41,random_50,B naive kappa,0.9110576923076923,0.9221411192214112,1233
P6,41,random_50,B naive lambda,0.865759905381431,0.8521536670547147,859
P6,41,random_50,CD14 Mono,0.9886853448275863,0.9881529348411416,5571
P6,41,random_50,CD16 Mono,0.9562790697674418,0.9734848484848485,1056
P6,41,random_50,CD4 CTL,0.30769230769230765,0.5,4
P6,41,random_50,CD4 Naive,0.95581237253569,0.925,1520
P6,41,random_50,CD4 Proliferating,0.6923076923076923,0.8181818181818182,11
P6,41,random_50,CD4 TCM_1,0.703182827535159,0.6324900133155792,751
P6,41,random_50,CD4 TCM_2,0.7466666666666667,0.7368421052631579,38
P6,41,random_50,CD4 TCM_3,0.8928455810942053,0.9603064066852368,1436
P6,41,random_50,CD4 TEM_1,0.7058823529411764,0.7086614173228346,127
P6,41,random_50,CD4 TEM_2,0.5490196078431372,0.4117647058823529,34
P6,41,random_50,CD4 TEM_3,0.8300312825860272,0.868995633187773,458
P6,41,random_50,CD4 TEM_4,0.5,0.4,10
P6,41,random_50,CD8 Naive,0.9770212765957448,0.9712351945854484,591
P6,41,random_50,CD8 Naive_2,0.7540983606557377,0.7419354838709677,31
P6,41,random_50,CD8 Proliferating,0.6666666666666666,0.6666666666666666,9
P6,41,random_50,CD8 TCM_1,0.7277628032345013,0.7068062827225131,191
P6,41,random_50,CD8 TCM_2,0.767857142857143,0.8514851485148515,101
P6,41,random_50,CD8 TCM_3,0.7381974248927038,0.8865979381443299,97
P6,41,random_50,CD8 TEM_1,0.8168316831683168,0.7971014492753623,207
P6,41,random_50,CD8 TEM_2,0.7473684210526316,0.7553191489361702,94
P6,41,random_50,CD8 TEM_3,0.7021276595744681,0.7021276595744681,47
P6,41,random_50,CD8 TEM_4,0.8533333333333333,0.8205128205128205,117
P6,41,random_50,CD8 TEM_5,0.15384615384615383,0.25,4
P6,41,random_50,CD8 TEM_6,0.5000000000000001,0.6428571428571429,14
P6,41,random_50,Doublet,0.53125,0.38202247191011235,89
P6,41,random_50,Eryth,0.923076923076923,1.0,6
P6,41,random_50,HSPC,0.9333333333333333,0.875,8
P6,41,random_50,ILC,0.9285714285714286,0.9629629629629629,27
P6,41,random_50,MAIT,0.9679633867276888,0.9724137931034482,435
P6,41,random_50,NK Proliferating,0.887218045112782,0.8676470588235294,68
P6,41,random_50,NK_1,0.5122349102773247,0.43854748603351956,358
P6,41,random_50,NK_2,0.901249693702524,0.9287878787878788,1980
P6,41,random_50,NK_3,0.5051903114186851,0.3978201634877384,367
P6,41,random_50,NK_4,0.6870653685674548,0.8205980066445183,301
P6,41,random_50,NK_CD56bright,0.9551724137931035,0.9787985865724381,283
P6,41,random_50,Plasma,0.9787234042553191,1.0,23
P6,41,random_50,Plasmablast,1.0,1.0,2
P6,41,random_50,Platelet,0.9719626168224299,0.9680851063829787,376
P6,41,random_50,Treg Memory,0.8514851485148514,0.8775510204081632,49
P6,41,random_50,Treg Naive,0.6190476190476191,0.6842105263157895,19
P6,41,random_50,cDC1,1.0,1.0,9
P6,41,random_50,cDC2_1,0.5988023952095809,0.78125,64
P6,41,random_50,cDC2_2,0.8728179551122195,0.7954545454545454,220
P6,41,random_50,dnT_1,0.0,0.0,2
P6,41,random_50,dnT_2,1.0,1.0,8
P6,41,random_50,gdT_1,0.9281437125748503,0.8659217877094972,179
P6,41,random_50,gdT_2,0.0,0.0,1
P6,41,random_50,gdT_3,0.8055555555555555,0.8285714285714286,35
P6,41,random_50,gdT_4,0.6521739130434783,0.625,24
P6,41,random_50,pDC,0.9935483870967742,1.0,77
P6,41,random_70,ASDC_mDC,0.9090909090909091,1.0,5
P6,41,random_70,ASDC_pDC,1.0,1.0,4
P6,41,random_70,B intermediate kappa,0.8823529411764706,0.8333333333333334,198
P6,41,random_70,B intermediate lambda,0.8284518828451882,0.7951807228915663,249
P6,41,random_70,B memory kappa,0.9161118508655126,0.9076517150395779,379
P6,41,random_70,B memory lambda,0.9015025041736228,0.9440559440559441,286
P6,41,random_70,B naive kappa,0.9089463220675943,0.927007299270073,1233
P6,41,random_70,B naive lambda,0.863582443653618,0.8474970896391153,859
P6,41,random_70,CD14 Mono,0.9886231299829795,0.9904864476754622,5571
P6,41,random_70,CD16 Mono,0.9564402810304449,0.9668560606060606,1056
P6,41,random_70,CD4 CTL,0.4,0.5,4
P6,41,random_70,CD4 Naive,0.9238329238329239,0.8657894736842106,1520
P6,41,random_70,CD4 Proliferating,0.7200000000000001,0.8181818181818182,11
P6,41,random_70,CD4 TCM_1,0.6898817345597897,0.6990679094540613,751
P6,41,random_70,CD4 TCM_2,0.676056338028169,0.631578947368421,38
P6,41,random_70,CD4 TCM_3,0.8405529953917051,0.9526462395543176,1436
P6,41,random_70,CD4 TEM_1,0.6996466431095406,0.7795275590551181,127
P6,41,random_70,CD4 TEM_2,0.5384615384615384,0.4117647058823529,34
P6,41,random_70,CD4 TEM_3,0.5624142661179697,0.44759825327510916,458
P6,41,random_70,CD4 TEM_4,0.0,0.0,10
P6,41,random_70,CD8 Naive,0.9822784810126582,0.9847715736040609,591
P6,41,random_70,CD8 Naive_2,0.7666666666666667,0.7419354838709677,31
P6,41,random_70,CD8 Proliferating,0.6666666666666666,0.6666666666666666,9
P6,41,random_70,CD8 TCM_1,0.751918158567775,0.7696335078534031,191
P6,41,random_70,CD8 TCM_2,0.8390243902439023,0.8514851485148515,101
P6,41,random_70,CD8 TCM_3,0.6629834254143646,0.6185567010309279,97
P6,41,random_70,CD8 TEM_1,0.8313539192399051,0.8454106280193237,207
P6,41,random_70,CD8 TEM_2,0.7692307692307692,0.7978723404255319,94
P6,41,random_70,CD8 TEM_3,0.7096774193548387,0.7021276595744681,47
P6,41,random_70,CD8 TEM_4,0.8434782608695652,0.8290598290598291,117
P6,41,random_70,CD8 TEM_5,0.16666666666666666,0.25,4
P6,41,random_70,CD8 TEM_6,0.6470588235294117,0.7857142857142857,14
P6,41,random_70,Doublet,0.4,0.25842696629213485,89
P6,41,random_70,Eryth,0.923076923076923,1.0,6
P6,41,random_70,HSPC,0.9333333333333333,0.875,8
P6,41,random_70,ILC,0.912280701754386,0.9629629629629629,27
P6,41,random_70,MAIT,0.9636363636363637,0.9747126436781609,435
P6,41,random_70,NK Proliferating,0.8769230769230769,0.8382352941176471,68
P6,41,random_70,NK_1,0.4389312977099237,0.32122905027932963,358
P6,41,random_70,NK_2,0.9030710172744721,0.9505050505050505,1980
P6,41,random_70,NK_3,0.5279187817258884,0.4250681198910082,367
P6,41,random_70,NK_4,0.6929347826086956,0.8471760797342193,301
P6,41,random_70,NK_CD56bright,0.950354609929078,0.9469964664310954,283
P6,41,random_70,Plasma,0.9787234042553191,1.0,23
P6,41,random_70,Plasmablast,1.0,1.0,2
P6,41,random_70,Platelet,0.9719626168224299,0.9680851063829787,376
P6,41,random_70,Treg Memory,0.8541666666666667,0.8367346938775511,49
P6,41,random_70,Treg Naive,0.5454545454545454,0.47368421052631576,19
P6,41,random_70,cDC1,1.0,1.0,9
P6,41,random_70,cDC2_1,0.56353591160221,0.796875,64
P6,41,random_70,cDC2_2,0.8393782383419688,0.7363636363636363,220
P6,41,random_70,dnT_1,0.0,0.0,2
P6,41,random_70,dnT_2,1.0,1.0,8
P6,41,random_70,gdT_1,0.9057750759878419,0.8324022346368715,179
P6,41,random_70,gdT_2,0.0,0.0,1
P6,41,random_70,gdT_3,0.8955223880597014,0.8571428571428571,35
P6,41,random_70,gdT_4,0.7727272727272727,0.7083333333333334,24
P6,41,random_70,pDC,0.9935483870967742,1.0,77
P6,41,marker_memory,ASDC_mDC,0.9090909090909091,1.0,5
P6,41,marker_memory,ASDC_pDC,1.0,1.0,4
P6,41,marker_memory,B intermediate kappa,0.9048843187660668,0.8888888888888888,198
P6,41,marker_memory,B intermediate lambda,0.8677685950413223,0.8433734939759037,249
P6,41,marker_memory,B memory kappa,0.9203778677462888,0.899736147757256,379
P6,41,marker_memory,B memory lambda,0.910299003322259,0.958041958041958,286
P6,41,marker_memory,B naive kappa,0.9103068450039338,0.9383617193836172,1233
P6,41,marker_memory,B naive lambda,0.8616504854368933,0.8265424912689173,859
P6,41,marker_memory,CD14 Mono,0.9891098910989109,0.9863579249685873,5571
P6,41,marker_memory,CD16 Mono,0.9551548774849746,0.978219696969697,1056
P6,41,marker_memory,CD4 CTL,0.5714285714285715,0.5,4
P6,41,marker_memory,CD4 Naive,0.960651289009498,0.9315789473684211,1520
P6,41,marker_memory,CD4 Proliferating,0.7500000000000001,0.8181818181818182,11
P6,41,marker_memory,CD4 TCM_1,0.7163742690058479,0.6524633821571239,751
P6,41,marker_memory,CD4 TCM_2,0.7058823529411765,0.631578947368421,38
P6,41,marker_memory,CD4 TCM_3,0.8961960025789814,0.967966573816156,1436
P6,41,marker_memory,CD4 TEM_1,0.746268656716418,0.7874015748031497,127
P6,41,marker_memory,CD4 TEM_2,0.6666666666666667,0.5882352941176471,34
P6,41,marker_memory,CD4 TEM_3,0.8244111349036404,0.8406113537117904,458
P6,41,marker_memory,CD4 TEM_4,0.30769230769230765,0.2,10
P6,41,marker_memory,CD8 Naive,0.9796954314720813,0.9796954314720813,591
P6,41,marker_memory,CD8 Naive_2,0.7741935483870968,0.7741935483870968,31
P6,41,marker_memory,CD8 Proliferating,0.5263157894736842,0.5555555555555556,9
P6,41,marker_memory,CD8 TCM_1,0.7520891364902508,0.7068062827225131,191
P6,41,marker_memory,CD8 TCM_2,0.8598130841121495,0.9108910891089109,101
P6,41,marker_memory,CD8 TCM_3,0.7659574468085106,0.9278350515463918,97
P6,41,marker_memory,CD8 TEM_1,0.838235294117647,0.8260869565217391,207
P6,41,marker_memory,CD8 TEM_2,0.7734806629834253,0.7446808510638298,94
P6,41,marker_memory,CD8 TEM_3,0.7311827956989247,0.723404255319149,47
P6,41,marker_memory,CD8 TEM_4,0.8839285714285714,0.8461538461538461,117
P6,41,marker_memory,CD8 TEM_5,0.0,0.0,4
P6,41,marker_memory,CD8 TEM_6,0.689655172413793,0.7142857142857143,14
P6,41,marker_memory,Doublet,0.6428571428571428,0.5056179775280899,89
P6,41,marker_memory,Eryth,0.923076923076923,1.0,6
P6,41,marker_memory,HSPC,0.9333333333333333,0.875,8
P6,41,marker_memory,ILC,0.8813559322033898,0.9629629629629629,27
P6,41,marker_memory,MAIT,0.9873997709049255,0.9908045977011494,435
P6,41,marker_memory,NK Proliferating,0.8661417322834646,0.8088235294117647,68
P6,41,marker_memory,NK_1,0.5272727272727273,0.40502793296089384,358
P6,41,marker_memory,NK_2,0.911313518696069,0.9601010101010101,1980
P6,41,marker_memory,NK_3,0.5632377740303541,0.4550408719346049,367
P6,41,marker_memory,NK_4,0.6835066864784547,0.7641196013289037,301
P6,41,marker_memory,NK_CD56bright,0.9378151260504202,0.9858657243816255,283
P6,41,marker_memory,Plasma,0.9787234042553191,1.0,23
P6,41,marker_memory,Plasmablast,1.0,1.0,2
P6,41,marker_memory,Platelet,0.9656084656084656,0.9707446808510638,376
P6,41,marker_memory,Treg Memory,0.8387096774193548,0.7959183673469388,49
P6,41,marker_memory,Treg Naive,0.6666666666666667,0.631578947368421,19
P6,41,marker_memory,cDC1,1.0,1.0,9
P6,41,marker_memory,cDC2_1,0.6046511627906976,0.8125,64
P6,41,marker_memory,cDC2_2,0.871536523929471,0.7863636363636364,220
P6,41,marker_memory,dnT_1,0.0,0.0,2
P6,41,marker_memory,dnT_2,1.0,1.0,8
P6,41,marker_memory,gdT_1,0.9595375722543353,0.9273743016759777,179
P6,41,marker_memory,gdT_2,0.0,0.0,1
P6,41,marker_memory,gdT_3,0.9428571428571428,0.9428571428571428,35
P6,41,marker_memory,gdT_4,0.8799999999999999,0.9166666666666666,24
P6,41,marker_memory,pDC,0.9935483870967742,1.0,77
P6,41,marker_tcell,ASDC_mDC,0.9090909090909091,1.0,5
P6,41,marker_tcell,ASDC_pDC,1.0,1.0,4
P6,41,marker_tcell,B intermediate kappa,0.9138381201044387,0.8838383838383839,198
P6,41,marker_tcell,B intermediate lambda,0.8688524590163934,0.8514056224899599,249
P6,41,marker_tcell,B memory kappa,0.9176788124156545,0.8970976253298153,379
P6,41,marker_tcell,B memory lambda,0.9130434782608695,0.9545454545454546,286
P6,41,marker_tcell,B naive kappa,0.910031847133758,0.927007299270073,1233
P6,41,marker_tcell,B naive lambda,0.8663101604278076,0.8486612339930152,859
P6,41,marker_tcell,CD14 Mono,0.9894793633666038,0.9876144318793754,5571
P6,41,marker_tcell,CD16 Mono,0.9573283858998145,0.9772727272727273,1056
P6,41,marker_tcell,CD4 CTL,0.4444444444444445,0.5,4
P6,41,marker_tcell,CD4 Naive,0.953098254022595,0.9157894736842105,1520
P6,41,marker_tcell,CD4 Proliferating,0.6923076923076923,0.8181818181818182,11
P6,41,marker_tcell,CD4 TCM_1,0.6931567328918322,0.6271637816245007,751
P6,41,marker_tcell,CD4 TCM_2,0.6923076923076923,0.7105263157894737,38
P6,41,marker_tcell,CD4 TCM_3,0.8890294024660133,0.979108635097493,1436
P6,41,marker_tcell,CD4 TEM_1,0.7424242424242424,0.7716535433070866,127
P6,41,marker_tcell,CD4 TEM_2,0.5818181818181817,0.47058823529411764,34
P6,41,marker_tcell,CD4 TEM_3,0.8083700440528634,0.8013100436681223,458
P6,41,marker_tcell,CD4 TEM_4,0.4,0.3,10
P6,41,marker_tcell,CD8 Naive,0.9762308998302207,0.9729272419627749,591
P6,41,marker_tcell,CD8 Naive_2,0.7333333333333333,0.7096774193548387,31
P6,41,marker_tcell,CD8 Proliferating,0.5882352941176471,0.5555555555555556,9
P6,41,marker_tcell,CD8 TCM_1,0.751412429378531,0.6963350785340314,191
P6,41,marker_tcell,CD8 TCM_2,0.8262910798122066,0.8712871287128713,101
P6,41,marker_tcell,CD8 TCM_3,0.7364016736401674,0.9072164948453608,97
P6,41,marker_tcell,CD8 TEM_1,0.85,0.821256038647343,207
P6,41,marker_tcell,CD8 TEM_2,0.7794871794871795,0.8085106382978723,94
P6,41,marker_tcell,CD8 TEM_3,0.7578947368421053,0.7659574468085106,47
P6,41,marker_tcell,CD8 TEM_4,0.8584070796460178,0.8290598290598291,117
P6,41,marker_tcell,CD8 TEM_5,0.0,0.0,4
P6,41,marker_tcell,CD8 TEM_6,0.5925925925925927,0.5714285714285714,14
P6,41,marker_tcell,Doublet,0.6231884057971014,0.48314606741573035,89
P6,41,marker_tcell,Eryth,0.923076923076923,1.0,6
P6,41,marker_tcell,HSPC,0.9333333333333333,0.875,8
P6,41,marker_tcell,ILC,0.9285714285714286,0.9629629629629629,27
P6,41,marker_tcell,MAIT,0.9629629629629629,0.9862068965517241,435
P6,41,marker_tcell,NK Proliferating,0.893939393939394,0.8676470588235294,68
P6,41,marker_tcell,NK_1,0.46575342465753433,0.3324022346368715,358
P6,41,marker_tcell,NK_2,0.9032562529495046,0.9666666666666667,1980
P6,41,marker_tcell,NK_3,0.4889705882352941,0.36239782016348776,367
P6,41,marker_tcell,NK_4,0.6704545454545454,0.7840531561461794,301
P6,41,marker_tcell,NK_CD56bright,0.9486301369863014,0.9787985865724381,283
P6,41,marker_tcell,Plasma,0.9787234042553191,1.0,23
P6,41,marker_tcell,Plasmablast,1.0,1.0,2
P6,41,marker_tcell,Platelet,0.9630606860158312,0.9707446808510638,376
P6,41,marker_tcell,Treg Memory,0.8541666666666667,0.8367346938775511,49
P6,41,marker_tcell,Treg Naive,0.7027027027027027,0.6842105263157895,19
P6,41,marker_tcell,cDC1,1.0,1.0,9
P6,41,marker_tcell,cDC2_1,0.6153846153846154,0.8125,64
P6,41,marker_tcell,cDC2_2,0.8800000000000001,0.8,220
P6,41,marker_tcell,dnT_1,0.0,0.0,2
P6,41,marker_tcell,dnT_2,1.0,1.0,8
P6,41,marker_tcell,gdT_1,0.8706624605678234,0.770949720670391,179
P6,41,marker_tcell,gdT_2,0.0,0.0,1
P6,41,marker_tcell,gdT_3,0.8656716417910447,0.8285714285714286,35
P6,41,marker_tcell,gdT_4,0.6086956521739131,0.5833333333333334,24
P6,41,marker_tcell,pDC,0.9935483870967742,1.0,77
P6,41,rna_only,ASDC_mDC,0.9090909090909091,1.0,5
P6,41,rna_only,ASDC_pDC,1.0,1.0,4
P6,41,rna_only,B intermediate kappa,0.8810810810810811,0.8232323232323232,198
P6,41,rna_only,B intermediate lambda,0.8410041841004186,0.8072289156626506,249
P6,41,rna_only,B memory kappa,0.9155672823218998,0.9155672823218998,379
P6,41,rna_only,B memory lambda,0.9103214890016921,0.9405594405594405,286
P6,41,rna_only,B naive kappa,0.9047054171609332,0.9278183292781833,1233
P6,41,rna_only,B naive lambda,0.862089552238806,0.840512223515716,859
P6,41,rna_only,CD14 Mono,0.9847761462931267,0.9811523963381799,5571
P6,41,rna_only,CD16 Mono,0.9470777726645191,0.9744318181818182,1056
P6,41,rna_only,CD4 CTL,0.28571428571428575,0.25,4
P6,41,rna_only,CD4 Naive,0.9476565172767706,0.9111842105263158,1520
P6,41,rna_only,CD4 Proliferating,0.7200000000000001,0.8181818181818182,11
P6,41,rna_only,CD4 TCM_1,0.7000000000000001,0.6524633821571239,751
P6,41,rna_only,CD4 TCM_2,0.6571428571428571,0.6052631578947368,38
P6,41,rna_only,CD4 TCM_3,0.8462507876496533,0.9352367688022284,1436
P6,41,rna_only,CD4 TEM_1,0.6981818181818182,0.7559055118110236,127
P6,41,rna_only,CD4 TEM_2,0.4313725490196078,0.3235294117647059,34
P6,41,rna_only,CD4 TEM_3,0.6476868327402137,0.5960698689956332,458
P6,41,rna_only,CD4 TEM_4,0.0,0.0,10
P6,41,rna_only,CD8 Naive,0.9686706181202371,0.9678510998307953,591
P6,41,rna_only,CD8 Naive_2,0.7419354838709677,0.7419354838709677,31
P6,41,rna_only,CD8 Proliferating,0.6666666666666666,0.6666666666666666,9
P6,41,rna_only,CD8 TCM_1,0.7083333333333333,0.7120418848167539,191
P6,41,rna_only,CD8 TCM_2,0.7523809523809524,0.7821782178217822,101
P6,41,rna_only,CD8 TCM_3,0.6504854368932039,0.6907216494845361,97
P6,41,rna_only,CD8 TEM_1,0.8066825775656324,0.8164251207729468,207
P6,41,rna_only,CD8 TEM_2,0.7291666666666666,0.7446808510638298,94
P6,41,rna_only,CD8 TEM_3,0.68,0.723404255319149,47
P6,41,rna_only,CD8 TEM_4,0.823529411764706,0.7777777777777778,117
P6,41,rna_only,CD8 TEM_5,0.18181818181818182,0.25,4
P6,41,rna_only,CD8 TEM_6,0.5517241379310344,0.5714285714285714,14
P6,41,rna_only,Doublet,0.4032258064516129,0.2808988764044944,89
P6,41,rna_only,Eryth,0.923076923076923,1.0,6
P6,41,rna_only,HSPC,0.9333333333333333,0.875,8
P6,41,rna_only,ILC,0.912280701754386,0.9629629629629629,27
P6,41,rna_only,MAIT,0.9636363636363637,0.9747126436781609,435
P6,41,rna_only,NK Proliferating,0.8702290076335878,0.8382352941176471,68
P6,41,rna_only,NK_1,0.40831758034026466,0.3016759776536313,358
P6,41,rna_only,NK_2,0.8976453628063431,0.9434343434343434,1980
P6,41,rna_only,NK_3,0.5050167224080269,0.4114441416893733,367
P6,41,rna_only,NK_4,0.6553191489361703,0.7674418604651163,301
P6,41,rna_only,NK_CD56bright,0.9324324324324325,0.9752650176678446,283
P6,41,rna_only,Plasma,0.9787234042553191,1.0,23
P6,41,rna_only,Plasmablast,1.0,1.0,2
P6,41,rna_only,Platelet,0.9706666666666668,0.9680851063829787,376
P6,41,rna_only,Treg Memory,0.8367346938775511,0.8367346938775511,49
P6,41,rna_only,Treg Naive,0.5882352941176471,0.5263157894736842,19
P6,41,rna_only,cDC1,1.0,1.0,9
P6,41,rna_only,cDC2_1,0.5604395604395606,0.796875,64
P6,41,rna_only,cDC2_2,0.8556962025316456,0.7681818181818182,220
P6,41,rna_only,dnT_1,0.0,0.0,2
P6,41,rna_only,dnT_2,1.0,1.0,8
P6,41,rna_only,gdT_1,0.9380530973451328,0.888268156424581,179
P6,41,rna_only,gdT_2,0.0,0.0,1
P6,41,rna_only,gdT_3,0.7733333333333333,0.8285714285714286,35
P6,41,rna_only,gdT_4,0.64,0.6666666666666666,24
P6,41,rna_only,pDC,0.9935483870967742,1.0,77
P6,41,random_size_matched_6,ASDC_mDC,0.9090909090909091,1.0,5
P6,41,random_size_matched_6,ASDC_pDC,1.0,1.0,4
P6,41,random_size_matched_6,B intermediate kappa,0.9128205128205129,0.898989898989899,198
P6,41,random_size_matched_6,B intermediate lambda,0.8666666666666667,0.8353413654618473,249
P6,41,random_size_matched_6,B memory kappa,0.9174560216508795,0.8944591029023746,379
P6,41,random_size_matched_6,B memory lambda,0.910299003322259,0.958041958041958,286
P6,41,random_size_matched_6,B naive kappa,0.9090909090909092,0.9326845093268451,1233
P6,41,random_size_matched_6,B naive lambda,0.8629807692307692,0.8358556461001164,859
P6,41,random_size_matched_6,CD14 Mono,0.9895758447160315,0.988332435828397,5571
P6,41,random_size_matched_6,CD16 Mono,0.958100558659218,0.9744318181818182,1056
P6,41,random_size_matched_6,CD4 CTL,0.6666666666666665,0.75,4
P6,41,random_size_matched_6,CD4 Naive,0.9631632308212233,0.9375,1520
P6,41,random_size_matched_6,CD4 Proliferating,0.7200000000000001,0.8181818181818182,11
P6,41,random_size_matched_6,CD4 TCM_1,0.7252584933530279,0.6537949400798935,751
P6,41,random_size_matched_6,CD4 TCM_2,0.7397260273972601,0.7105263157894737,38
P6,41,random_size_matched_6,CD4 TCM_3,0.8937939859245042,0.9728412256267409,1436
P6,41,random_size_matched_6,CD4 TEM_1,0.7565543071161049,0.7952755905511811,127
P6,41,random_size_matched_6,CD4 TEM_2,0.7,0.6176470588235294,34
P6,41,random_size_matched_6,CD4 TEM_3,0.8224917309812569,0.8144104803493449,458
P6,41,random_size_matched_6,CD4 TEM_4,0.30769230769230765,0.2,10
P6,41,random_size_matched_6,CD8 Naive,0.9796954314720813,0.9796954314720813,591
P6,41,random_size_matched_6,CD8 Naive_2,0.7741935483870968,0.7741935483870968,31
P6,41,random_size_matched_6,CD8 Proliferating,0.5555555555555556,0.5555555555555556,9
P6,41,random_size_matched_6,CD8 TCM_1,0.7605633802816901,0.7068062827225131,191
P6,41,random_size_matched_6,CD8 TCM_2,0.8691588785046729,0.9207920792079208,101
P6,41,random_size_matched_6,CD8 TCM_3,0.7647058823529413,0.9381443298969072,97
P6,41,random_size_matched_6,CD8 TEM_1,0.8635235732009925,0.8405797101449275,207
P6,41,random_size_matched_6,CD8 TEM_2,0.7894736842105263,0.7978723404255319,94
P6,41,random_size_matched_6,CD8 TEM_3,0.7272727272727273,0.6808510638297872,47
P6,41,random_size_matched_6,CD8 TEM_4,0.8495575221238938,0.8205128205128205,117
P6,41,random_size_matched_6,CD8 TEM_5,0.0,0.0,4
P6,41,random_size_matched_6,CD8 TEM_6,0.6666666666666666,0.7142857142857143,14
P6,41,random_size_matched_6,Doublet,0.5970149253731343,0.449438202247191,89
P6,41,random_size_matched_6,Eryth,0.923076923076923,1.0,6
P6,41,random_size_matched_6,HSPC,0.9333333333333333,0.875,8
P6,41,random_size_matched_6,ILC,0.912280701754386,0.9629629629629629,27
P6,41,random_size_matched_6,MAIT,0.9851428571428572,0.9908045977011494,435
P6,41,random_size_matched_6,NK Proliferating,0.8661417322834646,0.8088235294117647,68
P6,41,random_size_matched_6,NK_1,0.516728624535316,0.388268156424581,358
P6,41,random_size_matched_6,NK_2,0.9109147360878911,0.9631313131313132,1980
P6,41,random_size_matched_6,NK_3,0.5549915397631133,0.44686648501362397,367
P6,41,random_size_matched_6,NK_4,0.687315634218289,0.7740863787375415,301
P6,41,random_size_matched_6,NK_CD56bright,0.945578231292517,0.9823321554770318,283
P6,41,random_size_matched_6,Plasma,0.9787234042553191,1.0,23
P6,41,random_size_matched_6,Plasmablast,1.0,1.0,2
P6,41,random_size_matched_6,Platelet,0.966887417218543,0.9707446808510638,376
P6,41,random_size_matched_6,Treg Memory,0.8541666666666667,0.8367346938775511,49
P6,41,random_size_matched_6,Treg Naive,0.6486486486486486,0.631578947368421,19
P6,41,random_size_matched_6,cDC1,1.0,1.0,9
P6,41,random_size_matched_6,cDC2_1,0.6046511627906976,0.8125,64
P6,41,random_size_matched_6,cDC2_2,0.8743718592964823,0.7909090909090909,220
P6,41,random_size_matched_6,dnT_1,0.6666666666666666,0.5,2
P6,41,random_size_matched_6,dnT_2,1.0,1.0,8
P6,41,random_size_matched_6,gdT_1,0.9534883720930233,0.9162011173184358,179
P6,41,random_size_matched_6,gdT_2,0.0,0.0,1
P6,41,random_size_matched_6,gdT_3,0.9295774647887323,0.9428571428571428,35
P6,41,random_size_matched_6,gdT_4,0.8333333333333334,0.8333333333333334,24
P6,41,random_size_matched_6,pDC,0.9935483870967742,1.0,77
P6,41,random_size_matched_15,ASDC_mDC,0.9090909090909091,1.0,5
P6,41,random_size_matched_15,ASDC_pDC,1.0,1.0,4
P6,41,random_size_matched_15,B intermediate kappa,0.9043927648578811,0.8838383838383839,198
P6,41,random_size_matched_15,B intermediate lambda,0.8666666666666667,0.8353413654618473,249
P6,41,random_size_matched_15,B memory kappa,0.9135135135135135,0.8918205804749341,379
P6,41,random_size_matched_15,B memory lambda,0.9072847682119206,0.958041958041958,286
P6,41,random_size_matched_15,B naive kappa,0.9084479371316305,0.9375506893755069,1233
P6,41,random_size_matched_15,B naive lambda,0.8623408126137053,0.8277066356228172,859
P6,41,random_size_matched_15,CD14 Mono,0.9893014474512273,0.9876144318793754,5571
P6,41,random_size_matched_15,CD16 Mono,0.9563197026022305,0.9744318181818182,1056
P6,41,random_size_matched_15,CD4 CTL,0.6666666666666665,0.75,4
P6,41,random_size_matched_15,CD4 Naive,0.9617338300033864,0.9342105263157895,1520
P6,41,random_size_matched_15,CD4 Proliferating,0.6923076923076923,0.8181818181818182,11
P6,41,random_size_matched_15,CD4 TCM_1,0.7367657722987672,0.6764314247669774,751
P6,41,random_size_matched_15,CD4 TCM_2,0.7567567567567567,0.7368421052631579,38
P6,41,random_size_matched_15,CD4 TCM_3,0.8976175144880876,0.9707520891364902,1436
P6,41,random_size_matched_15,CD4 TEM_1,0.7555555555555556,0.8031496062992126,127
P6,41,random_size_matched_15,CD4 TEM_2,0.7096774193548386,0.6470588235294118,34
P6,41,random_size_matched_15,CD4 TEM_3,0.8248337028824835,0.8122270742358079,458
P6,41,random_size_matched_15,CD4 TEM_4,0.0,0.0,10
P6,41,random_size_matched_15,CD8 Naive,0.9788672865595943,0.9796954314720813,591
P6,41,random_size_matched_15,CD8 Naive_2,0.7619047619047619,0.7741935483870968,31
P6,41,random_size_matched_15,CD8 Proliferating,0.5882352941176471,0.5555555555555556,9
P6,41,random_size_matched_15,CD8 TCM_1,0.7621483375959079,0.7801047120418848,191
P6,41,random_size_matched_15,CD8 TCM_2,0.8755760368663594,0.9405940594059405,101
P6,41,random_size_matched_15,CD8 TCM_3,0.7015706806282722,0.6907216494845361,97
P6,41,random_size_matched_15,CD8 TEM_1,0.8474576271186439,0.8454106280193237,207
P6,41,random_size_matched_15,CD8 TEM_2,0.7789473684210526,0.7872340425531915,94
P6,41,random_size_matched_15,CD8 TEM_3,0.7191011235955055,0.6808510638297872,47
P6,41,random_size_matched_15,CD8 TEM_4,0.8533333333333333,0.8205128205128205,117
P6,41,random_size_matched_15,CD8 TEM_5,0.0,0.0,4
P6,41,random_size_matched_15,CD8 TEM_6,0.6666666666666666,0.7142857142857143,14
P6,41,random_size_matched_15,Doublet,0.6119402985074627,0.4606741573033708,89
P6,41,random_size_matched_15,Eryth,0.923076923076923,1.0,6
P6,41,random_size_matched_15,HSPC,0.9333333333333333,0.875,8
P6,41,random_size_matched_15,ILC,0.896551724137931,0.9629629629629629,27
P6,41,random_size_matched_15,MAIT,0.981651376146789,0.9839080459770115,435
P6,41,random_size_matched_15,NK Proliferating,0.8661417322834646,0.8088235294117647,68
P6,41,random_size_matched_15,NK_1,0.46768060836501896,0.3435754189944134,358
P6,41,random_size_matched_15,NK_2,0.9079229122055675,0.9636363636363636,1980
P6,41,random_size_matched_15,NK_3,0.5598650927487353,0.45231607629427795,367
P6,41,random_size_matched_15,NK_4,0.6894502228826151,0.770764119601329,301
P6,41,random_size_matched_15,NK_CD56bright,0.9387755102040816,0.9752650176678446,283
P6,41,random_size_matched_15,Plasma,0.9787234042553191,1.0,23
P6,41,random_size_matched_15,Plasmablast,1.0,1.0,2
P6,41,random_size_matched_15,Platelet,0.9656084656084656,0.9707446808510638,376
P6,41,random_size_matched_15,Treg Memory,0.8421052631578948,0.8163265306122449,49
P6,41,random_size_matched_15,Treg Naive,0.631578947368421,0.631578947368421,19
P6,41,random_size_matched_15,cDC1,1.0,1.0,9
P6,41,random_size_matched_15,cDC2_1,0.6190476190476191,0.8125,64
P6,41,random_size_matched_15,cDC2_2,0.8827930174563591,0.8045454545454546,220
P6,41,random_size_matched_15,dnT_1,0.0,0.0,2
P6,41,random_size_matched_15,dnT_2,1.0,1.0,8
P6,41,random_size_matched_15,gdT_1,0.9597701149425287,0.9329608938547486,179
P6,41,random_size_matched_15,gdT_2,0.0,0.0,1
P6,41,random_size_matched_15,gdT_3,0.9295774647887323,0.9428571428571428,35
P6,41,random_size_matched_15,gdT_4,0.8085106382978724,0.7916666666666666,24
P6,41,random_size_matched_15,pDC,0.9935483870967742,1.0,77
P6,42,full,ASDC_mDC,1.0,1.0,5
P6,42,full,ASDC_pDC,1.0,1.0,4
P6,42,full,B intermediate kappa,0.8870967741935484,0.8333333333333334,198
P6,42,full,B intermediate lambda,0.8366890380313199,0.751004016064257,249
P6,42,full,B memory kappa,0.9250985545335086,0.9287598944591029,379
P6,42,full,B memory lambda,0.9188255613126078,0.9300699300699301,286
P6,42,full,B naive kappa,0.9033485540334856,0.9626926196269262,1233
P6,42,full,B naive lambda,0.845679012345679,0.7974388824214202,859
P6,42,full,CD14 Mono,0.9893225661731718,0.9895889427391851,5571
P6,42,full,CD16 Mono,0.9572320999519461,0.9431818181818182,1056
P6,42,full,CD4 CTL,0.28571428571428575,0.25,4
P6,42,full,CD4 Naive,0.9706666666666667,0.9578947368421052,1520
P6,42,full,CD4 Proliferating,0.6363636363636364,0.6363636363636364,11
P6,42,full,CD4 TCM_1,0.7408513816280807,0.6604527296937417,751
P6,42,full,CD4 TCM_2,0.6857142857142857,0.631578947368421,38
P6,42,full,CD4 TCM_3,0.8869895536562203,0.9756267409470752,1436
P6,42,full,CD4 TEM_1,0.7404580152671756,0.7637795275590551,127
P6,42,full,CD4 TEM_2,0.7719298245614036,0.6470588235294118,34
P6,42,full,CD4 TEM_3,0.8009259259259259,0.7554585152838428,458
P6,42,full,CD4 TEM_4,0.33333333333333337,0.2,10
P6,42,full,CD8 Naive,0.9831365935919056,0.9864636209813875,591
P6,42,full,CD8 Naive_2,0.7540983606557377,0.7419354838709677,31
P6,42,full,CD8 Proliferating,0.631578947368421,0.6666666666666666,9
P6,42,full,CD8 TCM_1,0.8093994778067886,0.8115183246073299,191
P6,42,full,CD8 TCM_2,0.8792270531400966,0.900990099009901,101
P6,42,full,CD8 TCM_3,0.8207547169811321,0.8969072164948454,97
P6,42,full,CD8 TEM_1,0.8706467661691542,0.8454106280193237,207
P6,42,full,CD8 TEM_2,0.8128342245989305,0.8085106382978723,94
P6,42,full,CD8 TEM_3,0.6213592233009708,0.6808510638297872,47
P6,42,full,CD8 TEM_4,0.8597285067873303,0.811965811965812,117
P6,42,full,CD8 TEM_5,0.0,0.0,4
P6,42,full,CD8 TEM_6,0.6363636363636364,0.5,14
P6,42,full,Doublet,0.7071823204419889,0.7191011235955056,89
P6,42,full,Eryth,0.923076923076923,1.0,6
P6,42,full,HSPC,0.9333333333333333,0.875,8
P6,42,full,ILC,0.9454545454545454,0.9629629629629629,27
P6,42,full,MAIT,0.9758342922899884,0.9747126436781609,435
P6,42,full,NK Proliferating,0.8854961832061068,0.8529411764705882,68
P6,42,full,NK_1,0.45940594059405937,0.3240223463687151,358
P6,42,full,NK_2,0.9053987122337791,0.9232323232323232,1980
P6,42,full,NK_3,0.6108490566037735,0.7057220708446866,367
P6,42,full,NK_4,0.6700507614213199,0.6578073089700996,301
P6,42,full,NK_CD56bright,0.9333333333333332,0.9893992932862191,283
P6,42,full,Plasma,0.9787234042553191,1.0,23
P6,42,full,Plasmablast,1.0,1.0,2
P6,42,full,Platelet,0.9733333333333333,0.9707446808510638,376
P6,42,full,Treg Memory,0.8686868686868686,0.8775510204081632,49
P6,42,full,Treg Naive,0.7222222222222222,0.6842105263157895,19
P6,42,full,cDC1,0.9411764705882353,0.8888888888888888,9
P6,42,full,cDC2_1,0.6322580645161291,0.765625,64
P6,42,full,cDC2_2,0.9223529411764705,0.8909090909090909,220
P6,42,full,dnT_1,0.0,0.0,2
P6,42,full,dnT_2,1.0,1.0,8
P6,42,full,gdT_1,0.9684813753581661,0.9441340782122905,179
P6,42,full,gdT_2,0.0,0.0,1
P6,42,full,gdT_3,0.88,0.9428571428571428,35
P6,42,full,gdT_4,0.7083333333333334,0.7083333333333334,24
P6,42,full,pDC,0.9935483870967742,1.0,77
P6,42,random_10,ASDC_mDC,0.9090909090909091,1.0,5
P6,42,random_10,ASDC_pDC,1.0,1.0,4
P6,42,random_10,B intermediate kappa,0.8907103825136612,0.8232323232323232,198
P6,42,random_10,B intermediate lambda,0.8299319727891157,0.7349397590361446,249
P6,42,random_10,B memory kappa,0.9234828496042217,0.9234828496042217,379
P6,42,random_10,B memory lambda,0.9162393162393163,0.9370629370629371,286
P6,42,random_10,B naive kappa,0.9011406844106464,0.9610705596107056,1233
P6,42,random_10,B naive lambda,0.8425584255842559,0.7974388824214202,859
P6,42,random_10,CD14 Mono,0.9889577161325074,0.9886914378029079,5571
P6,42,random_10,CD16 Mono,0.956855225311601,0.9450757575757576,1056
P6,42,random_10,CD4 CTL,0.4,0.5,4
P6,42,random_10,CD4 Naive,0.9691746768312893,0.9618421052631579,1520
P6,42,random_10,CD4 Proliferating,0.6363636363636364,0.6363636363636364,11
P6,42,random_10,CD4 TCM_1,0.7501842299189388,0.677762982689747,751
P6,42,random_10,CD4 TCM_2,0.6571428571428571,0.6052631578947368,38
P6,42,random_10,CD4 TCM_3,0.8537721204594847,0.9575208913649025,1436
P6,42,random_10,CD4 TEM_1,0.7322033898305085,0.8503937007874016,127
P6,42,random_10,CD4 TEM_2,0.7272727272727274,0.5882352941176471,34
P6,42,random_10,CD4 TEM_3,0.6010781671159029,0.4868995633187773,458
P6,42,random_10,CD4 TEM_4,0.18181818181818182,0.1,10
P6,42,random_10,CD8 Naive,0.984873949579832,0.9915397631133672,591
P6,42,random_10,CD8 Naive_2,0.7540983606557377,0.7419354838709677,31
P6,42,random_10,CD8 Proliferating,0.631578947368421,0.6666666666666666,9
P6,42,random_10,CD8 TCM_1,0.7922705314009661,0.8586387434554974,191
P6,42,random_10,CD8 TCM_2,0.883248730964467,0.8613861386138614,101
P6,42,random_10,CD8 TCM_3,0.7403314917127072,0.6907216494845361,97
P6,42,random_10,CD8 TEM_1,0.8454106280193237,0.8454106280193237,207
P6,42,random_10,CD8 TEM_2,0.8085106382978723,0.8085106382978723,94
P6,42,random_10,CD8 TEM_3,0.6105263157894737,0.6170212765957447,47
P6,42,random_10,CD8 TEM_4,0.852017937219731,0.811965811965812,117
P6,42,random_10,CD8 TEM_5,0.0,0.0,4
P6,42,random_10,CD8 TEM_6,0.6363636363636364,0.5,14
P6,42,random_10,Doublet,0.6850828729281768,0.6966292134831461,89
P6,42,random_10,Eryth,0.8333333333333334,0.8333333333333334,6
P6,42,random_10,HSPC,0.9333333333333333,0.875,8
P6,42,random_10,ILC,0.9285714285714286,0.9629629629629629,27
P6,42,random_10,MAIT,0.976905311778291,0.9724137931034482,435
P6,42,random_10,NK Proliferating,0.8805970149253731,0.8676470588235294,68
P6,42,random_10,NK_1,0.46274509803921565,0.329608938547486,358
P6,42,random_10,NK_2,0.9035758323057953,0.9252525252525252,1980
P6,42,random_10,NK_3,0.6275862068965518,0.7438692098092643,367
P6,42,random_10,NK_4,0.6761565836298933,0.6312292358803987,301
P6,42,random_10,NK_CD56bright,0.9415807560137457,0.9681978798586572,283
P6,42,random_10,Plasma,0.9787234042553191,1.0,23
P6,42,random_10,Plasmablast,1.0,1.0,2
P6,42,random_10,Platelet,0.9760000000000001,0.973404255319149,376
P6,42,random_10,Treg Memory,0.8514851485148514,0.8775510204081632,49
P6,42,random_10,Treg Naive,0.6875,0.5789473684210527,19
P6,42,random_10,cDC1,0.9411764705882353,0.8888888888888888,9
P6,42,random_10,cDC2_1,0.6233766233766235,0.75,64
P6,42,random_10,cDC2_2,0.9198113207547169,0.8863636363636364,220
P6,42,random_10,dnT_1,0.0,0.0,2
P6,42,random_10,dnT_2,1.0,1.0,8
P6,42,random_10,gdT_1,0.9714285714285714,0.9497206703910615,179
P6,42,random_10,gdT_2,0.0,0.0,1
P6,42,random_10,gdT_3,0.868421052631579,0.9428571428571428,35
P6,42,random_10,gdT_4,0.7659574468085107,0.75,24
P6,42,random_10,pDC,0.9935483870967742,1.0,77
P6,42,random_30,ASDC_mDC,1.0,1.0,5
P6,42,random_30,ASDC_pDC,1.0,1.0,4
P6,42,random_30,B intermediate kappa,0.9027027027027026,0.8434343434343434,198
P6,42,random_30,B intermediate lambda,0.8371040723981901,0.7429718875502008,249
P6,42,random_30,B memory kappa,0.9244791666666667,0.9366754617414248,379
P6,42,random_30,B memory lambda,0.9075342465753424,0.9265734265734266,286
P6,42,random_30,B naive kappa,0.9040152963671129,0.9586374695863747,1233
P6,42,random_30,B naive lambda,0.8492307692307692,0.8032596041909197,859
P6,42,random_30,CD14 Mono,0.9877492622730932,0.9913839526117394,5571
P6,42,random_30,CD16 Mono,0.954260953298026,0.9384469696969697,1056
P6,42,random_30,CD4 CTL,0.36363636363636365,0.5,4
P6,42,random_30,CD4 Naive,0.9675476748076279,0.9513157894736842,1520
P6,42,random_30,CD4 Proliferating,0.6363636363636364,0.6363636363636364,11
P6,42,random_30,CD4 TCM_1,0.7373887240356083,0.6617842876165113,751
P6,42,random_30,CD4 TCM_2,0.7142857142857143,0.6578947368421053,38
P6,42,random_30,CD4 TCM_3,0.8864213197969543,0.9728412256267409,1436
P6,42,random_30,CD4 TEM_1,0.7272727272727273,0.7874015748031497,127
P6,42,random_30,CD4 TEM_2,0.6666666666666667,0.5588235294117647,34
P6,42,random_30,CD4 TEM_3,0.7939464493597206,0.7445414847161572,458
P6,42,random_30,CD4 TEM_4,0.0,0.0,10
P6,42,random_30,CD8 Naive,0.9847198641765704,0.9813874788494078,591
P6,42,random_30,CD8 Naive_2,0.7666666666666667,0.7419354838709677,31
P6,42,random_30,CD8 Proliferating,0.7368421052631577,0.7777777777777778,9
P6,42,random_30,CD8 TCM_1,0.7592592592592593,0.8586387434554974,191
P6,42,random_30,CD8 TCM_2,0.8599033816425121,0.8811881188118812,101
P6,42,random_30,CD8 TCM_3,0.6467065868263473,0.5567010309278351,97
P6,42,random_30,CD8 TEM_1,0.8613861386138614,0.8405797101449275,207
P6,42,random_30,CD8 TEM_2,0.8172043010752688,0.8085106382978723,94
P6,42,random_30,CD8 TEM_3,0.6153846153846153,0.6808510638297872,47
P6,42,random_30,CD8 TEM_4,0.8416289592760181,0.7948717948717948,117
P6,42,random_30,CD8 TEM_5,0.0,0.0,4
P6,42,random_30,CD8 TEM_6,0.5714285714285714,0.42857142857142855,14
P6,42,random_30,Doublet,0.5503355704697988,0.4606741573033708,89
P6,42,random_30,Eryth,0.8333333333333334,0.8333333333333334,6
P6,42,random_30,HSPC,0.9333333333333333,0.875,8
P6,42,random_30,ILC,0.9454545454545454,0.9629629629629629,27
P6,42,random_30,MAIT,0.9770114942528736,0.9770114942528736,435
P6,42,random_30,NK Proliferating,0.8854961832061068,0.8529411764705882,68
P6,42,random_30,NK_1,0.4237623762376237,0.2988826815642458,358
P6,42,random_30,NK_2,0.9001996007984032,0.9111111111111111,1980
P6,42,random_30,NK_3,0.5959367945823928,0.7193460490463215,367
P6,42,random_30,NK_4,0.6767676767676768,0.6677740863787376,301
P6,42,random_30,NK_CD56bright,0.9340101522842639,0.9752650176678446,283
P6,42,random_30,Plasma,0.9583333333333334,1.0,23
P6,42,random_30,Plasmablast,0.6666666666666666,0.5,2
P6,42,random_30,Platelet,0.9758713136729222,0.9680851063829787,376
P6,42,random_30,Treg Memory,0.8712871287128713,0.8979591836734694,49
P6,42,random_30,Treg Naive,0.6486486486486486,0.631578947368421,19
P6,42,random_30,cDC1,0.9411764705882353,0.8888888888888888,9
P6,42,random_30,cDC2_1,0.6242038216560509,0.765625,64
P6,42,random_30,cDC2_2,0.919431279620853,0.8818181818181818,220
P6,42,random_30,dnT_1,0.0,0.0,2
P6,42,random_30,dnT_2,1.0,1.0,8
P6,42,random_30,gdT_1,0.9380530973451328,0.888268156424581,179
P6,42,random_30,gdT_2,0.0,0.0,1
P6,42,random_30,gdT_3,0.8947368421052632,0.9714285714285714,35
P6,42,random_30,gdT_4,0.7199999999999999,0.75,24
P6,42,random_30,pDC,0.9935483870967742,1.0,77
P6,42,random_50,ASDC_mDC,1.0,1.0,5
P6,42,random_50,ASDC_pDC,1.0,1.0,4
P6,42,random_50,B intermediate kappa,0.8997289972899729,0.8383838383838383,198
P6,42,random_50,B intermediate lambda,0.8404494382022472,0.751004016064257,249
P6,42,random_50,B memory kappa,0.9240837696335078,0.9313984168865436,379
P6,42,random_50,B memory lambda,0.9143835616438356,0.9335664335664335,286
P6,42,random_50,B naive kappa,0.9035960214231064,0.9578264395782644,1233
P6,42,random_50,B naive lambda,0.8520564763658687,0.8079161816065192,859
P6,42,random_50,CD14 Mono,0.9880035810205909,0.9904864476754622,5571
P6,42,random_50,CD16 Mono,0.9582938388625593,0.9573863636363636,1056
P6,42,random_50,CD4 CTL,0.5,0.5,4
P6,42,random_50,CD4 Naive,0.9694148936170214,0.9592105263157895,1520
P6,42,random_50,CD4 Proliferating,0.7000000000000001,0.6363636363636364,11
P6,42,random_50,CD4 TCM_1,0.7514285714285713,0.7003994673768309,751
P6,42,random_50,CD4 TCM_2,0.6769230769230768,0.5789473684210527,38
P6,42,random_50,CD4 TCM_3,0.8397689267254486,0.9616991643454039,1436
P6,42,random_50,CD4 TEM_1,0.7142857142857143,0.7874015748031497,127
P6,42,random_50,CD4 TEM_2,0.627450980392157,0.47058823529411764,34
P6,42,random_50,CD4 TEM_3,0.5278592375366569,0.3930131004366812,458
P6,42,random_50,CD4 TEM_4,0.0,0.0,10
P6,42,random_50,CD8 Naive,0.9797297297297298,0.9813874788494078,591
P6,42,random_50,CD8 Naive_2,0.7457627118644068,0.7096774193548387,31
P6,42,random_50,CD8 Proliferating,0.7999999999999999,0.8888888888888888,9
P6,42,random_50,CD8 TCM_1,0.7555555555555556,0.8900523560209425,191
P6,42,random_50,CD8 TCM_2,0.83248730964467,0.8118811881188119,101
P6,42,random_50,CD8 TCM_3,0.547945205479452,0.41237113402061853,97
P6,42,random_50,CD8 TEM_1,0.8501228501228502,0.8357487922705314,207
P6,42,random_50,CD8 TEM_2,0.7807486631016043,0.776595744680851,94
P6,42,random_50,CD8 TEM_3,0.6804123711340208,0.7021276595744681,47
P6,42,random_50,CD8 TEM_4,0.8506787330316742,0.8034188034188035,117
P6,42,random_50,CD8 TEM_5,0.0,0.0,4
P6,42,random_50,CD8 TEM_6,0.5833333333333334,0.5,14
P6,42,random_50,Doublet,0.5343511450381679,0.39325842696629215,89
P6,42,random_50,Eryth,0.923076923076923,1.0,6
P6,42,random_50,HSPC,0.9333333333333333,0.875,8
P6,42,random_50,ILC,0.9285714285714286,0.9629629629629629,27
P6,42,random_50,MAIT,0.9710982658959537,0.9655172413793104,435
P6,42,random_50,NK Proliferating,0.9022556390977443,0.8823529411764706,68
P6,42,random_50,NK_1,0.4504854368932038,0.3240223463687151,358
P6,42,random_50,NK_2,0.9007633587786259,0.9237373737373737,1980
P6,42,random_50,NK_3,0.6011834319526628,0.6920980926430518,367
P6,42,random_50,NK_4,0.6573913043478261,0.627906976744186,301
P6,42,random_50,NK_CD56bright,0.9417808219178083,0.9717314487632509,283
P6,42,random_50,Plasma,1.0,1.0,23
P6,42,random_50,Plasmablast,1.0,1.0,2
P6,42,random_50,Platelet,0.9731903485254693,0.9654255319148937,376
P6,42,random_50,Treg Memory,0.845360824742268,0.8367346938775511,49
P6,42,random_50,Treg Naive,0.6451612903225806,0.5263157894736842,19
P6,42,random_50,cDC1,0.9411764705882353,0.8888888888888888,9
P6,42,random_50,cDC2_1,0.6274509803921569,0.75,64
P6,42,random_50,cDC2_2,0.919431279620853,0.8818181818181818,220
P6,42,random_50,dnT_1,0.0,0.0,2
P6,42,random_50,dnT_2,1.0,1.0,8
P6,42,random_50,gdT_1,0.943952802359882,0.8938547486033519,179
P6,42,random_50,gdT_2,0.0,0.0,1
P6,42,random_50,gdT_3,0.8648648648648648,0.9142857142857143,35
P6,42,random_50,gdT_4,0.5084745762711864,0.625,24
P6,42,random_50,pDC,0.9935483870967742,1.0,77
P6,42,random_70,ASDC_mDC,1.0,1.0,5
P6,42,random_70,ASDC_pDC,1.0,1.0,4
P6,42,random_70,B intermediate kappa,0.8931506849315068,0.8232323232323232,198
P6,42,random_70,B intermediate lambda,0.8219178082191781,0.7228915662650602,249
P6,42,random_70,B memory kappa,0.9267015706806282,0.9340369393139841,379
P6,42,random_70,B memory lambda,0.9040139616055846,0.9055944055944056,286
P6,42,random_70,B naive kappa,0.9012345679012346,0.9472830494728305,1233
P6,42,random_70,B naive lambda,0.8480861244019139,0.8253783469150174,859
P6,42,random_70,CD14 Mono,0.9879992835393158,0.9901274457009513,5571
P6,42,random_70,CD16 Mono,0.9583727530747398,0.959280303030303,1056
P6,42,random_70,CD4 CTL,0.4,0.5,4
P6,42,random_70,CD4 Naive,0.9659773182121414,0.9526315789473684,1520
P6,42,random_70,CD4 Proliferating,0.7000000000000001,0.6363636363636364,11
P6,42,random_70,CD4 TCM_1,0.7437185929648242,0.6897470039946738,751
P6,42,random_70,CD4 TCM_2,0.6666666666666666,0.5263157894736842,38
P6,42,random_70,CD4 TCM_3,0.8742857142857143,0.9589136490250696,1436
P6,42,random_70,CD4 TEM_1,0.6533333333333333,0.7716535433070866,127
P6,42,random_70,CD4 TEM_2,0.5384615384615384,0.4117647058823529,34
P6,42,random_70,CD4 TEM_3,0.7617896009673518,0.6877729257641921,458
P6,42,random_70,CD4 TEM_4,0.0,0.0,10
P6,42,random_70,CD8 Naive,0.9806884970612931,0.988155668358714,591
P6,42,random_70,CD8 Naive_2,0.7368421052631579,0.6774193548387096,31
P6,42,random_70,CD8 Proliferating,0.7999999999999999,0.8888888888888888,9
P6,42,random_70,CD8 TCM_1,0.7451923076923077,0.8115183246073299,191
P6,42,random_70,CD8 TCM_2,0.8365384615384616,0.8613861386138614,101
P6,42,random_70,CD8 TCM_3,0.588957055214724,0.4948453608247423,97
P6,42,random_70,CD8 TEM_1,0.8333333333333334,0.8454106280193237,207
P6,42,random_70,CD8 TEM_2,0.7675675675675676,0.7553191489361702,94
P6,42,random_70,CD8 TEM_3,0.6458333333333333,0.6595744680851063,47
P6,42,random_70,CD8 TEM_4,0.8622222222222222,0.8290598290598291,117
P6,42,random_70,CD8 TEM_5,0.25,0.25,4
P6,42,random_70,CD8 TEM_6,0.5454545454545454,0.42857142857142855,14
P6,42,random_70,Doublet,0.5190839694656488,0.38202247191011235,89
P6,42,random_70,Eryth,0.8333333333333334,0.8333333333333334,6
P6,42,random_70,HSPC,0.9333333333333333,0.875,8
P6,42,random_70,ILC,0.9454545454545454,0.9629629629629629,27
P6,42,random_70,MAIT,0.9441141498216409,0.9126436781609195,435
P6,42,random_70,NK Proliferating,0.9007633587786259,0.8676470588235294,68
P6,42,random_70,NK_1,0.4227005870841487,0.3016759776536313,358
P6,42,random_70,NK_2,0.8967596081386586,0.9015151515151515,1980
P6,42,random_70,NK_3,0.5871559633027522,0.6975476839237057,367
P6,42,random_70,NK_4,0.6309148264984227,0.6644518272425249,301
P6,42,random_70,NK_CD56bright,0.931740614334471,0.9646643109540636,283
P6,42,random_70,Plasma,0.9787234042553191,1.0,23
P6,42,random_70,Plasmablast,1.0,1.0,2
P6,42,random_70,Platelet,0.9744279946164199,0.9627659574468085,376
P6,42,random_70,Treg Memory,0.8235294117647058,0.8571428571428571,49
P6,42,random_70,Treg Naive,0.5454545454545454,0.631578947368421,19
P6,42,random_70,cDC1,0.9411764705882353,0.8888888888888888,9
P6,42,random_70,cDC2_1,0.6357615894039735,0.75,64
P6,42,random_70,cDC2_2,0.9270588235294117,0.8954545454545455,220
P6,42,random_70,dnT_1,0.0,0.0,2
P6,42,random_70,dnT_2,1.0,1.0,8
P6,42,random_70,gdT_1,0.9595375722543353,0.9273743016759777,179
P6,42,random_70,gdT_2,0.0,0.0,1
P6,42,random_70,gdT_3,0.8648648648648648,0.9142857142857143,35
P6,42,random_70,gdT_4,0.5833333333333334,0.5833333333333334,24
P6,42,random_70,pDC,0.9935483870967742,1.0,77
P6,42,marker_memory,ASDC_mDC,1.0,1.0,5
P6,42,marker_memory,ASDC_pDC,1.0,1.0,4
P6,42,marker_memory,B intermediate kappa,0.8948787061994609,0.8383838383838383,198
P6,42,marker_memory,B intermediate lambda,0.846325167037862,0.7630522088353414,249
P6,42,marker_memory,B memory kappa,0.9250985545335086,0.9287598944591029,379
P6,42,marker_memory,B memory lambda,0.9159519725557461,0.9335664335664335,286
P6,42,marker_memory,B naive kappa,0.9020501138952165,0.9635036496350365,1233
P6,42,marker_memory,B naive lambda,0.8477315102548166,0.7939464493597206,859
P6,42,marker_memory,CD14 Mono,0.989407540394973,0.9892299407646742,5571
P6,42,marker_memory,CD16 Mono,0.956271023546372,0.9422348484848485,1056
P6,42,marker_memory,CD4 CTL,0.5454545454545454,0.75,4
P6,42,marker_memory,CD4 Naive,0.9690721649484536,0.9585526315789473,1520
P6,42,marker_memory,CD4 Proliferating,0.7000000000000001,0.6363636363636364,11
P6,42,marker_memory,CD4 TCM_1,0.7412378821774795,0.6617842876165113,751
P6,42,marker_memory,CD4 TCM_2,0.7058823529411765,0.631578947368421,38
P6,42,marker_memory,CD4 TCM_3,0.8899521531100478,0.9714484679665738,1436
P6,42,marker_memory,CD4 TEM_1,0.7528517110266159,0.7795275590551181,127
P6,42,marker_memory,CD4 TEM_2,0.679245283018868,0.5294117647058824,34
P6,42,marker_memory,CD4 TEM_3,0.8113636363636364,0.7794759825327511,458
P6,42,marker_memory,CD4 TEM_4,0.33333333333333337,0.2,10
P6,42,marker_memory,CD8 Naive,0.9805579036348266,0.9813874788494078,591
P6,42,marker_memory,CD8 Naive_2,0.7586206896551724,0.7096774193548387,31
P6,42,marker_memory,CD8 Proliferating,0.761904761904762,0.8888888888888888,9
P6,42,marker_memory,CD8 TCM_1,0.8082901554404145,0.8167539267015707,191
P6,42,marker_memory,CD8 TCM_2,0.8695652173913043,0.8910891089108911,101
P6,42,marker_memory,CD8 TCM_3,0.8207547169811321,0.8969072164948454,97
P6,42,marker_memory,CD8 TEM_1,0.8472906403940887,0.8309178743961353,207
P6,42,marker_memory,CD8 TEM_2,0.7777777777777778,0.7446808510638298,94
P6,42,marker_memory,CD8 TEM_3,0.6422018348623854,0.7446808510638298,47
P6,42,marker_memory,CD8 TEM_4,0.8454545454545455,0.7948717948717948,117
P6,42,marker_memory,CD8 TEM_5,0.0,0.0,4
P6,42,marker_memory,CD8 TEM_6,0.6363636363636364,0.5,14
P6,42,marker_memory,Doublet,0.6994535519125683,0.7191011235955056,89
P6,42,marker_memory,Eryth,0.923076923076923,1.0,6
P6,42,marker_memory,HSPC,0.9333333333333333,0.875,8
P6,42,marker_memory,ILC,0.9285714285714286,0.9629629629629629,27
P6,42,marker_memory,MAIT,0.9769585253456221,0.9747126436781609,435
P6,42,marker_memory,NK Proliferating,0.8854961832061068,0.8529411764705882,68
P6,42,marker_memory,NK_1,0.45703125000000006,0.3268156424581006,358
P6,42,marker_memory,NK_2,0.9043133366385722,0.9212121212121213,1980
P6,42,marker_memory,NK_3,0.604982206405694,0.6948228882833788,367
P6,42,marker_memory,NK_4,0.6644182124789207,0.654485049833887,301
P6,42,marker_memory,NK_CD56bright,0.9351081530782029,0.9929328621908127,283
P6,42,marker_memory,Plasma,0.9787234042553191,1.0,23
P6,42,marker_memory,Plasmablast,1.0,1.0,2
P6,42,marker_memory,Platelet,0.9733333333333333,0.9707446808510638,376
P6,42,marker_memory,Treg Memory,0.8571428571428571,0.8571428571428571,49
P6,42,marker_memory,Treg Naive,0.7222222222222222,0.6842105263157895,19
P6,42,marker_memory,cDC1,0.9411764705882353,0.8888888888888888,9
P6,42,marker_memory,cDC2_1,0.6329113924050632,0.78125,64
P6,42,marker_memory,cDC2_2,0.9198113207547169,0.8863636363636364,220
P6,42,marker_memory,dnT_1,0.0,0.0,2
P6,42,marker_memory,dnT_2,1.0,1.0,8
P6,42,marker_memory,gdT_1,0.9684813753581661,0.9441340782122905,179
P6,42,marker_memory,gdT_2,0.0,0.0,1
P6,42,marker_memory,gdT_3,0.88,0.9428571428571428,35
P6,42,marker_memory,gdT_4,0.7307692307692307,0.7916666666666666,24
P6,42,marker_memory,pDC,0.9935483870967742,1.0,77
P6,42,marker_tcell,ASDC_mDC,1.0,1.0,5
P6,42,marker_tcell,ASDC_pDC,1.0,1.0,4
P6,42,marker_tcell,B intermediate kappa,0.8821917808219178,0.8131313131313131,198
P6,42,marker_tcell,B intermediate lambda,0.8272727272727273,0.7309236947791165,249
P6,42,marker_tcell,B memory kappa,0.9234828496042217,0.9234828496042217,379
P6,42,marker_tcell,B memory lambda,0.9156626506024097,0.9300699300699301,286
P6,42,marker_tcell,B naive kappa,0.9009487666034155,0.9626926196269262,1233
P6,42,marker_tcell,B naive lambda,0.8457283343577134,0.8009313154831199,859
P6,42,marker_tcell,CD14 Mono,0.9887076537013801,0.9901274457009513,5571
P6,42,marker_tcell,CD16 Mono,0.9560598744567843,0.9375,1056
P6,42,marker_tcell,CD4 CTL,0.2,0.25,4
P6,42,marker_tcell,CD4 Naive,0.9652638610554443,0.9506578947368421,1520
P6,42,marker_tcell,CD4 Proliferating,0.6086956521739131,0.6363636363636364,11
P6,42,marker_tcell,CD4 TCM_1,0.7158054711246201,0.6271637816245007,751
P6,42,marker_tcell,CD4 TCM_2,0.6575342465753424,0.631578947368421,38
P6,42,marker_tcell,CD4 TCM_3,0.8757396449704142,0.979108635097493,1436
P6,42,marker_tcell,CD4 TEM_1,0.7122302158273381,0.7795275590551181,127
P6,42,marker_tcell,CD4 TEM_2,0.6,0.4411764705882353,34
P6,42,marker_tcell,CD4 TEM_3,0.777511961722488,0.7096069868995634,458
P6,42,marker_tcell,CD4 TEM_4,0.33333333333333337,0.2,10
P6,42,marker_tcell,CD8 Naive,0.9822784810126582,0.9847715736040609,591
P6,42,marker_tcell,CD8 Naive_2,0.7457627118644068,0.7096774193548387,31
P6,42,marker_tcell,CD8 Proliferating,0.7368421052631577,0.7777777777777778,9
P6,42,marker_tcell,CD8 TCM_1,0.7914438502673796,0.774869109947644,191
P6,42,marker_tcell,CD8 TCM_2,0.8285714285714286,0.8613861386138614,101
P6,42,marker_tcell,CD8 TCM_3,0.7850467289719626,0.865979381443299,97
P6,42,marker_tcell,CD8 TEM_1,0.8400000000000001,0.8115942028985508,207
P6,42,marker_tcell,CD8 TEM_2,0.7789473684210526,0.7872340425531915,94
P6,42,marker_tcell,CD8 TEM_3,0.6796116504854368,0.7446808510638298,47
P6,42,marker_tcell,CD8 TEM_4,0.8545454545454545,0.8034188034188035,117
P6,42,marker_tcell,CD8 TEM_5,0.0,0.0,4
P6,42,marker_tcell,CD8 TEM_6,0.6086956521739131,0.5,14
P6,42,marker_tcell,Doublet,0.6892655367231639,0.6853932584269663,89
P6,42,marker_tcell,Eryth,0.923076923076923,1.0,6
P6,42,marker_tcell,HSPC,0.9333333333333333,0.875,8
P6,42,marker_tcell,ILC,0.9454545454545454,0.9629629629629629,27
P6,42,marker_tcell,MAIT,0.9586206896551724,0.9586206896551724,435
P6,42,marker_tcell,NK Proliferating,0.8636363636363636,0.8382352941176471,68
P6,42,marker_tcell,NK_1,0.41407867494824013,0.27932960893854747,358
P6,42,marker_tcell,NK_2,0.9053095179838512,0.9343434343434344,1980
P6,42,marker_tcell,NK_3,0.5869297163995068,0.6485013623978202,367
P6,42,marker_tcell,NK_4,0.6410684474123538,0.6378737541528239,301
P6,42,marker_tcell,NK_CD56bright,0.9304635761589404,0.9929328621908127,283
P6,42,marker_tcell,Plasma,0.9787234042553191,1.0,23
P6,42,marker_tcell,Plasmablast,1.0,1.0,2
P6,42,marker_tcell,Platelet,0.9720372836218376,0.9707446808510638,376
P6,42,marker_tcell,Treg Memory,0.84,0.8571428571428571,49
P6,42,marker_tcell,Treg Naive,0.6842105263157895,0.6842105263157895,19
P6,42,marker_tcell,cDC1,0.9411764705882353,0.8888888888888888,9
P6,42,marker_tcell,cDC2_1,0.6163522012578617,0.765625,64
P6,42,marker_tcell,cDC2_2,0.9172576832151301,0.8818181818181818,220
P6,42,marker_tcell,dnT_1,0.0,0.0,2
P6,42,marker_tcell,dnT_2,1.0,1.0,8
P6,42,marker_tcell,gdT_1,0.891640866873065,0.8044692737430168,179
P6,42,marker_tcell,gdT_2,0.0,0.0,1
P6,42,marker_tcell,gdT_3,0.8219178082191781,0.8571428571428571,35
P6,42,marker_tcell,gdT_4,0.5660377358490567,0.625,24
P6,42,marker_tcell,pDC,0.9935483870967742,1.0,77
P6,42,rna_only,ASDC_mDC,1.0,1.0,5
P6,42,rna_only,ASDC_pDC,0.8571428571428571,0.75,4
P6,42,rna_only,B intermediate kappa,0.8797814207650273,0.8131313131313131,198
P6,42,rna_only,B intermediate lambda,0.8288288288288287,0.7389558232931727,249
P6,42,rna_only,B memory kappa,0.9198423127463864,0.9234828496042217,379
P6,42,rna_only,B memory lambda,0.907849829351536,0.9300699300699301,286
P6,42,rna_only,B naive kappa,0.8944381384790012,0.9586374695863747,1233
P6,42,rna_only,B naive lambda,0.8334373050530256,0.7776484284051223,859
P6,42,rna_only,CD14 Mono,0.9877185118780816,0.9888709387901633,5571
P6,42,rna_only,CD16 Mono,0.9556085918854416,0.9479166666666666,1056
P6,42,rna_only,CD4 CTL,0.30769230769230765,0.5,4
P6,42,rna_only,CD4 Naive,0.9652432969215491,0.9592105263157895,1520
P6,42,rna_only,CD4 Proliferating,0.6666666666666666,0.6363636363636364,11
P6,42,rna_only,CD4 TCM_1,0.7237527922561429,0.6471371504660453,751
P6,42,rna_only,CD4 TCM_2,0.6666666666666667,0.5526315789473685,38
P6,42,rna_only,CD4 TCM_3,0.8545166402535658,0.9387186629526463,1436
P6,42,rna_only,CD4 TEM_1,0.68,0.8031496062992126,127
P6,42,rna_only,CD4 TEM_2,0.45833333333333326,0.3235294117647059,34
P6,42,rna_only,CD4 TEM_3,0.6739130434782609,0.6091703056768559,458
P6,42,rna_only,CD4 TEM_4,0.0,0.0,10
P6,42,rna_only,CD8 Naive,0.9823380992430614,0.988155668358714,591
P6,42,rna_only,CD8 Naive_2,0.8070175438596492,0.7419354838709677,31
P6,42,rna_only,CD8 Proliferating,0.7999999999999999,0.8888888888888888,9
P6,42,rna_only,CD8 TCM_1,0.7314814814814815,0.8272251308900523,191
P6,42,rna_only,CD8 TCM_2,0.7936507936507936,0.7425742574257426,101
P6,42,rna_only,CD8 TCM_3,0.6444444444444445,0.5979381443298969,97
P6,42,rna_only,CD8 TEM_1,0.8206388206388205,0.8067632850241546,207
P6,42,rna_only,CD8 TEM_2,0.7472527472527473,0.723404255319149,94
P6,42,rna_only,CD8 TEM_3,0.5454545454545454,0.574468085106383,47
P6,42,rna_only,CD8 TEM_4,0.8333333333333333,0.7692307692307693,117
P6,42,rna_only,CD8 TEM_5,0.0,0.0,4
P6,42,rna_only,CD8 TEM_6,0.5384615384615384,0.5,14
P6,42,rna_only,Doublet,0.5714285714285713,0.4943820224719101,89
P6,42,rna_only,Eryth,0.923076923076923,1.0,6
P6,42,rna_only,HSPC,0.9333333333333333,0.875,8
P6,42,rna_only,ILC,0.9285714285714286,0.9629629629629629,27
P6,42,rna_only,MAIT,0.9560185185185185,0.9494252873563218,435
P6,42,rna_only,NK Proliferating,0.893939393939394,0.8676470588235294,68
P6,42,rna_only,NK_1,0.3196544276457884,0.20670391061452514,358
P6,42,rna_only,NK_2,0.8923602636075176,0.9232323232323232,1980
P6,42,rna_only,NK_3,0.5779467680608366,0.6212534059945504,367
P6,42,rna_only,NK_4,0.6269592476489028,0.6644518272425249,301
P6,42,rna_only,NK_CD56bright,0.9246231155778896,0.9752650176678446,283
P6,42,rna_only,Plasma,0.9787234042553191,1.0,23
P6,42,rna_only,Plasmablast,1.0,1.0,2
P6,42,rna_only,Platelet,0.9758713136729222,0.9680851063829787,376
P6,42,rna_only,Treg Memory,0.8571428571428571,0.8571428571428571,49
P6,42,rna_only,Treg Naive,0.6,0.631578947368421,19
P6,42,rna_only,cDC1,1.0,1.0,9
P6,42,rna_only,cDC2_1,0.6447368421052632,0.765625,64
P6,42,rna_only,cDC2_2,0.9227166276346604,0.8954545454545455,220
P6,42,rna_only,dnT_1,0.0,0.0,2
P6,42,rna_only,dnT_2,1.0,1.0,8
P6,42,rna_only,gdT_1,0.9289940828402367,0.8770949720670391,179
P6,42,rna_only,gdT_2,0.0,0.0,1
P6,42,rna_only,gdT_3,0.8219178082191781,0.8571428571428571,35
P6,42,rna_only,gdT_4,0.5333333333333333,0.6666666666666666,24
P6,42,rna_only,pDC,0.9871794871794872,1.0,77
P6,42,random_size_matched_6,ASDC_mDC,1.0,1.0,5
P6,42,random_size_matched_6,ASDC_pDC,1.0,1.0,4
P6,42,random_size_matched_6,B intermediate kappa,0.898936170212766,0.8535353535353535,198
P6,42,random_size_matched_6,B intermediate lambda,0.8444444444444446,0.7630522088353414,249
P6,42,random_size_matched_6,B memory kappa,0.9261213720316622,0.9261213720316622,379
P6,42,random_size_matched_6,B memory lambda,0.9185441941074524,0.9265734265734266,286
P6,42,random_size_matched_6,B naive kappa,0.9039418293149636,0.9578264395782644,1233
P6,42,random_size_matched_6,B naive lambda,0.8487446417636253,0.8067520372526193,859
P6,42,random_size_matched_6,CD14 Mono,0.9887982794157183,0.9903069466882067,5571
P6,42,random_size_matched_6,CD16 Mono,0.955684007707129,0.9393939393939394,1056
P6,42,random_size_matched_6,CD4 CTL,0.5,0.5,4
P6,42,random_size_matched_6,CD4 Naive,0.971409574468085,0.9611842105263158,1520
P6,42,random_size_matched_6,CD4 Proliferating,0.6666666666666666,0.6363636363636364,11
P6,42,random_size_matched_6,CD4 TCM_1,0.7401812688821753,0.6524633821571239,751
P6,42,random_size_matched_6,CD4 TCM_2,0.6857142857142857,0.631578947368421,38
P6,42,random_size_matched_6,CD4 TCM_3,0.8864283454602975,0.9756267409470752,1436
P6,42,random_size_matched_6,CD4 TEM_1,0.7368421052631577,0.7716535433070866,127
P6,42,random_size_matched_6,CD4 TEM_2,0.7586206896551724,0.6470588235294118,34
P6,42,random_size_matched_6,CD4 TEM_3,0.7986111111111112,0.7532751091703057,458
P6,42,random_size_matched_6,CD4 TEM_4,0.33333333333333337,0.2,10
P6,42,random_size_matched_6,CD8 Naive,0.9847972972972973,0.9864636209813875,591
P6,42,random_size_matched_6,CD8 Naive_2,0.7540983606557377,0.7419354838709677,31
P6,42,random_size_matched_6,CD8 Proliferating,0.6666666666666666,0.6666666666666666,9
P6,42,random_size_matched_6,CD8 TCM_1,0.8125,0.8167539267015707,191
P6,42,random_size_matched_6,CD8 TCM_2,0.8846153846153846,0.9108910891089109,101
P6,42,random_size_matched_6,CD8 TCM_3,0.8133971291866029,0.8762886597938144,97
P6,42,random_size_matched_6,CD8 TEM_1,0.8663366336633662,0.8454106280193237,207
P6,42,random_size_matched_6,CD8 TEM_2,0.8172043010752688,0.8085106382978723,94
P6,42,random_size_matched_6,CD8 TEM_3,0.6213592233009708,0.6808510638297872,47
P6,42,random_size_matched_6,CD8 TEM_4,0.8597285067873303,0.811965811965812,117
P6,42,random_size_matched_6,CD8 TEM_5,0.0,0.0,4
P6,42,random_size_matched_6,CD8 TEM_6,0.6363636363636364,0.5,14
P6,42,random_size_matched_6,Doublet,0.6820809248554913,0.6629213483146067,89
P6,42,random_size_matched_6,Eryth,0.923076923076923,1.0,6
P6,42,random_size_matched_6,HSPC,0.9333333333333333,0.875,8
P6,42,random_size_matched_6,ILC,0.9454545454545454,0.9629629629629629,27
P6,42,random_size_matched_6,MAIT,0.9758342922899884,0.9747126436781609,435
P6,42,random_size_matched_6,NK Proliferating,0.893939393939394,0.8676470588235294,68
P6,42,random_size_matched_6,NK_1,0.4493041749502982,0.31564245810055863,358
P6,42,random_size_matched_6,NK_2,0.905221479831725,0.9237373737373737,1980
P6,42,random_size_matched_6,NK_3,0.6095238095238095,0.6975476839237057,367
P6,42,random_size_matched_6,NK_4,0.6633333333333333,0.6611295681063123,301
P6,42,random_size_matched_6,NK_CD56bright,0.9315525876460767,0.9858657243816255,283
P6,42,random_size_matched_6,Plasma,0.9787234042553191,1.0,23
P6,42,random_size_matched_6,Plasmablast,1.0,1.0,2
P6,42,random_size_matched_6,Platelet,0.9733333333333333,0.9707446808510638,376
P6,42,random_size_matched_6,Treg Memory,0.8571428571428571,0.8571428571428571,49
P6,42,random_size_matched_6,Treg Naive,0.6842105263157895,0.6842105263157895,19
P6,42,random_size_matched_6,cDC1,0.9411764705882353,0.8888888888888888,9
P6,42,random_size_matched_6,cDC2_1,0.6274509803921569,0.75,64
P6,42,random_size_matched_6,cDC2_2,0.9223529411764705,0.8909090909090909,220
P6,42,random_size_matched_6,dnT_1,0.6666666666666666,0.5,2
P6,42,random_size_matched_6,dnT_2,1.0,1.0,8
P6,42,random_size_matched_6,gdT_1,0.9657142857142856,0.9441340782122905,179
P6,42,random_size_matched_6,gdT_2,0.0,0.0,1
P6,42,random_size_matched_6,gdT_3,0.88,0.9428571428571428,35
P6,42,random_size_matched_6,gdT_4,0.75,0.75,24
P6,42,random_size_matched_6,pDC,0.9935483870967742,1.0,77
P6,42,random_size_matched_15,ASDC_mDC,1.0,1.0,5
P6,42,random_size_matched_15,ASDC_pDC,1.0,1.0,4
P6,42,random_size_matched_15,B intermediate kappa,0.8983957219251337,0.8484848484848485,198
P6,42,random_size_matched_15,B intermediate lambda,0.8437499999999999,0.7590361445783133,249
P6,42,random_size_matched_15,B memory kappa,0.927344782034346,0.9261213720316622,379
P6,42,random_size_matched_15,B memory lambda,0.919104991394148,0.9335664335664335,286
P6,42,random_size_matched_15,B naive kappa,0.9031273836765829,0.9602595296025953,1233
P6,42,random_size_matched_15,B naive lambda,0.848,0.8020954598370198,859
P6,42,random_size_matched_15,CD14 Mono,0.9893340503719638,0.9906659486627176,5571
P6,42,random_size_matched_15,CD16 Mono,0.9561868078960039,0.9403409090909091,1056
P6,42,random_size_matched_15,CD4 CTL,0.6666666666666665,0.75,4
P6,42,random_size_matched_15,CD4 Naive,0.9696565521840614,0.9565789473684211,1520
P6,42,random_size_matched_15,CD4 Proliferating,0.6363636363636364,0.6363636363636364,11
P6,42,random_size_matched_15,CD4 TCM_1,0.7612809315866085,0.6964047936085219,751
P6,42,random_size_matched_15,CD4 TCM_2,0.7222222222222222,0.6842105263157895,38
P6,42,random_size_matched_15,CD4 TCM_3,0.8854961832061069,0.9693593314763231,1436
P6,42,random_size_matched_15,CD4 TEM_1,0.7426470588235294,0.7952755905511811,127
P6,42,random_size_matched_15,CD4 TEM_2,0.7719298245614036,0.6470588235294118,34
P6,42,random_size_matched_15,CD4 TEM_3,0.7803121248499401,0.7096069868995634,458
P6,42,random_size_matched_15,CD4 TEM_4,0.33333333333333337,0.2,10
P6,42,random_size_matched_15,CD8 Naive,0.9839662447257383,0.9864636209813875,591
P6,42,random_size_matched_15,CD8 Naive_2,0.7540983606557377,0.7419354838709677,31
P6,42,random_size_matched_15,CD8 Proliferating,0.631578947368421,0.6666666666666666,9
P6,42,random_size_matched_15,CD8 TCM_1,0.8115183246073299,0.8115183246073299,191
P6,42,random_size_matched_15,CD8 TCM_2,0.875,0.900990099009901,101
P6,42,random_size_matched_15,CD8 TCM_3,0.8190476190476191,0.8865979381443299,97
P6,42,random_size_matched_15,CD8 TEM_1,0.8684863523573201,0.8454106280193237,207
P6,42,random_size_matched_15,CD8 TEM_2,0.8216216216216216,0.8085106382978723,94
P6,42,random_size_matched_15,CD8 TEM_3,0.6346153846153846,0.7021276595744681,47
P6,42,random_size_matched_15,CD8 TEM_4,0.8648648648648648,0.8205128205128205,117
P6,42,random_size_matched_15,CD8 TEM_5,0.0,0.0,4
P6,42,random_size_matched_15,CD8 TEM_6,0.6363636363636364,0.5,14
P6,42,random_size_matched_15,Doublet,0.711864406779661,0.7078651685393258,89
P6,42,random_size_matched_15,Eryth,0.923076923076923,1.0,6
P6,42,random_size_matched_15,HSPC,0.9333333333333333,0.875,8
P6,42,random_size_matched_15,ILC,0.9454545454545454,0.9629629629629629,27
P6,42,random_size_matched_15,MAIT,0.9769585253456221,0.9747126436781609,435
P6,42,random_size_matched_15,NK Proliferating,0.8854961832061068,0.8529411764705882,68
P6,42,random_size_matched_15,NK_1,0.48872180451127817,0.36312849162011174,358
P6,42,random_size_matched_15,NK_2,0.9044394281414597,0.9106060606060606,1980
P6,42,random_size_matched_15,NK_3,0.6136363636363636,0.7356948228882834,367
P6,42,random_size_matched_15,NK_4,0.6632653061224489,0.6478405315614618,301
P6,42,random_size_matched_15,NK_CD56bright,0.9346733668341708,0.9858657243816255,283
P6,42,random_size_matched_15,Plasma,0.9787234042553191,1.0,23
P6,42,random_size_matched_15,Plasmablast,1.0,1.0,2
P6,42,random_size_matched_15,Platelet,0.9745649263721553,0.9680851063829787,376
P6,42,random_size_matched_15,Treg Memory,0.8571428571428571,0.8571428571428571,49
P6,42,random_size_matched_15,Treg Naive,0.7027027027027027,0.6842105263157895,19
P6,42,random_size_matched_15,cDC1,0.9411764705882353,0.8888888888888888,9
P6,42,random_size_matched_15,cDC2_1,0.6533333333333333,0.765625,64
P6,42,random_size_matched_15,cDC2_2,0.9274004683840749,0.9,220
P6,42,random_size_matched_15,dnT_1,0.6666666666666666,0.5,2
P6,42,random_size_matched_15,dnT_2,1.0,1.0,8
P6,42,random_size_matched_15,gdT_1,0.9655172413793103,0.9385474860335196,179
P6,42,random_size_matched_15,gdT_2,0.0,0.0,1
P6,42,random_size_matched_15,gdT_3,0.88,0.9428571428571428,35
P6,42,random_size_matched_15,gdT_4,0.7083333333333334,0.7083333333333334,24
P6,42,random_size_matched_15,pDC,0.9935483870967742,1.0,77
P6,43,full,ASDC_mDC,1.0,1.0,5
P6,43,full,ASDC_pDC,1.0,1.0,4
P6,43,full,B intermediate kappa,0.8672086720867209,0.8080808080808081,198
P6,43,full,B intermediate lambda,0.8235294117647058,0.7309236947791165,249
P6,43,full,B memory kappa,0.9163449163449163,0.9393139841688655,379
P6,43,full,B memory lambda,0.9094076655052266,0.9125874125874126,286
P6,43,full,B naive kappa,0.9045741324921135,0.9302514193025142,1233
P6,43,full,B naive lambda,0.8618266978922716,0.8568102444703143,859
P6,43,full,CD14 Mono,0.989127504717405,0.9879734338538863,5571
P6,43,full,CD16 Mono,0.958981612446959,0.9630681818181818,1056
P6,43,full,CD4 CTL,0.4444444444444445,0.5,4
P6,43,full,CD4 Naive,0.9704417137163732,0.9611842105263158,1520
P6,43,full,CD4 Proliferating,0.6363636363636364,0.6363636363636364,11
P6,43,full,CD4 TCM_1,0.7053291536050156,0.5992010652463382,751
P6,43,full,CD4 TCM_2,0.7499999999999999,0.7105263157894737,38
P6,43,full,CD4 TCM_3,0.8929722759509995,0.9644846796657381,1436
P6,43,full,CD4 TEM_1,0.7773584905660377,0.8110236220472441,127
P6,43,full,CD4 TEM_2,0.6666666666666667,0.5294117647058824,34
P6,43,full,CD4 TEM_3,0.8149688149688149,0.8558951965065502,458
P6,43,full,CD4 TEM_4,0.18181818181818182,0.1,10
P6,43,full,CD8 Naive,0.9831365935919056,0.9864636209813875,591
P6,43,full,CD8 Naive_2,0.7457627118644068,0.7096774193548387,31
P6,43,full,CD8 Proliferating,0.7272727272727274,0.8888888888888888,9
P6,43,full,CD8 TCM_1,0.8010610079575596,0.7905759162303665,191
P6,43,full,CD8 TCM_2,0.8803827751196173,0.9108910891089109,101
P6,43,full,CD8 TCM_3,0.7867298578199052,0.8556701030927835,97
P6,43,full,CD8 TEM_1,0.8585607940446649,0.8357487922705314,207
P6,43,full,CD8 TEM_2,0.8571428571428572,0.8617021276595744,94
P6,43,full,CD8 TEM_3,0.6542056074766355,0.7446808510638298,47
P6,43,full,CD8 TEM_4,0.8959276018099548,0.8461538461538461,117
P6,43,full,CD8 TEM_5,0.0,0.0,4
P6,43,full,CD8 TEM_6,0.8,0.7142857142857143,14
P6,43,full,Doublet,0.6967741935483871,0.6067415730337079,89
P6,43,full,Eryth,0.923076923076923,1.0,6
P6,43,full,HSPC,0.9333333333333333,0.875,8
P6,43,full,ILC,0.9454545454545454,0.9629629629629629,27
P6,43,full,MAIT,0.9828962371721779,0.9908045977011494,435
P6,43,full,NK Proliferating,0.8709677419354839,0.7941176470588235,68
P6,43,full,NK_1,0.4637096774193548,0.32122905027932963,358
P6,43,full,NK_2,0.9101767797419972,0.9621212121212122,1980
P6,43,full,NK_3,0.6415620641562064,0.6267029972752044,367
P6,43,full,NK_4,0.6917808219178082,0.6710963455149501,301
P6,43,full,NK_CD56bright,0.922824302134647,0.9929328621908127,283
P6,43,full,Plasma,0.9787234042553191,1.0,23
P6,43,full,Plasmablast,1.0,1.0,2
P6,43,full,Platelet,0.9708222811671088,0.973404255319149,376
P6,43,full,Treg Memory,0.8686868686868686,0.8775510204081632,49
P6,43,full,Treg Naive,0.6666666666666667,0.631578947368421,19
P6,43,full,cDC1,1.0,1.0,9
P6,43,full,cDC2_1,0.6285714285714286,0.6875,64
P6,43,full,cDC2_2,0.9333333333333333,0.9227272727272727,220
P6,43,full,dnT_1,0.0,0.0,2
P6,43,full,dnT_2,1.0,1.0,8
P6,43,full,gdT_1,0.9714285714285714,0.9497206703910615,179
P6,43,full,gdT_2,0.0,0.0,1
P6,43,full,gdT_3,0.9428571428571428,0.9428571428571428,35
P6,43,full,gdT_4,0.8,0.8333333333333334,24
P6,43,full,pDC,0.9935483870967742,1.0,77
P6,43,random_10,ASDC_mDC,1.0,1.0,5
P6,43,random_10,ASDC_pDC,1.0,1.0,4
P6,43,random_10,B intermediate kappa,0.8729281767955802,0.797979797979798,198
P6,43,random_10,B intermediate lambda,0.8314606741573034,0.7429718875502008,249
P6,43,random_10,B memory kappa,0.9163449163449163,0.9393139841688655,379
P6,43,random_10,B memory lambda,0.90625,0.9125874125874126,286
P6,43,random_10,B naive kappa,0.9057199211045365,0.9310624493106245,1233
P6,43,random_10,B naive lambda,0.8666666666666667,0.8626309662398137,859
P6,43,random_10,CD14 Mono,0.9892163910855499,0.9879734338538863,5571
P6,43,random_10,CD16 Mono,0.9586077140169332,0.9649621212121212,1056
P6,43,random_10,CD4 CTL,0.4444444444444445,0.5,4
P6,43,random_10,CD4 Naive,0.9710482529118136,0.9598684210526316,1520
P6,43,random_10,CD4 Proliferating,0.6363636363636364,0.6363636363636364,11
P6,43,random_10,CD4 TCM_1,0.7059736229635376,0.6058588548601864,751
P6,43,random_10,CD4 TCM_2,0.7567567567567567,0.7368421052631579,38
P6,43,random_10,CD4 TCM_3,0.8935756002595716,0.9589136490250696,1436
P6,43,random_10,CD4 TEM_1,0.7473309608540925,0.8267716535433071,127
P6,43,random_10,CD4 TEM_2,0.6545454545454545,0.5294117647058824,34
P6,43,random_10,CD4 TEM_3,0.8212058212058212,0.8624454148471615,458
P6,43,random_10,CD4 TEM_4,0.33333333333333337,0.2,10
P6,43,random_10,CD8 Naive,0.9830795262267343,0.9830795262267343,591
P6,43,random_10,CD8 Naive_2,0.7457627118644068,0.7096774193548387,31
P6,43,random_10,CD8 Proliferating,0.7272727272727274,0.8888888888888888,9
P6,43,random_10,CD8 TCM_1,0.7903225806451613,0.7696335078534031,191
P6,43,random_10,CD8 TCM_2,0.8640776699029127,0.8811881188118812,101
P6,43,random_10,CD8 TCM_3,0.8,0.865979381443299,97
P6,43,random_10,CD8 TEM_1,0.85995085995086,0.8454106280193237,207
P6,43,random_10,CD8 TEM_2,0.8449197860962566,0.8404255319148937,94
P6,43,random_10,CD8 TEM_3,0.6890756302521008,0.8723404255319149,47
P6,43,random_10,CD8 TEM_4,0.8858447488584476,0.8290598290598291,117
P6,43,random_10,CD8 TEM_5,0.0,0.0,4
P6,43,random_10,CD8 TEM_6,0.8,0.7142857142857143,14
P6,43,random_10,Doublet,0.6797385620915032,0.5842696629213483,89
P6,43,random_10,Eryth,0.923076923076923,1.0,6
P6,43,random_10,HSPC,0.9333333333333333,0.875,8
P6,43,random_10,ILC,0.9454545454545454,0.9629629629629629,27
P6,43,random_10,MAIT,0.9817767653758542,0.9908045977011494,435
P6,43,random_10,NK Proliferating,0.8617886178861789,0.7794117647058824,68
P6,43,random_10,NK_1,0.43032786885245905,0.29329608938547486,358
P6,43,random_10,NK_2,0.9090909090909092,0.9646464646464646,1980
P6,43,random_10,NK_3,0.6380027739251041,0.6267029972752044,367
P6,43,random_10,NK_4,0.6920415224913495,0.6644518272425249,301
P6,43,random_10,NK_CD56bright,0.9282136894824707,0.9823321554770318,283
P6,43,random_10,Plasma,0.9787234042553191,1.0,23
P6,43,random_10,Plasmablast,1.0,1.0,2
P6,43,random_10,Platelet,0.9721115537848607,0.973404255319149,376
P6,43,random_10,Treg Memory,0.8367346938775511,0.8367346938775511,49
P6,43,random_10,Treg Naive,0.625,0.5263157894736842,19
P6,43,random_10,cDC1,0.9411764705882353,0.8888888888888888,9
P6,43,random_10,cDC2_1,0.6382978723404256,0.703125,64
P6,43,random_10,cDC2_2,0.9311926605504587,0.9227272727272727,220
P6,43,random_10,dnT_1,0.0,0.0,2
P6,43,random_10,dnT_2,1.0,1.0,8
P6,43,random_10,gdT_1,0.9717514124293786,0.9608938547486033,179
P6,43,random_10,gdT_2,0.0,0.0,1
P6,43,random_10,gdT_3,0.9565217391304348,0.9428571428571428,35
P6,43,random_10,gdT_4,0.723404255319149,0.7083333333333334,24
P6,43,random_10,pDC,0.9935483870967742,1.0,77
P6,43,random_30,ASDC_mDC,1.0,1.0,5
P6,43,random_30,ASDC_pDC,1.0,1.0,4
P6,43,random_30,B intermediate kappa,0.8870967741935484,0.8333333333333334,198
P6,43,random_30,B intermediate lambda,0.8355555555555556,0.7550200803212851,249
P6,43,random_30,B memory kappa,0.9205128205128206,0.9472295514511874,379
P6,43,random_30,B memory lambda,0.9055944055944056,0.9055944055944056,286
P6,43,random_30,B naive kappa,0.9057344854673999,0.935117599351176,1233
P6,43,random_30,B naive lambda,0.8664688427299704,0.8498253783469151,859
P6,43,random_30,CD14 Mono,0.9877939328666308,0.9877939328666308,5571
P6,43,random_30,CD16 Mono,0.9587628865979382,0.96875,1056
P6,43,random_30,CD4 CTL,0.30769230769230765,0.5,4
P6,43,random_30,CD4 Naive,0.9689564068692207,0.9651315789473685,1520
P6,43,random_30,CD4 Proliferating,0.6363636363636364,0.6363636363636364,11
P6,43,random_30,CD4 TCM_1,0.717391304347826,0.6151797603195739,751
P6,43,random_30,CD4 TCM_2,0.7076923076923076,0.6052631578947368,38
P6,43,random_30,CD4 TCM_3,0.8605706874189365,0.9240947075208914,1436
P6,43,random_30,CD4 TEM_1,0.6973684210526316,0.8346456692913385,127
P6,43,random_30,CD4 TEM_2,0.6296296296296295,0.5,34
P6,43,random_30,CD4 TEM_3,0.6913849509269355,0.6921397379912664,458
P6,43,random_30,CD4 TEM_4,0.0,0.0,10
P6,43,random_30,CD8 Naive,0.9831081081081081,0.9847715736040609,591
P6,43,random_30,CD8 Naive_2,0.7142857142857142,0.6451612903225806,31
P6,43,random_30,CD8 Proliferating,0.7272727272727274,0.8888888888888888,9
P6,43,random_30,CD8 TCM_1,0.7980295566502462,0.8481675392670157,191
P6,43,random_30,CD8 TCM_2,0.8877551020408163,0.8613861386138614,101
P6,43,random_30,CD8 TCM_3,0.7134502923976608,0.6288659793814433,97
P6,43,random_30,CD8 TEM_1,0.8495145631067961,0.8454106280193237,207
P6,43,random_30,CD8 TEM_2,0.8333333333333334,0.851063829787234,94
P6,43,random_30,CD8 TEM_3,0.6495726495726495,0.8085106382978723,47
P6,43,random_30,CD8 TEM_4,0.8738738738738739,0.8290598290598291,117
P6,43,random_30,CD8 TEM_5,0.0,0.0,4
P6,43,random_30,CD8 TEM_6,0.7142857142857143,0.7142857142857143,14
P6,43,random_30,Doublet,0.582089552238806,0.43820224719101125,89
P6,43,random_30,Eryth,0.923076923076923,1.0,6
P6,43,random_30,HSPC,0.9333333333333333,0.875,8
P6,43,random_30,ILC,0.912280701754386,0.9629629629629629,27
P6,43,random_30,MAIT,0.9815668202764978,0.9793103448275862,435
P6,43,random_30,NK Proliferating,0.8709677419354839,0.7941176470588235,68
P6,43,random_30,NK_1,0.42236024844720493,0.2849162011173184,358
P6,43,random_30,NK_2,0.9088332546055738,0.9717171717171718,1980
P6,43,random_30,NK_3,0.6404494382022471,0.6212534059945504,367
P6,43,random_30,NK_4,0.6984126984126984,0.6578073089700996,301
P6,43,random_30,NK_CD56bright,0.9282136894824707,0.9823321554770318,283
P6,43,random_30,Plasma,0.9787234042553191,1.0,23
P6,43,random_30,Plasmablast,1.0,1.0,2
P6,43,random_30,Platelet,0.9731903485254693,0.9654255319148937,376
P6,43,random_30,Treg Memory,0.84,0.8571428571428571,49
P6,43,random_30,Treg Naive,0.631578947368421,0.631578947368421,19
P6,43,random_30,cDC1,1.0,1.0,9
P6,43,random_30,cDC2_1,0.6153846153846154,0.6875,64
P6,43,random_30,cDC2_2,0.9302325581395349,0.9090909090909091,220
P6,43,random_30,dnT_1,0.0,0.0,2
P6,43,random_30,dnT_2,1.0,1.0,8
P6,43,random_30,gdT_1,0.9746478873239436,0.9664804469273743,179
P6,43,random_30,gdT_2,0.33333333333333337,1.0,1
P6,43,random_30,gdT_3,0.904109589041096,0.9428571428571428,35
P6,43,random_30,gdT_4,0.723404255319149,0.7083333333333334,24
P6,43,random_30,pDC,0.9935483870967742,1.0,77
P6,43,random_50,ASDC_mDC,1.0,1.0,5
P6,43,random_50,ASDC_pDC,1.0,1.0,4
P6,43,random_50,B intermediate kappa,0.8679245283018868,0.8131313131313131,198
P6,43,random_50,B intermediate lambda,0.8179775280898877,0.7309236947791165,249
P6,43,random_50,B memory kappa,0.9135483870967742,0.9340369393139841,379
P6,43,random_50,B memory lambda,0.9084507042253521,0.9020979020979021,286
P6,43,random_50,B naive kappa,0.9042386185243327,0.9343065693430657,1233
P6,43,random_50,B naive lambda,0.8574793875147232,0.8474970896391153,859
P6,43,random_50,CD14 Mono,0.9872439813151276,0.9863579249685873,5571
P6,43,random_50,CD16 Mono,0.9560747663551403,0.96875,1056
P6,43,random_50,CD4 CTL,0.4444444444444445,0.5,4
P6,43,random_50,CD4 Naive,0.9715420251489081,0.9657894736842105,1520
P6,43,random_50,CD4 Proliferating,0.6363636363636364,0.6363636363636364,11
P6,43,random_50,CD4 TCM_1,0.717948717948718,0.6151797603195739,751
P6,43,random_50,CD4 TCM_2,0.7352941176470588,0.6578947368421053,38
P6,43,random_50,CD4 TCM_3,0.8920491273432449,0.9610027855153204,1436
P6,43,random_50,CD4 TEM_1,0.7430830039525692,0.7401574803149606,127
P6,43,random_50,CD4 TEM_2,0.48888888888888893,0.3235294117647059,34
P6,43,random_50,CD4 TEM_3,0.8132094943240453,0.8602620087336245,458
P6,43,random_50,CD4 TEM_4,0.0,0.0,10
P6,43,random_50,CD8 Naive,0.9805249788314988,0.9796954314720813,591
P6,43,random_50,CD8 Naive_2,0.7333333333333333,0.7096774193548387,31
P6,43,random_50,CD8 Proliferating,0.761904761904762,0.8888888888888888,9
P6,43,random_50,CD8 TCM_1,0.7719298245614036,0.806282722513089,191
P6,43,random_50,CD8 TCM_2,0.8378378378378378,0.9207920792079208,101
P6,43,random_50,CD8 TCM_3,0.6629213483146067,0.6082474226804123,97
P6,43,random_50,CD8 TEM_1,0.8391959798994976,0.8067632850241546,207
P6,43,random_50,CD8 TEM_2,0.7772020725388601,0.7978723404255319,94
P6,43,random_50,CD8 TEM_3,0.672566371681416,0.8085106382978723,47
P6,43,random_50,CD8 TEM_4,0.8789237668161435,0.8376068376068376,117
P6,43,random_50,CD8 TEM_5,0.0,0.0,4
P6,43,random_50,CD8 TEM_6,0.6153846153846153,0.5714285714285714,14
P6,43,random_50,Doublet,0.5735294117647058,0.43820224719101125,89
P6,43,random_50,Eryth,0.923076923076923,1.0,6
P6,43,random_50,HSPC,0.9333333333333333,0.875,8
P6,43,random_50,ILC,0.8666666666666665,0.9629629629629629,27
P6,43,random_50,MAIT,0.9794050343249429,0.9839080459770115,435
P6,43,random_50,NK Proliferating,0.859375,0.8088235294117647,68
P6,43,random_50,NK_1,0.48339483394833943,0.3659217877094972,358
P6,43,random_50,NK_2,0.9069767441860465,0.9454545454545454,1980
P6,43,random_50,NK_3,0.593607305936073,0.5313351498637602,367
P6,43,random_50,NK_4,0.6469673405909797,0.6910299003322259,301
P6,43,random_50,NK_CD56bright,0.910891089108911,0.9752650176678446,283
P6,43,random_50,Plasma,0.9787234042553191,1.0,23
P6,43,random_50,Plasmablast,1.0,1.0,2
P6,43,random_50,Platelet,0.9731182795698924,0.9627659574468085,376
P6,43,random_50,Treg Memory,0.8514851485148514,0.8775510204081632,49
P6,43,random_50,Treg Naive,0.6486486486486486,0.631578947368421,19
P6,43,random_50,cDC1,0.9411764705882353,0.8888888888888888,9
P6,43,random_50,cDC2_1,0.6571428571428571,0.71875,64
P6,43,random_50,cDC2_2,0.9433106575963718,0.9454545454545454,220
P6,43,random_50,dnT_1,0.0,0.0,2
P6,43,random_50,dnT_2,1.0,1.0,8
P6,43,random_50,gdT_1,0.9661016949152543,0.9553072625698324,179
P6,43,random_50,gdT_2,0.0,0.0,1
P6,43,random_50,gdT_3,0.8823529411764706,0.8571428571428571,35
P6,43,random_50,gdT_4,0.64,0.6666666666666666,24
P6,43,random_50,pDC,0.9935483870967742,1.0,77
P6,43,random_70,ASDC_mDC,1.0,1.0,5
P6,43,random_70,ASDC_pDC,0.8571428571428571,0.75,4
P6,43,random_70,B intermediate kappa,0.8797814207650273,0.8131313131313131,198
P6,43,random_70,B intermediate lambda,0.8119266055045871,0.7108433734939759,249
P6,43,random_70,B memory kappa,0.9205128205128206,0.9472295514511874,379
P6,43,random_70,B memory lambda,0.9015544041450778,0.9125874125874126,286
P6,43,random_70,B naive kappa,0.9061514195583595,0.9318734793187348,1233
P6,43,random_70,B naive lambda,0.8643570170287729,0.8568102444703143,859
P6,43,random_70,CD14 Mono,0.9875526103698398,0.9897684437264405,5571
P6,43,random_70,CD16 Mono,0.957426679280984,0.9583333333333334,1056
P6,43,random_70,CD4 CTL,0.22222222222222224,0.25,4
P6,43,random_70,CD4 Naive,0.9686157912124215,0.9644736842105263,1520
P6,43,random_70,CD4 Proliferating,0.6363636363636364,0.6363636363636364,11
P6,43,random_70,CD4 TCM_1,0.7315589353612167,0.640479360852197,751
P6,43,random_70,CD4 TCM_2,0.742857142857143,0.6842105263157895,38
P6,43,random_70,CD4 TCM_3,0.8667100130039012,0.9282729805013927,1436
P6,43,random_70,CD4 TEM_1,0.7185185185185186,0.7637795275590551,127
P6,43,random_70,CD4 TEM_2,0.5217391304347826,0.35294117647058826,34
P6,43,random_70,CD4 TEM_3,0.7130620985010706,0.7270742358078602,458
P6,43,random_70,CD4 TEM_4,0.18181818181818182,0.1,10
P6,43,random_70,CD8 Naive,0.9796610169491526,0.9780033840947546,591
P6,43,random_70,CD8 Naive_2,0.7540983606557377,0.7419354838709677,31
P6,43,random_70,CD8 Proliferating,0.761904761904762,0.8888888888888888,9
P6,43,random_70,CD8 TCM_1,0.8009708737864077,0.8638743455497382,191
P6,43,random_70,CD8 TCM_2,0.8476190476190476,0.8811881188118812,101
P6,43,random_70,CD8 TCM_3,0.7752808988764046,0.711340206185567,97
P6,43,random_70,CD8 TEM_1,0.8402948402948403,0.8260869565217391,207
P6,43,random_70,CD8 TEM_2,0.7999999999999999,0.8085106382978723,94
P6,43,random_70,CD8 TEM_3,0.5825242718446602,0.6382978723404256,47
P6,43,random_70,CD8 TEM_4,0.8711111111111111,0.8376068376068376,117
P6,43,random_70,CD8 TEM_5,0.0,0.0,4
P6,43,random_70,CD8 TEM_6,0.7407407407407408,0.7142857142857143,14
P6,43,random_70,Doublet,0.5925925925925926,0.449438202247191,89
P6,43,random_70,Eryth,0.923076923076923,1.0,6
P6,43,random_70,HSPC,0.9333333333333333,0.875,8
P6,43,random_70,ILC,0.912280701754386,0.9629629629629629,27
P6,43,random_70,MAIT,0.9781357882623707,0.9770114942528736,435
P6,43,random_70,NK Proliferating,0.9047619047619048,0.8382352941176471,68
P6,43,random_70,NK_1,0.46564885496183206,0.3407821229050279,358
P6,43,random_70,NK_2,0.9101505585235552,0.9464646464646465,1980
P6,43,random_70,NK_3,0.6201550387596899,0.6539509536784741,367
P6,43,random_70,NK_4,0.6825938566552902,0.6644518272425249,301
P6,43,random_70,NK_CD56bright,0.9378151260504202,0.9858657243816255,283
P6,43,random_70,Plasma,0.9787234042553191,1.0,23
P6,43,random_70,Plasmablast,1.0,1.0,2
P6,43,random_70,Platelet,0.9743589743589743,0.9601063829787234,376
P6,43,random_70,Treg Memory,0.8484848484848485,0.8571428571428571,49
P6,43,random_70,Treg Naive,0.6153846153846154,0.631578947368421,19
P6,43,random_70,cDC1,0.9411764705882353,0.8888888888888888,9
P6,43,random_70,cDC2_1,0.6285714285714286,0.6875,64
P6,43,random_70,cDC2_2,0.9330254041570438,0.9181818181818182,220
P6,43,random_70,dnT_1,0.0,0.0,2
P6,43,random_70,dnT_2,1.0,1.0,8
P6,43,random_70,gdT_1,0.9325513196480938,0.888268156424581,179
P6,43,random_70,gdT_2,0.1,1.0,1
P6,43,random_70,gdT_3,0.9428571428571428,0.9428571428571428,35
P6,43,random_70,gdT_4,0.6808510638297872,0.6666666666666666,24
P6,43,random_70,pDC,0.9871794871794872,1.0,77
P6,43,marker_memory,ASDC_mDC,1.0,1.0,5
P6,43,marker_memory,ASDC_pDC,1.0,1.0,4
P6,43,marker_memory,B intermediate kappa,0.883468834688347,0.8232323232323232,198
P6,43,marker_memory,B intermediate lambda,0.8322147651006712,0.7469879518072289,249
P6,43,marker_memory,B memory kappa,0.9182879377431906,0.9340369393139841,379
P6,43,marker_memory,B memory lambda,0.9094076655052266,0.9125874125874126,286
P6,43,marker_memory,B naive kappa,0.9047432379459037,0.9359286293592863,1233
P6,43,marker_memory,B naive lambda,0.8630460448642266,0.8509895227008148,859
P6,43,marker_memory,CD14 Mono,0.9894831460674157,0.9879734338538863,5571
P6,43,marker_memory,CD16 Mono,0.9594721960414703,0.9640151515151515,1056
P6,43,marker_memory,CD4 CTL,0.25,0.25,4
P6,43,marker_memory,CD4 Naive,0.9697975439761036,0.9611842105263158,1520
P6,43,marker_memory,CD4 Proliferating,0.6363636363636364,0.6363636363636364,11
P6,43,marker_memory,CD4 TCM_1,0.7026604068857589,0.5978695073235686,751
P6,43,marker_memory,CD4 TCM_2,0.7142857142857143,0.6578947368421053,38
P6,43,marker_memory,CD4 TCM_3,0.8897510507597801,0.958217270194986,1436
P6,43,marker_memory,CD4 TEM_1,0.7686567164179104,0.8110236220472441,127
P6,43,marker_memory,CD4 TEM_2,0.5833333333333334,0.4117647058823529,34
P6,43,marker_memory,CD4 TEM_3,0.8180883864337103,0.868995633187773,458
P6,43,marker_memory,CD4 TEM_4,0.18181818181818182,0.1,10
P6,43,marker_memory,CD8 Naive,0.9813874788494078,0.9813874788494078,591
P6,43,marker_memory,CD8 Naive_2,0.7457627118644068,0.7096774193548387,31
P6,43,marker_memory,CD8 Proliferating,0.761904761904762,0.8888888888888888,9
P6,43,marker_memory,CD8 TCM_1,0.7989417989417991,0.7905759162303665,191
P6,43,marker_memory,CD8 TCM_2,0.8720379146919431,0.9108910891089109,101
P6,43,marker_memory,CD8 TCM_3,0.8019323671497585,0.8556701030927835,97
P6,43,marker_memory,CD8 TEM_1,0.8418491484184915,0.8357487922705314,207
P6,43,marker_memory,CD8 TEM_2,0.823529411764706,0.8191489361702128,94
P6,43,marker_memory,CD8 TEM_3,0.6785714285714286,0.8085106382978723,47
P6,43,marker_memory,CD8 TEM_4,0.8818181818181818,0.8290598290598291,117
P6,43,marker_memory,CD8 TEM_5,0.0,0.0,4
P6,43,marker_memory,CD8 TEM_6,0.75,0.6428571428571429,14
P6,43,marker_memory,Doublet,0.7133757961783439,0.6292134831460674,89
P6,43,marker_memory,Eryth,0.923076923076923,1.0,6
P6,43,marker_memory,HSPC,0.9333333333333333,0.875,8
P6,43,marker_memory,ILC,0.9454545454545454,0.9629629629629629,27
P6,43,marker_memory,MAIT,0.9839816933638444,0.9885057471264368,435
P6,43,marker_memory,NK Proliferating,0.8617886178861789,0.7794117647058824,68
P6,43,marker_memory,NK_1,0.48031496062992124,0.3407821229050279,358
P6,43,marker_memory,NK_2,0.912137898012928,0.9621212121212122,1980
P6,43,marker_memory,NK_3,0.6361031518624642,0.6049046321525886,367
P6,43,marker_memory,NK_4,0.6655348047538201,0.6511627906976745,301
P6,43,marker_memory,NK_CD56bright,0.9046849757673667,0.9893992932862191,283
P6,43,marker_memory,Plasma,0.9787234042553191,1.0,23
P6,43,marker_memory,Plasmablast,1.0,1.0,2
P6,43,marker_memory,Platelet,0.9721115537848607,0.973404255319149,376
P6,43,marker_memory,Treg Memory,0.8571428571428571,0.8571428571428571,49
P6,43,marker_memory,Treg Naive,0.6486486486486486,0.631578947368421,19
P6,43,marker_memory,cDC1,1.0,1.0,9
P6,43,marker_memory,cDC2_1,0.6433566433566433,0.71875,64
P6,43,marker_memory,cDC2_2,0.9330254041570438,0.9181818181818182,220
P6,43,marker_memory,dnT_1,0.0,0.0,2
P6,43,marker_memory,dnT_2,1.0,1.0,8
P6,43,marker_memory,gdT_1,0.9715909090909092,0.9553072625698324,179
P6,43,marker_memory,gdT_2,0.0,0.0,1
P6,43,marker_memory,gdT_3,0.9428571428571428,0.9428571428571428,35
P6,43,marker_memory,gdT_4,0.7843137254901961,0.8333333333333334,24
P6,43,marker_memory,pDC,0.9935483870967742,1.0,77
P6,43,marker_tcell,ASDC_mDC,1.0,1.0,5
P6,43,marker_tcell,ASDC_pDC,1.0,1.0,4
P6,43,marker_tcell,B intermediate kappa,0.8900804289544235,0.8383838383838383,198
P6,43,marker_tcell,B intermediate lambda,0.8109339407744874,0.714859437751004,249
P6,43,marker_tcell,B memory kappa,0.9178617992177314,0.9287598944591029,379
P6,43,marker_tcell,B memory lambda,0.9055944055944056,0.9055944055944056,286
P6,43,marker_tcell,B naive kappa,0.9039812646370023,0.9391727493917275,1233
P6,43,marker_tcell,B naive lambda,0.858830478440638,0.8463329452852154,859
P6,43,marker_tcell,CD14 Mono,0.989581462187893,0.9888709387901633,5571
P6,43,marker_tcell,CD16 Mono,0.9603773584905659,0.9640151515151515,1056
P6,43,marker_tcell,CD4 CTL,0.3333333333333333,0.5,4
P6,43,marker_tcell,CD4 Naive,0.9655172413793105,0.9486842105263158,1520
P6,43,marker_tcell,CD4 Proliferating,0.6956521739130435,0.7272727272727273,11
P6,43,marker_tcell,CD4 TCM_1,0.6812842599843383,0.5792276964047937,751
P6,43,marker_tcell,CD4 TCM_2,0.7123287671232877,0.6842105263157895,38
P6,43,marker_tcell,CD4 TCM_3,0.884517766497462,0.9707520891364902,1436
P6,43,marker_tcell,CD4 TEM_1,0.7499999999999999,0.7795275590551181,127
P6,43,marker_tcell,CD4 TEM_2,0.5531914893617021,0.38235294117647056,34
P6,43,marker_tcell,CD4 TEM_3,0.8042553191489363,0.8253275109170306,458
P6,43,marker_tcell,CD4 TEM_4,0.18181818181818182,0.1,10
P6,43,marker_tcell,CD8 Naive,0.9830795262267343,0.9830795262267343,591
P6,43,marker_tcell,CD8 Naive_2,0.7666666666666667,0.7419354838709677,31
P6,43,marker_tcell,CD8 Proliferating,0.7999999999999999,0.8888888888888888,9
P6,43,marker_tcell,CD8 TCM_1,0.779291553133515,0.7486910994764397,191
P6,43,marker_tcell,CD8 TCM_2,0.8396226415094339,0.8811881188118812,101
P6,43,marker_tcell,CD8 TCM_3,0.7741935483870968,0.865979381443299,97
P6,43,marker_tcell,CD8 TEM_1,0.8463476070528966,0.8115942028985508,207
P6,43,marker_tcell,CD8 TEM_2,0.8082901554404145,0.8297872340425532,94
P6,43,marker_tcell,CD8 TEM_3,0.6324786324786325,0.7872340425531915,47
P6,43,marker_tcell,CD8 TEM_4,0.8868778280542987,0.8376068376068376,117
P6,43,marker_tcell,CD8 TEM_5,0.0,0.0,4
P6,43,marker_tcell,CD8 TEM_6,0.64,0.5714285714285714,14
P6,43,marker_tcell,Doublet,0.7012987012987013,0.6067415730337079,89
P6,43,marker_tcell,Eryth,0.923076923076923,1.0,6
P6,43,marker_tcell,HSPC,0.9333333333333333,0.875,8
P6,43,marker_tcell,ILC,0.9454545454545454,0.9629629629629629,27
P6,43,marker_tcell,MAIT,0.955357142857143,0.9839080459770115,435
P6,43,marker_tcell,NK Proliferating,0.8527131782945736,0.8088235294117647,68
P6,43,marker_tcell,NK_1,0.4353182751540041,0.29608938547486036,358
P6,43,marker_tcell,NK_2,0.9081389814374108,0.9636363636363636,1980
P6,43,marker_tcell,NK_3,0.6106194690265487,0.5640326975476839,367
P6,43,marker_tcell,NK_4,0.6577629382303839,0.654485049833887,301
P6,43,marker_tcell,NK_CD56bright,0.9123376623376622,0.9929328621908127,283
P6,43,marker_tcell,Plasma,0.9787234042553191,1.0,23
P6,43,marker_tcell,Plasmablast,1.0,1.0,2
P6,43,marker_tcell,Platelet,0.9695364238410595,0.973404255319149,376
P6,43,marker_tcell,Treg Memory,0.84,0.8571428571428571,49
P6,43,marker_tcell,Treg Naive,0.6666666666666667,0.631578947368421,19
P6,43,marker_tcell,cDC1,0.9411764705882353,0.8888888888888888,9
P6,43,marker_tcell,cDC2_1,0.6428571428571428,0.703125,64
P6,43,marker_tcell,cDC2_2,0.9311926605504587,0.9227272727272727,220
P6,43,marker_tcell,dnT_1,0.0,0.0,2
P6,43,marker_tcell,dnT_2,1.0,1.0,8
P6,43,marker_tcell,gdT_1,0.8498402555910544,0.7430167597765364,179
P6,43,marker_tcell,gdT_2,0.0,0.0,1
P6,43,marker_tcell,gdT_3,0.8529411764705883,0.8285714285714286,35
P6,43,marker_tcell,gdT_4,0.679245283018868,0.75,24
P6,43,marker_tcell,pDC,0.9935483870967742,1.0,77
P6,43,rna_only,ASDC_mDC,1.0,1.0,5
P6,43,rna_only,ASDC_pDC,0.8571428571428571,0.75,4
P6,43,rna_only,B intermediate kappa,0.8823529411764706,0.8333333333333334,198
P6,43,rna_only,B intermediate lambda,0.8366890380313199,0.751004016064257,249
P6,43,rna_only,B memory kappa,0.9142125480153649,0.941952506596306,379
P6,43,rna_only,B memory lambda,0.9042553191489361,0.8916083916083916,286
P6,43,rna_only,B naive kappa,0.9033255993812839,0.9472830494728305,1233
P6,43,rna_only,B naive lambda,0.8545454545454546,0.8207217694994179,859
P6,43,rna_only,CD14 Mono,0.9873258426966292,0.985819422006821,5571
P6,43,rna_only,CD16 Mono,0.9547363509099392,0.96875,1056
P6,43,rna_only,CD4 CTL,0.22222222222222224,0.25,4
P6,43,rna_only,CD4 Naive,0.9640479360852198,0.9526315789473684,1520
P6,43,rna_only,CD4 Proliferating,0.6086956521739131,0.6363636363636364,11
P6,43,rna_only,CD4 TCM_1,0.6965250965250965,0.6005326231691078,751
P6,43,rna_only,CD4 TCM_2,0.7222222222222222,0.6842105263157895,38
P6,43,rna_only,CD4 TCM_3,0.8574193548387097,0.9254874651810585,1436
P6,43,rna_only,CD4 TEM_1,0.6857142857142857,0.7559055118110236,127
P6,43,rna_only,CD4 TEM_2,0.4444444444444445,0.29411764705882354,34
P6,43,rna_only,CD4 TEM_3,0.7007454739084132,0.7183406113537117,458
P6,43,rna_only,CD4 TEM_4,0.0,0.0,10
P6,43,rna_only,CD8 Naive,0.9822485207100592,0.9830795262267343,591
P6,43,rna_only,CD8 Naive_2,0.7500000000000001,0.7741935483870968,31
P6,43,rna_only,CD8 Proliferating,0.7000000000000001,0.7777777777777778,9
P6,43,rna_only,CD8 TCM_1,0.6994818652849741,0.7068062827225131,191
P6,43,rna_only,CD8 TCM_2,0.7922705314009663,0.8118811881188119,101
P6,43,rna_only,CD8 TCM_3,0.6403940886699508,0.6701030927835051,97
P6,43,rna_only,CD8 TEM_1,0.7970660146699265,0.7874396135265701,207
P6,43,rna_only,CD8 TEM_2,0.7634408602150538,0.7553191489361702,94
P6,43,rna_only,CD8 TEM_3,0.5546218487394958,0.7021276595744681,47
P6,43,rna_only,CD8 TEM_4,0.8636363636363636,0.811965811965812,117
P6,43,rna_only,CD8 TEM_5,0.0,0.0,4
P6,43,rna_only,CD8 TEM_6,0.6153846153846153,0.5714285714285714,14
P6,43,rna_only,Doublet,0.5390070921985815,0.42696629213483145,89
P6,43,rna_only,Eryth,0.923076923076923,1.0,6
P6,43,rna_only,HSPC,0.9333333333333333,0.875,8
P6,43,rna_only,ILC,0.9454545454545454,0.9629629629629629,27
P6,43,rna_only,MAIT,0.9646522234891676,0.9724137931034482,435
P6,43,rna_only,NK Proliferating,0.9007633587786259,0.8676470588235294,68
P6,43,rna_only,NK_1,0.3624733475479744,0.23743016759776536,358
P6,43,rna_only,NK_2,0.9030563514804202,0.955050505050505,1980
P6,43,rna_only,NK_3,0.5748148148148149,0.5286103542234333,367
P6,43,rna_only,NK_4,0.629746835443038,0.6611295681063123,301
P6,43,rna_only,NK_CD56bright,0.9093851132686084,0.9929328621908127,283
P6,43,rna_only,Plasma,0.9787234042553191,1.0,23
P6,43,rna_only,Plasmablast,1.0,1.0,2
P6,43,rna_only,Platelet,0.9731903485254693,0.9654255319148937,376
P6,43,rna_only,Treg Memory,0.7916666666666665,0.7755102040816326,49
P6,43,rna_only,Treg Naive,0.5,0.5263157894736842,19
P6,43,rna_only,cDC1,0.9411764705882353,0.8888888888888888,9
P6,43,rna_only,cDC2_1,0.6478873239436619,0.71875,64
P6,43,rna_only,cDC2_2,0.9357798165137615,0.9272727272727272,220
P6,43,rna_only,dnT_1,0.0,0.0,2
P6,43,rna_only,dnT_2,1.0,1.0,8
P6,43,rna_only,gdT_1,0.935672514619883,0.8938547486033519,179
P6,43,rna_only,gdT_2,0.0,0.0,1
P6,43,rna_only,gdT_3,0.8732394366197184,0.8857142857142857,35
P6,43,rna_only,gdT_4,0.6,0.625,24
P6,43,rna_only,pDC,0.9871794871794872,1.0,77
P6,43,random_size_matched_6,ASDC_mDC,1.0,1.0,5
P6,43,random_size_matched_6,ASDC_pDC,1.0,1.0,4
P6,43,random_size_matched_6,B intermediate kappa,0.8763440860215053,0.8232323232323232,198
P6,43,random_size_matched_6,B intermediate lambda,0.8235294117647058,0.7309236947791165,249
P6,43,random_size_matched_6,B memory kappa,0.9198966408268734,0.9393139841688655,379
P6,43,random_size_matched_6,B memory lambda,0.9075043630017452,0.9090909090909091,286
P6,43,random_size_matched_6,B naive kappa,0.9043683589138135,0.9318734793187348,1233
P6,43,random_size_matched_6,B naive lambda,0.8615023474178404,0.8544819557625145,859
P6,43,random_size_matched_6,CD14 Mono,0.9891333632689717,0.9885119368156525,5571
P6,43,random_size_matched_6,CD16 Mono,0.9604147031102733,0.9649621212121212,1056
P6,43,random_size_matched_6,CD4 CTL,0.4444444444444445,0.5,4
P6,43,random_size_matched_6,CD4 Naive,0.9701195219123505,0.9611842105263158,1520
P6,43,random_size_matched_6,CD4 Proliferating,0.6363636363636364,0.6363636363636364,11
P6,43,random_size_matched_6,CD4 TCM_1,0.7088212334113974,0.6045272969374168,751
P6,43,random_size_matched_6,CD4 TCM_2,0.7499999999999999,0.7105263157894737,38
P6,43,random_size_matched_6,CD4 TCM_3,0.8949742268041238,0.9672701949860725,1436
P6,43,random_size_matched_6,CD4 TEM_1,0.7698113207547168,0.8031496062992126,127
P6,43,random_size_matched_6,CD4 TEM_2,0.679245283018868,0.5294117647058824,34
P6,43,random_size_matched_6,CD4 TEM_3,0.8150470219435736,0.851528384279476,458
P6,43,random_size_matched_6,CD4 TEM_4,0.18181818181818182,0.1,10
P6,43,random_size_matched_6,CD8 Naive,0.9847972972972973,0.9864636209813875,591
P6,43,random_size_matched_6,CD8 Naive_2,0.7457627118644068,0.7096774193548387,31
P6,43,random_size_matched_6,CD8 Proliferating,0.7272727272727274,0.8888888888888888,9
P6,43,random_size_matched_6,CD8 TCM_1,0.8074866310160428,0.7905759162303665,191
P6,43,random_size_matched_6,CD8 TCM_2,0.8761904761904762,0.9108910891089109,101
P6,43,random_size_matched_6,CD8 TCM_3,0.7846889952153109,0.845360824742268,97
P6,43,random_size_matched_6,CD8 TEM_1,0.854320987654321,0.8357487922705314,207
P6,43,random_size_matched_6,CD8 TEM_2,0.8510638297872339,0.851063829787234,94
P6,43,random_size_matched_6,CD8 TEM_3,0.672566371681416,0.8085106382978723,47
P6,43,random_size_matched_6,CD8 TEM_4,0.8959276018099548,0.8461538461538461,117
P6,43,random_size_matched_6,CD8 TEM_5,0.0,0.0,4
P6,43,random_size_matched_6,CD8 TEM_6,0.8,0.7142857142857143,14
P6,43,random_size_matched_6,Doublet,0.6845637583892618,0.5730337078651685,89
P6,43,random_size_matched_6,Eryth,0.923076923076923,1.0,6
P6,43,random_size_matched_6,HSPC,0.9333333333333333,0.875,8
P6,43,random_size_matched_6,ILC,0.9454545454545454,0.9629629629629629,27
P6,43,random_size_matched_6,MAIT,0.9794520547945206,0.9862068965517241,435
P6,43,random_size_matched_6,NK Proliferating,0.873015873015873,0.8088235294117647,68
P6,43,random_size_matched_6,NK_1,0.4844961240310077,0.34916201117318435,358
P6,43,random_size_matched_6,NK_2,0.9117436020090887,0.9626262626262626,1980
P6,43,random_size_matched_6,NK_3,0.6448979591836734,0.6457765667574932,367
P6,43,random_size_matched_6,NK_4,0.671559633027523,0.6079734219269103,301
P6,43,random_size_matched_6,NK_CD56bright,0.916256157635468,0.9858657243816255,283
P6,43,random_size_matched_6,Plasma,0.9787234042553191,1.0,23
P6,43,random_size_matched_6,Plasmablast,1.0,1.0,2
P6,43,random_size_matched_6,Platelet,0.9682539682539683,0.973404255319149,376
P6,43,random_size_matched_6,Treg Memory,0.8686868686868686,0.8775510204081632,49
P6,43,random_size_matched_6,Treg Naive,0.6285714285714286,0.5789473684210527,19
P6,43,random_size_matched_6,cDC1,1.0,1.0,9
P6,43,random_size_matched_6,cDC2_1,0.6285714285714286,0.6875,64
P6,43,random_size_matched_6,cDC2_2,0.9333333333333333,0.9227272727272727,220
P6,43,random_size_matched_6,dnT_1,0.6666666666666666,0.5,2
P6,43,random_size_matched_6,dnT_2,0.9333333333333333,0.875,8
P6,43,random_size_matched_6,gdT_1,0.9686609686609686,0.9497206703910615,179
P6,43,random_size_matched_6,gdT_2,0.0,0.0,1
P6,43,random_size_matched_6,gdT_3,0.9428571428571428,0.9428571428571428,35
P6,43,random_size_matched_6,gdT_4,0.75,0.75,24
P6,43,random_size_matched_6,pDC,0.9935483870967742,1.0,77
P6,43,random_size_matched_15,ASDC_mDC,1.0,1.0,5
P6,43,random_size_matched_15,ASDC_pDC,1.0,1.0,4
P6,43,random_size_matched_15,B intermediate kappa,0.8780487804878049,0.8181818181818182,198
P6,43,random_size_matched_15,B intermediate lambda,0.8154897494305238,0.7188755020080321,249
P6,43,random_size_matched_15,B memory kappa,0.9170984455958547,0.9340369393139841,379
P6,43,random_size_matched_15,B memory lambda,0.9078260869565218,0.9125874125874126,286
P6,43,random_size_matched_15,B naive kappa,0.9040880503144654,0.9326845093268451,1233
P6,43,random_size_matched_15,B naive lambda,0.8599882835383713,0.8544819557625145,859
P6,43,random_size_matched_15,CD14 Mono,0.9890327220424309,0.9874349308921199,5571
P6,43,random_size_matched_15,CD16 Mono,0.9591740966682308,0.9678030303030303,1056
P6,43,random_size_matched_15,CD4 CTL,0.4,0.5,4
P6,43,random_size_matched_15,CD4 Naive,0.9694757796947578,0.9611842105263158,1520
P6,43,random_size_matched_15,CD4 Proliferating,0.6363636363636364,0.6363636363636364,11
P6,43,random_size_matched_15,CD4 TCM_1,0.7007069913589944,0.5938748335552596,751
P6,43,random_size_matched_15,CD4 TCM_2,0.7499999999999999,0.7105263157894737,38
P6,43,random_size_matched_15,CD4 TCM_3,0.8916827852998065,0.963091922005571,1436
P6,43,random_size_matched_15,CD4 TEM_1,0.7761194029850746,0.8188976377952756,127
P6,43,random_size_matched_15,CD4 TEM_2,0.6545454545454545,0.5294117647058824,34
P6,43,random_size_matched_15,CD4 TEM_3,0.81789802289282,0.8580786026200873,458
P6,43,random_size_matched_15,CD4 TEM_4,0.18181818181818182,0.1,10
P6,43,random_size_matched_15,CD8 Naive,0.9796954314720813,0.9796954314720813,591
P6,43,random_size_matched_15,CD8 Naive_2,0.7457627118644068,0.7096774193548387,31
P6,43,random_size_matched_15,CD8 Proliferating,0.7272727272727274,0.8888888888888888,9
P6,43,random_size_matched_15,CD8 TCM_1,0.7958115183246073,0.7958115183246073,191
P6,43,random_size_matched_15,CD8 TCM_2,0.8666666666666667,0.900990099009901,101
P6,43,random_size_matched_15,CD8 TCM_3,0.7962085308056871,0.865979381443299,97
P6,43,random_size_matched_15,CD8 TEM_1,0.8535980148883374,0.8309178743961353,207
P6,43,random_size_matched_15,CD8 TEM_2,0.8617021276595744,0.8617021276595744,94
P6,43,random_size_matched_15,CD8 TEM_3,0.6226415094339622,0.7021276595744681,47
P6,43,random_size_matched_15,CD8 TEM_4,0.9009009009009009,0.8547008547008547,117
P6,43,random_size_matched_15,CD8 TEM_5,0.0,0.0,4
P6,43,random_size_matched_15,CD8 TEM_6,0.8,0.7142857142857143,14
P6,43,random_size_matched_15,Doublet,0.6845637583892618,0.5730337078651685,89
P6,43,random_size_matched_15,Eryth,0.923076923076923,1.0,6
P6,43,random_size_matched_15,HSPC,0.9333333333333333,0.875,8
P6,43,random_size_matched_15,ILC,0.9454545454545454,0.9629629629629629,27
P6,43,random_size_matched_15,MAIT,0.9772209567198177,0.9862068965517241,435
P6,43,random_size_matched_15,NK Proliferating,0.8709677419354839,0.7941176470588235,68
P6,43,random_size_matched_15,NK_1,0.4661354581673307,0.3268156424581006,358
P6,43,random_size_matched_15,NK_2,0.909959398137091,0.9621212121212122,1980
P6,43,random_size_matched_15,NK_3,0.6404494382022471,0.6212534059945504,367
P6,43,random_size_matched_15,NK_4,0.6863084922010398,0.6578073089700996,301
P6,43,random_size_matched_15,NK_CD56bright,0.9153094462540716,0.9929328621908127,283
P6,43,random_size_matched_15,Plasma,0.9787234042553191,1.0,23
P6,43,random_size_matched_15,Plasmablast,1.0,1.0,2
P6,43,random_size_matched_15,Platelet,0.9708222811671088,0.973404255319149,376
P6,43,random_size_matched_15,Treg Memory,0.8686868686868686,0.8775510204081632,49
P6,43,random_size_matched_15,Treg Naive,0.6666666666666667,0.631578947368421,19
P6,43,random_size_matched_15,cDC1,1.0,1.0,9
P6,43,random_size_matched_15,cDC2_1,0.6428571428571428,0.703125,64
P6,43,random_size_matched_15,cDC2_2,0.9357798165137615,0.9272727272727272,220
P6,43,random_size_matched_15,dnT_1,0.0,0.0,2
P6,43,random_size_matched_15,dnT_2,1.0,1.0,8
P6,43,random_size_matched_15,gdT_1,0.9501466275659824,0.9050279329608939,179
P6,43,random_size_matched_15,gdT_2,0.0,0.0,1
P6,43,random_size_matched_15,gdT_3,0.9428571428571428,0.9428571428571428,35
P6,43,random_size_matched_15,gdT_4,0.7755102040816326,0.7916666666666666,24
P6,43,random_size_matched_15,pDC,0.9935483870967742,1.0,77
P7,41,full,ASDC_mDC,0.8148148148148148,0.9166666666666666,12
P7,41,full,ASDC_pDC,0.6666666666666666,0.5,10
P7,41,full,B intermediate kappa,0.8067542213883677,0.849802371541502,253
P7,41,full,B intermediate lambda,0.8603773584905661,0.8260869565217391,414
P7,41,full,B memory kappa,0.917269076305221,0.9034810126582279,632
P7,41,full,B memory lambda,0.8771929824561403,0.9283819628647215,377
P7,41,full,B naive kappa,0.9050728277247614,0.8894373149062191,1013
P7,41,full,B naive lambda,0.8671023965141613,0.8779411764705882,680
P7,41,full,CD14 Mono,0.9871552931149935,0.9783999034632557,8287
P7,41,full,CD16 Mono,0.9430809399477807,0.9933993399339934,909
P7,41,full,CD4 CTL,0.9774288518155053,0.9688715953307393,514
P7,41,full,CD4 Naive,0.9744629104175111,0.9848422777550184,2441
P7,41,full,CD4 Proliferating,0.7428571428571429,0.5909090909090909,22
P7,41,full,CD4 TCM_1,0.8421052631578947,0.8335035750766088,979
P7,41,full,CD4 TCM_2,0.7447698744769875,0.7063492063492064,126
P7,41,full,CD4 TCM_3,0.8641390205371249,0.8865478119935171,617
P7,41,full,CD4 TEM_1,0.7538461538461538,0.6805555555555556,144
P7,41,full,CD4 TEM_2,0.5714285714285714,0.52,50
P7,41,full,CD4 TEM_3,0.7765567765567765,0.7969924812030075,266
P7,41,full,CD4 TEM_4,0.23529411764705882,0.13333333333333333,30
P7,41,full,CD8 Naive,0.9748615253515126,0.9862068965517241,1160
P7,41,full,CD8 Naive_2,0.6857142857142857,0.6956521739130435,69
P7,41,full,CD8 Proliferating,0.42857142857142855,0.2857142857142857,21
P7,41,full,CD8 TCM_1,0.6524064171122996,0.7349397590361446,83
P7,41,full,CD8 TCM_2,0.8176795580110496,0.7789473684210526,95
P7,41,full,CD8 TCM_3,0.7710843373493975,0.6530612244897959,49
P7,41,full,CD8 TEM_1,0.83596214511041,0.7571428571428571,350
P7,41,full,CD8 TEM_2,0.5134706814580031,0.3847980997624703,421
P7,41,full,CD8 TEM_3,0.7272727272727272,0.7619047619047619,42
P7,41,full,CD8 TEM_4,0.7132616487455197,0.9453681710213777,421
P7,41,full,CD8 TEM_5,0.878228782287823,0.875,272
P7,41,full,CD8 TEM_6,0.8666666666666667,0.8353413654618473,249
P7,41,full,Doublet,0.5245901639344261,0.7272727272727273,44
P7,41,full,Eryth,0.6666666666666666,0.5,4
P7,41,full,HSPC,0.9473684210526316,0.9,10
P7,41,full,ILC,0.9444444444444444,1.0,17
P7,41,full,MAIT,0.9840142095914742,0.9857651245551602,281
P7,41,full,NK Proliferating,0.7716535433070867,0.98,50
P7,41,full,NK_1,0.9519959575543204,0.9592668024439919,982
P7,41,full,NK_2,0.910547396528705,0.8915032679738563,765
P7,41,full,NK_3,0.6440677966101696,0.7169811320754716,212
P7,41,full,NK_4,0.6750629722921914,0.6146788990825688,218
P7,41,full,NK_CD56bright,0.8805031446540881,0.9210526315789473,76
P7,41,full,Plasma,0.9832402234636871,0.967032967032967,91
P7,41,full,Plasmablast,0.8799999999999999,0.9166666666666666,12
P7,41,full,Platelet,0.972644376899696,0.9580838323353293,501
P7,41,full,Treg Memory,0.8544600938967136,0.875,104
P7,41,full,Treg Naive,0.8396946564885497,0.8088235294117647,136
P7,41,full,cDC1,1.0,1.0,47
P7,41,full,cDC2_1,0.819672131147541,0.8333333333333334,210
P7,41,full,cDC2_2,0.9507154213036567,0.9676375404530745,309
P7,41,full,dnT_1,0.44897959183673475,0.4782608695652174,23
P7,41,full,dnT_2,0.85,1.0,17
P7,41,full,gdT_1,0.9765258215962441,0.9811320754716981,106
P7,41,full,gdT_2,0.42424242424242425,0.2916666666666667,24
P7,41,full,gdT_3,0.9153713298791019,0.9464285714285714,280
P7,41,full,gdT_4,0.793103448275862,0.8214285714285714,28
P7,41,full,pDC,0.9936908517350158,0.9968354430379747,316
P7,41,random_10,ASDC_mDC,0.8148148148148148,0.9166666666666666,12
P7,41,random_10,ASDC_pDC,0.6666666666666666,0.5,10
P7,41,random_10,B intermediate kappa,0.8052434456928838,0.849802371541502,253
P7,41,random_10,B intermediate lambda,0.856060606060606,0.8188405797101449,414
P7,41,random_10,B memory kappa,0.9182692307692307,0.9066455696202531,632
P7,41,random_10,B memory lambda,0.875,0.9283819628647215,377
P7,41,random_10,B naive kappa,0.9069884364002011,0.8904244817374136,1013
P7,41,random_10,B naive lambda,0.8677325581395348,0.8779411764705882,680
P7,41,random_10,CD14 Mono,0.9884540593096742,0.9814166767225775,8287
P7,41,random_10,CD16 Mono,0.9450549450549451,0.9933993399339934,909
P7,41,random_10,CD4 CTL,0.9744094488188976,0.9630350194552529,514
P7,41,random_10,CD4 Naive,0.9742541888026154,0.9766489143793528,2441
P7,41,random_10,CD4 Proliferating,0.7777777777777778,0.6363636363636364,22
P7,41,random_10,CD4 TCM_1,0.8486403283735249,0.8447395301327886,979
P7,41,random_10,CD4 TCM_2,0.7428571428571428,0.7222222222222222,126
P7,41,random_10,CD4 TCM_3,0.8711943793911007,0.9043760129659644,617
P7,41,random_10,CD4 TEM_1,0.7662835249042146,0.6944444444444444,144
P7,41,random_10,CD4 TEM_2,0.5393258426966293,0.48,50
P7,41,random_10,CD4 TEM_3,0.7832422586520948,0.8082706766917294,266
P7,41,random_10,CD4 TEM_4,0.18181818181818182,0.1,30
P7,41,random_10,CD8 Naive,0.9760888129803587,0.9853448275862069,1160
P7,41,random_10,CD8 Naive_2,0.6811594202898551,0.6811594202898551,69
P7,41,random_10,CD8 Proliferating,0.42857142857142855,0.2857142857142857,21
P7,41,random_10,CD8 TCM_1,0.6378378378378378,0.7108433734939759,83
P7,41,random_10,CD8 TCM_2,0.8216216216216217,0.8,95
P7,41,random_10,CD8 TCM_3,0.7857142857142857,0.673469387755102,49
P7,41,random_10,CD8 TEM_1,0.8296529968454259,0.7514285714285714,350
P7,41,random_10,CD8 TEM_2,0.5126582278481012,0.3847980997624703,421
P7,41,random_10,CD8 TEM_3,0.7126436781609196,0.7380952380952381,42
P7,41,random_10,CD8 TEM_4,0.7054610564010744,0.9358669833729216,421
P7,41,random_10,CD8 TEM_5,0.8729281767955801,0.8713235294117647,272
P7,41,random_10,CD8 TEM_6,0.8724279835390946,0.8514056224899599,249
P7,41,random_10,Doublet,0.5961538461538463,0.7045454545454546,44
P7,41,random_10,Eryth,0.6666666666666666,0.5,4
P7,41,random_10,HSPC,0.9473684210526316,0.9,10
P7,41,random_10,ILC,0.9189189189189189,1.0,17
P7,41,random_10,MAIT,0.9805309734513274,0.9857651245551602,281
P7,41,random_10,NK Proliferating,0.7619047619047619,0.96,50
P7,41,random_10,NK_1,0.9537223340040242,0.9653767820773931,982
P7,41,random_10,NK_2,0.9083717864205669,0.9006535947712418,765
P7,41,random_10,NK_3,0.6522678185745141,0.7122641509433962,212
P7,41,random_10,NK_4,0.6788511749347258,0.5963302752293578,218
P7,41,random_10,NK_CD56bright,0.8860759493670887,0.9210526315789473,76
P7,41,random_10,Plasma,0.9832402234636871,0.967032967032967,91
P7,41,random_10,Plasmablast,0.8799999999999999,0.9166666666666666,12
P7,41,random_10,Platelet,0.9716024340770791,0.9560878243512974,501
P7,41,random_10,Treg Memory,0.8387096774193548,0.875,104
P7,41,random_10,Treg Naive,0.8352490421455938,0.8014705882352942,136
P7,41,random_10,cDC1,1.0,1.0,47
P7,41,random_10,cDC2_1,0.8095238095238095,0.8095238095238095,210
P7,41,random_10,cDC2_2,0.946031746031746,0.9644012944983819,309
P7,41,random_10,dnT_1,0.48,0.5217391304347826,23
P7,41,random_10,dnT_2,0.85,1.0,17
P7,41,random_10,gdT_1,0.957345971563981,0.9528301886792453,106
P7,41,random_10,gdT_2,0.43750000000000006,0.2916666666666667,24
P7,41,random_10,gdT_3,0.9185441941074524,0.9464285714285714,280
P7,41,random_10,gdT_4,0.7586206896551724,0.7857142857142857,28
P7,41,random_10,pDC,0.9936908517350158,0.9968354430379747,316
P7,41,random_30,ASDC_mDC,0.8148148148148148,0.9166666666666666,12
P7,41,random_30,ASDC_pDC,0.6666666666666666,0.5,10
P7,41,random_30,B intermediate kappa,0.8246628131021195,0.8458498023715415,253
P7,41,random_30,B intermediate lambda,0.8593155893536122,0.8188405797101449,414
P7,41,random_30,B memory kappa,0.9185770750988141,0.9193037974683544,632
P7,41,random_30,B memory lambda,0.8779874213836477,0.9257294429708223,377
P7,41,random_30,B naive kappa,0.905864958107442,0.9072063178677197,1013
P7,41,random_30,B naive lambda,0.8635346756152126,0.8514705882352941,680
P7,41,random_30,CD14 Mono,0.989214735821619,0.9850368046337638,8287
P7,41,random_30,CD16 Mono,0.948920484465508,0.9911991199119912,909
P7,41,random_30,CD4 CTL,0.9694581280788177,0.9571984435797666,514
P7,41,random_30,CD4 Naive,0.9734260016353229,0.9754199098730029,2441
P7,41,random_30,CD4 Proliferating,0.7058823529411764,0.5454545454545454,22
P7,41,random_30,CD4 TCM_1,0.8465879938429964,0.8426966292134831,979
P7,41,random_30,CD4 TCM_2,0.7428571428571428,0.7222222222222222,126
P7,41,random_30,CD4 TCM_3,0.8551617873651771,0.899513776337115,617
P7,41,random_30,CD4 TEM_1,0.7250996015936255,0.6319444444444444,144
P7,41,random_30,CD4 TEM_2,0.54,0.54,50
P7,41,random_30,CD4 TEM_3,0.7798507462686567,0.7857142857142857,266
P7,41,random_30,CD4 TEM_4,0.0,0.0,30
P7,41,random_30,CD8 Naive,0.9751712328767125,0.9818965517241379,1160
P7,41,random_30,CD8 Naive_2,0.6617647058823529,0.6521739130434783,69
P7,41,random_30,CD8 Proliferating,0.5333333333333333,0.38095238095238093,21
P7,41,random_30,CD8 TCM_1,0.6095238095238095,0.7710843373493976,83
P7,41,random_30,CD8 TCM_2,0.7872340425531914,0.7789473684210526,95
P7,41,random_30,CD8 TCM_3,0.3870967741935484,0.24489795918367346,49
P7,41,random_30,CD8 TEM_1,0.83596214511041,0.7571428571428571,350
P7,41,random_30,CD8 TEM_2,0.5024469820554649,0.3657957244655582,421
P7,41,random_30,CD8 TEM_3,0.735632183908046,0.7619047619047619,42
P7,41,random_30,CD8 TEM_4,0.7033747779751333,0.9406175771971497,421
P7,41,random_30,CD8 TEM_5,0.879245283018868,0.8566176470588235,272
P7,41,random_30,CD8 TEM_6,0.8488612836438924,0.8232931726907631,249
P7,41,random_30,Doublet,0.6666666666666666,0.6363636363636364,44
P7,41,random_30,Eryth,0.6666666666666666,0.5,4
P7,41,random_30,HSPC,0.9473684210526316,0.9,10
P7,41,random_30,ILC,0.9444444444444444,1.0,17
P7,41,random_30,MAIT,0.9769911504424779,0.9822064056939501,281
P7,41,random_30,NK Proliferating,0.7596899224806202,0.98,50
P7,41,random_30,NK_1,0.954753431621759,0.9562118126272913,982
P7,41,random_30,NK_2,0.9115384615384615,0.9294117647058824,765
P7,41,random_30,NK_3,0.6157303370786517,0.6462264150943396,212
P7,41,random_30,NK_4,0.6839378238341969,0.6055045871559633,218
P7,41,random_30,NK_CD56bright,0.9044585987261147,0.9342105263157895,76
P7,41,random_30,Plasma,0.9775280898876404,0.9560439560439561,91
P7,41,random_30,Plasmablast,0.8333333333333334,0.8333333333333334,12
P7,41,random_30,Platelet,0.9714867617107943,0.9520958083832335,501
P7,41,random_30,Treg Memory,0.8506787330316742,0.9038461538461539,104
P7,41,random_30,Treg Naive,0.8384615384615385,0.8014705882352942,136
P7,41,random_30,cDC1,1.0,1.0,47
P7,41,random_30,cDC2_1,0.8126520681265207,0.7952380952380952,210
P7,41,random_30,cDC2_2,0.9517684887459806,0.9579288025889967,309
P7,41,random_30,dnT_1,0.4444444444444445,0.43478260869565216,23
P7,41,random_30,dnT_2,0.85,1.0,17
P7,41,random_30,gdT_1,0.9765258215962441,0.9811320754716981,106
P7,41,random_30,gdT_2,0.5789473684210527,0.4583333333333333,24
P7,41,random_30,gdT_3,0.897822445561139,0.9571428571428572,280
P7,41,random_30,gdT_4,0.6557377049180327,0.7142857142857143,28
P7,41,random_30,pDC,0.9936908517350158,0.9968354430379747,316
P7,41,random_50,ASDC_mDC,0.7857142857142857,0.9166666666666666,12
P7,41,random_50,ASDC_pDC,0.5714285714285715,0.4,10
P7,41,random_50,B intermediate kappa,0.7844522968197881,0.8774703557312253,253
P7,41,random_50,B intermediate lambda,0.8461538461538461,0.7971014492753623,414
P7,41,random_50,B memory kappa,0.915335463258786,0.9066455696202531,632
P7,41,random_50,B memory lambda,0.882882882882883,0.9098143236074271,377
P7,41,random_50,B naive kappa,0.8922610015174507,0.8706811451135242,1013
P7,41,random_50,B naive lambda,0.8532176428054954,0.8676470588235294,680
P7,41,random_50,CD14 Mono,0.98978913660806,0.9884155906842041,8287
P7,41,random_50,CD16 Mono,0.9545454545454546,0.9933993399339934,909
P7,41,random_50,CD4 CTL,0.9422492401215805,0.9046692607003891,514
P7,41,random_50,CD4 Naive,0.9685151330489539,0.9766489143793528,2441
P7,41,random_50,CD4 Proliferating,0.625,0.45454545454545453,22
P7,41,random_50,CD4 TCM_1,0.8374025974025973,0.8232890704800817,979
P7,41,random_50,CD4 TCM_2,0.7391304347826088,0.6746031746031746,126
P7,41,random_50,CD4 TCM_3,0.8419452887537995,0.8978930307941653,617
P7,41,random_50,CD4 TEM_1,0.6854838709677419,0.5902777777777778,144
P7,41,random_50,CD4 TEM_2,0.512396694214876,0.62,50
P7,41,random_50,CD4 TEM_3,0.7760617760617762,0.7556390977443609,266
P7,41,random_50,CD4 TEM_4,0.33333333333333337,0.2,30
P7,41,random_50,CD8 Naive,0.9732256693582659,0.9870689655172413,1160
P7,41,random_50,CD8 Naive_2,0.6106870229007634,0.5797101449275363,69
P7,41,random_50,CD8 Proliferating,0.42857142857142855,0.2857142857142857,21
P7,41,random_50,CD8 TCM_1,0.6557377049180328,0.7228915662650602,83
P7,41,random_50,CD8 TCM_2,0.7916666666666666,0.8,95
P7,41,random_50,CD8 TCM_3,0.7560975609756098,0.6326530612244898,49
P7,41,random_50,CD8 TEM_1,0.8281250000000001,0.7571428571428571,350
P7,41,random_50,CD8 TEM_2,0.5056726094003241,0.37054631828978624,421
P7,41,random_50,CD8 TEM_3,0.7021276595744681,0.7857142857142857,42
P7,41,random_50,CD8 TEM_4,0.6825127334465195,0.9548693586698337,421
P7,41,random_50,CD8 TEM_5,0.8181818181818181,0.7610294117647058,272
P7,41,random_50,CD8 TEM_6,0.8456659619450317,0.8032128514056225,249
P7,41,random_50,Doublet,0.37037037037037035,0.22727272727272727,44
P7,41,random_50,Eryth,0.6666666666666666,0.5,4
P7,41,random_50,HSPC,0.9473684210526316,0.9,10
P7,41,random_50,ILC,0.8717948717948718,1.0,17
P7,41,random_50,MAIT,0.9683098591549295,0.9786476868327402,281
P7,41,random_50,NK Proliferating,0.7462686567164178,1.0,50
P7,41,random_50,NK_1,0.947799385875128,0.9429735234215886,982
P7,41,random_50,NK_2,0.9119999999999999,0.8941176470588236,765
P7,41,random_50,NK_3,0.6522593320235757,0.7830188679245284,212
P7,41,random_50,NK_4,0.7022900763358778,0.6330275229357798,218
P7,41,random_50,NK_CD56bright,0.8993288590604027,0.881578947368421,76
P7,41,random_50,Plasma,0.9775280898876404,0.9560439560439561,91
P7,41,random_50,Plasmablast,0.8333333333333334,0.8333333333333334,12
P7,41,random_50,Platelet,0.9734151329243355,0.9500998003992016,501
P7,41,random_50,Treg Memory,0.8444444444444444,0.9134615384615384,104
P7,41,random_50,Treg Naive,0.7467811158798283,0.6397058823529411,136
P7,41,random_50,cDC1,1.0,1.0,47
P7,41,random_50,cDC2_1,0.8089330024813896,0.7761904761904762,210
P7,41,random_50,cDC2_2,0.9471999999999999,0.9579288025889967,309
P7,41,random_50,dnT_1,0.4897959183673469,0.5217391304347826,23
P7,41,random_50,dnT_2,0.7234042553191489,1.0,17
P7,41,random_50,gdT_1,0.9528301886792453,0.9528301886792453,106
P7,41,random_50,gdT_2,0.38888888888888895,0.2916666666666667,24
P7,41,random_50,gdT_3,0.9018932874354563,0.9357142857142857,280
P7,41,random_50,gdT_4,0.6250000000000001,0.7142857142857143,28
P7,41,random_50,pDC,0.9921259842519685,0.9968354430379747,316
P7,41,random_70,ASDC_mDC,0.7857142857142857,0.9166666666666666,12
P7,41,random_70,ASDC_pDC,0.625,0.5,10
P7,41,random_70,B intermediate kappa,0.7746741154562383,0.8221343873517787,253
P7,41,random_70,B intermediate lambda,0.8508557457212713,0.8405797101449275,414
P7,41,random_70,B memory kappa,0.9118110236220474,0.9161392405063291,632
P7,41,random_70,B memory lambda,0.8825065274151437,0.896551724137931,377
P7,41,random_70,B naive kappa,0.888,0.876604146100691,1013
P7,41,random_70,B naive lambda,0.8428890543559195,0.8323529411764706,680
P7,41,random_70,CD14 Mono,0.9893899204244032,0.9902256546397973,8287
P7,41,random_70,CD16 Mono,0.9571734475374731,0.9834983498349835,909
P7,41,random_70,CD4 CTL,0.954,0.9280155642023347,514
P7,41,random_70,CD4 Naive,0.9633633633633635,0.985661614092585,2441
P7,41,random_70,CD4 Proliferating,0.625,0.45454545454545453,22
P7,41,random_70,CD4 TCM_1,0.829953198127925,0.81511746680286,979
P7,41,random_70,CD4 TCM_2,0.7256637168141592,0.6507936507936508,126
P7,41,random_70,CD4 TCM_3,0.8087679516250945,0.86709886547812,617
P7,41,random_70,CD4 TEM_1,0.7084870848708488,0.6666666666666666,144
P7,41,random_70,CD4 TEM_2,0.5098039215686274,0.52,50
P7,41,random_70,CD4 TEM_3,0.62124248496994,0.5827067669172933,266
P7,41,random_70,CD4 TEM_4,0.0,0.0,30
P7,41,random_70,CD8 Naive,0.9632164242942686,0.9706896551724138,1160
P7,41,random_70,CD8 Naive_2,0.5714285714285715,0.5217391304347826,69
P7,41,random_70,CD8 Proliferating,0.37037037037037035,0.23809523809523808,21
P7,41,random_70,CD8 TCM_1,0.6736842105263158,0.7710843373493976,83
P7,41,random_70,CD8 TCM_2,0.7777777777777778,0.7368421052631579,95
P7,41,random_70,CD8 TCM_3,0.75,0.6122448979591837,49
P7,41,random_70,CD8 TEM_1,0.8133971291866029,0.7285714285714285,350
P7,41,random_70,CD8 TEM_2,0.5182829888712241,0.38717339667458434,421
P7,41,random_70,CD8 TEM_3,0.6744186046511628,0.6904761904761905,42
P7,41,random_70,CD8 TEM_4,0.6958139534883722,0.8883610451306413,421
P7,41,random_70,CD8 TEM_5,0.8480300187617261,0.8308823529411765,272
P7,41,random_70,CD8 TEM_6,0.7180722891566265,0.5983935742971888,249
P7,41,random_70,Doublet,0.3018867924528302,0.18181818181818182,44
P7,41,random_70,Eryth,0.6666666666666666,0.5,4
P7,41,random_70,HSPC,0.9473684210526316,0.9,10
P7,41,random_70,ILC,0.9189189189189189,1.0,17
P7,41,random_70,MAIT,0.9551724137931035,0.9857651245551602,281
P7,41,random_70,NK Proliferating,0.7246376811594203,1.0,50
P7,41,random_70,NK_1,0.9431472081218274,0.9460285132382892,982
P7,41,random_70,NK_2,0.9037227214377407,0.9202614379084967,765
P7,41,random_70,NK_3,0.5945945945945946,0.6226415094339622,212
P7,41,random_70,NK_4,0.6578249336870028,0.5688073394495413,218
P7,41,random_70,NK_CD56bright,0.8518518518518517,0.9078947368421053,76
P7,41,random_70,Plasma,0.9775280898876404,0.9560439560439561,91
P7,41,random_70,Plasmablast,0.7272727272727272,0.6666666666666666,12
P7,41,random_70,Platelet,0.9693251533742332,0.9461077844311377,501
P7,41,random_70,Treg Memory,0.8530805687203792,0.8653846153846154,104
P7,41,random_70,Treg Naive,0.6540284360189573,0.5073529411764706,136
P7,41,random_70,cDC1,1.0,1.0,47
P7,41,random_70,cDC2_1,0.7808564231738034,0.7380952380952381,210
P7,41,random_70,cDC2_2,0.9415584415584416,0.9385113268608414,309
P7,41,random_70,dnT_1,0.3380281690140845,0.5217391304347826,23
P7,41,random_70,dnT_2,0.8717948717948718,1.0,17
P7,41,random_70,gdT_1,0.892018779342723,0.8962264150943396,106
P7,41,random_70,gdT_2,0.3125,0.4166666666666667,24
P7,41,random_70,gdT_3,0.7839506172839505,0.9071428571428571,280
P7,41,random_70,gdT_4,0.4444444444444444,0.6428571428571429,28
P7,41,random_70,pDC,0.9921011058451815,0.9936708860759493,316
P7,41,marker_memory,ASDC_mDC,0.8148148148148148,0.9166666666666666,12
P7,41,marker_memory,ASDC_pDC,0.6666666666666666,0.5,10
P7,41,marker_memory,B intermediate kappa,0.7977736549165121,0.849802371541502,253
P7,41,marker_memory,B intermediate lambda,0.8592777085927772,0.8333333333333334,414
P7,41,marker_memory,B memory kappa,0.917401764234162,0.9050632911392406,632
P7,41,marker_memory,B memory lambda,0.8767471410419313,0.9151193633952255,377
P7,41,marker_memory,B naive kappa,0.907185628742515,0.8973346495557749,1013
P7,41,marker_memory,B naive lambda,0.8668138337012509,0.8661764705882353,680
P7,41,marker_memory,CD14 Mono,0.9866049683390161,0.9776758778810185,8287
P7,41,marker_memory,CD16 Mono,0.9431403234220136,0.9944994499449945,909
P7,41,marker_memory,CD4 CTL,0.973503434739941,0.9649805447470817,514
P7,41,marker_memory,CD4 Naive,0.9705407586763518,0.9852519459238017,2441
P7,41,marker_memory,CD4 Proliferating,0.7428571428571429,0.5909090909090909,22
P7,41,marker_memory,CD4 TCM_1,0.8427024239298608,0.8345250255362615,979
P7,41,marker_memory,CD4 TCM_2,0.7435897435897436,0.6904761904761905,126
P7,41,marker_memory,CD4 TCM_3,0.8688,0.880064829821718,617
P7,41,marker_memory,CD4 TEM_1,0.7490347490347491,0.6736111111111112,144
P7,41,marker_memory,CD4 TEM_2,0.574468085106383,0.54,50
P7,41,marker_memory,CD4 TEM_3,0.7871198568872987,0.8270676691729323,266
P7,41,marker_memory,CD4 TEM_4,0.18181818181818182,0.1,30
P7,41,marker_memory,CD8 Naive,0.9722340879965827,0.9810344827586207,1160
P7,41,marker_memory,CD8 Naive_2,0.6906474820143885,0.6956521739130435,69
P7,41,marker_memory,CD8 Proliferating,0.48275862068965514,0.3333333333333333,21
P7,41,marker_memory,CD8 TCM_1,0.6305418719211823,0.7710843373493976,83
P7,41,marker_memory,CD8 TCM_2,0.8176795580110496,0.7789473684210526,95
P7,41,marker_memory,CD8 TCM_3,0.7560975609756098,0.6326530612244898,49
P7,41,marker_memory,CD8 TEM_1,0.8261515601783062,0.7942857142857143,350
P7,41,marker_memory,CD8 TEM_2,0.5331230283911673,0.4014251781472684,421
P7,41,marker_memory,CD8 TEM_3,0.7311827956989246,0.8095238095238095,42
P7,41,marker_memory,CD8 TEM_4,0.7017857142857143,0.9334916864608076,421
P7,41,marker_memory,CD8 TEM_5,0.8394584139264991,0.7977941176470589,272
P7,41,marker_memory,CD8 TEM_6,0.8333333333333333,0.7630522088353414,249
P7,41,marker_memory,Doublet,0.5116279069767442,0.75,44
P7,41,marker_memory,Eryth,0.6666666666666666,0.5,4
P7,41,marker_memory,HSPC,0.9473684210526316,0.9,10
P7,41,marker_memory,ILC,0.9444444444444444,1.0,17
P7,41,marker_memory,MAIT,0.9840142095914742,0.9857651245551602,281
P7,41,marker_memory,NK Proliferating,0.765625,0.98,50
P7,41,marker_memory,NK_1,0.9469387755102042,0.945010183299389,982
P7,41,marker_memory,NK_2,0.9055592766242464,0.8836601307189542,765
P7,41,marker_memory,NK_3,0.6298568507157465,0.7264150943396226,212
P7,41,marker_memory,NK_4,0.691358024691358,0.6422018348623854,218
P7,41,marker_memory,NK_CD56bright,0.875,0.9210526315789473,76
P7,41,marker_memory,Plasma,0.9832402234636871,0.967032967032967,91
P7,41,marker_memory,Plasmablast,0.8799999999999999,0.9166666666666666,12
P7,41,marker_memory,Platelet,0.97165991902834,0.9580838323353293,501
P7,41,marker_memory,Treg Memory,0.8679245283018868,0.8846153846153846,104
P7,41,marker_memory,Treg Naive,0.7886178861788619,0.7132352941176471,136
P7,41,marker_memory,cDC1,1.0,1.0,47
P7,41,marker_memory,cDC2_1,0.8188235294117647,0.8285714285714286,210
P7,41,marker_memory,cDC2_2,0.9537480063795853,0.9676375404530745,309
P7,41,marker_memory,dnT_1,0.4545454545454545,0.43478260869565216,23
P7,41,marker_memory,dnT_2,0.9189189189189189,1.0,17
P7,41,marker_memory,gdT_1,0.9722222222222223,0.9905660377358491,106
P7,41,marker_memory,gdT_2,0.47058823529411764,0.3333333333333333,24
P7,41,marker_memory,gdT_3,0.9157894736842105,0.9321428571428572,280
P7,41,marker_memory,gdT_4,0.7636363636363638,0.75,28
P7,41,marker_memory,pDC,0.9936908517350158,0.9968354430379747,316
P7,41,marker_tcell,ASDC_mDC,0.8148148148148148,0.9166666666666666,12
P7,41,marker_tcell,ASDC_pDC,0.6666666666666666,0.5,10
P7,41,marker_tcell,B intermediate kappa,0.7985212569316081,0.8537549407114624,253
P7,41,marker_tcell,B intermediate lambda,0.8694581280788177,0.8526570048309179,414
P7,41,marker_tcell,B memory kappa,0.9180064308681672,0.9034810126582279,632
P7,41,marker_tcell,B memory lambda,0.8857509627727858,0.9151193633952255,377
P7,41,marker_tcell,B naive kappa,0.9035840484603735,0.8835143139190523,1013
P7,41,marker_tcell,B naive lambda,0.8662328271872741,0.8808823529411764,680
P7,41,marker_tcell,CD14 Mono,0.9880264997264936,0.9808133220707131,8287
P7,41,marker_tcell,CD16 Mono,0.9464847848898216,0.9922992299229924,909
P7,41,marker_tcell,CD4 CTL,0.9601593625498007,0.9377431906614786,514
P7,41,marker_tcell,CD4 Naive,0.9727752945956928,0.9807455960671856,2441
P7,41,marker_tcell,CD4 Proliferating,0.7222222222222223,0.5909090909090909,22
P7,41,marker_tcell,CD4 TCM_1,0.8383677795442501,0.8079673135852911,979
P7,41,marker_tcell,CD4 TCM_2,0.7569721115537849,0.753968253968254,126
P7,41,marker_tcell,CD4 TCM_3,0.8630451415455241,0.9141004862236629,617
P7,41,marker_tcell,CD4 TEM_1,0.7404580152671757,0.6736111111111112,144
P7,41,marker_tcell,CD4 TEM_2,0.5416666666666667,0.52,50
P7,41,marker_tcell,CD4 TEM_3,0.7814814814814814,0.793233082706767,266
P7,41,marker_tcell,CD4 TEM_4,0.4615384615384615,0.3,30
P7,41,marker_tcell,CD8 Naive,0.9714285714285715,0.9818965517241379,1160
P7,41,marker_tcell,CD8 Naive_2,0.6619718309859155,0.6811594202898551,69
P7,41,marker_tcell,CD8 Proliferating,0.37037037037037035,0.23809523809523808,21
P7,41,marker_tcell,CD8 TCM_1,0.6703910614525139,0.7228915662650602,83
P7,41,marker_tcell,CD8 TCM_2,0.7912087912087912,0.7578947368421053,95
P7,41,marker_tcell,CD8 TCM_3,0.8089887640449438,0.7346938775510204,49
P7,41,marker_tcell,CD8 TEM_1,0.7704654895666131,0.6857142857142857,350
P7,41,marker_tcell,CD8 TEM_2,0.4967948717948718,0.3681710213776722,421
P7,41,marker_tcell,CD8 TEM_3,0.7209302325581395,0.7380952380952381,42
P7,41,marker_tcell,CD8 TEM_4,0.6952554744525546,0.9049881235154394,421
P7,41,marker_tcell,CD8 TEM_5,0.825925925925926,0.8198529411764706,272
P7,41,marker_tcell,CD8 TEM_6,0.7755102040816326,0.6867469879518072,249
P7,41,marker_tcell,Doublet,0.543859649122807,0.7045454545454546,44
P7,41,marker_tcell,Eryth,0.6666666666666666,0.5,4
P7,41,marker_tcell,HSPC,0.9473684210526316,0.9,10
P7,41,marker_tcell,ILC,0.9189189189189189,1.0,17
P7,41,marker_tcell,MAIT,0.9488054607508533,0.9893238434163701,281
P7,41,marker_tcell,NK Proliferating,0.765625,0.98,50
P7,41,marker_tcell,NK_1,0.945010183299389,0.945010183299389,982
P7,41,marker_tcell,NK_2,0.9,0.8941176470588236,765
P7,41,marker_tcell,NK_3,0.6331877729257642,0.6839622641509434,212
P7,41,marker_tcell,NK_4,0.6802030456852791,0.6146788990825688,218
P7,41,marker_tcell,NK_CD56bright,0.8606060606060606,0.9342105263157895,76
P7,41,marker_tcell,Plasma,0.9832402234636871,0.967032967032967,91
P7,41,marker_tcell,Plasmablast,0.8799999999999999,0.9166666666666666,12
P7,41,marker_tcell,Platelet,0.973630831643002,0.9580838323353293,501
P7,41,marker_tcell,Treg Memory,0.8703703703703703,0.9038461538461539,104
P7,41,marker_tcell,Treg Naive,0.8603773584905661,0.8382352941176471,136
P7,41,marker_tcell,cDC1,1.0,1.0,47
P7,41,marker_tcell,cDC2_1,0.819672131147541,0.8333333333333334,210
P7,41,marker_tcell,cDC2_2,0.9534510433386839,0.9611650485436893,309
P7,41,marker_tcell,dnT_1,0.3928571428571428,0.4782608695652174,23
P7,41,marker_tcell,dnT_2,0.7727272727272727,1.0,17
P7,41,marker_tcell,gdT_1,0.8795811518324608,0.7924528301886793,106
P7,41,marker_tcell,gdT_2,0.25,0.2916666666666667,24
P7,41,marker_tcell,gdT_3,0.8198970840480275,0.8535714285714285,280
P7,41,marker_tcell,gdT_4,0.3539823008849558,0.7142857142857143,28
P7,41,marker_tcell,pDC,0.9936908517350158,0.9968354430379747,316
P7,41,rna_only,ASDC_mDC,0.7096774193548387,0.9166666666666666,12
P7,41,rna_only,ASDC_pDC,0.625,0.5,10
P7,41,rna_only,B intermediate kappa,0.7897838899803538,0.7944664031620553,253
P7,41,rna_only,B intermediate lambda,0.8617683686176837,0.8357487922705314,414
P7,41,rna_only,B memory kappa,0.9068825910931173,0.8860759493670886,632
P7,41,rna_only,B memory lambda,0.8828606658446362,0.9496021220159151,377
P7,41,rna_only,B naive kappa,0.8923076923076922,0.9160908193484699,1013
P7,41,rna_only,B naive lambda,0.8404009252120277,0.8014705882352942,680
P7,41,rna_only,CD14 Mono,0.9874370334405534,0.9816580185833232,8287
P7,41,rna_only,CD16 Mono,0.9491525423728813,0.9856985698569857,909
P7,41,rna_only,CD4 CTL,0.9035639412997902,0.8385214007782101,514
P7,41,rna_only,CD4 Naive,0.963083164300203,0.9725522326915199,2441
P7,41,rna_only,CD4 Proliferating,0.5806451612903226,0.4090909090909091,22
P7,41,rna_only,CD4 TCM_1,0.8296146044624746,0.8355464759959143,979
P7,41,rna_only,CD4 TCM_2,0.7372549019607844,0.746031746031746,126
P7,41,rna_only,CD4 TCM_3,0.7987470634299139,0.826580226904376,617
P7,41,rna_only,CD4 TEM_1,0.6640316205533598,0.5833333333333334,144
P7,41,rna_only,CD4 TEM_2,0.4603174603174603,0.58,50
P7,41,rna_only,CD4 TEM_3,0.6431372549019607,0.6165413533834586,266
P7,41,rna_only,CD4 TEM_4,0.0,0.0,30
P7,41,rna_only,CD8 Naive,0.9582623509369677,0.9698275862068966,1160
P7,41,rna_only,CD8 Naive_2,0.5616438356164384,0.5942028985507246,69
P7,41,rna_only,CD8 Proliferating,0.4666666666666666,0.3333333333333333,21
P7,41,rna_only,CD8 TCM_1,0.625,0.7831325301204819,83
P7,41,rna_only,CD8 TCM_2,0.6885245901639344,0.6631578947368421,95
P7,41,rna_only,CD8 TCM_3,0.5352112676056339,0.3877551020408163,49
P7,41,rna_only,CD8 TEM_1,0.7865168539325842,0.7,350
P7,41,rna_only,CD8 TEM_2,0.5311077389984826,0.4156769596199525,421
P7,41,rna_only,CD8 TEM_3,0.6511627906976744,0.6666666666666666,42
P7,41,rna_only,CD8 TEM_4,0.6787658802177858,0.8883610451306413,421
P7,41,rna_only,CD8 TEM_5,0.8317929759704251,0.8272058823529411,272
P7,41,rna_only,CD8 TEM_6,0.78125,0.7028112449799196,249
P7,41,rna_only,Doublet,0.3333333333333333,0.22727272727272727,44
P7,41,rna_only,Eryth,0.6666666666666666,0.5,4
P7,41,rna_only,HSPC,0.9473684210526316,0.9,10
P7,41,rna_only,ILC,0.8947368421052632,1.0,17
P7,41,rna_only,MAIT,0.9560632688927944,0.9679715302491103,281
P7,41,rna_only,NK Proliferating,0.7194244604316548,1.0,50
P7,41,rna_only,NK_1,0.9347389558232932,0.9480651731160896,982
P7,41,rna_only,NK_2,0.8943850267379678,0.8745098039215686,765
P7,41,rna_only,NK_3,0.6133909287257019,0.6698113207547169,212
P7,41,rna_only,NK_4,0.6699266503667481,0.6284403669724771,218
P7,41,rna_only,NK_CD56bright,0.875,0.9210526315789473,76
P7,41,rna_only,Plasma,0.9832402234636871,0.967032967032967,91
P7,41,rna_only,Plasmablast,0.7272727272727272,0.6666666666666666,12
P7,41,rna_only,Platelet,0.9695740365111563,0.9540918163672655,501
P7,41,rna_only,Treg Memory,0.8425925925925926,0.875,104
P7,41,rna_only,Treg Naive,0.7364016736401674,0.6470588235294118,136
P7,41,rna_only,cDC1,1.0,1.0,47
P7,41,rna_only,cDC2_1,0.7702407002188184,0.8380952380952381,210
P7,41,rna_only,cDC2_2,0.9331210191082803,0.948220064724919,309
P7,41,rna_only,dnT_1,0.33333333333333337,0.2608695652173913,23
P7,41,rna_only,dnT_2,0.85,1.0,17
P7,41,rna_only,gdT_1,0.8975609756097561,0.8679245283018868,106
P7,41,rna_only,gdT_2,0.2,0.16666666666666666,24
P7,41,rna_only,gdT_3,0.8080133555926544,0.8642857142857143,280
P7,41,rna_only,gdT_4,0.4137931034482759,0.6428571428571429,28
P7,41,rna_only,pDC,0.995260663507109,0.9968354430379747,316
P7,41,random_size_matched_6,ASDC_mDC,0.8148148148148148,0.9166666666666666,12
P7,41,random_size_matched_6,ASDC_pDC,0.6666666666666666,0.5,10
P7,41,random_size_matched_6,B intermediate kappa,0.8045112781954887,0.8458498023715415,253
P7,41,random_size_matched_6,B intermediate lambda,0.8628930817610063,0.8285024154589372,414
P7,41,random_size_matched_6,B memory kappa,0.917401764234162,0.9050632911392406,632
P7,41,random_size_matched_6,B memory lambda,0.8808030112923463,0.9310344827586207,377
P7,41,random_size_matched_6,B naive kappa,0.9041372351160444,0.8845014807502468,1013
P7,41,random_size_matched_6,B naive lambda,0.8672438672438672,0.8838235294117647,680
P7,41,random_size_matched_6,CD14 Mono,0.9865919063871282,0.9767105104380355,8287
P7,41,random_size_matched_6,CD16 Mono,0.9417879417879418,0.9966996699669967,909
P7,41,random_size_matched_6,CD4 CTL,0.9754661432777232,0.9669260700389105,514
P7,41,random_size_matched_6,CD4 Naive,0.9738601823708206,0.9844326095862351,2441
P7,41,random_size_matched_6,CD4 Proliferating,0.7428571428571429,0.5909090909090909,22
P7,41,random_size_matched_6,CD4 TCM_1,0.84,0.8365679264555669,979
P7,41,random_size_matched_6,CD4 TCM_2,0.7447698744769875,0.7063492063492064,126
P7,41,random_size_matched_6,CD4 TCM_3,0.8644338118022329,0.8784440842787682,617
P7,41,random_size_matched_6,CD4 TEM_1,0.7519379844961241,0.6736111111111112,144
P7,41,random_size_matched_6,CD4 TEM_2,0.5869565217391305,0.54,50
P7,41,random_size_matched_6,CD4 TEM_3,0.7861060329067642,0.8082706766917294,266
P7,41,random_size_matched_6,CD4 TEM_4,0.18181818181818182,0.1,30
P7,41,random_size_matched_6,CD8 Naive,0.9740315027671349,0.9862068965517241,1160
P7,41,random_size_matched_6,CD8 Naive_2,0.6715328467153284,0.6666666666666666,69
P7,41,random_size_matched_6,CD8 Proliferating,0.42857142857142855,0.2857142857142857,21
P7,41,random_size_matched_6,CD8 TCM_1,0.6594594594594596,0.7349397590361446,83
P7,41,random_size_matched_6,CD8 TCM_2,0.8176795580110496,0.7789473684210526,95
P7,41,random_size_matched_6,CD8 TCM_3,0.7857142857142857,0.673469387755102,49
P7,41,random_size_matched_6,CD8 TEM_1,0.8272583201267828,0.7457142857142857,350
P7,41,random_size_matched_6,CD8 TEM_2,0.5118483412322274,0.3847980997624703,421
P7,41,random_size_matched_6,CD8 TEM_3,0.735632183908046,0.7619047619047619,42
P7,41,random_size_matched_6,CD8 TEM_4,0.7117437722419929,0.9501187648456056,421
P7,41,random_size_matched_6,CD8 TEM_5,0.8761552680221812,0.8713235294117647,272
P7,41,random_size_matched_6,CD8 TEM_6,0.8648648648648648,0.8353413654618473,249
P7,41,random_size_matched_6,Doublet,0.5076923076923077,0.75,44
P7,41,random_size_matched_6,Eryth,0.6666666666666666,0.5,4
P7,41,random_size_matched_6,HSPC,0.9473684210526316,0.9,10
P7,41,random_size_matched_6,ILC,0.9444444444444444,1.0,17
P7,41,random_size_matched_6,MAIT,0.9840142095914742,0.9857651245551602,281
P7,41,random_size_matched_6,NK Proliferating,0.7716535433070867,0.98,50
P7,41,random_size_matched_6,NK_1,0.9506048387096774,0.960285132382892,982
P7,41,random_size_matched_6,NK_2,0.9101796407185628,0.8941176470588236,765
P7,41,random_size_matched_6,NK_3,0.646551724137931,0.7075471698113207,212
P7,41,random_size_matched_6,NK_4,0.6835443037974683,0.6192660550458715,218
P7,41,random_size_matched_6,NK_CD56bright,0.8860759493670887,0.9210526315789473,76
P7,41,random_size_matched_6,Plasma,0.9832402234636871,0.967032967032967,91
P7,41,random_size_matched_6,Plasmablast,0.8799999999999999,0.9166666666666666,12
P7,41,random_size_matched_6,Platelet,0.974721941354904,0.9620758483033932,501
P7,41,random_size_matched_6,Treg Memory,0.8490566037735849,0.8653846153846154,104
P7,41,random_size_matched_6,Treg Naive,0.8320610687022901,0.8014705882352942,136
P7,41,random_size_matched_6,cDC1,1.0,1.0,47
P7,41,random_size_matched_6,cDC2_1,0.8205128205128205,0.8380952380952381,210
P7,41,random_size_matched_6,cDC2_2,0.9507154213036567,0.9676375404530745,309
P7,41,random_size_matched_6,dnT_1,0.44897959183673475,0.4782608695652174,23
P7,41,random_size_matched_6,dnT_2,0.85,1.0,17
P7,41,random_size_matched_6,gdT_1,0.9765258215962441,0.9811320754716981,106
P7,41,random_size_matched_6,gdT_2,0.43750000000000006,0.2916666666666667,24
P7,41,random_size_matched_6,gdT_3,0.9131944444444444,0.9392857142857143,280
P7,41,random_size_matched_6,gdT_4,0.793103448275862,0.8214285714285714,28
P7,41,random_size_matched_6,pDC,0.9936908517350158,0.9968354430379747,316
P7,41,random_size_matched_15,ASDC_mDC,0.8148148148148148,0.9166666666666666,12
P7,41,random_size_matched_15,ASDC_pDC,0.6666666666666666,0.5,10
P7,41,random_size_matched_15,B intermediate kappa,0.7963636363636364,0.8656126482213439,253
P7,41,random_size_matched_15,B intermediate lambda,0.861008610086101,0.8454106280193237,414
P7,41,random_size_matched_15,B memory kappa,0.9163987138263666,0.9018987341772152,632
P7,41,random_size_matched_15,B memory lambda,0.8754813863928114,0.9045092838196287,377
P7,41,random_size_matched_15,B naive kappa,0.9029964448958864,0.8775913129318855,1013
P7,41,random_size_matched_15,B naive lambda,0.8643578643578643,0.8808823529411764,680
P7,41,random_size_matched_15,CD14 Mono,0.9879605983217804,0.9803306383492216,8287
P7,41,random_size_matched_15,CD16 Mono,0.9459884635553225,0.9922992299229924,909
P7,41,random_size_matched_15,CD4 CTL,0.973503434739941,0.9649805447470817,514
P7,41,random_size_matched_15,CD4 Naive,0.9714170692431562,0.988529291274068,2441
P7,41,random_size_matched_15,CD4 Proliferating,0.7428571428571429,0.5909090909090909,22
P7,41,random_size_matched_15,CD4 TCM_1,0.8280519480519482,0.8140960163432074,979
P7,41,random_size_matched_15,CD4 TCM_2,0.7510548523206751,0.7063492063492064,126
P7,41,random_size_matched_15,CD4 TCM_3,0.857615894039735,0.839546191247974,617
P7,41,random_size_matched_15,CD4 TEM_1,0.7016129032258065,0.6041666666666666,144
P7,41,random_size_matched_15,CD4 TEM_2,0.5531914893617023,0.52,50
P7,41,random_size_matched_15,CD4 TEM_3,0.7939698492462312,0.8909774436090225,266
P7,41,random_size_matched_15,CD4 TEM_4,0.23529411764705882,0.13333333333333333,30
P7,41,random_size_matched_15,CD8 Naive,0.9719864176570457,0.9870689655172413,1160
P7,41,random_size_matched_15,CD8 Naive_2,0.6571428571428573,0.6666666666666666,69
P7,41,random_size_matched_15,CD8 Proliferating,0.42857142857142855,0.2857142857142857,21
P7,41,random_size_matched_15,CD8 TCM_1,0.6528497409326425,0.7590361445783133,83
P7,41,random_size_matched_15,CD8 TCM_2,0.8135593220338984,0.7578947368421053,95
P7,41,random_size_matched_15,CD8 TCM_3,0.8409090909090908,0.7551020408163265,49
P7,41,random_size_matched_15,CD8 TEM_1,0.8143525741029641,0.7457142857142857,350
P7,41,random_size_matched_15,CD8 TEM_2,0.5209302325581395,0.3990498812351544,421
P7,41,random_size_matched_15,CD8 TEM_3,0.7311827956989246,0.8095238095238095,42
P7,41,random_size_matched_15,CD8 TEM_4,0.7038703870387039,0.9287410926365796,421
P7,41,random_size_matched_15,CD8 TEM_5,0.8582230623818526,0.8345588235294118,272
P7,41,random_size_matched_15,CD8 TEM_6,0.841648590021692,0.7791164658634538,249
P7,41,random_size_matched_15,Doublet,0.5964912280701754,0.7727272727272727,44
P7,41,random_size_matched_15,Eryth,0.4,0.25,4
P7,41,random_size_matched_15,HSPC,0.9473684210526316,0.9,10
P7,41,random_size_matched_15,ILC,0.9444444444444444,1.0,17
P7,41,random_size_matched_15,MAIT,0.9857651245551602,0.9857651245551602,281
P7,41,random_size_matched_15,NK Proliferating,0.7596899224806202,0.98,50
P7,41,random_size_matched_15,NK_1,0.9425168306576902,0.9266802443991853,982
P7,41,random_size_matched_15,NK_2,0.9092088197146564,0.9163398692810457,765
P7,41,random_size_matched_15,NK_3,0.6186440677966102,0.6886792452830188,212
P7,41,random_size_matched_15,NK_4,0.6952141057934509,0.6330275229357798,218
P7,41,random_size_matched_15,NK_CD56bright,0.8606060606060606,0.9342105263157895,76
P7,41,random_size_matched_15,Plasma,0.9832402234636871,0.967032967032967,91
P7,41,random_size_matched_15,Plasmablast,0.8333333333333334,0.8333333333333334,12
P7,41,random_size_matched_15,Platelet,0.9695740365111563,0.9540918163672655,501
P7,41,random_size_matched_15,Treg Memory,0.8708133971291866,0.875,104
P7,41,random_size_matched_15,Treg Naive,0.8244274809160305,0.7941176470588235,136
P7,41,random_size_matched_15,cDC1,1.0,1.0,47
P7,41,random_size_matched_15,cDC2_1,0.8122065727699531,0.8238095238095238,210
P7,41,random_size_matched_15,cDC2_2,0.9507154213036567,0.9676375404530745,309
P7,41,random_size_matched_15,dnT_1,0.4186046511627907,0.391304347826087,23
P7,41,random_size_matched_15,dnT_2,0.9444444444444444,1.0,17
P7,41,random_size_matched_15,gdT_1,0.9724770642201834,1.0,106
P7,41,random_size_matched_15,gdT_2,0.36363636363636365,0.25,24
P7,41,random_size_matched_15,gdT_3,0.9150779896013864,0.9428571428571428,280
P7,41,random_size_matched_15,gdT_4,0.7719298245614034,0.7857142857142857,28
P7,41,random_size_matched_15,pDC,0.9936908517350158,0.9968354430379747,316
P7,42,full,ASDC_mDC,0.8148148148148148,0.9166666666666666,12
P7,42,full,ASDC_pDC,0.8235294117647058,0.7,10
P7,42,full,B intermediate kappa,0.7908745247148289,0.8221343873517787,253
P7,42,full,B intermediate lambda,0.8765432098765433,0.857487922705314,414
P7,42,full,B memory kappa,0.9229583975346687,0.9477848101265823,632
P7,42,full,B memory lambda,0.8906455862977603,0.896551724137931,377
P7,42,full,B naive kappa,0.9047864127637674,0.8677196446199408,1013
P7,42,full,B naive lambda,0.8724162508909479,0.9,680
P7,42,full,CD14 Mono,0.9883023213528093,0.983830095330035,8287
P7,42,full,CD16 Mono,0.9505582137161085,0.9834983498349835,909
P7,42,full,CD4 CTL,0.9804305283757337,0.9747081712062257,514
P7,42,full,CD4 Naive,0.9731489015459723,0.979926259729619,2441
P7,42,full,CD4 Proliferating,0.7826086956521738,0.8181818181818182,22
P7,42,full,CD4 TCM_1,0.8351968886728244,0.8774259448416751,979
P7,42,full,CD4 TCM_2,0.6982758620689656,0.6428571428571429,126
P7,42,full,CD4 TCM_3,0.8249794576828265,0.813614262560778,617
P7,42,full,CD4 TEM_1,0.7741935483870969,0.75,144
P7,42,full,CD4 TEM_2,0.5473684210526315,0.52,50
P7,42,full,CD4 TEM_3,0.7412008281573499,0.6729323308270677,266
P7,42,full,CD4 TEM_4,0.6538461538461539,0.5666666666666667,30
P7,42,full,CD8 Naive,0.9726085124315212,0.9948275862068966,1160
P7,42,full,CD8 Naive_2,0.628099173553719,0.5507246376811594,69
P7,42,full,CD8 Proliferating,0.742857142857143,0.6190476190476191,21
P7,42,full,CD8 TCM_1,0.7407407407407407,0.7228915662650602,83
P7,42,full,CD8 TCM_2,0.8208092485549133,0.7473684210526316,95
P7,42,full,CD8 TCM_3,0.7954545454545455,0.7142857142857143,49
P7,42,full,CD8 TEM_1,0.8661870503597123,0.86,350
P7,42,full,CD8 TEM_2,0.5612403100775194,0.42992874109263657,421
P7,42,full,CD8 TEM_3,0.8095238095238095,0.8095238095238095,42
P7,42,full,CD8 TEM_4,0.7038391224862889,0.9144893111638955,421
P7,42,full,CD8 TEM_5,0.8387096774193549,0.8125,272
P7,42,full,CD8 TEM_6,0.8512396694214875,0.8273092369477911,249
P7,42,full,Doublet,0.44155844155844154,0.38636363636363635,44
P7,42,full,Eryth,0.6666666666666666,0.5,4
P7,42,full,HSPC,0.9473684210526316,0.9,10
P7,42,full,ILC,0.9714285714285714,1.0,17
P7,42,full,MAIT,0.9893617021276595,0.9928825622775801,281
P7,42,full,NK Proliferating,0.8041237113402062,0.78,50
P7,42,full,NK_1,0.9444166249374061,0.960285132382892,982
P7,42,full,NK_2,0.8853545394300861,0.873202614379085,765
P7,42,full,NK_3,0.6516290726817042,0.6132075471698113,212
P7,42,full,NK_4,0.7136363636363635,0.7201834862385321,218
P7,42,full,NK_CD56bright,0.8654970760233919,0.9736842105263158,76
P7,42,full,Plasma,0.9832402234636871,0.967032967032967,91
P7,42,full,Plasmablast,0.9166666666666666,0.9166666666666666,12
P7,42,full,Platelet,0.9737373737373738,0.9620758483033932,501
P7,42,full,Treg Memory,0.8349514563106797,0.8269230769230769,104
P7,42,full,Treg Naive,0.7906976744186046,0.75,136
P7,42,full,cDC1,1.0,1.0,47
P7,42,full,cDC2_1,0.6666666666666667,0.6142857142857143,210
P7,42,full,cDC2_2,0.8961424332344214,0.9773462783171522,309
P7,42,full,dnT_1,0.5,0.391304347826087,23
P7,42,full,dnT_2,0.9714285714285714,1.0,17
P7,42,full,gdT_1,0.9809523809523809,0.9716981132075472,106
P7,42,full,gdT_2,0.6285714285714286,0.4583333333333333,24
P7,42,full,gdT_3,0.9268292682926829,0.95,280
P7,42,full,gdT_4,0.6938775510204083,0.6071428571428571,28
P7,42,full,pDC,0.9936908517350158,0.9968354430379747,316
P7,42,random_10,ASDC_mDC,0.8461538461538461,0.9166666666666666,12
P7,42,random_10,ASDC_pDC,0.8235294117647058,0.7,10
P7,42,random_10,B intermediate kappa,0.7903525046382189,0.841897233201581,253
P7,42,random_10,B intermediate lambda,0.8610421836228287,0.8381642512077294,414
P7,42,random_10,B memory kappa,0.9224806201550388,0.9414556962025317,632
P7,42,random_10,B memory lambda,0.8918558077436582,0.8859416445623343,377
P7,42,random_10,B naive kappa,0.9074074074074074,0.8706811451135242,1013
P7,42,random_10,B naive lambda,0.870921985815603,0.9029411764705882,680
P7,42,random_10,CD14 Mono,0.9895398754459157,0.9874502232412212,8287
P7,42,random_10,CD16 Mono,0.9548872180451129,0.977997799779978,909
P7,42,random_10,CD4 CTL,0.9753694581280788,0.9630350194552529,514
P7,42,random_10,CD4 Naive,0.9721940328800488,0.9811552642359689,2441
P7,42,random_10,CD4 Proliferating,0.8260869565217391,0.8636363636363636,22
P7,42,random_10,CD4 TCM_1,0.8313077297034518,0.8733401430030644,979
P7,42,random_10,CD4 TCM_2,0.6944444444444444,0.5952380952380952,126
P7,42,random_10,CD4 TCM_3,0.8147540983606557,0.8055105348460292,617
P7,42,random_10,CD4 TEM_1,0.7518248175182481,0.7152777777777778,144
P7,42,random_10,CD4 TEM_2,0.5940594059405941,0.6,50
P7,42,random_10,CD4 TEM_3,0.7265135699373696,0.6541353383458647,266
P7,42,random_10,CD4 TEM_4,0.64,0.5333333333333333,30
P7,42,random_10,CD8 Naive,0.9713563605728727,0.9939655172413793,1160
P7,42,random_10,CD8 Naive_2,0.5840707964601771,0.4782608695652174,69
P7,42,random_10,CD8 Proliferating,0.7567567567567567,0.6666666666666666,21
P7,42,random_10,CD8 TCM_1,0.7044025157232704,0.6746987951807228,83
P7,42,random_10,CD8 TCM_2,0.8208092485549133,0.7473684210526316,95
P7,42,random_10,CD8 TCM_3,0.7954545454545455,0.7142857142857143,49
P7,42,random_10,CD8 TEM_1,0.8660968660968661,0.8685714285714285,350
P7,42,random_10,CD8 TEM_2,0.5749613601236475,0.4418052256532066,421
P7,42,random_10,CD8 TEM_3,0.8192771084337348,0.8095238095238095,42
P7,42,random_10,CD8 TEM_4,0.6991720331186752,0.9026128266033254,421
P7,42,random_10,CD8 TEM_5,0.832391713747646,0.8125,272
P7,42,random_10,CD8 TEM_6,0.8530612244897959,0.8393574297188755,249
P7,42,random_10,Doublet,0.4507042253521127,0.36363636363636365,44
P7,42,random_10,Eryth,0.6666666666666666,0.5,4
P7,42,random_10,HSPC,0.9473684210526316,0.9,10
P7,42,random_10,ILC,0.9714285714285714,1.0,17
P7,42,random_10,MAIT,0.984070796460177,0.9893238434163701,281
P7,42,random_10,NK Proliferating,0.8282828282828283,0.82,50
P7,42,random_10,NK_1,0.9386138613861386,0.9653767820773931,982
P7,42,random_10,NK_2,0.8805369127516778,0.857516339869281,765
P7,42,random_10,NK_3,0.6567901234567901,0.6273584905660378,212
P7,42,random_10,NK_4,0.7390300230946882,0.7339449541284404,218
P7,42,random_10,NK_CD56bright,0.891566265060241,0.9736842105263158,76
P7,42,random_10,Plasma,0.9888888888888888,0.978021978021978,91
P7,42,random_10,Plasmablast,0.9565217391304348,0.9166666666666666,12
P7,42,random_10,Platelet,0.9746707193515705,0.9600798403193613,501
P7,42,random_10,Treg Memory,0.8405797101449275,0.8365384615384616,104
P7,42,random_10,Treg Naive,0.7906976744186046,0.75,136
P7,42,random_10,cDC1,1.0,1.0,47
P7,42,random_10,cDC2_1,0.6931216931216931,0.6238095238095238,210
P7,42,random_10,cDC2_2,0.9017857142857142,0.9805825242718447,309
P7,42,random_10,dnT_1,0.5789473684210527,0.4782608695652174,23
P7,42,random_10,dnT_2,0.9714285714285714,1.0,17
P7,42,random_10,gdT_1,0.9859154929577464,0.9905660377358491,106
P7,42,random_10,gdT_2,0.6666666666666667,0.5416666666666666,24
P7,42,random_10,gdT_3,0.9286956521739131,0.9535714285714286,280
P7,42,random_10,gdT_4,0.6938775510204083,0.6071428571428571,28
P7,42,random_10,pDC,0.9936908517350158,0.9968354430379747,316
P7,42,random_30,ASDC_mDC,0.8148148148148148,0.9166666666666666,12
P7,42,random_30,ASDC_pDC,0.7499999999999999,0.6,10
P7,42,random_30,B intermediate kappa,0.7908745247148289,0.8221343873517787,253
P7,42,random_30,B intermediate lambda,0.8589580686149937,0.8164251207729468,414
P7,42,random_30,B memory kappa,0.9167303284950343,0.9493670886075949,632
P7,42,random_30,B memory lambda,0.8862745098039216,0.8992042440318302,377
P7,42,random_30,B naive kappa,0.9083419155509784,0.8706811451135242,1013
P7,42,random_30,B naive lambda,0.8743789921930448,0.9058823529411765,680
P7,42,random_30,CD14 Mono,0.9866537248240718,0.9812960057922047,8287
P7,42,random_30,CD16 Mono,0.9512195121951219,0.9867986798679867,909
P7,42,random_30,CD4 CTL,0.9763313609467457,0.9630350194552529,514
P7,42,random_30,CD4 Naive,0.9658222758343386,0.9840229414174518,2441
P7,42,random_30,CD4 Proliferating,0.8,0.8181818181818182,22
P7,42,random_30,CD4 TCM_1,0.8236434108527132,0.8682328907048008,979
P7,42,random_30,CD4 TCM_2,0.676056338028169,0.5714285714285714,126
P7,42,random_30,CD4 TCM_3,0.7786499215070644,0.8038897893030794,617
P7,42,random_30,CD4 TEM_1,0.7481481481481481,0.7013888888888888,144
P7,42,random_30,CD4 TEM_2,0.5591397849462365,0.52,50
P7,42,random_30,CD4 TEM_3,0.6112359550561798,0.5112781954887218,266
P7,42,random_30,CD4 TEM_4,0.608695652173913,0.4666666666666667,30
P7,42,random_30,CD8 Naive,0.9651113913408995,0.9896551724137931,1160
P7,42,random_30,CD8 Naive_2,0.5535714285714285,0.4492753623188406,69
P7,42,random_30,CD8 Proliferating,0.742857142857143,0.6190476190476191,21
P7,42,random_30,CD8 TCM_1,0.7150837988826815,0.7710843373493976,83
P7,42,random_30,CD8 TCM_2,0.811764705882353,0.7263157894736842,95
P7,42,random_30,CD8 TCM_3,0.746987951807229,0.6326530612244898,49
P7,42,random_30,CD8 TEM_1,0.8627450980392156,0.88,350
P7,42,random_30,CD8 TEM_2,0.5687203791469194,0.42755344418052255,421
P7,42,random_30,CD8 TEM_3,0.7792207792207793,0.7142857142857143,42
P7,42,random_30,CD8 TEM_4,0.696545284780579,0.8859857482185273,421
P7,42,random_30,CD8 TEM_5,0.8397790055248618,0.8382352941176471,272
P7,42,random_30,CD8 TEM_6,0.8336755646817249,0.8152610441767069,249
P7,42,random_30,Doublet,0.33333333333333326,0.2727272727272727,44
P7,42,random_30,Eryth,0.6666666666666666,0.5,4
P7,42,random_30,HSPC,0.9473684210526316,0.9,10
P7,42,random_30,ILC,0.9714285714285714,1.0,17
P7,42,random_30,MAIT,0.9786476868327402,0.9786476868327402,281
P7,42,random_30,NK Proliferating,0.82,0.82,50
P7,42,random_30,NK_1,0.9412935323383084,0.9633401221995926,982
P7,42,random_30,NK_2,0.8865435356200528,0.8784313725490196,765
P7,42,random_30,NK_3,0.6433915211970076,0.6084905660377359,212
P7,42,random_30,NK_4,0.7256235827664399,0.7339449541284404,218
P7,42,random_30,NK_CD56bright,0.8930817610062893,0.9342105263157895,76
P7,42,random_30,Plasma,0.9832402234636871,0.967032967032967,91
P7,42,random_30,Plasmablast,0.9166666666666666,0.9166666666666666,12
P7,42,random_30,Platelet,0.9716024340770791,0.9560878243512974,501
P7,42,random_30,Treg Memory,0.8181818181818181,0.7788461538461539,104
P7,42,random_30,Treg Naive,0.6577777777777777,0.5441176470588235,136
P7,42,random_30,cDC1,1.0,1.0,47
P7,42,random_30,cDC2_1,0.6584158415841584,0.6333333333333333,210
P7,42,random_30,cDC2_2,0.8991097922848665,0.9805825242718447,309
P7,42,random_30,dnT_1,0.36363636363636365,0.2608695652173913,23
P7,42,random_30,dnT_2,0.9714285714285714,1.0,17
P7,42,random_30,gdT_1,0.9665071770334929,0.9528301886792453,106
P7,42,random_30,gdT_2,0.5294117647058825,0.375,24
P7,42,random_30,gdT_3,0.914185639229422,0.9321428571428572,280
P7,42,random_30,gdT_4,0.6666666666666666,0.5714285714285714,28
P7,42,random_30,pDC,0.9921259842519685,0.9968354430379747,316
P7,42,random_50,ASDC_mDC,0.8461538461538461,0.9166666666666666,12
P7,42,random_50,ASDC_pDC,0.8235294117647058,0.7,10
P7,42,random_50,B intermediate kappa,0.7814814814814814,0.83399209486166,253
P7,42,random_50,B intermediate lambda,0.8509554140127389,0.8067632850241546,414
P7,42,random_50,B memory kappa,0.9194528875379939,0.9572784810126582,632
P7,42,random_50,B memory lambda,0.8964613368283094,0.9071618037135278,377
P7,42,random_50,B naive kappa,0.8825093035619351,0.8193484698914116,1013
P7,42,random_50,B naive lambda,0.8535911602209946,0.9088235294117647,680
P7,42,random_50,CD14 Mono,0.9880174291938998,0.9850368046337638,8287
P7,42,random_50,CD16 Mono,0.9518773135906927,0.9900990099009901,909
P7,42,random_50,CD4 CTL,0.959122632103689,0.9357976653696498,514
P7,42,random_50,CD4 Naive,0.9667342799188641,0.9762392462105695,2441
P7,42,random_50,CD4 Proliferating,0.8260869565217391,0.8636363636363636,22
P7,42,random_50,CD4 TCM_1,0.8202721726888784,0.8927477017364658,979
P7,42,random_50,CD4 TCM_2,0.6576576576576577,0.5793650793650794,126
P7,42,random_50,CD4 TCM_3,0.8016736401673641,0.7763371150729336,617
P7,42,random_50,CD4 TEM_1,0.7642857142857143,0.7430555555555556,144
P7,42,random_50,CD4 TEM_2,0.5567010309278351,0.54,50
P7,42,random_50,CD4 TEM_3,0.7096774193548387,0.6616541353383458,266
P7,42,random_50,CD4 TEM_4,0.1142857142857143,0.06666666666666667,30
P7,42,random_50,CD8 Naive,0.9688552188552189,0.9922413793103448,1160
P7,42,random_50,CD8 Naive_2,0.5309734513274336,0.43478260869565216,69
P7,42,random_50,CD8 Proliferating,0.8108108108108109,0.7142857142857143,21
P7,42,random_50,CD8 TCM_1,0.6473988439306358,0.6746987951807228,83
P7,42,random_50,CD8 TCM_2,0.8043478260869564,0.7789473684210526,95
P7,42,random_50,CD8 TCM_3,0.641025641025641,0.5102040816326531,49
P7,42,random_50,CD8 TEM_1,0.8610354223433241,0.9028571428571428,350
P7,42,random_50,CD8 TEM_2,0.5400981996726677,0.3919239904988123,421
P7,42,random_50,CD8 TEM_3,0.7441860465116279,0.7619047619047619,42
P7,42,random_50,CD8 TEM_4,0.6861184792219276,0.9216152019002375,421
P7,42,random_50,CD8 TEM_5,0.8108108108108107,0.7720588235294118,272
P7,42,random_50,CD8 TEM_6,0.8247863247863247,0.7751004016064257,249
P7,42,random_50,Doublet,0.2711864406779661,0.18181818181818182,44
P7,42,random_50,Eryth,0.6666666666666666,0.5,4
P7,42,random_50,HSPC,0.9473684210526316,0.9,10
P7,42,random_50,ILC,0.9714285714285714,1.0,17
P7,42,random_50,MAIT,0.9691470054446462,0.9501779359430605,281
P7,42,random_50,NK Proliferating,0.8399999999999999,0.84,50
P7,42,random_50,NK_1,0.9327398615232442,0.960285132382892,982
P7,42,random_50,NK_2,0.8822355289421157,0.8666666666666667,765
P7,42,random_50,NK_3,0.6197183098591549,0.6226415094339622,212
P7,42,random_50,NK_4,0.7139364303178484,0.6697247706422018,218
P7,42,random_50,NK_CD56bright,0.9102564102564101,0.9342105263157895,76
P7,42,random_50,Plasma,0.9832402234636871,0.967032967032967,91
P7,42,random_50,Plasmablast,0.9166666666666666,0.9166666666666666,12
P7,42,random_50,Platelet,0.9745676500508647,0.9560878243512974,501
P7,42,random_50,Treg Memory,0.803921568627451,0.7884615384615384,104
P7,42,random_50,Treg Naive,0.5990338164251208,0.45588235294117646,136
P7,42,random_50,cDC1,1.0,1.0,47
P7,42,random_50,cDC2_1,0.6880000000000002,0.6142857142857143,210
P7,42,random_50,cDC2_2,0.9020771513353115,0.9838187702265372,309
P7,42,random_50,dnT_1,0.2857142857142857,0.21739130434782608,23
P7,42,random_50,dnT_2,0.9444444444444444,1.0,17
P7,42,random_50,gdT_1,0.9767441860465116,0.9905660377358491,106
P7,42,random_50,gdT_2,0.5294117647058825,0.375,24
P7,42,random_50,gdT_3,0.9015544041450778,0.9321428571428572,280
P7,42,random_50,gdT_4,0.6666666666666666,0.5714285714285714,28
P7,42,random_50,pDC,0.9936908517350158,0.9968354430379747,316
P7,42,random_70,ASDC_mDC,0.9166666666666666,0.9166666666666666,12
P7,42,random_70,ASDC_pDC,0.888888888888889,0.8,10
P7,42,random_70,B intermediate kappa,0.7556390977443609,0.7944664031620553,253
P7,42,random_70,B intermediate lambda,0.8474148802017655,0.8115942028985508,414
P7,42,random_70,B memory kappa,0.9153318077803203,0.9493670886075949,632
P7,42,random_70,B memory lambda,0.8940568475452196,0.9177718832891246,377
P7,42,random_70,B naive kappa,0.8791092258748675,0.8183613030602171,1013
P7,42,random_70,B naive lambda,0.8495821727019499,0.8970588235294118,680
P7,42,random_70,CD14 Mono,0.9883376639071847,0.9868468685893568,8287
P7,42,random_70,CD16 Mono,0.9527430744160783,0.9647964796479648,909
P7,42,random_70,CD4 CTL,0.9208333333333334,0.8599221789883269,514
P7,42,random_70,CD4 Naive,0.9615771474552405,0.9791069233920524,2441
P7,42,random_70,CD4 Proliferating,0.8260869565217391,0.8636363636363636,22
P7,42,random_70,CD4 TCM_1,0.8100531657805703,0.8559754851889684,979
P7,42,random_70,CD4 TCM_2,0.6517857142857143,0.5793650793650794,126
P7,42,random_70,CD4 TCM_3,0.7791164658634538,0.7860615883306321,617
P7,42,random_70,CD4 TEM_1,0.7420494699646643,0.7291666666666666,144
P7,42,random_70,CD4 TEM_2,0.5656565656565656,0.56,50
P7,42,random_70,CD4 TEM_3,0.6153846153846153,0.5263157894736842,266
P7,42,random_70,CD4 TEM_4,0.5306122448979592,0.43333333333333335,30
P7,42,random_70,CD8 Naive,0.9671717171717172,0.9905172413793103,1160
P7,42,random_70,CD8 Naive_2,0.5178571428571429,0.42028985507246375,69
P7,42,random_70,CD8 Proliferating,0.742857142857143,0.6190476190476191,21
P7,42,random_70,CD8 TCM_1,0.6826347305389222,0.6867469879518072,83
P7,42,random_70,CD8 TCM_2,0.7909604519774011,0.7368421052631579,95
P7,42,random_70,CD8 TCM_3,0.782608695652174,0.7346938775510204,49
P7,42,random_70,CD8 TEM_1,0.8463687150837989,0.8657142857142858,350
P7,42,random_70,CD8 TEM_2,0.6284074605451937,0.5201900237529691,421
P7,42,random_70,CD8 TEM_3,0.7951807228915663,0.7857142857142857,42
P7,42,random_70,CD8 TEM_4,0.6810102899906455,0.8646080760095012,421
P7,42,random_70,CD8 TEM_5,0.806083650190114,0.7794117647058824,272
P7,42,random_70,CD8 TEM_6,0.8026030368763557,0.7429718875502008,249
P7,42,random_70,Doublet,0.26666666666666666,0.22727272727272727,44
P7,42,random_70,Eryth,0.6666666666666666,0.5,4
P7,42,random_70,HSPC,0.9473684210526316,0.9,10
P7,42,random_70,ILC,0.8749999999999999,0.8235294117647058,17
P7,42,random_70,MAIT,0.9752650176678446,0.9822064056939501,281
P7,42,random_70,NK Proliferating,0.8155339805825242,0.84,50
P7,42,random_70,NK_1,0.9173086800205444,0.9093686354378818,982
P7,42,random_70,NK_2,0.8633663366336632,0.8549019607843137,765
P7,42,random_70,NK_3,0.6090909090909091,0.6320754716981132,212
P7,42,random_70,NK_4,0.6753246753246753,0.7155963302752294,218
P7,42,random_70,NK_CD56bright,0.8588235294117647,0.9605263157894737,76
P7,42,random_70,Plasma,0.9832402234636871,0.967032967032967,91
P7,42,random_70,Plasmablast,0.9166666666666666,0.9166666666666666,12
P7,42,random_70,Platelet,0.973630831643002,0.9580838323353293,501
P7,42,random_70,Treg Memory,0.7783251231527094,0.7596153846153846,104
P7,42,random_70,Treg Naive,0.5882352941176471,0.4411764705882353,136
P7,42,random_70,cDC1,1.0,1.0,47
P7,42,random_70,cDC2_1,0.6174863387978141,0.5380952380952381,210
P7,42,random_70,cDC2_2,0.8831168831168831,0.9902912621359223,309
P7,42,random_70,dnT_1,0.33333333333333337,0.2608695652173913,23
P7,42,random_70,dnT_2,0.9444444444444444,1.0,17
P7,42,random_70,gdT_1,0.9560975609756097,0.9245283018867925,106
P7,42,random_70,gdT_2,0.4571428571428572,0.3333333333333333,24
P7,42,random_70,gdT_3,0.896551724137931,0.9285714285714286,280
P7,42,random_70,gdT_4,0.5172413793103449,0.5357142857142857,28
P7,42,random_70,pDC,0.9968354430379747,0.9968354430379747,316
P7,42,marker_memory,ASDC_mDC,0.8461538461538461,0.9166666666666666,12
P7,42,marker_memory,ASDC_pDC,0.8235294117647058,0.7,10
P7,42,marker_memory,B intermediate kappa,0.7894736842105263,0.8300395256916996,253
P7,42,marker_memory,B intermediate lambda,0.8733087330873309,0.857487922705314,414
P7,42,marker_memory,B memory kappa,0.9228395061728395,0.9462025316455697,632
P7,42,marker_memory,B memory lambda,0.8941798941798942,0.896551724137931,377
P7,42,marker_memory,B naive kappa,0.9039958484691231,0.859822309970385,1013
P7,42,marker_memory,B naive lambda,0.8734982332155478,0.9088235294117647,680
P7,42,marker_memory,CD14 Mono,0.9883664566165777,0.9841921081211537,8287
P7,42,marker_memory,CD16 Mono,0.9498399146211313,0.9790979097909791,909
P7,42,marker_memory,CD4 CTL,0.9733464955577493,0.9591439688715954,514
P7,42,marker_memory,CD4 Naive,0.9700283515593359,0.9811552642359689,2441
P7,42,marker_memory,CD4 Proliferating,0.8,0.8181818181818182,22
P7,42,marker_memory,CD4 TCM_1,0.8287937743190662,0.8702757916241062,979
P7,42,marker_memory,CD4 TCM_2,0.7079646017699115,0.6349206349206349,126
P7,42,marker_memory,CD4 TCM_3,0.8215767634854771,0.8022690437601296,617
P7,42,marker_memory,CD4 TEM_1,0.7598566308243728,0.7361111111111112,144
P7,42,marker_memory,CD4 TEM_2,0.5625000000000001,0.54,50
P7,42,marker_memory,CD4 TEM_3,0.7550200803212852,0.706766917293233,266
P7,42,marker_memory,CD4 TEM_4,0.6122448979591837,0.5,30
P7,42,marker_memory,CD8 Naive,0.9696714406065713,0.9922413793103448,1160
P7,42,marker_memory,CD8 Naive_2,0.6050420168067228,0.5217391304347826,69
P7,42,marker_memory,CD8 Proliferating,0.8108108108108109,0.7142857142857143,21
P7,42,marker_memory,CD8 TCM_1,0.6982248520710059,0.7108433734939759,83
P7,42,marker_memory,CD8 TCM_2,0.8160919540229885,0.7473684210526316,95
P7,42,marker_memory,CD8 TCM_3,0.7865168539325842,0.7142857142857143,49
P7,42,marker_memory,CD8 TEM_1,0.8601864181091877,0.9228571428571428,350
P7,42,marker_memory,CD8 TEM_2,0.5842349304482225,0.4489311163895487,421
P7,42,marker_memory,CD8 TEM_3,0.7954545454545455,0.8333333333333334,42
P7,42,marker_memory,CD8 TEM_4,0.6940298507462686,0.8836104513064132,421
P7,42,marker_memory,CD8 TEM_5,0.8208092485549134,0.7830882352941176,272
P7,42,marker_memory,CD8 TEM_6,0.8183807439824945,0.751004016064257,249
P7,42,marker_memory,Doublet,0.44444444444444453,0.4090909090909091,44
P7,42,marker_memory,Eryth,0.6666666666666666,0.5,4
P7,42,marker_memory,HSPC,0.9473684210526316,0.9,10
P7,42,marker_memory,ILC,0.9714285714285714,1.0,17
P7,42,marker_memory,MAIT,0.9876543209876544,0.99644128113879,281
P7,42,marker_memory,NK Proliferating,0.816326530612245,0.8,50
P7,42,marker_memory,NK_1,0.9418254764292878,0.9562118126272913,982
P7,42,marker_memory,NK_2,0.8865295288652955,0.873202614379085,765
P7,42,marker_memory,NK_3,0.6519607843137255,0.6273584905660378,212
P7,42,marker_memory,NK_4,0.7034482758620689,0.7018348623853211,218
P7,42,marker_memory,NK_CD56bright,0.8505747126436782,0.9736842105263158,76
P7,42,marker_memory,Plasma,0.9832402234636871,0.967032967032967,91
P7,42,marker_memory,Plasmablast,0.9166666666666666,0.9166666666666666,12
P7,42,marker_memory,Platelet,0.9717741935483872,0.9620758483033932,501
P7,42,marker_memory,Treg Memory,0.8137254901960785,0.7980769230769231,104
P7,42,marker_memory,Treg Naive,0.7355371900826447,0.6544117647058824,136
P7,42,marker_memory,cDC1,1.0,1.0,47
P7,42,marker_memory,cDC2_1,0.6923076923076924,0.6428571428571429,210
P7,42,marker_memory,cDC2_2,0.907185628742515,0.9805825242718447,309
P7,42,marker_memory,dnT_1,0.3870967741935483,0.2608695652173913,23
P7,42,marker_memory,dnT_2,0.9714285714285714,1.0,17
P7,42,marker_memory,gdT_1,0.9905660377358491,0.9905660377358491,106
P7,42,marker_memory,gdT_2,0.611111111111111,0.4583333333333333,24
P7,42,marker_memory,gdT_3,0.92091388400703,0.9357142857142857,280
P7,42,marker_memory,gdT_4,0.6808510638297872,0.5714285714285714,28
P7,42,marker_memory,pDC,0.9936908517350158,0.9968354430379747,316
P7,42,marker_tcell,ASDC_mDC,0.8461538461538461,0.9166666666666666,12
P7,42,marker_tcell,ASDC_pDC,0.8235294117647058,0.7,10
P7,42,marker_tcell,B intermediate kappa,0.7786259541984734,0.8063241106719368,253
P7,42,marker_tcell,B intermediate lambda,0.8661800486618005,0.8599033816425121,414
P7,42,marker_tcell,B memory kappa,0.9233152594887684,0.9430379746835443,632
P7,42,marker_tcell,B memory lambda,0.8956406869220608,0.8992042440318302,377
P7,42,marker_tcell,B naive kappa,0.9019200830306174,0.857847976307996,1013
P7,42,marker_tcell,B naive lambda,0.8730606488011284,0.9102941176470588,680
P7,42,marker_tcell,CD14 Mono,0.9884277491669191,0.9843127790515265,8287
P7,42,marker_tcell,CD16 Mono,0.951063829787234,0.9834983498349835,909
P7,42,marker_tcell,CD4 CTL,0.9560878243512975,0.9319066147859922,514
P7,42,marker_tcell,CD4 Naive,0.9715447154471545,0.9791069233920524,2441
P7,42,marker_tcell,CD4 Proliferating,0.7843137254901961,0.9090909090909091,22
P7,42,marker_tcell,CD4 TCM_1,0.8374142997061704,0.8733401430030644,979
P7,42,marker_tcell,CD4 TCM_2,0.7241379310344827,0.6666666666666666,126
P7,42,marker_tcell,CD4 TCM_3,0.8246753246753246,0.8233387358184765,617
P7,42,marker_tcell,CD4 TEM_1,0.7563636363636363,0.7222222222222222,144
P7,42,marker_tcell,CD4 TEM_2,0.5567010309278351,0.54,50
P7,42,marker_tcell,CD4 TEM_3,0.7392197125256674,0.6766917293233082,266
P7,42,marker_tcell,CD4 TEM_4,0.653061224489796,0.5333333333333333,30
P7,42,marker_tcell,CD8 Naive,0.9682606855691916,0.9862068965517241,1160
P7,42,marker_tcell,CD8 Naive_2,0.6461538461538463,0.6086956521739131,69
P7,42,marker_tcell,CD8 Proliferating,0.7222222222222222,0.6190476190476191,21
P7,42,marker_tcell,CD8 TCM_1,0.6708860759493671,0.6385542168674698,83
P7,42,marker_tcell,CD8 TCM_2,0.7734806629834253,0.7368421052631579,95
P7,42,marker_tcell,CD8 TCM_3,0.7912087912087913,0.7346938775510204,49
P7,42,marker_tcell,CD8 TEM_1,0.8338108882521489,0.8314285714285714,350
P7,42,marker_tcell,CD8 TEM_2,0.5745007680491552,0.44418052256532065,421
P7,42,marker_tcell,CD8 TEM_3,0.8045977011494253,0.8333333333333334,42
P7,42,marker_tcell,CD8 TEM_4,0.6867579908675799,0.8931116389548693,421
P7,42,marker_tcell,CD8 TEM_5,0.8015414258188823,0.7647058823529411,272
P7,42,marker_tcell,CD8 TEM_6,0.7837259100642398,0.7349397590361446,249
P7,42,marker_tcell,Doublet,0.4533333333333333,0.38636363636363635,44
P7,42,marker_tcell,Eryth,0.6666666666666666,0.5,4
P7,42,marker_tcell,HSPC,0.9473684210526316,0.9,10
P7,42,marker_tcell,ILC,0.9714285714285714,1.0,17
P7,42,marker_tcell,MAIT,0.9488054607508533,0.9893238434163701,281
P7,42,marker_tcell,NK Proliferating,0.7959183673469388,0.78,50
P7,42,marker_tcell,NK_1,0.9409409409409409,0.9572301425661914,982
P7,42,marker_tcell,NK_2,0.8890330953926022,0.8954248366013072,765
P7,42,marker_tcell,NK_3,0.5963060686015832,0.5330188679245284,212
P7,42,marker_tcell,NK_4,0.7020785219399539,0.6972477064220184,218
P7,42,marker_tcell,NK_CD56bright,0.8604651162790697,0.9736842105263158,76
P7,42,marker_tcell,Plasma,0.9832402234636871,0.967032967032967,91
P7,42,marker_tcell,Plasmablast,0.9166666666666666,0.9166666666666666,12
P7,42,marker_tcell,Platelet,0.9726996966632963,0.9600798403193613,501
P7,42,marker_tcell,Treg Memory,0.8333333333333334,0.8173076923076923,104
P7,42,marker_tcell,Treg Naive,0.7953667953667953,0.7573529411764706,136
P7,42,marker_tcell,cDC1,1.0,1.0,47
P7,42,marker_tcell,cDC2_1,0.6820512820512821,0.6333333333333333,210
P7,42,marker_tcell,cDC2_2,0.9014925373134327,0.9773462783171522,309
P7,42,marker_tcell,dnT_1,0.2857142857142857,0.21739130434782608,23
P7,42,marker_tcell,dnT_2,0.9444444444444444,1.0,17
P7,42,marker_tcell,gdT_1,0.8369565217391304,0.7264150943396226,106
P7,42,marker_tcell,gdT_2,0.4390243902439025,0.375,24
P7,42,marker_tcell,gdT_3,0.8646748681898067,0.8785714285714286,280
P7,42,marker_tcell,gdT_4,0.4838709677419355,0.5357142857142857,28
P7,42,marker_tcell,pDC,0.9936908517350158,0.9968354430379747,316
P7,42,rna_only,ASDC_mDC,0.9166666666666666,0.9166666666666666,12
P7,42,rna_only,ASDC_pDC,0.888888888888889,0.8,10
P7,42,rna_only,B intermediate kappa,0.7575221238938054,0.8458498023715415,253
P7,42,rna_only,B intermediate lambda,0.8496240601503758,0.8188405797101449,414
P7,42,rna_only,B memory kappa,0.9132134480062548,0.9240506329113924,632
P7,42,rna_only,B memory lambda,0.8880208333333334,0.9045092838196287,377
P7,42,rna_only,B naive kappa,0.8900414937759337,0.8469891411648569,1013
P7,42,rna_only,B naive lambda,0.856325947105075,0.8808823529411764,680
P7,42,rna_only,CD14 Mono,0.9861068980161379,0.9806926511403403,8287
P7,42,rna_only,CD16 Mono,0.9460625674217908,0.9647964796479648,909
P7,42,rna_only,CD4 CTL,0.8888888888888888,0.8093385214007782,514
P7,42,rna_only,CD4 Naive,0.9629032258064516,0.9782875870544858,2441
P7,42,rna_only,CD4 Proliferating,0.76,0.8636363636363636,22
P7,42,rna_only,CD4 TCM_1,0.8120971740208228,0.8365679264555669,979
P7,42,rna_only,CD4 TCM_2,0.6551724137931034,0.6031746031746031,126
P7,42,rna_only,CD4 TCM_3,0.7835703001579778,0.8038897893030794,617
P7,42,rna_only,CD4 TEM_1,0.6992481203007519,0.6458333333333334,144
P7,42,rna_only,CD4 TEM_2,0.5142857142857142,0.54,50
P7,42,rna_only,CD4 TEM_3,0.6166328600405678,0.5714285714285714,266
P7,42,rna_only,CD4 TEM_4,0.125,0.06666666666666667,30
P7,42,rna_only,CD8 Naive,0.9598986914309836,0.9801724137931035,1160
P7,42,rna_only,CD8 Naive_2,0.5042016806722689,0.43478260869565216,69
P7,42,rna_only,CD8 Proliferating,0.6842105263157895,0.6190476190476191,21
P7,42,rna_only,CD8 TCM_1,0.6136363636363636,0.6506024096385542,83
P7,42,rna_only,CD8 TCM_2,0.7150837988826816,0.6736842105263158,95
P7,42,rna_only,CD8 TCM_3,0.617283950617284,0.5102040816326531,49
P7,42,rna_only,CD8 TEM_1,0.8245125348189416,0.8457142857142858,350
P7,42,rna_only,CD8 TEM_2,0.5299684542586751,0.3990498812351544,421
P7,42,rna_only,CD8 TEM_3,0.6829268292682926,0.6666666666666666,42
P7,42,rna_only,CD8 TEM_4,0.6502636203866433,0.8788598574821853,421
P7,42,rna_only,CD8 TEM_5,0.7715355805243445,0.7573529411764706,272
P7,42,rna_only,CD8 TEM_6,0.7827956989247312,0.7309236947791165,249
P7,42,rna_only,Doublet,0.20754716981132076,0.25,44
P7,42,rna_only,Eryth,0.6666666666666666,0.5,4
P7,42,rna_only,HSPC,0.9473684210526316,0.9,10
P7,42,rna_only,ILC,0.9142857142857143,0.9411764705882353,17
P7,42,rna_only,MAIT,0.9590017825311943,0.9572953736654805,281
P7,42,rna_only,NK Proliferating,0.8118811881188118,0.82,50
P7,42,rna_only,NK_1,0.9051094890510949,0.8839103869653768,982
P7,42,rna_only,NK_2,0.8668810289389066,0.8810457516339869,765
P7,42,rna_only,NK_3,0.5534883720930233,0.5613207547169812,212
P7,42,rna_only,NK_4,0.6636771300448431,0.6788990825688074,218
P7,42,rna_only,NK_CD56bright,0.8484848484848485,0.9210526315789473,76
P7,42,rna_only,Plasma,0.9832402234636871,0.967032967032967,91
P7,42,rna_only,Plasmablast,0.9166666666666666,0.9166666666666666,12
P7,42,rna_only,Platelet,0.9696969696969697,0.9580838323353293,501
P7,42,rna_only,Treg Memory,0.803921568627451,0.7884615384615384,104
P7,42,rna_only,Treg Naive,0.6695278969957081,0.5735294117647058,136
P7,42,rna_only,cDC1,1.0,1.0,47
P7,42,rna_only,cDC2_1,0.6307692307692309,0.5857142857142857,210
P7,42,rna_only,cDC2_2,0.8892128279883382,0.9870550161812298,309
P7,42,rna_only,dnT_1,0.25,0.17391304347826086,23
P7,42,rna_only,dnT_2,0.9714285714285714,1.0,17
P7,42,rna_only,gdT_1,0.9333333333333333,0.9245283018867925,106
P7,42,rna_only,gdT_2,0.4390243902439025,0.375,24
P7,42,rna_only,gdT_3,0.8610634648370498,0.8964285714285715,280
P7,42,rna_only,gdT_4,0.3548387096774193,0.39285714285714285,28
P7,42,rna_only,pDC,0.9952456418383518,0.9936708860759493,316
P7,42,random_size_matched_6,ASDC_mDC,0.8461538461538461,0.9166666666666666,12
P7,42,random_size_matched_6,ASDC_pDC,0.8235294117647058,0.7,10
P7,42,random_size_matched_6,B intermediate kappa,0.7884615384615384,0.8102766798418972,253
P7,42,random_size_matched_6,B intermediate lambda,0.8632371392722711,0.8309178743961353,414
P7,42,random_size_matched_6,B memory kappa,0.9194167306216424,0.9477848101265823,632
P7,42,random_size_matched_6,B memory lambda,0.887434554973822,0.8992042440318302,377
P7,42,random_size_matched_6,B naive kappa,0.904517453798768,0.8696939782823297,1013
P7,42,random_size_matched_6,B naive lambda,0.8699360341151385,0.9,680
P7,42,random_size_matched_6,CD14 Mono,0.9879970902036858,0.9833474116085436,8287
P7,42,random_size_matched_6,CD16 Mono,0.9501061571125266,0.9845984598459846,909
P7,42,random_size_matched_6,CD4 CTL,0.9804305283757337,0.9747081712062257,514
P7,42,random_size_matched_6,CD4 Naive,0.972797401542834,0.9815649324047522,2441
P7,42,random_size_matched_6,CD4 Proliferating,0.8085106382978724,0.8636363636363636,22
P7,42,random_size_matched_6,CD4 TCM_1,0.8291262135922332,0.8723186925434117,979
P7,42,random_size_matched_6,CD4 TCM_2,0.717948717948718,0.6666666666666666,126
P7,42,random_size_matched_6,CD4 TCM_3,0.820215410107705,0.8022690437601296,617
P7,42,random_size_matched_6,CD4 TEM_1,0.7725631768953068,0.7430555555555556,144
P7,42,random_size_matched_6,CD4 TEM_2,0.5591397849462365,0.52,50
P7,42,random_size_matched_6,CD4 TEM_3,0.7412008281573499,0.6729323308270677,266
P7,42,random_size_matched_6,CD4 TEM_4,0.7272727272727272,0.6666666666666666,30
P7,42,random_size_matched_6,CD8 Naive,0.9701555275325768,0.9948275862068966,1160
P7,42,random_size_matched_6,CD8 Naive_2,0.5666666666666667,0.4927536231884058,69
P7,42,random_size_matched_6,CD8 Proliferating,0.742857142857143,0.6190476190476191,21
P7,42,random_size_matched_6,CD8 TCM_1,0.7169811320754716,0.6867469879518072,83
P7,42,random_size_matched_6,CD8 TCM_2,0.813953488372093,0.7368421052631579,95
P7,42,random_size_matched_6,CD8 TCM_3,0.8045977011494253,0.7142857142857143,49
P7,42,random_size_matched_6,CD8 TEM_1,0.8712011577424024,0.86,350
P7,42,random_size_matched_6,CD8 TEM_2,0.5670261941448382,0.43705463182897863,421
P7,42,random_size_matched_6,CD8 TEM_3,0.8048780487804876,0.7857142857142857,42
P7,42,random_size_matched_6,CD8 TEM_4,0.7024567788899,0.9168646080760094,421
P7,42,random_size_matched_6,CD8 TEM_5,0.8320610687022901,0.8014705882352942,272
P7,42,random_size_matched_6,CD8 TEM_6,0.8518518518518519,0.8313253012048193,249
P7,42,random_size_matched_6,Doublet,0.3896103896103896,0.3409090909090909,44
P7,42,random_size_matched_6,Eryth,0.6666666666666666,0.5,4
P7,42,random_size_matched_6,HSPC,0.9473684210526316,0.9,10
P7,42,random_size_matched_6,ILC,0.9714285714285714,1.0,17
P7,42,random_size_matched_6,MAIT,0.9911190053285969,0.9928825622775801,281
P7,42,random_size_matched_6,NK Proliferating,0.8041237113402062,0.78,50
P7,42,random_size_matched_6,NK_1,0.944944944944945,0.9613034623217923,982
P7,42,random_size_matched_6,NK_2,0.8860759493670886,0.869281045751634,765
P7,42,random_size_matched_6,NK_3,0.6503667481662592,0.6273584905660378,212
P7,42,random_size_matched_6,NK_4,0.7110091743119266,0.7110091743119266,218
P7,42,random_size_matched_6,NK_CD56bright,0.8654970760233919,0.9736842105263158,76
P7,42,random_size_matched_6,Plasma,0.9832402234636871,0.967032967032967,91
P7,42,random_size_matched_6,Plasmablast,0.9166666666666666,0.9166666666666666,12
P7,42,random_size_matched_6,Platelet,0.9726996966632963,0.9600798403193613,501
P7,42,random_size_matched_6,Treg Memory,0.8431372549019608,0.8269230769230769,104
P7,42,random_size_matched_6,Treg Naive,0.792156862745098,0.7426470588235294,136
P7,42,random_size_matched_6,cDC1,1.0,1.0,47
P7,42,random_size_matched_6,cDC2_1,0.6666666666666667,0.6142857142857143,210
P7,42,random_size_matched_6,cDC2_2,0.8977777777777779,0.9805825242718447,309
P7,42,random_size_matched_6,dnT_1,0.5405405405405405,0.43478260869565216,23
P7,42,random_size_matched_6,dnT_2,0.9714285714285714,1.0,17
P7,42,random_size_matched_6,gdT_1,0.9857819905213271,0.9811320754716981,106
P7,42,random_size_matched_6,gdT_2,0.5882352941176471,0.4166666666666667,24
P7,42,random_size_matched_6,gdT_3,0.9303135888501741,0.9535714285714286,280
P7,42,random_size_matched_6,gdT_4,0.7346938775510204,0.6428571428571429,28
P7,42,random_size_matched_6,pDC,0.9936908517350158,0.9968354430379747,316
P7,42,random_size_matched_15,ASDC_mDC,0.8148148148148148,0.9166666666666666,12
P7,42,random_size_matched_15,ASDC_pDC,0.8235294117647058,0.7,10
P7,42,random_size_matched_15,B intermediate kappa,0.7767354596622889,0.8181818181818182,253
P7,42,random_size_matched_15,B intermediate lambda,0.8717948717948719,0.8623188405797102,414
P7,42,random_size_matched_15,B memory kappa,0.9216589861751151,0.9493670886075949,632
P7,42,random_size_matched_15,B memory lambda,0.9005235602094239,0.9124668435013262,377
P7,42,random_size_matched_15,B naive kappa,0.9008350730688935,0.8519249753208292,1013
P7,42,random_size_matched_15,B naive lambda,0.8697508896797154,0.8985294117647059,680
P7,42,random_size_matched_15,CD14 Mono,0.9883692755027865,0.9844334499818994,8287
P7,42,random_size_matched_15,CD16 Mono,0.9509071504802561,0.9801980198019802,909
P7,42,random_size_matched_15,CD4 CTL,0.9813907933398629,0.9747081712062257,514
P7,42,random_size_matched_15,CD4 Naive,0.972753151687678,0.979926259729619,2441
P7,42,random_size_matched_15,CD4 Proliferating,0.7826086956521738,0.8181818181818182,22
P7,42,random_size_matched_15,CD4 TCM_1,0.8348579682233991,0.8855975485188968,979
P7,42,random_size_matched_15,CD4 TCM_2,0.7074235807860262,0.6428571428571429,126
P7,42,random_size_matched_15,CD4 TCM_3,0.7824701195219124,0.7957860615883307,617
P7,42,random_size_matched_15,CD4 TEM_1,0.7773851590106007,0.7638888888888888,144
P7,42,random_size_matched_15,CD4 TEM_2,0.5652173913043478,0.52,50
P7,42,random_size_matched_15,CD4 TEM_3,0.5903890160183066,0.4849624060150376,266
P7,42,random_size_matched_15,CD4 TEM_4,0.5777777777777778,0.43333333333333335,30
P7,42,random_size_matched_15,CD8 Naive,0.9701304164913755,0.9939655172413793,1160
P7,42,random_size_matched_15,CD8 Naive_2,0.6065573770491803,0.5362318840579711,69
P7,42,random_size_matched_15,CD8 Proliferating,0.7777777777777778,0.6666666666666666,21
P7,42,random_size_matched_15,CD8 TCM_1,0.7058823529411764,0.7228915662650602,83
P7,42,random_size_matched_15,CD8 TCM_2,0.813953488372093,0.7368421052631579,95
P7,42,random_size_matched_15,CD8 TCM_3,0.7228915662650602,0.6122448979591837,49
P7,42,random_size_matched_15,CD8 TEM_1,0.8636363636363636,0.8685714285714285,350
P7,42,random_size_matched_15,CD8 TEM_2,0.6017699115044248,0.4845605700712589,421
P7,42,random_size_matched_15,CD8 TEM_3,0.7529411764705882,0.7619047619047619,42
P7,42,random_size_matched_15,CD8 TEM_4,0.7074317968015053,0.8931116389548693,421
P7,42,random_size_matched_15,CD8 TEM_5,0.8307692307692308,0.7941176470588235,272
P7,42,random_size_matched_15,CD8 TEM_6,0.8425531914893618,0.7951807228915663,249
P7,42,random_size_matched_15,Doublet,0.45,0.4090909090909091,44
P7,42,random_size_matched_15,Eryth,0.6666666666666666,0.5,4
P7,42,random_size_matched_15,HSPC,0.9473684210526316,0.9,10
P7,42,random_size_matched_15,ILC,0.9714285714285714,1.0,17
P7,42,random_size_matched_15,MAIT,0.9893992932862191,0.99644128113879,281
P7,42,random_size_matched_15,NK Proliferating,0.8282828282828283,0.82,50
P7,42,random_size_matched_15,NK_1,0.9454545454545455,0.9531568228105907,982
P7,42,random_size_matched_15,NK_2,0.8868660598179453,0.8915032679738563,765
P7,42,random_size_matched_15,NK_3,0.6416040100250626,0.6037735849056604,212
P7,42,random_size_matched_15,NK_4,0.7363636363636364,0.7431192660550459,218
P7,42,random_size_matched_15,NK_CD56bright,0.9113924050632912,0.9473684210526315,76
P7,42,random_size_matched_15,Plasma,0.9832402234636871,0.967032967032967,91
P7,42,random_size_matched_15,Plasmablast,0.9166666666666666,0.9166666666666666,12
P7,42,random_size_matched_15,Platelet,0.97165991902834,0.9580838323353293,501
P7,42,random_size_matched_15,Treg Memory,0.8285714285714286,0.8365384615384616,104
P7,42,random_size_matched_15,Treg Naive,0.7630522088353414,0.6985294117647058,136
P7,42,random_size_matched_15,cDC1,1.0,1.0,47
P7,42,random_size_matched_15,cDC2_1,0.6489361702127661,0.580952380952381,210
P7,42,random_size_matched_15,cDC2_2,0.8898678414096918,0.9805825242718447,309
P7,42,random_size_matched_15,dnT_1,0.4864864864864865,0.391304347826087,23
P7,42,random_size_matched_15,dnT_2,0.9714285714285714,1.0,17
P7,42,random_size_matched_15,gdT_1,0.9809523809523809,0.9716981132075472,106
P7,42,random_size_matched_15,gdT_2,0.6486486486486487,0.5,24
P7,42,random_size_matched_15,gdT_3,0.9228070175438597,0.9392857142857143,280
P7,42,random_size_matched_15,gdT_4,0.7200000000000001,0.6428571428571429,28
P7,42,random_size_matched_15,pDC,0.9936908517350158,0.9968354430379747,316
P7,43,full,ASDC_mDC,0.8148148148148148,0.9166666666666666,12
P7,43,full,ASDC_pDC,0.8000000000000002,0.8,10
P7,43,full,B intermediate kappa,0.7803921568627451,0.7865612648221344,253
P7,43,full,B intermediate lambda,0.8412322274881517,0.857487922705314,414
P7,43,full,B memory kappa,0.8946058091286307,0.8528481012658228,632
P7,43,full,B memory lambda,0.8436018957345971,0.9442970822281167,377
P7,43,full,B naive kappa,0.9132602193419741,0.9042448173741362,1013
P7,43,full,B naive lambda,0.8758465011286681,0.8558823529411764,680
P7,43,full,CD14 Mono,0.988880111806526,0.981899360444069,8287
P7,43,full,CD16 Mono,0.9526315789473684,0.9955995599559956,909
P7,43,full,CD4 CTL,0.9863281249999999,0.9824902723735408,514
P7,43,full,CD4 Naive,0.9765721331689273,0.9733715690290864,2441
P7,43,full,CD4 Proliferating,0.7636363636363637,0.9545454545454546,22
P7,43,full,CD4 TCM_1,0.8601609657947688,0.8733401430030644,979
P7,43,full,CD4 TCM_2,0.7385892116182572,0.7063492063492064,126
P7,43,full,CD4 TCM_3,0.8600167644593462,0.8314424635332253,617
P7,43,full,CD4 TEM_1,0.7335640138408304,0.7361111111111112,144
P7,43,full,CD4 TEM_2,0.6268656716417911,0.84,50
P7,43,full,CD4 TEM_3,0.7869481765834933,0.7706766917293233,266
P7,43,full,CD4 TEM_4,0.7647058823529413,0.8666666666666667,30
P7,43,full,CD8 Naive,0.9774372073222648,0.9896551724137931,1160
P7,43,full,CD8 Naive_2,0.6821705426356589,0.6376811594202898,69
P7,43,full,CD8 Proliferating,0.8108108108108109,0.7142857142857143,21
P7,43,full,CD8 TCM_1,0.6878306878306878,0.7831325301204819,83
P7,43,full,CD8 TCM_2,0.8202247191011235,0.7684210526315789,95
P7,43,full,CD8 TCM_3,0.8,0.7346938775510204,49
P7,43,full,CD8 TEM_1,0.8512658227848102,0.7685714285714286,350
P7,43,full,CD8 TEM_2,0.5266558966074313,0.38717339667458434,421
P7,43,full,CD8 TEM_3,0.6829268292682926,0.6666666666666666,42
P7,43,full,CD8 TEM_4,0.7033175355450237,0.8812351543942993,421
P7,43,full,CD8 TEM_5,0.8542372881355932,0.9264705882352942,272
P7,43,full,CD8 TEM_6,0.8481481481481481,0.9196787148594378,249
P7,43,full,Doublet,0.625,0.5681818181818182,44
P7,43,full,Eryth,0.6666666666666666,0.5,4
P7,43,full,HSPC,0.9473684210526316,0.9,10
P7,43,full,ILC,0.9189189189189189,1.0,17
P7,43,full,MAIT,0.9805996472663139,0.9893238434163701,281
P7,43,full,NK Proliferating,0.8222222222222222,0.74,50
P7,43,full,NK_1,0.9107227208313651,0.9816700610997964,982
P7,43,full,NK_2,0.8434782608695651,0.7607843137254902,765
P7,43,full,NK_3,0.6220095693779903,0.6132075471698113,212
P7,43,full,NK_4,0.6818181818181819,0.6880733944954128,218
P7,43,full,NK_CD56bright,0.8805031446540881,0.9210526315789473,76
P7,43,full,Plasma,0.994475138121547,0.989010989010989,91
P7,43,full,Plasmablast,0.9565217391304348,0.9166666666666666,12
P7,43,full,Platelet,0.9698795180722892,0.9640718562874252,501
P7,43,full,Treg Memory,0.8558558558558559,0.9134615384615384,104
P7,43,full,Treg Naive,0.8582677165354331,0.8014705882352942,136
P7,43,full,cDC1,1.0,1.0,47
P7,43,full,cDC2_1,0.7983539094650205,0.9238095238095239,210
P7,43,full,cDC2_2,0.9235993208828523,0.8802588996763754,309
P7,43,full,dnT_1,0.4999999999999999,0.5217391304347826,23
P7,43,full,dnT_2,0.9714285714285714,1.0,17
P7,43,full,gdT_1,0.9411764705882353,0.9056603773584906,106
P7,43,full,gdT_2,0.5365853658536585,0.4583333333333333,24
P7,43,full,gdT_3,0.9159212880143113,0.9142857142857143,280
P7,43,full,gdT_4,0.6666666666666666,0.6428571428571429,28
P7,43,full,pDC,0.9936708860759493,0.9936708860759493,316
P7,43,random_10,ASDC_mDC,0.8148148148148148,0.9166666666666666,12
P7,43,random_10,ASDC_pDC,0.8000000000000002,0.8,10
P7,43,random_10,B intermediate kappa,0.7762376237623763,0.7747035573122529,253
P7,43,random_10,B intermediate lambda,0.8469750889679715,0.8623188405797102,414
P7,43,random_10,B memory kappa,0.8890742285237699,0.8433544303797469,632
P7,43,random_10,B memory lambda,0.8364485981308412,0.9496021220159151,377
P7,43,random_10,B naive kappa,0.914713216957606,0.9052319842053307,1013
P7,43,random_10,B naive lambda,0.8745304282494365,0.8558823529411764,680
P7,43,random_10,CD14 Mono,0.989932071809801,0.984795462773018,8287
P7,43,random_10,CD16 Mono,0.9582887700534759,0.9856985698569857,909
P7,43,random_10,CD4 CTL,0.98635477582846,0.9844357976653697,514
P7,43,random_10,CD4 Naive,0.9727737973387922,0.9733715690290864,2441
P7,43,random_10,CD4 Proliferating,0.7777777777777778,0.9545454545454546,22
P7,43,random_10,CD4 TCM_1,0.8427796944307541,0.8733401430030644,979
P7,43,random_10,CD4 TCM_2,0.7459016393442622,0.7222222222222222,126
P7,43,random_10,CD4 TCM_3,0.8445199660152931,0.8055105348460292,617
P7,43,random_10,CD4 TEM_1,0.7357142857142858,0.7152777777777778,144
P7,43,random_10,CD4 TEM_2,0.5970149253731344,0.8,50
P7,43,random_10,CD4 TEM_3,0.7876447876447876,0.7669172932330827,266
P7,43,random_10,CD4 TEM_4,0.7323943661971831,0.8666666666666667,30
P7,43,random_10,CD8 Naive,0.9748615253515126,0.9862068965517241,1160
P7,43,random_10,CD8 Naive_2,0.6323529411764706,0.6231884057971014,69
P7,43,random_10,CD8 Proliferating,0.742857142857143,0.6190476190476191,21
P7,43,random_10,CD8 TCM_1,0.6737967914438502,0.7590361445783133,83
P7,43,random_10,CD8 TCM_2,0.8022598870056497,0.7473684210526316,95
P7,43,random_10,CD8 TCM_3,0.8131868131868131,0.7551020408163265,49
P7,43,random_10,CD8 TEM_1,0.8571428571428571,0.78,350
P7,43,random_10,CD8 TEM_2,0.5283630470016207,0.38717339667458434,421
P7,43,random_10,CD8 TEM_3,0.6666666666666666,0.6428571428571429,42
P7,43,random_10,CD8 TEM_4,0.7020872865275142,0.8788598574821853,421
P7,43,random_10,CD8 TEM_5,0.8403361344537816,0.9191176470588235,272
P7,43,random_10,CD8 TEM_6,0.839779005524862,0.9156626506024096,249
P7,43,random_10,Doublet,0.6419753086419754,0.5909090909090909,44
P7,43,random_10,Eryth,0.6666666666666666,0.5,4
P7,43,random_10,HSPC,0.9473684210526316,0.9,10
P7,43,random_10,ILC,0.9714285714285714,1.0,17
P7,43,random_10,MAIT,0.9719298245614035,0.9857651245551602,281
P7,43,random_10,NK Proliferating,0.8387096774193548,0.78,50
P7,43,random_10,NK_1,0.9155131264916468,0.9765784114052953,982
P7,43,random_10,NK_2,0.841339155749636,0.7555555555555555,765
P7,43,random_10,NK_3,0.6218097447795824,0.6320754716981132,212
P7,43,random_10,NK_4,0.6979865771812082,0.7155963302752294,218
P7,43,random_10,NK_CD56bright,0.8987341772151899,0.9342105263157895,76
P7,43,random_10,Plasma,0.9888888888888888,0.978021978021978,91
P7,43,random_10,Plasmablast,0.9565217391304348,0.9166666666666666,12
P7,43,random_10,Platelet,0.9718875502008032,0.9660678642714571,501
P7,43,random_10,Treg Memory,0.8256880733944955,0.8653846153846154,104
P7,43,random_10,Treg Naive,0.7377777777777779,0.6102941176470589,136
P7,43,random_10,cDC1,1.0,1.0,47
P7,43,random_10,cDC2_1,0.8,0.9333333333333333,210
P7,43,random_10,cDC2_2,0.9228130360205833,0.8705501618122977,309
P7,43,random_10,dnT_1,0.4390243902439025,0.391304347826087,23
P7,43,random_10,dnT_2,0.9714285714285714,1.0,17
P7,43,random_10,gdT_1,0.9137055837563451,0.8490566037735849,106
P7,43,random_10,gdT_2,0.5365853658536585,0.4583333333333333,24
P7,43,random_10,gdT_3,0.9074733096085409,0.9107142857142857,280
P7,43,random_10,gdT_4,0.7636363636363638,0.75,28
P7,43,random_10,pDC,0.9952456418383518,0.9936708860759493,316
P7,43,random_30,ASDC_mDC,0.8148148148148148,0.9166666666666666,12
P7,43,random_30,ASDC_pDC,0.7368421052631577,0.7,10
P7,43,random_30,B intermediate kappa,0.7784200385356456,0.7984189723320159,253
P7,43,random_30,B intermediate lambda,0.829326923076923,0.8333333333333334,414
P7,43,random_30,B memory kappa,0.8888888888888888,0.8481012658227848,632
P7,43,random_30,B memory lambda,0.839766081871345,0.9522546419098143,377
P7,43,random_30,B naive kappa,0.9126703685007571,0.8923988153998026,1013
P7,43,random_30,B naive lambda,0.8713754646840149,0.861764705882353,680
P7,43,random_30,CD14 Mono,0.9876693190791471,0.9810546639314589,8287
P7,43,random_30,CD16 Mono,0.9479221462388217,0.9911991199119912,909
P7,43,random_30,CD4 CTL,0.98635477582846,0.9844357976653697,514
P7,43,random_30,CD4 Naive,0.9748245976062733,0.9676362146661205,2441
P7,43,random_30,CD4 Proliferating,0.75,0.9545454545454546,22
P7,43,random_30,CD4 TCM_1,0.8413991375179685,0.8968335035750766,979
P7,43,random_30,CD4 TCM_2,0.7456140350877194,0.6746031746031746,126
P7,43,random_30,CD4 TCM_3,0.7963424771404821,0.7763371150729336,617
P7,43,random_30,CD4 TEM_1,0.7101449275362319,0.6805555555555556,144
P7,43,random_30,CD4 TEM_2,0.5714285714285715,0.76,50
P7,43,random_30,CD4 TEM_3,0.6416666666666667,0.5789473684210527,266
P7,43,random_30,CD4 TEM_4,0.6206896551724138,0.6,30
P7,43,random_30,CD8 Naive,0.9766056997022543,0.9896551724137931,1160
P7,43,random_30,CD8 Naive_2,0.6356589147286822,0.5942028985507246,69
P7,43,random_30,CD8 Proliferating,0.8108108108108109,0.7142857142857143,21
P7,43,random_30,CD8 TCM_1,0.6767676767676767,0.8072289156626506,83
P7,43,random_30,CD8 TCM_2,0.811764705882353,0.7263157894736842,95
P7,43,random_30,CD8 TCM_3,0.75,0.673469387755102,49
P7,43,random_30,CD8 TEM_1,0.8558139534883721,0.7885714285714286,350
P7,43,random_30,CD8 TEM_2,0.5745682888540031,0.4346793349168646,421
P7,43,random_30,CD8 TEM_3,0.6835443037974683,0.6428571428571429,42
P7,43,random_30,CD8 TEM_4,0.7111984282907662,0.8598574821852731,421
P7,43,random_30,CD8 TEM_5,0.8556876061120543,0.9264705882352942,272
P7,43,random_30,CD8 TEM_6,0.8438661710037174,0.9116465863453815,249
P7,43,random_30,Doublet,0.44776119402985076,0.3409090909090909,44
P7,43,random_30,Eryth,0.6666666666666666,0.5,4
P7,43,random_30,HSPC,0.9473684210526316,0.9,10
P7,43,random_30,ILC,0.8717948717948718,1.0,17
P7,43,random_30,MAIT,0.9821428571428571,0.9786476868327402,281
P7,43,random_30,NK Proliferating,0.7999999999999999,0.72,50
P7,43,random_30,NK_1,0.921822541966427,0.9786150712830958,982
P7,43,random_30,NK_2,0.846820809248555,0.7660130718954249,765
P7,43,random_30,NK_3,0.6320541760722348,0.660377358490566,212
P7,43,random_30,NK_4,0.682608695652174,0.7201834862385321,218
P7,43,random_30,NK_CD56bright,0.912751677852349,0.8947368421052632,76
P7,43,random_30,Plasma,0.994475138121547,0.989010989010989,91
P7,43,random_30,Plasmablast,0.9565217391304348,0.9166666666666666,12
P7,43,random_30,Platelet,0.971830985915493,0.9640718562874252,501
P7,43,random_30,Treg Memory,0.8105726872246696,0.8846153846153846,104
P7,43,random_30,Treg Naive,0.8099173553719008,0.7205882352941176,136
P7,43,random_30,cDC1,0.989247311827957,0.9787234042553191,47
P7,43,random_30,cDC2_1,0.7732793522267206,0.9095238095238095,210
P7,43,random_30,cDC2_2,0.9090909090909092,0.8576051779935275,309
P7,43,random_30,dnT_1,0.5185185185185185,0.6086956521739131,23
P7,43,random_30,dnT_2,0.9714285714285714,1.0,17
P7,43,random_30,gdT_1,0.9714285714285713,0.9622641509433962,106
P7,43,random_30,gdT_2,0.5641025641025641,0.4583333333333333,24
P7,43,random_30,gdT_3,0.899641577060932,0.8964285714285715,280
P7,43,random_30,gdT_4,0.6792452830188679,0.6428571428571429,28
P7,43,random_30,pDC,0.9936908517350158,0.9968354430379747,316
P7,43,random_50,ASDC_mDC,0.8148148148148148,0.9166666666666666,12
P7,43,random_50,ASDC_pDC,0.8000000000000002,0.8,10
P7,43,random_50,B intermediate kappa,0.7651515151515151,0.7984189723320159,253
P7,43,random_50,B intermediate lambda,0.8305084745762712,0.8285024154589372,414
P7,43,random_50,B memory kappa,0.8901927912824811,0.8401898734177216,632
P7,43,random_50,B memory lambda,0.8434579439252338,0.9575596816976127,377
P7,43,random_50,B naive kappa,0.9088191330343796,0.9002961500493584,1013
P7,43,random_50,B naive lambda,0.8644578313253012,0.8441176470588235,680
P7,43,random_50,CD14 Mono,0.9911995177817963,0.9921563895257632,8287
P7,43,random_50,CD16 Mono,0.9689373297002725,0.977997799779978,909
P7,43,random_50,CD4 CTL,0.956956956956957,0.9299610894941635,514
P7,43,random_50,CD4 Naive,0.9721477202393234,0.9651782056534207,2441
P7,43,random_50,CD4 Proliferating,0.7636363636363637,0.9545454545454546,22
P7,43,random_50,CD4 TCM_1,0.8464606181455634,0.8672114402451481,979
P7,43,random_50,CD4 TCM_2,0.7310924369747899,0.6904761904761905,126
P7,43,random_50,CD4 TCM_3,0.8167202572347267,0.8233387358184765,617
P7,43,random_50,CD4 TEM_1,0.7098976109215017,0.7222222222222222,144
P7,43,random_50,CD4 TEM_2,0.5789473684210525,0.66,50
P7,43,random_50,CD4 TEM_3,0.6502835538752363,0.6466165413533834,266
P7,43,random_50,CD4 TEM_4,0.2222222222222222,0.13333333333333333,30
P7,43,random_50,CD8 Naive,0.9709153122326776,0.978448275862069,1160
P7,43,random_50,CD8 Naive_2,0.5826771653543308,0.5362318840579711,69
P7,43,random_50,CD8 Proliferating,0.6857142857142857,0.5714285714285714,21
P7,43,random_50,CD8 TCM_1,0.6063348416289592,0.8072289156626506,83
P7,43,random_50,CD8 TCM_2,0.7657142857142857,0.7052631578947368,95
P7,43,random_50,CD8 TCM_3,0.42424242424242414,0.2857142857142857,49
P7,43,random_50,CD8 TEM_1,0.8242612752721618,0.7571428571428571,350
P7,43,random_50,CD8 TEM_2,0.5855161787365177,0.4513064133016627,421
P7,43,random_50,CD8 TEM_3,0.6486486486486486,0.5714285714285714,42
P7,43,random_50,CD8 TEM_4,0.6932814021421617,0.8456057007125891,421
P7,43,random_50,CD8 TEM_5,0.8353552859618717,0.8860294117647058,272
P7,43,random_50,CD8 TEM_6,0.7936507936507936,0.8032128514056225,249
P7,43,random_50,Doublet,0.31034482758620696,0.20454545454545456,44
P7,43,random_50,Eryth,0.6666666666666666,0.5,4
P7,43,random_50,HSPC,0.9473684210526316,0.9,10
P7,43,random_50,ILC,0.9714285714285714,1.0,17
P7,43,random_50,MAIT,0.9569707401032702,0.9893238434163701,281
P7,43,random_50,NK Proliferating,0.7835051546391754,0.76,50
P7,43,random_50,NK_1,0.9100428367444073,0.9735234215885947,982
P7,43,random_50,NK_2,0.8078967350037964,0.6954248366013072,765
P7,43,random_50,NK_3,0.5790554414784395,0.6650943396226415,212
P7,43,random_50,NK_4,0.6369710467706013,0.6559633027522935,218
P7,43,random_50,NK_CD56bright,0.8622754491017963,0.9473684210526315,76
P7,43,random_50,Plasma,0.9888888888888888,0.978021978021978,91
P7,43,random_50,Plasmablast,0.9565217391304348,0.9166666666666666,12
P7,43,random_50,Platelet,0.971830985915493,0.9640718562874252,501
P7,43,random_50,Treg Memory,0.8068669527896996,0.9038461538461539,104
P7,43,random_50,Treg Naive,0.7848101265822783,0.6838235294117647,136
P7,43,random_50,cDC1,0.989247311827957,0.9787234042553191,47
P7,43,random_50,cDC2_1,0.7639484978540773,0.8476190476190476,210
P7,43,random_50,cDC2_2,0.8932384341637012,0.8122977346278317,309
P7,43,random_50,dnT_1,0.38461538461538464,0.43478260869565216,23
P7,43,random_50,dnT_2,0.9714285714285714,1.0,17
P7,43,random_50,gdT_1,0.88659793814433,0.8113207547169812,106
P7,43,random_50,gdT_2,0.5333333333333333,0.5,24
P7,43,random_50,gdT_3,0.85,0.9107142857142857,280
P7,43,random_50,gdT_4,0.4931506849315069,0.6428571428571429,28
P7,43,random_50,pDC,0.9952456418383518,0.9936708860759493,316
P7,43,random_70,ASDC_mDC,0.8461538461538461,0.9166666666666666,12
P7,43,random_70,ASDC_pDC,0.8000000000000002,0.8,10
P7,43,random_70,B intermediate kappa,0.7599243856332704,0.7944664031620553,253
P7,43,random_70,B intermediate lambda,0.8243727598566308,0.8333333333333334,414
P7,43,random_70,B memory kappa,0.8898163606010017,0.8433544303797469,632
P7,43,random_70,B memory lambda,0.8411214953271028,0.9549071618037135,377
P7,43,random_70,B naive kappa,0.9112008072653885,0.8914116485686081,1013
P7,43,random_70,B naive lambda,0.8697604790419161,0.8544117647058823,680
P7,43,random_70,CD14 Mono,0.9897705950003027,0.9866055267286111,8287
P7,43,random_70,CD16 Mono,0.9606892837910609,0.9812981298129813,909
P7,43,random_70,CD4 CTL,0.9672293942403177,0.9474708171206225,514
P7,43,random_70,CD4 Naive,0.9646863315330286,0.951249487914789,2441
P7,43,random_70,CD4 Proliferating,0.7636363636363637,0.9545454545454546,22
P7,43,random_70,CD4 TCM_1,0.8263414634146341,0.8651685393258427,979
P7,43,random_70,CD4 TCM_2,0.6936936936936937,0.6111111111111112,126
P7,43,random_70,CD4 TCM_3,0.7919161676646707,0.8573743922204214,617
P7,43,random_70,CD4 TEM_1,0.6989619377162629,0.7013888888888888,144
P7,43,random_70,CD4 TEM_2,0.5324675324675324,0.82,50
P7,43,random_70,CD4 TEM_3,0.5797752808988763,0.4849624060150376,266
P7,43,random_70,CD4 TEM_4,0.18181818181818182,0.1,30
P7,43,random_70,CD8 Naive,0.9685641461342396,0.9827586206896551,1160
P7,43,random_70,CD8 Naive_2,0.6129032258064516,0.5507246376811594,69
P7,43,random_70,CD8 Proliferating,0.7058823529411765,0.5714285714285714,21
P7,43,random_70,CD8 TCM_1,0.625,0.7831325301204819,83
P7,43,random_70,CD8 TCM_2,0.7692307692307692,0.7368421052631579,95
P7,43,random_70,CD8 TCM_3,0.42424242424242414,0.2857142857142857,49
P7,43,random_70,CD8 TEM_1,0.8451127819548871,0.8028571428571428,350
P7,43,random_70,CD8 TEM_2,0.5902668759811617,0.44655581947743467,421
P7,43,random_70,CD8 TEM_3,0.6835443037974683,0.6428571428571429,42
P7,43,random_70,CD8 TEM_4,0.7092337917485264,0.8574821852731591,421
P7,43,random_70,CD8 TEM_5,0.8097731239092495,0.8529411764705882,272
P7,43,random_70,CD8 TEM_6,0.7889908256880732,0.8634538152610441,249
P7,43,random_70,Doublet,0.3333333333333333,0.22727272727272727,44
P7,43,random_70,Eryth,0.6666666666666666,0.5,4
P7,43,random_70,HSPC,0.9473684210526316,0.9,10
P7,43,random_70,ILC,0.9714285714285714,1.0,17
P7,43,random_70,MAIT,0.9700176366843033,0.9786476868327402,281
P7,43,random_70,NK Proliferating,0.8080808080808082,0.8,50
P7,43,random_70,NK_1,0.9076848719188014,0.9562118126272913,982
P7,43,random_70,NK_2,0.8200899550224887,0.7150326797385621,765
P7,43,random_70,NK_3,0.5725971370143149,0.660377358490566,212
P7,43,random_70,NK_4,0.6398305084745762,0.6926605504587156,218
P7,43,random_70,NK_CD56bright,0.8888888888888888,0.8947368421052632,76
P7,43,random_70,Plasma,0.9888888888888888,0.978021978021978,91
P7,43,random_70,Plasmablast,0.9565217391304348,0.9166666666666666,12
P7,43,random_70,Platelet,0.9687184661957619,0.9580838323353293,501
P7,43,random_70,Treg Memory,0.8093023255813953,0.8365384615384616,104
P7,43,random_70,Treg Naive,0.7565217391304346,0.6397058823529411,136
P7,43,random_70,cDC1,0.989247311827957,0.9787234042553191,47
P7,43,random_70,cDC2_1,0.7887323943661972,0.9333333333333333,210
P7,43,random_70,cDC2_2,0.9113043478260869,0.8478964401294499,309
P7,43,random_70,dnT_1,0.40740740740740744,0.4782608695652174,23
P7,43,random_70,dnT_2,0.9444444444444444,1.0,17
P7,43,random_70,gdT_1,0.9411764705882353,0.9056603773584906,106
P7,43,random_70,gdT_2,0.4090909090909091,0.375,24
P7,43,random_70,gdT_3,0.8293577981651377,0.8071428571428572,280
P7,43,random_70,gdT_4,0.43478260869565216,0.5357142857142857,28
P7,43,random_70,pDC,0.9952456418383518,0.9936708860759493,316
P7,43,marker_memory,ASDC_mDC,0.8148148148148148,0.9166666666666666,12
P7,43,marker_memory,ASDC_pDC,0.8000000000000002,0.8,10
P7,43,marker_memory,B intermediate kappa,0.7716535433070867,0.7747035573122529,253
P7,43,marker_memory,B intermediate lambda,0.8349056603773585,0.855072463768116,414
P7,43,marker_memory,B memory kappa,0.8894430590191188,0.8465189873417721,632
P7,43,marker_memory,B memory lambda,0.8443396226415095,0.9496021220159151,377
P7,43,marker_memory,B naive kappa,0.9139406139909411,0.8963474827245804,1013
P7,43,marker_memory,B naive lambda,0.8735119047619047,0.8632352941176471,680
P7,43,marker_memory,CD14 Mono,0.9888173088610672,0.9816580185833232,8287
P7,43,marker_memory,CD16 Mono,0.9520800421274355,0.9944994499449945,909
P7,43,marker_memory,CD4 CTL,0.9853658536585366,0.9824902723735408,514
P7,43,marker_memory,CD4 Naive,0.9739380258567618,0.9721425645227366,2441
P7,43,marker_memory,CD4 Proliferating,0.7636363636363637,0.9545454545454546,22
P7,43,marker_memory,CD4 TCM_1,0.8451548451548451,0.86414708886619,979
P7,43,marker_memory,CD4 TCM_2,0.7586206896551724,0.6984126984126984,126
P7,43,marker_memory,CD4 TCM_3,0.8520408163265305,0.8119935170178282,617
P7,43,marker_memory,CD4 TEM_1,0.7079037800687284,0.7152777777777778,144
P7,43,marker_memory,CD4 TEM_2,0.5970149253731344,0.8,50
P7,43,marker_memory,CD4 TEM_3,0.7851851851851852,0.7969924812030075,266
P7,43,marker_memory,CD4 TEM_4,0.7384615384615385,0.8,30
P7,43,marker_memory,CD8 Naive,0.9765857811834824,0.9887931034482759,1160
P7,43,marker_memory,CD8 Naive_2,0.6412213740458016,0.6086956521739131,69
P7,43,marker_memory,CD8 Proliferating,0.7777777777777778,0.6666666666666666,21
P7,43,marker_memory,CD8 TCM_1,0.676923076923077,0.7951807228915663,83
P7,43,marker_memory,CD8 TCM_2,0.8202247191011235,0.7684210526315789,95
P7,43,marker_memory,CD8 TCM_3,0.7954545454545455,0.7142857142857143,49
P7,43,marker_memory,CD8 TEM_1,0.8515151515151516,0.8028571428571428,350
P7,43,marker_memory,CD8 TEM_2,0.5636942675159236,0.42042755344418054,421
P7,43,marker_memory,CD8 TEM_3,0.7058823529411765,0.7142857142857143,42
P7,43,marker_memory,CD8 TEM_4,0.7049659201557935,0.8598574821852731,421
P7,43,marker_memory,CD8 TEM_5,0.8457538994800694,0.8970588235294118,272
P7,43,marker_memory,CD8 TEM_6,0.8389513108614232,0.8995983935742972,249
P7,43,marker_memory,Doublet,0.6428571428571429,0.6136363636363636,44
P7,43,marker_memory,Eryth,0.6666666666666666,0.5,4
P7,43,marker_memory,HSPC,0.9473684210526316,0.9,10
P7,43,marker_memory,ILC,0.9189189189189189,1.0,17
P7,43,marker_memory,MAIT,0.9806678383128296,0.9928825622775801,281
P7,43,marker_memory,NK Proliferating,0.8172043010752689,0.76,50
P7,43,marker_memory,NK_1,0.9162702188392008,0.9806517311608961,982
P7,43,marker_memory,NK_2,0.8440899202320522,0.7607843137254902,765
P7,43,marker_memory,NK_3,0.6232558139534884,0.6320754716981132,212
P7,43,marker_memory,NK_4,0.6816143497757847,0.6972477064220184,218
P7,43,marker_memory,NK_CD56bright,0.8875000000000001,0.9342105263157895,76
P7,43,marker_memory,Plasma,0.9888888888888888,0.978021978021978,91
P7,43,marker_memory,Plasmablast,0.9166666666666666,0.9166666666666666,12
P7,43,marker_memory,Platelet,0.9698795180722892,0.9640718562874252,501
P7,43,marker_memory,Treg Memory,0.8251121076233184,0.8846153846153846,104
P7,43,marker_memory,Treg Naive,0.8148148148148148,0.7279411764705882,136
P7,43,marker_memory,cDC1,1.0,1.0,47
P7,43,marker_memory,cDC2_1,0.8008213552361396,0.9285714285714286,210
P7,43,marker_memory,cDC2_2,0.9233390119250426,0.8770226537216829,309
P7,43,marker_memory,dnT_1,0.5238095238095238,0.4782608695652174,23
P7,43,marker_memory,dnT_2,1.0,1.0,17
P7,43,marker_memory,gdT_1,0.9463414634146342,0.9150943396226415,106
P7,43,marker_memory,gdT_2,0.5365853658536585,0.4583333333333333,24
P7,43,marker_memory,gdT_3,0.9064748201438848,0.9,280
P7,43,marker_memory,gdT_4,0.6666666666666666,0.6428571428571429,28
P7,43,marker_memory,pDC,0.9936708860759493,0.9936708860759493,316
P7,43,marker_tcell,ASDC_mDC,0.8148148148148148,0.9166666666666666,12
P7,43,marker_tcell,ASDC_pDC,0.8000000000000002,0.8,10
P7,43,marker_tcell,B intermediate kappa,0.7797270955165693,0.7905138339920948,253
P7,43,marker_tcell,B intermediate lambda,0.8344988344988346,0.8647342995169082,414
P7,43,marker_tcell,B memory kappa,0.898671096345515,0.8560126582278481,632
P7,43,marker_tcell,B memory lambda,0.8506024096385542,0.9363395225464191,377
P7,43,marker_tcell,B naive kappa,0.911,0.8993089832181639,1013
P7,43,marker_tcell,B naive lambda,0.8717179294823705,0.8544117647058823,680
P7,43,marker_tcell,CD14 Mono,0.9888855147282114,0.9823820441655605,8287
P7,43,marker_tcell,CD16 Mono,0.9523305084745763,0.988998899889989,909
P7,43,marker_tcell,CD4 CTL,0.9693978282329714,0.9552529182879378,514
P7,43,marker_tcell,CD4 Naive,0.9754689754689755,0.9692748873412536,2441
P7,43,marker_tcell,CD4 Proliferating,0.7636363636363637,0.9545454545454546,22
P7,43,marker_tcell,CD4 TCM_1,0.8491620111731844,0.8539325842696629,979
P7,43,marker_tcell,CD4 TCM_2,0.7551867219917012,0.7222222222222222,126
P7,43,marker_tcell,CD4 TCM_3,0.8599834299917151,0.8411669367909238,617
P7,43,marker_tcell,CD4 TEM_1,0.7328767123287673,0.7430555555555556,144
P7,43,marker_tcell,CD4 TEM_2,0.6259541984732825,0.82,50
P7,43,marker_tcell,CD4 TEM_3,0.7909604519774011,0.7894736842105263,266
P7,43,marker_tcell,CD4 TEM_4,0.7222222222222222,0.8666666666666667,30
P7,43,marker_tcell,CD8 Naive,0.9709649871904356,0.9801724137931035,1160
P7,43,marker_tcell,CD8 Naive_2,0.6268656716417911,0.6086956521739131,69
P7,43,marker_tcell,CD8 Proliferating,0.7027027027027026,0.6190476190476191,21
P7,43,marker_tcell,CD8 TCM_1,0.6666666666666666,0.7349397590361446,83
P7,43,marker_tcell,CD8 TCM_2,0.7777777777777778,0.7368421052631579,95
P7,43,marker_tcell,CD8 TCM_3,0.8387096774193548,0.7959183673469388,49
P7,43,marker_tcell,CD8 TEM_1,0.817891373801917,0.7314285714285714,350
P7,43,marker_tcell,CD8 TEM_2,0.529505582137161,0.39429928741092635,421
P7,43,marker_tcell,CD8 TEM_3,0.674698795180723,0.6666666666666666,42
P7,43,marker_tcell,CD8 TEM_4,0.688588007736944,0.8456057007125891,421
P7,43,marker_tcell,CD8 TEM_5,0.8193979933110368,0.9007352941176471,272
P7,43,marker_tcell,CD8 TEM_6,0.804642166344294,0.8353413654618473,249
P7,43,marker_tcell,Doublet,0.6506024096385543,0.6136363636363636,44
P7,43,marker_tcell,Eryth,0.6666666666666666,0.5,4
P7,43,marker_tcell,HSPC,0.9473684210526316,0.9,10
P7,43,marker_tcell,ILC,0.9714285714285714,1.0,17
P7,43,marker_tcell,MAIT,0.940374787052811,0.9822064056939501,281
P7,43,marker_tcell,NK Proliferating,0.8,0.76,50
P7,43,marker_tcell,NK_1,0.916023166023166,0.9663951120162932,982
P7,43,marker_tcell,NK_2,0.8591648973814578,0.7934640522875817,765
P7,43,marker_tcell,NK_3,0.5817307692307693,0.5707547169811321,212
P7,43,marker_tcell,NK_4,0.6621315192743765,0.6697247706422018,218
P7,43,marker_tcell,NK_CD56bright,0.8658536585365854,0.9342105263157895,76
P7,43,marker_tcell,Plasma,0.9888888888888888,0.978021978021978,91
P7,43,marker_tcell,Plasmablast,0.9166666666666666,0.9166666666666666,12
P7,43,marker_tcell,Platelet,0.9689067201604814,0.9640718562874252,501
P7,43,marker_tcell,Treg Memory,0.8355555555555555,0.9038461538461539,104
P7,43,marker_tcell,Treg Naive,0.8416988416988418,0.8014705882352942,136
P7,43,marker_tcell,cDC1,1.0,1.0,47
P7,43,marker_tcell,cDC2_1,0.7991886409736308,0.9380952380952381,210
P7,43,marker_tcell,cDC2_2,0.9264957264957265,0.8770226537216829,309
P7,43,marker_tcell,dnT_1,0.3793103448275862,0.4782608695652174,23
P7,43,marker_tcell,dnT_2,0.9444444444444444,1.0,17
P7,43,marker_tcell,gdT_1,0.755813953488372,0.6132075471698113,106
P7,43,marker_tcell,gdT_2,0.3,0.375,24
P7,43,marker_tcell,gdT_3,0.8404255319148937,0.8464285714285714,280
P7,43,marker_tcell,gdT_4,0.41025641025641024,0.5714285714285714,28
P7,43,marker_tcell,pDC,0.9936708860759493,0.9936708860759493,316
P7,43,rna_only,ASDC_mDC,0.8799999999999999,0.9166666666666666,12
P7,43,rna_only,ASDC_pDC,0.8181818181818182,0.9,10
P7,43,rna_only,B intermediate kappa,0.7649253731343283,0.8102766798418972,253
P7,43,rna_only,B intermediate lambda,0.8207547169811319,0.8405797101449275,414
P7,43,rna_only,B memory kappa,0.9056910569105692,0.8813291139240507,632
P7,43,rna_only,B memory lambda,0.8663366336633663,0.9283819628647215,377
P7,43,rna_only,B naive kappa,0.9041916167664671,0.8943731490621916,1013
P7,43,rna_only,B naive lambda,0.8519083969465648,0.8205882352941176,680
P7,43,rna_only,CD14 Mono,0.9848420283679309,0.9761071557861711,8287
P7,43,rna_only,CD16 Mono,0.9544724156400642,0.9801980198019802,909
P7,43,rna_only,CD4 CTL,0.9115504682622269,0.8521400778210116,514
P7,43,rna_only,CD4 Naive,0.9656731757451181,0.9623105284719378,2441
P7,43,rna_only,CD4 Proliferating,0.75,0.9545454545454546,22
P7,43,rna_only,CD4 TCM_1,0.8263291139240506,0.8335035750766088,979
P7,43,rna_only,CD4 TCM_2,0.7459016393442622,0.7222222222222222,126
P7,43,rna_only,CD4 TCM_3,0.7895595432300164,0.7844408427876823,617
P7,43,rna_only,CD4 TEM_1,0.696774193548387,0.75,144
P7,43,rna_only,CD4 TEM_2,0.5641025641025641,0.66,50
P7,43,rna_only,CD4 TEM_3,0.6178217821782178,0.5864661654135338,266
P7,43,rna_only,CD4 TEM_4,0.21276595744680848,0.16666666666666666,30
P7,43,rna_only,CD8 Naive,0.9645147498931166,0.9724137931034482,1160
P7,43,rna_only,CD8 Naive_2,0.5306122448979592,0.5652173913043478,69
P7,43,rna_only,CD8 Proliferating,0.7777777777777778,0.6666666666666666,21
P7,43,rna_only,CD8 TCM_1,0.5741626794258373,0.7228915662650602,83
P7,43,rna_only,CD8 TCM_2,0.6938775510204082,0.7157894736842105,95
P7,43,rna_only,CD8 TCM_3,0.5783132530120482,0.4897959183673469,49
P7,43,rna_only,CD8 TEM_1,0.8177641653905054,0.7628571428571429,350
P7,43,rna_only,CD8 TEM_2,0.5539906103286385,0.42042755344418054,421
P7,43,rna_only,CD8 TEM_3,0.6486486486486486,0.5714285714285714,42
P7,43,rna_only,CD8 TEM_4,0.6691658856607311,0.8479809976247031,421
P7,43,rna_only,CD8 TEM_5,0.7591973244147155,0.8345588235294118,272
P7,43,rna_only,CD8 TEM_6,0.7848605577689242,0.7911646586345381,249
P7,43,rna_only,Doublet,0.21978021978021978,0.22727272727272727,44
P7,43,rna_only,Eryth,0.5714285714285715,0.5,4
P7,43,rna_only,HSPC,0.9473684210526316,0.9,10
P7,43,rna_only,ILC,0.9444444444444444,1.0,17
P7,43,rna_only,MAIT,0.9523809523809524,0.9608540925266904,281
P7,43,rna_only,NK Proliferating,0.7878787878787878,0.78,50
P7,43,rna_only,NK_1,0.9018621036738802,0.9124236252545825,982
P7,43,rna_only,NK_2,0.8520114942528736,0.7751633986928105,765
P7,43,rna_only,NK_3,0.5750000000000001,0.6509433962264151,212
P7,43,rna_only,NK_4,0.6468085106382979,0.6972477064220184,218
P7,43,rna_only,NK_CD56bright,0.8679245283018868,0.9078947368421053,76
P7,43,rna_only,Plasma,0.994475138121547,0.989010989010989,91
P7,43,rna_only,Plasmablast,0.9565217391304348,0.9166666666666666,12
P7,43,rna_only,Platelet,0.96579476861167,0.9580838323353293,501
P7,43,rna_only,Treg Memory,0.8202764976958524,0.8557692307692307,104
P7,43,rna_only,Treg Naive,0.7854251012145749,0.7132352941176471,136
P7,43,rna_only,cDC1,0.9782608695652174,0.9574468085106383,47
P7,43,rna_only,cDC2_1,0.7354596622889306,0.9333333333333333,210
P7,43,rna_only,cDC2_2,0.9199318568994889,0.8737864077669902,309
P7,43,rna_only,dnT_1,0.26666666666666666,0.34782608695652173,23
P7,43,rna_only,dnT_2,0.9714285714285714,1.0,17
P7,43,rna_only,gdT_1,0.9029126213592233,0.8773584905660378,106
P7,43,rna_only,gdT_2,0.2545454545454545,0.2916666666666667,24
P7,43,rna_only,gdT_3,0.835924006908463,0.8642857142857143,280
P7,43,rna_only,gdT_4,0.4285714285714286,0.5357142857142857,28
P7,43,rna_only,pDC,0.9936507936507937,0.990506329113924,316
P7,43,random_size_matched_6,ASDC_mDC,0.8148148148148148,0.9166666666666666,12
P7,43,random_size_matched_6,ASDC_pDC,0.8000000000000002,0.8,10
P7,43,random_size_matched_6,B intermediate kappa,0.7734374999999999,0.782608695652174,253
P7,43,random_size_matched_6,B intermediate lambda,0.8428571428571429,0.855072463768116,414
P7,43,random_size_matched_6,B memory kappa,0.8901830282861897,0.8465189873417721,632
P7,43,random_size_matched_6,B memory lambda,0.8417350527549824,0.9522546419098143,377
P7,43,random_size_matched_6,B naive kappa,0.914572864321608,0.8983218163869694,1013
P7,43,random_size_matched_6,B naive lambda,0.8754660700969426,0.8632352941176471,680
P7,43,random_size_matched_6,CD14 Mono,0.9895005158706075,0.9837094243996621,8287
P7,43,random_size_matched_6,CD16 Mono,0.9550026469031233,0.9922992299229924,909
P7,43,random_size_matched_6,CD4 CTL,0.98635477582846,0.9844357976653697,514
P7,43,random_size_matched_6,CD4 Naive,0.9761709120788825,0.9733715690290864,2441
P7,43,random_size_matched_6,CD4 Proliferating,0.7636363636363637,0.9545454545454546,22
P7,43,random_size_matched_6,CD4 TCM_1,0.8591549295774649,0.8723186925434117,979
P7,43,random_size_matched_6,CD4 TCM_2,0.7457627118644068,0.6984126984126984,126
P7,43,random_size_matched_6,CD4 TCM_3,0.8636363636363636,0.8314424635332253,617
P7,43,random_size_matched_6,CD4 TEM_1,0.7353951890034366,0.7430555555555556,144
P7,43,random_size_matched_6,CD4 TEM_2,0.6268656716417911,0.84,50
P7,43,random_size_matched_6,CD4 TEM_3,0.7923809523809523,0.7819548872180451,266
P7,43,random_size_matched_6,CD4 TEM_4,0.7428571428571429,0.8666666666666667,30
P7,43,random_size_matched_6,CD8 Naive,0.9782886334610472,0.9905172413793103,1160
P7,43,random_size_matched_6,CD8 Naive_2,0.6769230769230768,0.6376811594202898,69
P7,43,random_size_matched_6,CD8 Proliferating,0.7368421052631577,0.6666666666666666,21
P7,43,random_size_matched_6,CD8 TCM_1,0.680628272251309,0.7831325301204819,83
P7,43,random_size_matched_6,CD8 TCM_2,0.8202247191011235,0.7684210526315789,95
P7,43,random_size_matched_6,CD8 TCM_3,0.8089887640449438,0.7346938775510204,49
P7,43,random_size_matched_6,CD8 TEM_1,0.8527607361963191,0.7942857142857143,350
P7,43,random_size_matched_6,CD8 TEM_2,0.5197368421052632,0.3752969121140142,421
P7,43,random_size_matched_6,CD8 TEM_3,0.6666666666666666,0.6428571428571429,42
P7,43,random_size_matched_6,CD8 TEM_4,0.7035271687321257,0.8764845605700713,421
P7,43,random_size_matched_6,CD8 TEM_5,0.8556701030927834,0.9154411764705882,272
P7,43,random_size_matched_6,CD8 TEM_6,0.839924670433145,0.8955823293172691,249
P7,43,random_size_matched_6,Doublet,0.5974025974025974,0.5227272727272727,44
P7,43,random_size_matched_6,Eryth,0.6666666666666666,0.5,4
P7,43,random_size_matched_6,HSPC,0.9473684210526316,0.9,10
P7,43,random_size_matched_6,ILC,0.9189189189189189,1.0,17
P7,43,random_size_matched_6,MAIT,0.9823321554770319,0.9893238434163701,281
P7,43,random_size_matched_6,NK Proliferating,0.7999999999999999,0.72,50
P7,43,random_size_matched_6,NK_1,0.9155597722960152,0.9826883910386965,982
P7,43,random_size_matched_6,NK_2,0.8478731074260996,0.7686274509803922,765
P7,43,random_size_matched_6,NK_3,0.6291079812206571,0.6320754716981132,212
P7,43,random_size_matched_6,NK_4,0.6924829157175398,0.6972477064220184,218
P7,43,random_size_matched_6,NK_CD56bright,0.8805031446540881,0.9210526315789473,76
P7,43,random_size_matched_6,Plasma,0.994475138121547,0.989010989010989,91
P7,43,random_size_matched_6,Plasmablast,0.9565217391304348,0.9166666666666666,12
P7,43,random_size_matched_6,Platelet,0.970912738214644,0.9660678642714571,501
P7,43,random_size_matched_6,Treg Memory,0.8506787330316742,0.9038461538461539,104
P7,43,random_size_matched_6,Treg Naive,0.8515625,0.8014705882352942,136
P7,43,random_size_matched_6,cDC1,1.0,1.0,47
P7,43,random_size_matched_6,cDC2_1,0.7958762886597938,0.919047619047619,210
P7,43,random_size_matched_6,cDC2_2,0.9140893470790378,0.86084142394822,309
P7,43,random_size_matched_6,dnT_1,0.5416666666666667,0.5652173913043478,23
P7,43,random_size_matched_6,dnT_2,0.9714285714285714,1.0,17
P7,43,random_size_matched_6,gdT_1,0.9463414634146342,0.9150943396226415,106
P7,43,random_size_matched_6,gdT_2,0.5365853658536585,0.4583333333333333,24
P7,43,random_size_matched_6,gdT_3,0.9200710479573712,0.925,280
P7,43,random_size_matched_6,gdT_4,0.6545454545454545,0.6428571428571429,28
P7,43,random_size_matched_6,pDC,0.9936708860759493,0.9936708860759493,316
P7,43,random_size_matched_15,ASDC_mDC,0.8148148148148148,0.9166666666666666,12
P7,43,random_size_matched_15,ASDC_pDC,0.7368421052631577,0.7,10
P7,43,random_size_matched_15,B intermediate kappa,0.7749510763209394,0.782608695652174,253
P7,43,random_size_matched_15,B intermediate lambda,0.8369304556354916,0.8429951690821256,414
P7,43,random_size_matched_15,B memory kappa,0.8933002481389578,0.8544303797468354,632
P7,43,random_size_matched_15,B memory lambda,0.8433451118963486,0.9496021220159151,377
P7,43,random_size_matched_15,B naive kappa,0.913715710723192,0.9042448173741362,1013
P7,43,random_size_matched_15,B naive lambda,0.875187969924812,0.8558823529411764,680
P7,43,random_size_matched_15,CD14 Mono,0.988699878493317,0.981899360444069,8287
P7,43,random_size_matched_15,CD16 Mono,0.9511297950604309,0.9955995599559956,909
P7,43,random_size_matched_15,CD4 CTL,0.9863281249999999,0.9824902723735408,514
P7,43,random_size_matched_15,CD4 Naive,0.9748867846850556,0.9700942236788201,2441
P7,43,random_size_matched_15,CD4 Proliferating,0.7636363636363637,0.9545454545454546,22
P7,43,random_size_matched_15,CD4 TCM_1,0.854862842892768,0.8753830439223698,979
P7,43,random_size_matched_15,CD4 TCM_2,0.7416666666666667,0.7063492063492064,126
P7,43,random_size_matched_15,CD4 TCM_3,0.8642797668609492,0.8411669367909238,617
P7,43,random_size_matched_15,CD4 TEM_1,0.7353951890034366,0.7430555555555556,144
P7,43,random_size_matched_15,CD4 TEM_2,0.5984251968503937,0.76,50
P7,43,random_size_matched_15,CD4 TEM_3,0.7961538461538462,0.7781954887218046,266
P7,43,random_size_matched_15,CD4 TEM_4,0.7536231884057971,0.8666666666666667,30
P7,43,random_size_matched_15,CD8 Naive,0.9769820971867008,0.9879310344827587,1160
P7,43,random_size_matched_15,CD8 Naive_2,0.6766917293233083,0.6521739130434783,69
P7,43,random_size_matched_15,CD8 Proliferating,0.8205128205128205,0.7619047619047619,21
P7,43,random_size_matched_15,CD8 TCM_1,0.6808510638297873,0.7710843373493976,83
P7,43,random_size_matched_15,CD8 TCM_2,0.8248587570621468,0.7684210526315789,95
P7,43,random_size_matched_15,CD8 TCM_3,0.7865168539325842,0.7142857142857143,49
P7,43,random_size_matched_15,CD8 TEM_1,0.8562401263823065,0.7742857142857142,350
P7,43,random_size_matched_15,CD8 TEM_2,0.5210355987055016,0.3824228028503563,421
P7,43,random_size_matched_15,CD8 TEM_3,0.674698795180723,0.6666666666666666,42
P7,43,random_size_matched_15,CD8 TEM_4,0.6996197718631179,0.8741092636579573,421
P7,43,random_size_matched_15,CD8 TEM_5,0.8547297297297298,0.9301470588235294,272
P7,43,random_size_matched_15,CD8 TEM_6,0.8450184501845018,0.9196787148594378,249
P7,43,random_size_matched_15,Doublet,0.5945945945945945,0.5,44
P7,43,random_size_matched_15,Eryth,0.6666666666666666,0.5,4
P7,43,random_size_matched_15,HSPC,0.9473684210526316,0.9,10
P7,43,random_size_matched_15,ILC,0.9714285714285714,1.0,17
P7,43,random_size_matched_15,MAIT,0.9805309734513274,0.9857651245551602,281
P7,43,random_size_matched_15,NK Proliferating,0.8314606741573033,0.74,50
P7,43,random_size_matched_15,NK_1,0.9062647197362224,0.9796334012219959,982
P7,43,random_size_matched_15,NK_2,0.8012326656394453,0.6797385620915033,765
P7,43,random_size_matched_15,NK_3,0.609865470852018,0.6415094339622641,212
P7,43,random_size_matched_15,NK_4,0.6584362139917695,0.7339449541284404,218
P7,43,random_size_matched_15,NK_CD56bright,0.8819875776397516,0.9342105263157895,76
P7,43,random_size_matched_15,Plasma,0.994475138121547,0.989010989010989,91
P7,43,random_size_matched_15,Plasmablast,0.9565217391304348,0.9166666666666666,12
P7,43,random_size_matched_15,Platelet,0.9728643216080403,0.9660678642714571,501
P7,43,random_size_matched_15,Treg Memory,0.8340807174887893,0.8942307692307693,104
P7,43,random_size_matched_15,Treg Naive,0.8114754098360656,0.7279411764705882,136
P7,43,random_size_matched_15,cDC1,1.0,1.0,47
P7,43,random_size_matched_15,cDC2_1,0.8016528925619835,0.9238095238095239,210
P7,43,random_size_matched_15,cDC2_2,0.9272419627749577,0.8867313915857605,309
P7,43,random_size_matched_15,dnT_1,0.4545454545454545,0.43478260869565216,23
P7,43,random_size_matched_15,dnT_2,0.9714285714285714,1.0,17
P7,43,random_size_matched_15,gdT_1,0.9411764705882353,0.9056603773584906,106
P7,43,random_size_matched_15,gdT_2,0.5365853658536585,0.4583333333333333,24
P7,43,random_size_matched_15,gdT_3,0.9151943462897527,0.925,280
P7,43,random_size_matched_15,gdT_4,0.6792452830188679,0.6428571428571429,28
P7,43,random_size_matched_15,pDC,0.9921011058451815,0.9936708860759493,316
P8,41,full,ASDC_mDC,0.0,0.0,2
P8,41,full,ASDC_pDC,0.6666666666666666,1.0,2
P8,41,full,B intermediate kappa,0.8285714285714285,0.8682634730538922,167
P8,41,full,B intermediate lambda,0.8189910979228485,0.8165680473372781,169
P8,41,full,B memory kappa,0.8822429906542055,0.8805970149253731,268
P8,41,full,B memory lambda,0.8514285714285714,0.9030303030303031,165
P8,41,full,B naive kappa,0.8115942028985507,0.7368421052631579,152
P8,41,full,B naive lambda,0.8198757763975155,0.7951807228915663,83
P8,41,full,CD14 Mono,0.9906909861500038,0.9921176292254055,6597
P8,41,full,CD16 Mono,0.9561170212765957,0.951058201058201,756
P8,41,full,CD4 CTL,0.9751243781094527,0.9874055415617129,397
P8,41,full,CD4 Naive,0.9833683190699177,0.9847994825355757,3092
P8,41,full,CD4 Proliferating,0.6666666666666666,0.7142857142857143,7
P8,41,full,CD4 TCM_1,0.8376534788540245,0.8365122615803815,734
P8,41,full,CD4 TCM_2,0.69811320754717,0.7708333333333334,48
P8,41,full,CD4 TCM_3,0.8552631578947368,0.8207070707070707,792
P8,41,full,CD4 TEM_1,0.8446866485013624,0.8363309352517986,556
P8,41,full,CD4 TEM_2,0.6330935251798561,0.6984126984126984,63
P8,41,full,CD4 TEM_3,0.7362204724409449,0.8577981651376146,218
P8,41,full,CD4 TEM_4,0.39999999999999997,0.2727272727272727,11
P8,41,full,CD8 Naive,0.984838497033619,0.9854881266490765,1516
P8,41,full,CD8 Naive_2,0.5866666666666668,0.46808510638297873,47
P8,41,full,CD8 Proliferating,0.7142857142857143,0.5882352941176471,17
P8,41,full,CD8 TCM_1,0.7181467181467183,0.7380952380952381,126
P8,41,full,CD8 TCM_2,0.90234375,0.8850574712643678,261
P8,41,full,CD8 TCM_3,0.8907563025210085,0.8688524590163934,61
P8,41,full,CD8 TEM_1,0.8468013468013468,0.8763066202090593,574
P8,41,full,CD8 TEM_2,0.8210161662817552,0.7745098039215687,918
P8,41,full,CD8 TEM_3,0.6484375,0.5424836601307189,153
P8,41,full,CD8 TEM_4,0.8634267470734303,0.9426800929512006,1291
P8,41,full,CD8 TEM_5,0.7868098159509201,0.7691154422788605,667
P8,41,full,CD8 TEM_6,0.9319371727748692,0.9270833333333334,96
P8,41,full,Doublet,0.6060606060606061,0.47619047619047616,42
P8,41,full,Eryth,0.888888888888889,1.0,8
P8,41,full,HSPC,1.0,1.0,14
P8,41,full,ILC,1.0,1.0,7
P8,41,full,MAIT,0.8937728937728937,0.8531468531468531,143
P8,41,full,NK Proliferating,0.9125,0.9012345679012346,81
P8,41,full,NK_1,0.8573320092684542,0.9543109801031687,1357
P8,41,full,NK_2,0.8990033222591363,0.8990033222591363,1505
P8,41,full,NK_3,0.7360861759425493,0.6677524429967426,614
P8,41,full,NK_4,0.6584158415841584,0.6157407407407407,216
P8,41,full,NK_CD56bright,0.8510638297872339,0.75,160
P8,41,full,Plasma,0.9787234042553191,0.9583333333333334,24
P8,41,full,Plasmablast,1.0,1.0,2
P8,41,full,Platelet,0.9664429530201342,0.9536423841059603,302
P8,41,full,Treg Memory,0.818565400843882,0.8083333333333333,120
P8,41,full,Treg Naive,0.7902439024390245,0.7297297297297297,111
P8,41,full,cDC1,1.0,1.0,5
P8,41,full,cDC2_1,0.7545787545787545,0.7410071942446043,139
P8,41,full,cDC2_2,0.944206008583691,0.9523809523809523,231
P8,41,full,dnT_1,0.5714285714285715,0.5,8
P8,41,full,dnT_2,0.9655172413793104,0.9655172413793104,29
P8,41,full,gdT_1,0.9248554913294798,0.9195402298850575,87
P8,41,full,gdT_2,0.8265947888589398,0.7890222984562607,583
P8,41,full,gdT_3,0.9213483146067416,0.9318181818181818,44
P8,41,full,gdT_4,0.7130434782608696,0.5924855491329479,346
P8,41,full,pDC,1.0,1.0,66
P8,41,random_10,ASDC_mDC,0.0,0.0,2
P8,41,random_10,ASDC_pDC,0.6666666666666666,1.0,2
P8,41,random_10,B intermediate kappa,0.829971181556196,0.8622754491017964,167
P8,41,random_10,B intermediate lambda,0.8249258160237389,0.8224852071005917,169
P8,41,random_10,B memory kappa,0.8810408921933085,0.8843283582089553,268
P8,41,random_10,B memory lambda,0.8571428571428571,0.9090909090909091,165
P8,41,random_10,B naive kappa,0.8014440433212996,0.7302631578947368,152
P8,41,random_10,B naive lambda,0.8124999999999999,0.7831325301204819,83
P8,41,random_10,CD14 Mono,0.9900975130395344,0.9927239654388358,6597
P8,41,random_10,CD16 Mono,0.9512358049432198,0.9417989417989417,756
P8,41,random_10,CD4 CTL,0.9762796504369539,0.9848866498740554,397
P8,41,random_10,CD4 Naive,0.9830179524502669,0.9828589909443726,3092
P8,41,random_10,CD4 Proliferating,0.6666666666666666,0.7142857142857143,7
P8,41,random_10,CD4 TCM_1,0.837874659400545,0.837874659400545,734
P8,41,random_10,CD4 TCM_2,0.712871287128713,0.75,48
P8,41,random_10,CD4 TCM_3,0.85546875,0.8295454545454546,792
P8,41,random_10,CD4 TEM_1,0.8494138863841298,0.8471223021582733,556
P8,41,random_10,CD4 TEM_2,0.6212121212121213,0.6507936507936508,63
P8,41,random_10,CD4 TEM_3,0.7337278106508874,0.8532110091743119,218
P8,41,random_10,CD4 TEM_4,0.28571428571428575,0.18181818181818182,11
P8,41,random_10,CD8 Naive,0.9845140032948929,0.9854881266490765,1516
P8,41,random_10,CD8 Naive_2,0.5974025974025974,0.48936170212765956,47
P8,41,random_10,CD8 Proliferating,0.7142857142857143,0.5882352941176471,17
P8,41,random_10,CD8 TCM_1,0.7187500000000001,0.7301587301587301,126
P8,41,random_10,CD8 TCM_2,0.90234375,0.8850574712643678,261
P8,41,random_10,CD8 TCM_3,0.8760330578512396,0.8688524590163934,61
P8,41,random_10,CD8 TEM_1,0.8438818565400843,0.8710801393728222,574
P8,41,random_10,CD8 TEM_2,0.816771970132108,0.7745098039215687,918
P8,41,random_10,CD8 TEM_3,0.6274509803921569,0.5228758169934641,153
P8,41,random_10,CD8 TEM_4,0.864903502501787,0.9372579395817195,1291
P8,41,random_10,CD8 TEM_5,0.7927656367746797,0.7886056971514243,667
P8,41,random_10,CD8 TEM_6,0.9278350515463918,0.9375,96
P8,41,random_10,Doublet,0.5806451612903225,0.42857142857142855,42
P8,41,random_10,Eryth,0.888888888888889,1.0,8
P8,41,random_10,HSPC,1.0,1.0,14
P8,41,random_10,ILC,1.0,1.0,7
P8,41,random_10,MAIT,0.8669201520912546,0.7972027972027972,143
P8,41,random_10,NK Proliferating,0.8999999999999999,0.8888888888888888,81
P8,41,random_10,NK_1,0.860742254000681,0.9314664701547531,1357
P8,41,random_10,NK_2,0.9015302727877579,0.9003322259136213,1505
P8,41,random_10,NK_3,0.7654109589041096,0.7280130293159609,614
P8,41,random_10,NK_4,0.6651162790697676,0.6620370370370371,216
P8,41,random_10,NK_CD56bright,0.8345323741007193,0.725,160
P8,41,random_10,Plasma,0.9787234042553191,0.9583333333333334,24
P8,41,random_10,Plasmablast,1.0,1.0,2
P8,41,random_10,Platelet,0.9664429530201342,0.9536423841059603,302
P8,41,random_10,Treg Memory,0.816326530612245,0.8333333333333334,120
P8,41,random_10,Treg Naive,0.76,0.6846846846846847,111
P8,41,random_10,cDC1,1.0,1.0,5
P8,41,random_10,cDC2_1,0.753731343283582,0.7266187050359713,139
P8,41,random_10,cDC2_2,0.9462365591397849,0.9523809523809523,231
P8,41,random_10,dnT_1,0.4615384615384615,0.375,8
P8,41,random_10,dnT_2,0.9655172413793104,0.9655172413793104,29
P8,41,random_10,gdT_1,0.9090909090909091,0.9195402298850575,87
P8,41,random_10,gdT_2,0.8339285714285714,0.8010291595197255,583
P8,41,random_10,gdT_3,0.9111111111111111,0.9318181818181818,44
P8,41,random_10,gdT_4,0.7003484320557491,0.5809248554913294,346
P8,41,random_10,pDC,1.0,1.0,66
P8,41,random_30,ASDC_mDC,0.0,0.0,2
P8,41,random_30,ASDC_pDC,0.6666666666666666,1.0,2
P8,41,random_30,B intermediate kappa,0.8295454545454546,0.874251497005988,167
P8,41,random_30,B intermediate lambda,0.7987987987987988,0.7869822485207101,169
P8,41,random_30,B memory kappa,0.8785046728971962,0.8768656716417911,268
P8,41,random_30,B memory lambda,0.8424068767908308,0.8909090909090909,165
P8,41,random_30,B naive kappa,0.7971014492753624,0.7236842105263158,152
P8,41,random_30,B naive lambda,0.7975460122699387,0.7831325301204819,83
P8,41,random_30,CD14 Mono,0.9902413193131099,0.9921176292254055,6597
P8,41,random_30,CD16 Mono,0.9535809018567638,0.951058201058201,756
P8,41,random_30,CD4 CTL,0.9636135508155582,0.9672544080604534,397
P8,41,random_30,CD4 Naive,0.9815593659010029,0.98124191461837,3092
P8,41,random_30,CD4 Proliferating,0.75,0.8571428571428571,7
P8,41,random_30,CD4 TCM_1,0.8323232323232324,0.8419618528610354,734
P8,41,random_30,CD4 TCM_2,0.69811320754717,0.7708333333333334,48
P8,41,random_30,CD4 TCM_3,0.8462021343377275,0.851010101010101,792
P8,41,random_30,CD4 TEM_1,0.8270676691729323,0.7913669064748201,556
P8,41,random_30,CD4 TEM_2,0.5950413223140496,0.5714285714285714,63
P8,41,random_30,CD4 TEM_3,0.738095238095238,0.8532110091743119,218
P8,41,random_30,CD4 TEM_4,0.5263157894736842,0.45454545454545453,11
P8,41,random_30,CD8 Naive,0.9841479524438573,0.9828496042216359,1516
P8,41,random_30,CD8 Naive_2,0.5569620253164557,0.46808510638297873,47
P8,41,random_30,CD8 Proliferating,0.7142857142857143,0.5882352941176471,17
P8,41,random_30,CD8 TCM_1,0.7016129032258064,0.6904761904761905,126
P8,41,random_30,CD8 TCM_2,0.8893203883495144,0.8773946360153256,261
P8,41,random_30,CD8 TCM_3,0.8661417322834646,0.9016393442622951,61
P8,41,random_30,CD8 TEM_1,0.8257510729613733,0.837979094076655,574
P8,41,random_30,CD8 TEM_2,0.8039906103286385,0.7461873638344226,918
P8,41,random_30,CD8 TEM_3,0.6093749999999999,0.5098039215686274,153
P8,41,random_30,CD8 TEM_4,0.8556448794127928,0.9481022463206816,1291
P8,41,random_30,CD8 TEM_5,0.7628252788104087,0.7691154422788605,667
P8,41,random_30,CD8 TEM_6,0.9072164948453607,0.9166666666666666,96
P8,41,random_30,Doublet,0.5172413793103449,0.35714285714285715,42
P8,41,random_30,Eryth,0.888888888888889,1.0,8
P8,41,random_30,HSPC,1.0,1.0,14
P8,41,random_30,ILC,1.0,1.0,7
P8,41,random_30,MAIT,0.8602941176470588,0.8181818181818182,143
P8,41,random_30,NK Proliferating,0.9202453987730062,0.9259259259259259,81
P8,41,random_30,NK_1,0.8099870298313877,0.9204126750184229,1357
P8,41,random_30,NK_2,0.8935323383084577,0.8950166112956811,1505
P8,41,random_30,NK_3,0.7300252312867956,0.7068403908794788,614
P8,41,random_30,NK_4,0.6519607843137255,0.6157407407407407,216
P8,41,random_30,NK_CD56bright,0.8531468531468531,0.7625,160
P8,41,random_30,Plasma,1.0,1.0,24
P8,41,random_30,Plasmablast,1.0,1.0,2
P8,41,random_30,Platelet,0.9696969696969696,0.9536423841059603,302
P8,41,random_30,Treg Memory,0.8032786885245902,0.8166666666666667,120
P8,41,random_30,Treg Naive,0.6850828729281767,0.5585585585585585,111
P8,41,random_30,cDC1,1.0,1.0,5
P8,41,random_30,cDC2_1,0.7415730337078652,0.7122302158273381,139
P8,41,random_30,cDC2_2,0.9424307036247334,0.9567099567099567,231
P8,41,random_30,dnT_1,0.5555555555555556,0.625,8
P8,41,random_30,dnT_2,0.9655172413793104,0.9655172413793104,29
P8,41,random_30,gdT_1,0.9248554913294798,0.9195402298850575,87
P8,41,random_30,gdT_2,0.7231869254341166,0.6072041166380789,583
P8,41,random_30,gdT_3,0.896551724137931,0.8863636363636364,44
P8,41,random_30,gdT_4,0.5566218809980806,0.4190751445086705,346
P8,41,random_30,pDC,1.0,1.0,66
P8,41,random_50,ASDC_mDC,0.0,0.0,2
P8,41,random_50,ASDC_pDC,0.6666666666666666,1.0,2
P8,41,random_50,B intermediate kappa,0.8245125348189415,0.8862275449101796,167
P8,41,random_50,B intermediate lambda,0.798780487804878,0.7751479289940828,169
P8,41,random_50,B memory kappa,0.875,0.8619402985074627,268
P8,41,random_50,B memory lambda,0.8409090909090909,0.896969696969697,165
P8,41,random_50,B naive kappa,0.7941176470588235,0.7105263157894737,152
P8,41,random_50,B naive lambda,0.7928994082840237,0.8072289156626506,83
P8,41,random_50,CD14 Mono,0.9900452488687783,0.9949977262391997,6597
P8,41,random_50,CD16 Mono,0.9528301886792453,0.9351851851851852,756
P8,41,random_50,CD4 CTL,0.9108669108669107,0.9395465994962217,397
P8,41,random_50,CD4 Naive,0.9801324503311258,0.98124191461837,3092
P8,41,random_50,CD4 Proliferating,0.5263157894736842,0.7142857142857143,7
P8,41,random_50,CD4 TCM_1,0.8105482303955587,0.7956403269754768,734
P8,41,random_50,CD4 TCM_2,0.6415094339622641,0.7083333333333334,48
P8,41,random_50,CD4 TCM_3,0.8209718670076727,0.8106060606060606,792
P8,41,random_50,CD4 TEM_1,0.7977207977207977,0.7553956834532374,556
P8,41,random_50,CD4 TEM_2,0.5428571428571428,0.6031746031746031,63
P8,41,random_50,CD4 TEM_3,0.6223021582733812,0.7935779816513762,218
P8,41,random_50,CD4 TEM_4,0.0,0.0,11
P8,41,random_50,CD8 Naive,0.975074775672981,0.9676781002638523,1516
P8,41,random_50,CD8 Naive_2,0.47191011235955055,0.44680851063829785,47
P8,41,random_50,CD8 Proliferating,0.6666666666666667,0.5294117647058824,17
P8,41,random_50,CD8 TCM_1,0.6500000000000001,0.6190476190476191,126
P8,41,random_50,CD8 TCM_2,0.8319672131147541,0.7777777777777778,261
P8,41,random_50,CD8 TCM_3,0.8035714285714285,0.7377049180327869,61
P8,41,random_50,CD8 TEM_1,0.7986289631533848,0.8118466898954704,574
P8,41,random_50,CD8 TEM_2,0.7765395894428153,0.7211328976034859,918
P8,41,random_50,CD8 TEM_3,0.592,0.48366013071895425,153
P8,41,random_50,CD8 TEM_4,0.8471677947987176,0.9209914794732765,1291
P8,41,random_50,CD8 TEM_5,0.7591836734693879,0.697151424287856,667
P8,41,random_50,CD8 TEM_6,0.8770053475935828,0.8541666666666666,96
P8,41,random_50,Doublet,0.42857142857142855,0.2857142857142857,42
P8,41,random_50,Eryth,0.9411764705882353,1.0,8
P8,41,random_50,HSPC,1.0,1.0,14
P8,41,random_50,ILC,0.8750000000000001,1.0,7
P8,41,random_50,MAIT,0.8098591549295774,0.8041958041958042,143
P8,41,random_50,NK Proliferating,0.9125,0.9012345679012346,81
P8,41,random_50,NK_1,0.76124775044991,0.9351510685335298,1357
P8,41,random_50,NK_2,0.8894070619586942,0.8870431893687708,1505
P8,41,random_50,NK_3,0.7167919799498746,0.6986970684039088,614
P8,41,random_50,NK_4,0.6512820512820513,0.5879629629629629,216
P8,41,random_50,NK_CD56bright,0.872852233676976,0.79375,160
P8,41,random_50,Plasma,0.9795918367346939,1.0,24
P8,41,random_50,Plasmablast,1.0,1.0,2
P8,41,random_50,Platelet,0.9663299663299663,0.9503311258278145,302
P8,41,random_50,Treg Memory,0.7832699619771862,0.8583333333333333,120
P8,41,random_50,Treg Naive,0.69,0.6216216216216216,111
P8,41,random_50,cDC1,1.0,1.0,5
P8,41,random_50,cDC2_1,0.7657992565055761,0.7410071942446043,139
P8,41,random_50,cDC2_2,0.947136563876652,0.9307359307359307,231
P8,41,random_50,dnT_1,0.45454545454545453,0.625,8
P8,41,random_50,dnT_2,0.9655172413793104,0.9655172413793104,29
P8,41,random_50,gdT_1,0.853932584269663,0.8735632183908046,87
P8,41,random_50,gdT_2,0.6423034330011074,0.4974271012006861,583
P8,41,random_50,gdT_3,0.8314606741573033,0.8409090909090909,44
P8,41,random_50,gdT_4,0.5140712945590995,0.3959537572254335,346
P8,41,random_50,pDC,0.9923664122137404,0.9848484848484849,66
P8,41,random_70,ASDC_mDC,0.0,0.0,2
P8,41,random_70,ASDC_pDC,0.4,0.5,2
P8,41,random_70,B intermediate kappa,0.8184438040345821,0.8502994011976048,167
P8,41,random_70,B intermediate lambda,0.7904191616766467,0.7810650887573964,169
P8,41,random_70,B memory kappa,0.8810408921933085,0.8843283582089553,268
P8,41,random_70,B memory lambda,0.8490028490028491,0.9030303030303031,165
P8,41,random_70,B naive kappa,0.8028673835125449,0.7368421052631579,152
P8,41,random_70,B naive lambda,0.7924528301886792,0.7590361445783133,83
P8,41,random_70,CD14 Mono,0.9895007175768562,0.9928755494921935,6597
P8,41,random_70,CD16 Mono,0.9520639147802928,0.9457671957671958,756
P8,41,random_70,CD4 CTL,0.9201520912547527,0.9143576826196473,397
P8,41,random_70,CD4 Naive,0.9769837437630774,0.9815653298835705,3092
P8,41,random_70,CD4 Proliferating,0.631578947368421,0.8571428571428571,7
P8,41,random_70,CD4 TCM_1,0.8091706001348616,0.8174386920980926,734
P8,41,random_70,CD4 TCM_2,0.627450980392157,0.6666666666666666,48
P8,41,random_70,CD4 TCM_3,0.810077519379845,0.7916666666666666,792
P8,41,random_70,CD4 TEM_1,0.8010899182561307,0.7931654676258992,556
P8,41,random_70,CD4 TEM_2,0.5864661654135339,0.6190476190476191,63
P8,41,random_70,CD4 TEM_3,0.5916030534351145,0.7110091743119266,218
P8,41,random_70,CD4 TEM_4,0.15384615384615385,0.09090909090909091,11
P8,41,random_70,CD8 Naive,0.9769129287598944,0.9769129287598944,1516
P8,41,random_70,CD8 Naive_2,0.4473684210526315,0.3617021276595745,47
P8,41,random_70,CD8 Proliferating,0.7142857142857143,0.5882352941176471,17
P8,41,random_70,CD8 TCM_1,0.6585365853658537,0.6428571428571429,126
P8,41,random_70,CD8 TCM_2,0.8140495867768596,0.7547892720306514,261
P8,41,random_70,CD8 TCM_3,0.7962962962962963,0.7049180327868853,61
P8,41,random_70,CD8 TEM_1,0.8075657894736842,0.8554006968641115,574
P8,41,random_70,CD8 TEM_2,0.76346037507562,0.6873638344226579,918
P8,41,random_70,CD8 TEM_3,0.6024096385542168,0.49019607843137253,153
P8,41,random_70,CD8 TEM_4,0.8441145281018027,0.924864446165763,1291
P8,41,random_70,CD8 TEM_5,0.779874213836478,0.7436281859070465,667
P8,41,random_70,CD8 TEM_6,0.8648648648648649,0.8333333333333334,96
P8,41,random_70,Doublet,0.4074074074074074,0.2619047619047619,42
P8,41,random_70,Eryth,0.8421052631578948,1.0,8
P8,41,random_70,HSPC,1.0,1.0,14
P8,41,random_70,ILC,0.9333333333333333,1.0,7
P8,41,random_70,MAIT,0.8248175182481752,0.7902097902097902,143
P8,41,random_70,NK Proliferating,0.9146341463414634,0.9259259259259259,81
P8,41,random_70,NK_1,0.778888194878201,0.9189388356669123,1357
P8,41,random_70,NK_2,0.8790058862001309,0.8930232558139535,1505
P8,41,random_70,NK_3,0.6984126984126985,0.6449511400651465,614
P8,41,random_70,NK_4,0.5904255319148936,0.5138888888888888,216
P8,41,random_70,NK_CD56bright,0.8630136986301369,0.7875,160
P8,41,random_70,Plasma,1.0,1.0,24
P8,41,random_70,Plasmablast,1.0,1.0,2
P8,41,random_70,Platelet,0.9662162162162162,0.9470198675496688,302
P8,41,random_70,Treg Memory,0.8135593220338982,0.8,120
P8,41,random_70,Treg Naive,0.6772486772486772,0.5765765765765766,111
P8,41,random_70,cDC1,1.0,1.0,5
P8,41,random_70,cDC2_1,0.7443609022556391,0.7122302158273381,139
P8,41,random_70,cDC2_2,0.9391304347826087,0.935064935064935,231
P8,41,random_70,dnT_1,0.4,0.5,8
P8,41,random_70,dnT_2,0.9473684210526316,0.9310344827586207,29
P8,41,random_70,gdT_1,0.8522727272727273,0.8620689655172413,87
P8,41,random_70,gdT_2,0.7194525904203323,0.6312178387650086,583
P8,41,random_70,gdT_3,0.8089887640449439,0.8181818181818182,44
P8,41,random_70,gdT_4,0.49330783938814526,0.37283236994219654,346
P8,41,random_70,pDC,0.9848484848484849,0.9848484848484849,66
P8,41,marker_memory,ASDC_mDC,0.0,0.0,2
P8,41,marker_memory,ASDC_pDC,0.6666666666666666,1.0,2
P8,41,marker_memory,B intermediate kappa,0.8238636363636364,0.8682634730538922,167
P8,41,marker_memory,B intermediate lambda,0.8200589970501475,0.8224852071005917,169
P8,41,marker_memory,B memory kappa,0.8768656716417911,0.8768656716417911,268
P8,41,marker_memory,B memory lambda,0.8554913294797687,0.896969696969697,165
P8,41,marker_memory,B naive kappa,0.8014440433212996,0.7302631578947368,152
P8,41,marker_memory,B naive lambda,0.8176100628930818,0.7831325301204819,83
P8,41,marker_memory,CD14 Mono,0.9906923950056754,0.992269213278763,6597
P8,41,marker_memory,CD16 Mono,0.9547872340425532,0.9497354497354498,756
P8,41,marker_memory,CD4 CTL,0.9571603427172583,0.9848866498740554,397
P8,41,marker_memory,CD4 Naive,0.9825693996126533,0.9844760672703752,3092
P8,41,marker_memory,CD4 Proliferating,0.6666666666666666,0.7142857142857143,7
P8,41,marker_memory,CD4 TCM_1,0.831858407079646,0.832425068119891,734
P8,41,marker_memory,CD4 TCM_2,0.7037037037037038,0.7916666666666666,48
P8,41,marker_memory,CD4 TCM_3,0.8544973544973544,0.8156565656565656,792
P8,41,marker_memory,CD4 TEM_1,0.8354898336414048,0.8129496402877698,556
P8,41,marker_memory,CD4 TEM_2,0.6187050359712231,0.6825396825396826,63
P8,41,marker_memory,CD4 TEM_3,0.7227533460803061,0.8669724770642202,218
P8,41,marker_memory,CD4 TEM_4,0.37499999999999994,0.2727272727272727,11
P8,41,marker_memory,CD8 Naive,0.983520105471325,0.9841688654353562,1516
P8,41,marker_memory,CD8 Naive_2,0.5789473684210527,0.46808510638297873,47
P8,41,marker_memory,CD8 Proliferating,0.6666666666666667,0.5294117647058824,17
P8,41,marker_memory,CD8 TCM_1,0.7049808429118773,0.7301587301587301,126
P8,41,marker_memory,CD8 TCM_2,0.9083820662768032,0.89272030651341,261
P8,41,marker_memory,CD8 TCM_3,0.9090909090909091,0.9016393442622951,61
P8,41,marker_memory,CD8 TEM_1,0.8189102564102565,0.8902439024390244,574
P8,41,marker_memory,CD8 TEM_2,0.8002316155182396,0.7527233115468409,918
P8,41,marker_memory,CD8 TEM_3,0.6363636363636364,0.5490196078431373,153
P8,41,marker_memory,CD8 TEM_4,0.8547008547008548,0.9295120061967467,1291
P8,41,marker_memory,CD8 TEM_5,0.7826784282277467,0.7316341829085458,667
P8,41,marker_memory,CD8 TEM_6,0.9021739130434783,0.8645833333333334,96
P8,41,marker_memory,Doublet,0.6363636363636364,0.5,42
P8,41,marker_memory,Eryth,0.888888888888889,1.0,8
P8,41,marker_memory,HSPC,1.0,1.0,14
P8,41,marker_memory,ILC,0.9333333333333333,1.0,7
P8,41,marker_memory,MAIT,0.8636363636363638,0.7972027972027972,143
P8,41,marker_memory,NK Proliferating,0.9125,0.9012345679012346,81
P8,41,marker_memory,NK_1,0.8492063492063493,0.94620486366986,1357
P8,41,marker_memory,NK_2,0.899009900990099,0.9049833887043189,1505
P8,41,marker_memory,NK_3,0.7317073170731707,0.6596091205211726,614
P8,41,marker_memory,NK_4,0.6683673469387755,0.6064814814814815,216
P8,41,marker_memory,NK_CD56bright,0.8783783783783784,0.8125,160
P8,41,marker_memory,Plasma,0.9787234042553191,0.9583333333333334,24
P8,41,marker_memory,Plasmablast,1.0,1.0,2
P8,41,marker_memory,Platelet,0.964824120603015,0.9536423841059603,302
P8,41,marker_memory,Treg Memory,0.7983193277310924,0.7916666666666666,120
P8,41,marker_memory,Treg Naive,0.75,0.6486486486486487,111
P8,41,marker_memory,cDC1,1.0,1.0,5
P8,41,marker_memory,cDC2_1,0.7545787545787545,0.7410071942446043,139
P8,41,marker_memory,cDC2_2,0.9439655172413793,0.948051948051948,231
P8,41,marker_memory,dnT_1,0.6666666666666666,0.625,8
P8,41,marker_memory,dnT_2,0.9259259259259259,0.8620689655172413,29
P8,41,marker_memory,gdT_1,0.8541666666666667,0.9425287356321839,87
P8,41,marker_memory,gdT_2,0.8276497695852535,0.7701543739279588,583
P8,41,marker_memory,gdT_3,0.9302325581395349,0.9090909090909091,44
P8,41,marker_memory,gdT_4,0.7312925170068026,0.6213872832369942,346
P8,41,marker_memory,pDC,1.0,1.0,66
P8,41,marker_tcell,ASDC_mDC,0.0,0.0,2
P8,41,marker_tcell,ASDC_pDC,0.6666666666666666,1.0,2
P8,41,marker_tcell,B intermediate kappa,0.8205128205128206,0.8622754491017964,167
P8,41,marker_tcell,B intermediate lambda,0.823529411764706,0.8284023668639053,169
P8,41,marker_tcell,B memory kappa,0.8764044943820225,0.8731343283582089,268
P8,41,marker_tcell,B memory lambda,0.8530259365994236,0.896969696969697,165
P8,41,marker_tcell,B naive kappa,0.7913669064748201,0.7236842105263158,152
P8,41,marker_tcell,B naive lambda,0.8124999999999999,0.7831325301204819,83
P8,41,marker_tcell,CD14 Mono,0.9906952114380815,0.9925723813854782,6597
P8,41,marker_tcell,CD16 Mono,0.9560585885486018,0.9497354497354498,756
P8,41,marker_tcell,CD4 CTL,0.944649446494465,0.9672544080604534,397
P8,41,marker_tcell,CD4 Naive,0.9810771470160116,0.9809184993531694,3092
P8,41,marker_tcell,CD4 Proliferating,0.588235294117647,0.7142857142857143,7
P8,41,marker_tcell,CD4 TCM_1,0.8267770876466528,0.8160762942779292,734
P8,41,marker_tcell,CD4 TCM_2,0.6915887850467289,0.7708333333333334,48
P8,41,marker_tcell,CD4 TCM_3,0.8502230720203952,0.8421717171717171,792
P8,41,marker_tcell,CD4 TEM_1,0.8233151183970856,0.8129496402877698,556
P8,41,marker_tcell,CD4 TEM_2,0.5942028985507245,0.6507936507936508,63
P8,41,marker_tcell,CD4 TEM_3,0.7251461988304094,0.8532110091743119,218
P8,41,marker_tcell,CD4 TEM_4,0.28571428571428575,0.18181818181818182,11
P8,41,marker_tcell,CD8 Naive,0.9804700430321086,0.9769129287598944,1516
P8,41,marker_tcell,CD8 Naive_2,0.5714285714285714,0.46808510638297873,47
P8,41,marker_tcell,CD8 Proliferating,0.6666666666666667,0.5294117647058824,17
P8,41,marker_tcell,CD8 TCM_1,0.7044534412955465,0.6904761904761905,126
P8,41,marker_tcell,CD8 TCM_2,0.8764940239043826,0.842911877394636,261
P8,41,marker_tcell,CD8 TCM_3,0.9,0.8852459016393442,61
P8,41,marker_tcell,CD8 TEM_1,0.8206008583690988,0.8327526132404182,574
P8,41,marker_tcell,CD8 TEM_2,0.7909738717339667,0.7254901960784313,918
P8,41,marker_tcell,CD8 TEM_3,0.6444444444444445,0.5686274509803921,153
P8,41,marker_tcell,CD8 TEM_4,0.8571428571428572,0.9178931061192874,1291
P8,41,marker_tcell,CD8 TEM_5,0.7785016286644951,0.7166416791604198,667
P8,41,marker_tcell,CD8 TEM_6,0.8900523560209423,0.8854166666666666,96
P8,41,marker_tcell,Doublet,0.5970149253731344,0.47619047619047616,42
P8,41,marker_tcell,Eryth,0.888888888888889,1.0,8
P8,41,marker_tcell,HSPC,1.0,1.0,14
P8,41,marker_tcell,ILC,0.9333333333333333,1.0,7
P8,41,marker_tcell,MAIT,0.8741258741258742,0.8741258741258742,143
P8,41,marker_tcell,NK Proliferating,0.9068322981366459,0.9012345679012346,81
P8,41,marker_tcell,NK_1,0.7765925022858885,0.9388356669123066,1357
P8,41,marker_tcell,NK_2,0.8979725310660562,0.9122923588039867,1505
P8,41,marker_tcell,NK_3,0.7185840707964601,0.6612377850162866,614
P8,41,marker_tcell,NK_4,0.6426735218508998,0.5787037037037037,216
P8,41,marker_tcell,NK_CD56bright,0.8531468531468531,0.7625,160
P8,41,marker_tcell,Plasma,0.9787234042553191,0.9583333333333334,24
P8,41,marker_tcell,Plasmablast,1.0,1.0,2
P8,41,marker_tcell,Platelet,0.9680672268907563,0.9536423841059603,302
P8,41,marker_tcell,Treg Memory,0.7950819672131147,0.8083333333333333,120
P8,41,marker_tcell,Treg Naive,0.7524752475247525,0.6846846846846847,111
P8,41,marker_tcell,cDC1,1.0,1.0,5
P8,41,marker_tcell,cDC2_1,0.75,0.7338129496402878,139
P8,41,marker_tcell,cDC2_2,0.9419354838709677,0.948051948051948,231
P8,41,marker_tcell,dnT_1,0.4,0.5,8
P8,41,marker_tcell,dnT_2,0.9473684210526316,0.9310344827586207,29
P8,41,marker_tcell,gdT_1,0.8553459119496855,0.7816091954022989,87
P8,41,marker_tcell,gdT_2,0.6896551724137931,0.5660377358490566,583
P8,41,marker_tcell,gdT_3,0.8735632183908046,0.8636363636363636,44
P8,41,marker_tcell,gdT_4,0.566610455311973,0.48554913294797686,346
P8,41,marker_tcell,pDC,1.0,1.0,66
P8,41,rna_only,ASDC_mDC,0.0,0.0,2
P8,41,rna_only,ASDC_pDC,0.6666666666666666,1.0,2
P8,41,rna_only,B intermediate kappa,0.8238636363636364,0.8682634730538922,167
P8,41,rna_only,B intermediate lambda,0.7939393939393938,0.7751479289940828,169
P8,41,rna_only,B memory kappa,0.8669201520912547,0.8507462686567164,268
P8,41,rna_only,B memory lambda,0.8379888268156425,0.9090909090909091,165
P8,41,rna_only,B naive kappa,0.7985347985347986,0.7171052631578947,152
P8,41,rna_only,B naive lambda,0.8023952095808383,0.8072289156626506,83
P8,41,rna_only,CD14 Mono,0.9887283455632044,0.9906017886918296,6597
P8,41,rna_only,CD16 Mono,0.9527611443779109,0.9470899470899471,756
P8,41,rna_only,CD4 CTL,0.8935611038107752,0.8564231738035264,397
P8,41,rna_only,CD4 Naive,0.9762251334303736,0.9760672703751617,3092
P8,41,rna_only,CD4 Proliferating,0.75,0.8571428571428571,7
P8,41,rna_only,CD4 TCM_1,0.7890784982935154,0.7874659400544959,734
P8,41,rna_only,CD4 TCM_2,0.5892857142857143,0.6875,48
P8,41,rna_only,CD4 TCM_3,0.8116129032258065,0.7941919191919192,792
P8,41,rna_only,CD4 TEM_1,0.7954759660697456,0.7589928057553957,556
P8,41,rna_only,CD4 TEM_2,0.5234899328859061,0.6190476190476191,63
P8,41,rna_only,CD4 TEM_3,0.6222222222222223,0.7706422018348624,218
P8,41,rna_only,CD4 TEM_4,0.12500000000000003,0.09090909090909091,11
P8,41,rna_only,CD8 Naive,0.9733289430358908,0.974934036939314,1516
P8,41,rna_only,CD8 Naive_2,0.4523809523809524,0.40425531914893614,47
P8,41,rna_only,CD8 Proliferating,0.6896551724137931,0.5882352941176471,17
P8,41,rna_only,CD8 TCM_1,0.5982905982905983,0.5555555555555556,126
P8,41,rna_only,CD8 TCM_2,0.8130081300813009,0.7662835249042146,261
P8,41,rna_only,CD8 TCM_3,0.7563025210084033,0.7377049180327869,61
P8,41,rna_only,CD8 TEM_1,0.7912824811399832,0.8222996515679443,574
P8,41,rna_only,CD8 TEM_2,0.7620751341681574,0.696078431372549,918
P8,41,rna_only,CD8 TEM_3,0.6142857142857143,0.5620915032679739,153
P8,41,rna_only,CD8 TEM_4,0.8369188063844553,0.9341595662277304,1291
P8,41,rna_only,CD8 TEM_5,0.7656870532168387,0.7226386806596702,667
P8,41,rna_only,CD8 TEM_6,0.8645833333333333,0.8645833333333334,96
P8,41,rna_only,Doublet,0.36666666666666675,0.2619047619047619,42
P8,41,rna_only,Eryth,0.8421052631578948,1.0,8
P8,41,rna_only,HSPC,1.0,1.0,14
P8,41,rna_only,ILC,0.8750000000000001,1.0,7
P8,41,rna_only,MAIT,0.7835820895522388,0.7342657342657343,143
P8,41,rna_only,NK Proliferating,0.927710843373494,0.9506172839506173,81
P8,41,rna_only,NK_1,0.7870709763412197,0.8703021370670597,1357
P8,41,rna_only,NK_2,0.8698695513840281,0.9083056478405316,1505
P8,41,rna_only,NK_3,0.6995594713656387,0.6465798045602605,614
P8,41,rna_only,NK_4,0.6490384615384616,0.625,216
P8,41,rna_only,NK_CD56bright,0.8540925266903914,0.75,160
P8,41,rna_only,Plasma,1.0,1.0,24
P8,41,rna_only,Plasmablast,1.0,1.0,2
P8,41,rna_only,Platelet,0.9662162162162162,0.9470198675496688,302
P8,41,rna_only,Treg Memory,0.7744680851063831,0.7583333333333333,120
P8,41,rna_only,Treg Naive,0.7263681592039801,0.6576576576576577,111
P8,41,rna_only,cDC1,1.0,1.0,5
P8,41,rna_only,cDC2_1,0.7101449275362319,0.7050359712230215,139
P8,41,rna_only,cDC2_2,0.9313304721030043,0.9393939393939394,231
P8,41,rna_only,dnT_1,0.4761904761904762,0.625,8
P8,41,rna_only,dnT_2,0.9473684210526316,0.9310344827586207,29
P8,41,rna_only,gdT_1,0.8735632183908046,0.8735632183908046,87
P8,41,rna_only,gdT_2,0.7585568917668825,0.7032590051457976,583
P8,41,rna_only,gdT_3,0.8809523809523809,0.8409090909090909,44
P8,41,rna_only,gdT_4,0.4846153846153846,0.36416184971098264,346
P8,41,rna_only,pDC,0.9923664122137404,0.9848484848484849,66
P8,41,random_size_matched_6,ASDC_mDC,0.0,0.0,2
P8,41,random_size_matched_6,ASDC_pDC,0.6666666666666666,1.0,2
P8,41,random_size_matched_6,B intermediate kappa,0.8285714285714285,0.8682634730538922,167
P8,41,random_size_matched_6,B intermediate lambda,0.8141592920353982,0.8165680473372781,169
P8,41,random_size_matched_6,B memory kappa,0.8834586466165414,0.8768656716417911,268
P8,41,random_size_matched_6,B memory lambda,0.8481375358166189,0.896969696969697,165
P8,41,random_size_matched_6,B naive kappa,0.8086642599277979,0.7368421052631579,152
P8,41,random_size_matched_6,B naive lambda,0.8148148148148148,0.7951807228915663,83
P8,41,random_size_matched_6,CD14 Mono,0.9906952114380815,0.9925723813854782,6597
P8,41,random_size_matched_6,CD16 Mono,0.95542248835662,0.9497354497354498,756
P8,41,random_size_matched_6,CD4 CTL,0.9714993804213135,0.9874055415617129,397
P8,41,random_size_matched_6,CD4 Naive,0.9830508474576272,0.9847994825355757,3092
P8,41,random_size_matched_6,CD4 Proliferating,0.588235294117647,0.7142857142857143,7
P8,41,random_size_matched_6,CD4 TCM_1,0.836388323150034,0.8392370572207084,734
P8,41,random_size_matched_6,CD4 TCM_2,0.6728971962616822,0.75,48
P8,41,random_size_matched_6,CD4 TCM_3,0.8580858085808581,0.8207070707070707,792
P8,41,random_size_matched_6,CD4 TEM_1,0.8421052631578948,0.8345323741007195,556
P8,41,random_size_matched_6,CD4 TEM_2,0.6099290780141844,0.6825396825396826,63
P8,41,random_size_matched_6,CD4 TEM_3,0.7405940594059405,0.8577981651376146,218
P8,41,random_size_matched_6,CD4 TEM_4,0.39999999999999997,0.2727272727272727,11
P8,41,random_size_matched_6,CD8 Naive,0.984838497033619,0.9854881266490765,1516
P8,41,random_size_matched_6,CD8 Naive_2,0.5675675675675675,0.44680851063829785,47
P8,41,random_size_matched_6,CD8 Proliferating,0.7142857142857143,0.5882352941176471,17
P8,41,random_size_matched_6,CD8 TCM_1,0.7063492063492064,0.7063492063492064,126
P8,41,random_size_matched_6,CD8 TCM_2,0.90234375,0.8850574712643678,261
P8,41,random_size_matched_6,CD8 TCM_3,0.8925619834710743,0.8852459016393442,61
P8,41,random_size_matched_6,CD8 TEM_1,0.848381601362862,0.867595818815331,574
P8,41,random_size_matched_6,CD8 TEM_2,0.8215720022948939,0.7799564270152506,918
P8,41,random_size_matched_6,CD8 TEM_3,0.6384615384615385,0.5424836601307189,153
P8,41,random_size_matched_6,CD8 TEM_4,0.8641362185172047,0.9434546862896979,1291
P8,41,random_size_matched_6,CD8 TEM_5,0.7856598016781083,0.7721139430284858,667
P8,41,random_size_matched_6,CD8 TEM_6,0.9375,0.9375,96
P8,41,random_size_matched_6,Doublet,0.6060606060606061,0.47619047619047616,42
P8,41,random_size_matched_6,Eryth,0.888888888888889,1.0,8
P8,41,random_size_matched_6,HSPC,1.0,1.0,14
P8,41,random_size_matched_6,ILC,1.0,1.0,7
P8,41,random_size_matched_6,MAIT,0.8937728937728937,0.8531468531468531,143
P8,41,random_size_matched_6,NK Proliferating,0.9044585987261147,0.8765432098765432,81
P8,41,random_size_matched_6,NK_1,0.8544199802826159,0.9579955784819455,1357
P8,41,random_size_matched_6,NK_2,0.8988313856427378,0.8943521594684385,1505
P8,41,random_size_matched_6,NK_3,0.7259786476868326,0.6644951140065146,614
P8,41,random_size_matched_6,NK_4,0.6302729528535981,0.5879629629629629,216
P8,41,random_size_matched_6,NK_CD56bright,0.8161764705882353,0.69375,160
P8,41,random_size_matched_6,Plasma,0.9787234042553191,0.9583333333333334,24
P8,41,random_size_matched_6,Plasmablast,1.0,1.0,2
P8,41,random_size_matched_6,Platelet,0.9680672268907563,0.9536423841059603,302
P8,41,random_size_matched_6,Treg Memory,0.811965811965812,0.7916666666666666,120
P8,41,random_size_matched_6,Treg Naive,0.7881773399014778,0.7207207207207207,111
P8,41,random_size_matched_6,cDC1,1.0,1.0,5
P8,41,random_size_matched_6,cDC2_1,0.753731343283582,0.7266187050359713,139
P8,41,random_size_matched_6,cDC2_2,0.9462365591397849,0.9523809523809523,231
P8,41,random_size_matched_6,dnT_1,0.5714285714285715,0.5,8
P8,41,random_size_matched_6,dnT_2,0.9655172413793104,0.9655172413793104,29
P8,41,random_size_matched_6,gdT_1,0.9142857142857144,0.9195402298850575,87
P8,41,random_size_matched_6,gdT_2,0.8212996389891697,0.7804459691252144,583
P8,41,random_size_matched_6,gdT_3,0.9213483146067416,0.9318181818181818,44
P8,41,random_size_matched_6,gdT_4,0.6959578207381372,0.5722543352601156,346
P8,41,random_size_matched_6,pDC,1.0,1.0,66
P8,41,random_size_matched_15,ASDC_mDC,0.0,0.0,2
P8,41,random_size_matched_15,ASDC_pDC,0.6666666666666666,1.0,2
P8,41,random_size_matched_15,B intermediate kappa,0.8357348703170029,0.8682634730538922,167
P8,41,random_size_matched_15,B intermediate lambda,0.8298507462686566,0.8224852071005917,169
P8,41,random_size_matched_15,B memory kappa,0.8868274582560296,0.8917910447761194,268
P8,41,random_size_matched_15,B memory lambda,0.8611898016997167,0.9212121212121213,165
P8,41,random_size_matched_15,B naive kappa,0.802919708029197,0.7236842105263158,152
P8,41,random_size_matched_15,B naive lambda,0.8124999999999999,0.7831325301204819,83
P8,41,random_size_matched_15,CD14 Mono,0.9905510620606244,0.9931787175989086,6597
P8,41,random_size_matched_15,CD16 Mono,0.9518716577540107,0.9417989417989417,756
P8,41,random_size_matched_15,CD4 CTL,0.9738480697384807,0.9848866498740554,397
P8,41,random_size_matched_15,CD4 Naive,0.9822294022617125,0.9831824062095731,3092
P8,41,random_size_matched_15,CD4 Proliferating,0.6666666666666666,0.7142857142857143,7
P8,41,random_size_matched_15,CD4 TCM_1,0.8299319727891156,0.8310626702997275,734
P8,41,random_size_matched_15,CD4 TCM_2,0.6538461538461539,0.7083333333333334,48
P8,41,random_size_matched_15,CD4 TCM_3,0.857516339869281,0.8282828282828283,792
P8,41,random_size_matched_15,CD4 TEM_1,0.8451730418943533,0.8345323741007195,556
P8,41,random_size_matched_15,CD4 TEM_2,0.60431654676259,0.6666666666666666,63
P8,41,random_size_matched_15,CD4 TEM_3,0.7294117647058822,0.8532110091743119,218
P8,41,random_size_matched_15,CD4 TEM_4,0.39999999999999997,0.2727272727272727,11
P8,41,random_size_matched_15,CD8 Naive,0.9835092348284961,0.9835092348284961,1516
P8,41,random_size_matched_15,CD8 Naive_2,0.5974025974025974,0.48936170212765956,47
P8,41,random_size_matched_15,CD8 Proliferating,0.7142857142857143,0.5882352941176471,17
P8,41,random_size_matched_15,CD8 TCM_1,0.7286821705426357,0.746031746031746,126
P8,41,random_size_matched_15,CD8 TCM_2,0.9140624999999999,0.896551724137931,261
P8,41,random_size_matched_15,CD8 TCM_3,0.8739495798319327,0.8524590163934426,61
P8,41,random_size_matched_15,CD8 TEM_1,0.8417450812660394,0.8571428571428571,574
P8,41,random_size_matched_15,CD8 TEM_2,0.8137931034482758,0.7712418300653595,918
P8,41,random_size_matched_15,CD8 TEM_3,0.6513409961685824,0.5555555555555556,153
P8,41,random_size_matched_15,CD8 TEM_4,0.8628005657708628,0.9450038729666925,1291
P8,41,random_size_matched_15,CD8 TEM_5,0.7907335907335907,0.767616191904048,667
P8,41,random_size_matched_15,CD8 TEM_6,0.9375,0.9375,96
P8,41,random_size_matched_15,Doublet,0.59375,0.4523809523809524,42
P8,41,random_size_matched_15,Eryth,0.9411764705882353,1.0,8
P8,41,random_size_matched_15,HSPC,1.0,1.0,14
P8,41,random_size_matched_15,ILC,1.0,1.0,7
P8,41,random_size_matched_15,MAIT,0.901098901098901,0.8601398601398601,143
P8,41,random_size_matched_15,NK Proliferating,0.9068322981366459,0.9012345679012346,81
P8,41,random_size_matched_15,NK_1,0.8522540309312273,0.9543109801031687,1357
P8,41,random_size_matched_15,NK_2,0.8968490878938641,0.8983388704318936,1505
P8,41,random_size_matched_15,NK_3,0.7205750224618148,0.6530944625407166,614
P8,41,random_size_matched_15,NK_4,0.6082474226804124,0.5462962962962963,216
P8,41,random_size_matched_15,NK_CD56bright,0.8357142857142857,0.73125,160
P8,41,random_size_matched_15,Plasma,0.9787234042553191,0.9583333333333334,24
P8,41,random_size_matched_15,Plasmablast,1.0,1.0,2
P8,41,random_size_matched_15,Platelet,0.9664429530201342,0.9536423841059603,302
P8,41,random_size_matched_15,Treg Memory,0.8000000000000002,0.8,120
P8,41,random_size_matched_15,Treg Naive,0.7551020408163265,0.6666666666666666,111
P8,41,random_size_matched_15,cDC1,1.0,1.0,5
P8,41,random_size_matched_15,cDC2_1,0.761904761904762,0.7482014388489209,139
P8,41,random_size_matched_15,cDC2_2,0.9478260869565217,0.9437229437229437,231
P8,41,random_size_matched_15,dnT_1,0.4615384615384615,0.375,8
P8,41,random_size_matched_15,dnT_2,0.9655172413793104,0.9655172413793104,29
P8,41,random_size_matched_15,gdT_1,0.9101123595505618,0.9310344827586207,87
P8,41,random_size_matched_15,gdT_2,0.8246869409660107,0.79073756432247,583
P8,41,random_size_matched_15,gdT_3,0.9111111111111111,0.9318181818181818,44
P8,41,random_size_matched_15,gdT_4,0.6913580246913581,0.5664739884393064,346
P8,41,random_size_matched_15,pDC,1.0,1.0,66
P8,42,full,ASDC_mDC,0.6666666666666666,0.5,2
P8,42,full,ASDC_pDC,0.8,1.0,2
P8,42,full,B intermediate kappa,0.8169761273209549,0.9221556886227545,167
P8,42,full,B intermediate lambda,0.7961165048543689,0.727810650887574,169
P8,42,full,B memory kappa,0.9071428571428571,0.9477611940298507,268
P8,42,full,B memory lambda,0.8676923076923077,0.8545454545454545,165
P8,42,full,B naive kappa,0.8161764705882353,0.7302631578947368,152
P8,42,full,B naive lambda,0.819277108433735,0.8192771084337349,83
P8,42,full,CD14 Mono,0.990754774173992,0.9909049567985448,6597
P8,42,full,CD16 Mono,0.9543080939947781,0.966931216931217,756
P8,42,full,CD4 CTL,0.9674999999999999,0.9748110831234257,397
P8,42,full,CD4 Naive,0.9830014570179699,0.981888745148771,3092
P8,42,full,CD4 Proliferating,0.6666666666666666,0.5714285714285714,7
P8,42,full,CD4 TCM_1,0.8508946322067595,0.8746594005449592,734
P8,42,full,CD4 TCM_2,0.6666666666666667,0.6041666666666666,48
P8,42,full,CD4 TCM_3,0.8613333333333334,0.8156565656565656,792
P8,42,full,CD4 TEM_1,0.8598949211908932,0.8830935251798561,556
P8,42,full,CD4 TEM_2,0.6393442622950819,0.6190476190476191,63
P8,42,full,CD4 TEM_3,0.7251461988304094,0.8532110091743119,218
P8,42,full,CD4 TEM_4,0.3076923076923077,0.18181818181818182,11
P8,42,full,CD8 Naive,0.9855453350854139,0.9894459102902374,1516
P8,42,full,CD8 Naive_2,0.5588235294117647,0.40425531914893614,47
P8,42,full,CD8 Proliferating,0.6896551724137931,0.5882352941176471,17
P8,42,full,CD8 TCM_1,0.7142857142857143,0.7142857142857143,126
P8,42,full,CD8 TCM_2,0.9080234833659492,0.8888888888888888,261
P8,42,full,CD8 TCM_3,0.8617886178861789,0.8688524590163934,61
P8,42,full,CD8 TEM_1,0.8372497824194952,0.837979094076655,574
P8,42,full,CD8 TEM_2,0.8326359832635983,0.8671023965141612,918
P8,42,full,CD8 TEM_3,0.648854961832061,0.5555555555555556,153
P8,42,full,CD8 TEM_4,0.867624810892587,0.8884585592563904,1291
P8,42,full,CD8 TEM_5,0.8184568835098336,0.8110944527736131,667
P8,42,full,CD8 TEM_6,0.9387755102040817,0.9583333333333334,96
P8,42,full,Doublet,0.5806451612903225,0.42857142857142855,42
P8,42,full,Eryth,0.8421052631578948,1.0,8
P8,42,full,HSPC,1.0,1.0,14
P8,42,full,ILC,1.0,1.0,7
P8,42,full,MAIT,0.9347826086956521,0.9020979020979021,143
P8,42,full,NK Proliferating,0.8741721854304636,0.8148148148148148,81
P8,42,full,NK_1,0.8700719917723688,0.9351510685335298,1357
P8,42,full,NK_2,0.9048414023372288,0.9003322259136213,1505
P8,42,full,NK_3,0.7756138865368332,0.745928338762215,614
P8,42,full,NK_4,0.6698795180722891,0.6435185185185185,216
P8,42,full,NK_CD56bright,0.8710801393728224,0.78125,160
P8,42,full,Plasma,0.9787234042553191,0.9583333333333334,24
P8,42,full,Plasmablast,1.0,1.0,2
P8,42,full,Platelet,0.9630872483221475,0.9503311258278145,302
P8,42,full,Treg Memory,0.8198198198198199,0.7583333333333333,120
P8,42,full,Treg Naive,0.7735849056603774,0.7387387387387387,111
P8,42,full,cDC1,1.0,1.0,5
P8,42,full,cDC2_1,0.734848484848485,0.697841726618705,139
P8,42,full,cDC2_2,0.9319148936170213,0.948051948051948,231
P8,42,full,dnT_1,0.625,0.625,8
P8,42,full,dnT_2,0.9056603773584906,0.8275862068965517,29
P8,42,full,gdT_1,0.901098901098901,0.9425287356321839,87
P8,42,full,gdT_2,0.8418410041841005,0.8627787307032591,583
P8,42,full,gdT_3,0.891566265060241,0.8409090909090909,44
P8,42,full,gdT_4,0.6394052044609665,0.49710982658959535,346
P8,42,full,pDC,0.9923664122137404,0.9848484848484849,66
P8,42,random_10,ASDC_mDC,0.0,0.0,2
P8,42,random_10,ASDC_pDC,0.6666666666666666,1.0,2
P8,42,random_10,B intermediate kappa,0.8203753351206435,0.9161676646706587,167
P8,42,random_10,B intermediate lambda,0.7908496732026143,0.7159763313609467,169
P8,42,random_10,B memory kappa,0.9049295774647887,0.9589552238805971,268
P8,42,random_10,B memory lambda,0.8641975308641976,0.8484848484848485,165
P8,42,random_10,B naive kappa,0.8058608058608059,0.7236842105263158,152
P8,42,random_10,B naive lambda,0.812121212121212,0.8072289156626506,83
P8,42,random_10,CD14 Mono,0.9904603270745003,0.9915112930119752,6597
P8,42,random_10,CD16 Mono,0.9541884816753927,0.9642857142857143,756
P8,42,random_10,CD4 CTL,0.9724999999999999,0.9798488664987406,397
P8,42,random_10,CD4 Naive,0.9823824147405851,0.9828589909443726,3092
P8,42,random_10,CD4 Proliferating,0.7692307692307692,0.7142857142857143,7
P8,42,random_10,CD4 TCM_1,0.8426666666666666,0.8610354223433242,734
P8,42,random_10,CD4 TCM_2,0.6582278481012658,0.5416666666666666,48
P8,42,random_10,CD4 TCM_3,0.8608923884514436,0.8282828282828283,792
P8,42,random_10,CD4 TEM_1,0.8629531388152076,0.8776978417266187,556
P8,42,random_10,CD4 TEM_2,0.5913043478260869,0.5396825396825397,63
P8,42,random_10,CD4 TEM_3,0.7325581395348837,0.8669724770642202,218
P8,42,random_10,CD4 TEM_4,0.3076923076923077,0.18181818181818182,11
P8,42,random_10,CD8 Naive,0.9845952146837103,0.9907651715039578,1516
P8,42,random_10,CD8 Naive_2,0.5454545454545454,0.3829787234042553,47
P8,42,random_10,CD8 Proliferating,0.7333333333333334,0.6470588235294118,17
P8,42,random_10,CD8 TCM_1,0.7286821705426357,0.746031746031746,126
P8,42,random_10,CD8 TCM_2,0.8986083499005963,0.8659003831417624,261
P8,42,random_10,CD8 TCM_3,0.864,0.8852459016393442,61
P8,42,random_10,CD8 TEM_1,0.8421970357454227,0.8414634146341463,574
P8,42,random_10,CD8 TEM_2,0.8294979079497906,0.8638344226579521,918
P8,42,random_10,CD8 TEM_3,0.6332046332046333,0.5359477124183006,153
P8,42,random_10,CD8 TEM_4,0.8636533432947329,0.895429899302866,1291
P8,42,random_10,CD8 TEM_5,0.8165771297006907,0.7976011994002998,667
P8,42,random_10,CD8 TEM_6,0.9278350515463918,0.9375,96
P8,42,random_10,Doublet,0.45614035087719296,0.30952380952380953,42
P8,42,random_10,Eryth,0.8421052631578948,1.0,8
P8,42,random_10,HSPC,1.0,1.0,14
P8,42,random_10,ILC,1.0,1.0,7
P8,42,random_10,MAIT,0.9386281588447654,0.9090909090909091,143
P8,42,random_10,NK Proliferating,0.8903225806451613,0.8518518518518519,81
P8,42,random_10,NK_1,0.8638689866939611,0.9329403095062638,1357
P8,42,random_10,NK_2,0.900100233879051,0.8950166112956811,1505
P8,42,random_10,NK_3,0.764006791171477,0.7328990228013029,614
P8,42,random_10,NK_4,0.6716417910447761,0.625,216
P8,42,random_10,NK_CD56bright,0.8788927335640138,0.79375,160
P8,42,random_10,Plasma,0.9787234042553191,0.9583333333333334,24
P8,42,random_10,Plasmablast,1.0,1.0,2
P8,42,random_10,Platelet,0.9630872483221475,0.9503311258278145,302
P8,42,random_10,Treg Memory,0.8073394495412844,0.7333333333333333,120
P8,42,random_10,Treg Naive,0.7596153846153846,0.7117117117117117,111
P8,42,random_10,cDC1,1.0,1.0,5
P8,42,random_10,cDC2_1,0.7203065134099618,0.6762589928057554,139
P8,42,random_10,cDC2_2,0.9234042553191489,0.9393939393939394,231
P8,42,random_10,dnT_1,0.625,0.625,8
P8,42,random_10,dnT_2,0.9454545454545454,0.896551724137931,29
P8,42,random_10,gdT_1,0.8677248677248677,0.9425287356321839,87
P8,42,random_10,gdT_2,0.8355704697986576,0.8542024013722127,583
P8,42,random_10,gdT_3,0.891566265060241,0.8409090909090909,44
P8,42,random_10,gdT_4,0.5988483685220729,0.4508670520231214,346
P8,42,random_10,pDC,0.9923664122137404,0.9848484848484849,66
P8,42,random_30,ASDC_mDC,0.6666666666666666,0.5,2
P8,42,random_30,ASDC_pDC,0.8,1.0,2
P8,42,random_30,B intermediate kappa,0.8196721311475409,0.8982035928143712,167
P8,42,random_30,B intermediate lambda,0.7909967845659165,0.727810650887574,169
P8,42,random_30,B memory kappa,0.8998242530755712,0.9552238805970149,268
P8,42,random_30,B memory lambda,0.8719512195121951,0.8666666666666667,165
P8,42,random_30,B naive kappa,0.7941176470588235,0.7105263157894737,152
P8,42,random_30,B naive lambda,0.8198757763975155,0.7951807228915663,83
P8,42,random_30,CD14 Mono,0.989700090881551,0.990450204638472,6597
P8,42,random_30,CD16 Mono,0.9504563233376793,0.9642857142857143,756
P8,42,random_30,CD4 CTL,0.9618320610687022,0.9521410579345088,397
P8,42,random_30,CD4 Naive,0.9785863790049911,0.9828589909443726,3092
P8,42,random_30,CD4 Proliferating,0.6666666666666666,0.5714285714285714,7
P8,42,random_30,CD4 TCM_1,0.8217252396166134,0.8760217983651226,734
P8,42,random_30,CD4 TCM_2,0.5925925925925926,0.5,48
P8,42,random_30,CD4 TCM_3,0.8055555555555556,0.7323232323232324,792
P8,42,random_30,CD4 TEM_1,0.8487467588591184,0.8830935251798561,556
P8,42,random_30,CD4 TEM_2,0.609375,0.6190476190476191,63
P8,42,random_30,CD4 TEM_3,0.5891181988742964,0.7201834862385321,218
P8,42,random_30,CD4 TEM_4,0.16666666666666669,0.09090909090909091,11
P8,42,random_30,CD8 Naive,0.9829619921363041,0.9894459102902374,1516
P8,42,random_30,CD8 Naive_2,0.4375,0.2978723404255319,47
P8,42,random_30,CD8 Proliferating,0.7096774193548386,0.6470588235294118,17
P8,42,random_30,CD8 TCM_1,0.6823529411764705,0.6904761904761905,126
P8,42,random_30,CD8 TCM_2,0.8862275449101797,0.8505747126436781,261
P8,42,random_30,CD8 TCM_3,0.7610619469026548,0.7049180327868853,61
P8,42,random_30,CD8 TEM_1,0.8284734133790738,0.8414634146341463,574
P8,42,random_30,CD8 TEM_2,0.8081918081918084,0.8812636165577342,918
P8,42,random_30,CD8 TEM_3,0.6153846153846154,0.5228758169934641,153
P8,42,random_30,CD8 TEM_4,0.837796480489671,0.8481797056545314,1291
P8,42,random_30,CD8 TEM_5,0.7886241352805534,0.7691154422788605,667
P8,42,random_30,CD8 TEM_6,0.8975609756097562,0.9583333333333334,96
P8,42,random_30,Doublet,0.3773584905660377,0.23809523809523808,42
P8,42,random_30,Eryth,0.8421052631578948,1.0,8
P8,42,random_30,HSPC,1.0,1.0,14
P8,42,random_30,ILC,1.0,1.0,7
P8,42,random_30,MAIT,0.9144981412639405,0.8601398601398601,143
P8,42,random_30,NK Proliferating,0.8987341772151898,0.8765432098765432,81
P8,42,random_30,NK_1,0.8360150633344745,0.8997789240972734,1357
P8,42,random_30,NK_2,0.896414342629482,0.8970099667774086,1505
P8,42,random_30,NK_3,0.7647058823529412,0.741042345276873,614
P8,42,random_30,NK_4,0.6682027649769585,0.6712962962962963,216
P8,42,random_30,NK_CD56bright,0.8432055749128919,0.75625,160
P8,42,random_30,Plasma,1.0,1.0,24
P8,42,random_30,Plasmablast,1.0,1.0,2
P8,42,random_30,Platelet,0.9645868465430016,0.9470198675496688,302
P8,42,random_30,Treg Memory,0.7655502392344498,0.6666666666666666,120
P8,42,random_30,Treg Naive,0.632183908045977,0.4954954954954955,111
P8,42,random_30,cDC1,1.0,1.0,5
P8,42,random_30,cDC2_1,0.7245283018867924,0.6906474820143885,139
P8,42,random_30,cDC2_2,0.9296375266524519,0.9437229437229437,231
P8,42,random_30,dnT_1,0.625,0.625,8
P8,42,random_30,dnT_2,0.888888888888889,0.8275862068965517,29
P8,42,random_30,gdT_1,0.898876404494382,0.9195402298850575,87
P8,42,random_30,gdT_2,0.784458834412581,0.7272727272727273,583
P8,42,random_30,gdT_3,0.8764044943820225,0.8863636363636364,44
P8,42,random_30,gdT_4,0.6340579710144927,0.5057803468208093,346
P8,42,random_30,pDC,0.9923664122137404,0.9848484848484849,66
P8,42,random_50,ASDC_mDC,0.6666666666666666,0.5,2
P8,42,random_50,ASDC_pDC,0.5,0.5,2
P8,42,random_50,B intermediate kappa,0.8073878627968337,0.9161676646706587,167
P8,42,random_50,B intermediate lambda,0.7909967845659165,0.727810650887574,169
P8,42,random_50,B memory kappa,0.8936170212765957,0.9402985074626866,268
P8,42,random_50,B memory lambda,0.853582554517134,0.8303030303030303,165
P8,42,random_50,B naive kappa,0.802919708029197,0.7236842105263158,152
P8,42,random_50,B naive lambda,0.8124999999999999,0.7831325301204819,83
P8,42,random_50,CD14 Mono,0.9895581113801453,0.99120812490526,6597
P8,42,random_50,CD16 Mono,0.9515072083879424,0.9603174603174603,756
P8,42,random_50,CD4 CTL,0.945,0.9521410579345088,397
P8,42,random_50,CD4 Naive,0.9770077720207253,0.9757438551099612,3092
P8,42,random_50,CD4 Proliferating,0.6666666666666666,0.5714285714285714,7
P8,42,random_50,CD4 TCM_1,0.815958815958816,0.8637602179836512,734
P8,42,random_50,CD4 TCM_2,0.6585365853658537,0.5625,48
P8,42,random_50,CD4 TCM_3,0.8134920634920635,0.7765151515151515,792
P8,42,random_50,CD4 TEM_1,0.8331830477908025,0.8309352517985612,556
P8,42,random_50,CD4 TEM_2,0.5428571428571428,0.6031746031746031,63
P8,42,random_50,CD4 TEM_3,0.6294820717131474,0.7247706422018348,218
P8,42,random_50,CD4 TEM_4,0.3076923076923077,0.18181818181818182,11
P8,42,random_50,CD8 Naive,0.9822485207100592,0.9854881266490765,1516
P8,42,random_50,CD8 Naive_2,0.5633802816901409,0.425531914893617,47
P8,42,random_50,CD8 Proliferating,0.7096774193548386,0.6470588235294118,17
P8,42,random_50,CD8 TCM_1,0.648,0.6428571428571429,126
P8,42,random_50,CD8 TCM_2,0.845360824742268,0.7854406130268199,261
P8,42,random_50,CD8 TCM_3,0.7636363636363637,0.6885245901639344,61
P8,42,random_50,CD8 TEM_1,0.8144416456759026,0.8449477351916377,574
P8,42,random_50,CD8 TEM_2,0.8072727272727273,0.8464052287581699,918
P8,42,random_50,CD8 TEM_3,0.5939849624060152,0.5163398692810458,153
P8,42,random_50,CD8 TEM_4,0.847651775486827,0.8597986057319907,1291
P8,42,random_50,CD8 TEM_5,0.8021978021978023,0.7661169415292354,667
P8,42,random_50,CD8 TEM_6,0.8865979381443299,0.8958333333333334,96
P8,42,random_50,Doublet,0.3846153846153846,0.23809523809523808,42
P8,42,random_50,Eryth,0.888888888888889,1.0,8
P8,42,random_50,HSPC,1.0,1.0,14
P8,42,random_50,ILC,1.0,1.0,7
P8,42,random_50,MAIT,0.8581818181818182,0.8251748251748252,143
P8,42,random_50,NK Proliferating,0.8987341772151898,0.8765432098765432,81
P8,42,random_50,NK_1,0.8412162162162162,0.9174649963154016,1357
P8,42,random_50,NK_2,0.8976482278900298,0.9003322259136213,1505
P8,42,random_50,NK_3,0.7535269709543568,0.739413680781759,614
P8,42,random_50,NK_4,0.6225490196078431,0.5879629629629629,216
P8,42,random_50,NK_CD56bright,0.8148148148148148,0.6875,160
P8,42,random_50,Plasma,0.9787234042553191,0.9583333333333334,24
P8,42,random_50,Plasmablast,1.0,1.0,2
P8,42,random_50,Platelet,0.9612141652613828,0.9437086092715232,302
P8,42,random_50,Treg Memory,0.7894736842105262,0.75,120
P8,42,random_50,Treg Naive,0.6597938144329896,0.5765765765765766,111
P8,42,random_50,cDC1,1.0,1.0,5
P8,42,random_50,cDC2_1,0.7407407407407407,0.7194244604316546,139
P8,42,random_50,cDC2_2,0.9368191721132898,0.9307359307359307,231
P8,42,random_50,dnT_1,0.5555555555555556,0.625,8
P8,42,random_50,dnT_2,0.9285714285714286,0.896551724137931,29
P8,42,random_50,gdT_1,0.9310344827586207,0.9310344827586207,87
P8,42,random_50,gdT_2,0.8109965635738832,0.8096054888507719,583
P8,42,random_50,gdT_3,0.8372093023255814,0.8181818181818182,44
P8,42,random_50,gdT_4,0.6125461254612546,0.4797687861271676,346
P8,42,random_50,pDC,0.9848484848484849,0.9848484848484849,66
P8,42,random_70,ASDC_mDC,0.6666666666666666,0.5,2
P8,42,random_70,ASDC_pDC,0.5,0.5,2
P8,42,random_70,B intermediate kappa,0.8031914893617021,0.9041916167664671,167
P8,42,random_70,B intermediate lambda,0.7707641196013288,0.6863905325443787,169
P8,42,random_70,B memory kappa,0.8963093145869947,0.9514925373134329,268
P8,42,random_70,B memory lambda,0.8553846153846153,0.8424242424242424,165
P8,42,random_70,B naive kappa,0.8,0.7236842105263158,152
P8,42,random_70,B naive lambda,0.8074534161490683,0.7831325301204819,83
P8,42,random_70,CD14 Mono,0.9894211878494785,0.9924207973321206,6597
P8,42,random_70,CD16 Mono,0.949241924851681,0.9523809523809523,756
P8,42,random_70,CD4 CTL,0.9468354430379746,0.9420654911838791,397
P8,42,random_70,CD4 Naive,0.973839110529758,0.963130659767141,3092
P8,42,random_70,CD4 Proliferating,0.7692307692307692,0.7142857142857143,7
P8,42,random_70,CD4 TCM_1,0.8050314465408804,0.8719346049046321,734
P8,42,random_70,CD4 TCM_2,0.6428571428571429,0.5625,48
P8,42,random_70,CD4 TCM_3,0.813029315960912,0.7878787878787878,792
P8,42,random_70,CD4 TEM_1,0.8138447146866231,0.7823741007194245,556
P8,42,random_70,CD4 TEM_2,0.5280000000000001,0.5238095238095238,63
P8,42,random_70,CD4 TEM_3,0.6192307692307693,0.7385321100917431,218
P8,42,random_70,CD4 TEM_4,0.15384615384615385,0.09090909090909091,11
P8,42,random_70,CD8 Naive,0.978667541844437,0.9835092348284961,1516
P8,42,random_70,CD8 Naive_2,0.4383561643835616,0.3404255319148936,47
P8,42,random_70,CD8 Proliferating,0.6451612903225806,0.5882352941176471,17
P8,42,random_70,CD8 TCM_1,0.6315789473684211,0.5714285714285714,126
P8,42,random_70,CD8 TCM_2,0.8610567514677105,0.842911877394636,261
P8,42,random_70,CD8 TCM_3,0.7479674796747967,0.7540983606557377,61
P8,42,random_70,CD8 TEM_1,0.8186528497409327,0.8257839721254355,574
P8,42,random_70,CD8 TEM_2,0.7983281086729362,0.8322440087145969,918
P8,42,random_70,CD8 TEM_3,0.587360594795539,0.5163398692810458,153
P8,42,random_70,CD8 TEM_4,0.8338213762811127,0.8822618125484121,1291
P8,42,random_70,CD8 TEM_5,0.7514880952380952,0.7571214392803598,667
P8,42,random_70,CD8 TEM_6,0.8829787234042554,0.8645833333333334,96
P8,42,random_70,Doublet,0.3846153846153846,0.23809523809523808,42
P8,42,random_70,Eryth,0.8421052631578948,1.0,8
P8,42,random_70,HSPC,1.0,1.0,14
P8,42,random_70,ILC,0.8750000000000001,1.0,7
P8,42,random_70,MAIT,0.851985559566787,0.8251748251748252,143
P8,42,random_70,NK Proliferating,0.8846153846153846,0.8518518518518519,81
P8,42,random_70,NK_1,0.8223153821347953,0.9395725865880619,1357
P8,42,random_70,NK_2,0.8905305574210879,0.881063122923588,1505
P8,42,random_70,NK_3,0.7275953859804791,0.6677524429967426,614
P8,42,random_70,NK_4,0.6497695852534563,0.6527777777777778,216
P8,42,random_70,NK_CD56bright,0.8191881918819187,0.69375,160
P8,42,random_70,Plasma,0.9787234042553191,0.9583333333333334,24
P8,42,random_70,Plasmablast,1.0,1.0,2
P8,42,random_70,Platelet,0.9610829103214891,0.9403973509933775,302
P8,42,random_70,Treg Memory,0.808695652173913,0.775,120
P8,42,random_70,Treg Naive,0.7227722772277227,0.6576576576576577,111
P8,42,random_70,cDC1,1.0,1.0,5
P8,42,random_70,cDC2_1,0.7452471482889734,0.7050359712230215,139
P8,42,random_70,cDC2_2,0.9365426695842451,0.9264069264069265,231
P8,42,random_70,dnT_1,0.4444444444444445,0.5,8
P8,42,random_70,dnT_2,0.912280701754386,0.896551724137931,29
P8,42,random_70,gdT_1,0.8648648648648648,0.9195402298850575,87
P8,42,random_70,gdT_2,0.7413793103448276,0.6638078902229846,583
P8,42,random_70,gdT_3,0.8607594936708862,0.7727272727272727,44
P8,42,random_70,gdT_4,0.4793388429752066,0.3352601156069364,346
P8,42,random_70,pDC,0.9848484848484849,0.9848484848484849,66
P8,42,marker_memory,ASDC_mDC,0.6666666666666666,0.5,2
P8,42,marker_memory,ASDC_pDC,0.8,1.0,2
P8,42,marker_memory,B intermediate kappa,0.8073878627968337,0.9161676646706587,167
P8,42,marker_memory,B intermediate lambda,0.8025889967637541,0.7337278106508875,169
P8,42,marker_memory,B memory kappa,0.9071428571428571,0.9477611940298507,268
P8,42,marker_memory,B memory lambda,0.8703703703703703,0.8545454545454545,165
P8,42,marker_memory,B naive kappa,0.8088235294117647,0.7236842105263158,152
P8,42,marker_memory,B naive lambda,0.8242424242424242,0.8192771084337349,83
P8,42,marker_memory,CD14 Mono,0.990450204638472,0.990450204638472,6597
P8,42,marker_memory,CD16 Mono,0.9537459283387622,0.9682539682539683,756
P8,42,marker_memory,CD4 CTL,0.9712858926342073,0.9798488664987406,397
P8,42,marker_memory,CD4 Naive,0.9799092676604019,0.9780077619663649,3092
P8,42,marker_memory,CD4 Proliferating,0.6666666666666666,0.5714285714285714,7
P8,42,marker_memory,CD4 TCM_1,0.8401048492791612,0.8732970027247956,734
P8,42,marker_memory,CD4 TCM_2,0.6341463414634146,0.5416666666666666,48
P8,42,marker_memory,CD4 TCM_3,0.8550236008091706,0.8005050505050505,792
P8,42,marker_memory,CD4 TEM_1,0.8621291448516579,0.8884892086330936,556
P8,42,marker_memory,CD4 TEM_2,0.609375,0.6190476190476191,63
P8,42,marker_memory,CD4 TEM_3,0.7262135922330096,0.8577981651376146,218
P8,42,marker_memory,CD4 TEM_4,0.3076923076923077,0.18181818181818182,11
P8,42,marker_memory,CD8 Naive,0.9835418038183015,0.9854881266490765,1516
P8,42,marker_memory,CD8 Naive_2,0.5633802816901409,0.425531914893617,47
P8,42,marker_memory,CD8 Proliferating,0.7333333333333334,0.6470588235294118,17
P8,42,marker_memory,CD8 TCM_1,0.712,0.7063492063492064,126
P8,42,marker_memory,CD8 TCM_2,0.9087378640776699,0.896551724137931,261
P8,42,marker_memory,CD8 TCM_3,0.8709677419354839,0.8852459016393442,61
P8,42,marker_memory,CD8 TEM_1,0.8197820620284995,0.8519163763066202,574
P8,42,marker_memory,CD8 TEM_2,0.8110936682365253,0.8442265795206971,918
P8,42,marker_memory,CD8 TEM_3,0.6245353159851301,0.5490196078431373,153
P8,42,marker_memory,CD8 TEM_4,0.8550943396226415,0.8776142525174283,1291
P8,42,marker_memory,CD8 TEM_5,0.8062992125984253,0.767616191904048,667
P8,42,marker_memory,CD8 TEM_6,0.9119170984455958,0.9166666666666666,96
P8,42,marker_memory,Doublet,0.5573770491803278,0.40476190476190477,42
P8,42,marker_memory,Eryth,0.8421052631578948,1.0,8
P8,42,marker_memory,HSPC,1.0,1.0,14
P8,42,marker_memory,ILC,0.9333333333333333,1.0,7
P8,42,marker_memory,MAIT,0.9264705882352942,0.8811188811188811,143
P8,42,marker_memory,NK Proliferating,0.8533333333333333,0.7901234567901234,81
P8,42,marker_memory,NK_1,0.8676268861454046,0.9322033898305084,1357
P8,42,marker_memory,NK_2,0.9048569527611444,0.9036544850498339,1505
P8,42,marker_memory,NK_3,0.7680412371134022,0.7280130293159609,614
P8,42,marker_memory,NK_4,0.6715686274509803,0.6342592592592593,216
P8,42,marker_memory,NK_CD56bright,0.8844884488448846,0.8375,160
P8,42,marker_memory,Plasma,0.9787234042553191,0.9583333333333334,24
P8,42,marker_memory,Plasmablast,1.0,1.0,2
P8,42,marker_memory,Platelet,0.9613445378151259,0.9470198675496688,302
P8,42,marker_memory,Treg Memory,0.7873303167420814,0.725,120
P8,42,marker_memory,Treg Naive,0.7352941176470588,0.6756756756756757,111
P8,42,marker_memory,cDC1,1.0,1.0,5
P8,42,marker_memory,cDC2_1,0.7293233082706766,0.697841726618705,139
P8,42,marker_memory,cDC2_2,0.9316239316239316,0.9437229437229437,231
P8,42,marker_memory,dnT_1,0.6666666666666666,0.625,8
P8,42,marker_memory,dnT_2,0.9056603773584906,0.8275862068965517,29
P8,42,marker_memory,gdT_1,0.8497409326424871,0.9425287356321839,87
P8,42,marker_memory,gdT_2,0.857876712328767,0.8593481989708405,583
P8,42,marker_memory,gdT_3,0.8780487804878049,0.8181818181818182,44
P8,42,marker_memory,gdT_4,0.7033747779751333,0.5722543352601156,346
P8,42,marker_memory,pDC,0.9923664122137404,0.9848484848484849,66
P8,42,marker_tcell,ASDC_mDC,0.6666666666666666,0.5,2
P8,42,marker_tcell,ASDC_pDC,0.8,1.0,2
P8,42,marker_tcell,B intermediate kappa,0.8138297872340426,0.9161676646706587,167
P8,42,marker_tcell,B intermediate lambda,0.802547770700637,0.7455621301775148,169
P8,42,marker_tcell,B memory kappa,0.9048473967684022,0.9402985074626866,268
P8,42,marker_tcell,B memory lambda,0.8650306748466258,0.8545454545454545,165
P8,42,marker_tcell,B naive kappa,0.8131868131868132,0.7302631578947368,152
P8,42,marker_tcell,B naive lambda,0.8271604938271606,0.8072289156626506,83
P8,42,marker_tcell,CD14 Mono,0.9903000909366474,0.990450204638472,6597
P8,42,marker_tcell,CD16 Mono,0.954367666232073,0.9682539682539683,756
P8,42,marker_tcell,CD4 CTL,0.9290953545232273,0.9571788413098237,397
P8,42,marker_tcell,CD4 Naive,0.9810095763674728,0.9773609314359638,3092
P8,42,marker_tcell,CD4 Proliferating,0.7692307692307692,0.7142857142857143,7
P8,42,marker_tcell,CD4 TCM_1,0.8324468085106382,0.8528610354223434,734
P8,42,marker_tcell,CD4 TCM_2,0.6823529411764706,0.6041666666666666,48
P8,42,marker_tcell,CD4 TCM_3,0.8499999999999999,0.8156565656565656,792
P8,42,marker_tcell,CD4 TEM_1,0.8529664660361135,0.8920863309352518,556
P8,42,marker_tcell,CD4 TEM_2,0.5853658536585366,0.5714285714285714,63
P8,42,marker_tcell,CD4 TEM_3,0.7300970873786409,0.8623853211009175,218
P8,42,marker_tcell,CD4 TEM_4,0.3076923076923077,0.18181818181818182,11
P8,42,marker_tcell,CD8 Naive,0.9825600526488977,0.9848284960422163,1516
P8,42,marker_tcell,CD8 Naive_2,0.5714285714285714,0.425531914893617,47
P8,42,marker_tcell,CD8 Proliferating,0.7333333333333334,0.6470588235294118,17
P8,42,marker_tcell,CD8 TCM_1,0.6859504132231405,0.6587301587301587,126
P8,42,marker_tcell,CD8 TCM_2,0.8782435129740519,0.842911877394636,261
P8,42,marker_tcell,CD8 TCM_3,0.8636363636363635,0.9344262295081968,61
P8,42,marker_tcell,CD8 TEM_1,0.8216783216783217,0.818815331010453,574
P8,42,marker_tcell,CD8 TEM_2,0.8196549921589128,0.8540305010893247,918
P8,42,marker_tcell,CD8 TEM_3,0.6307692307692307,0.5359477124183006,153
P8,42,marker_tcell,CD8 TEM_4,0.851780926847951,0.8613477924089853,1291
P8,42,marker_tcell,CD8 TEM_5,0.7962085308056872,0.7556221889055472,667
P8,42,marker_tcell,CD8 TEM_6,0.8947368421052632,0.8854166666666666,96
P8,42,marker_tcell,Doublet,0.5084745762711864,0.35714285714285715,42
P8,42,marker_tcell,Eryth,0.8421052631578948,1.0,8
P8,42,marker_tcell,HSPC,1.0,1.0,14
P8,42,marker_tcell,ILC,0.8750000000000001,1.0,7
P8,42,marker_tcell,MAIT,0.9219858156028368,0.9090909090909091,143
P8,42,marker_tcell,NK Proliferating,0.864516129032258,0.8271604938271605,81
P8,42,marker_tcell,NK_1,0.821498371335505,0.9292557111274871,1357
P8,42,marker_tcell,NK_2,0.9035433070866141,0.9149501661129568,1505
P8,42,marker_tcell,NK_3,0.7528187337380746,0.7068403908794788,614
P8,42,marker_tcell,NK_4,0.683046683046683,0.6435185185185185,216
P8,42,marker_tcell,NK_CD56bright,0.8821548821548822,0.81875,160
P8,42,marker_tcell,Plasma,1.0,1.0,24
P8,42,marker_tcell,Plasmablast,1.0,1.0,2
P8,42,marker_tcell,Platelet,0.9614740368509211,0.9503311258278145,302
P8,42,marker_tcell,Treg Memory,0.8108108108108107,0.75,120
P8,42,marker_tcell,Treg Naive,0.7850467289719626,0.7567567567567568,111
P8,42,marker_tcell,cDC1,1.0,1.0,5
P8,42,marker_tcell,cDC2_1,0.7218045112781956,0.6906474820143885,139
P8,42,marker_tcell,cDC2_2,0.9296375266524519,0.9437229437229437,231
P8,42,marker_tcell,dnT_1,0.5333333333333333,0.5,8
P8,42,marker_tcell,dnT_2,0.9259259259259259,0.8620689655172413,29
P8,42,marker_tcell,gdT_1,0.9101796407185629,0.8735632183908046,87
P8,42,marker_tcell,gdT_2,0.7516525023607178,0.6826758147512865,583
P8,42,marker_tcell,gdT_3,0.8470588235294119,0.8181818181818182,44
P8,42,marker_tcell,gdT_4,0.6042402826855123,0.49421965317919075,346
P8,42,marker_tcell,pDC,0.9923664122137404,0.9848484848484849,66
P8,42,rna_only,ASDC_mDC,0.6666666666666666,0.5,2
P8,42,rna_only,ASDC_pDC,0.5,0.5,2
P8,42,rna_only,B intermediate kappa,0.8101983002832861,0.8562874251497006,167
P8,42,rna_only,B intermediate lambda,0.80625,0.7633136094674556,169
P8,42,rna_only,B memory kappa,0.8970331588132635,0.9589552238805971,268
P8,42,rna_only,B memory lambda,0.8668730650154798,0.8484848484848485,165
P8,42,rna_only,B naive kappa,0.8028673835125449,0.7368421052631579,152
P8,42,rna_only,B naive lambda,0.8301886792452832,0.7951807228915663,83
P8,42,rna_only,CD14 Mono,0.9894784649156007,0.9907533727451872,6597
P8,42,rna_only,CD16 Mono,0.9508840864440079,0.9603174603174603,756
P8,42,rna_only,CD4 CTL,0.9277566539923955,0.9219143576826196,397
P8,42,rna_only,CD4 Naive,0.977165991902834,0.9757438551099612,3092
P8,42,rna_only,CD4 Proliferating,0.7692307692307692,0.7142857142857143,7
P8,42,rna_only,CD4 TCM_1,0.8105960264900661,0.8337874659400545,734
P8,42,rna_only,CD4 TCM_2,0.6373626373626373,0.6041666666666666,48
P8,42,rna_only,CD4 TCM_3,0.8088235294117647,0.7638888888888888,792
P8,42,rna_only,CD4 TEM_1,0.8104693140794224,0.8075539568345323,556
P8,42,rna_only,CD4 TEM_2,0.4754098360655738,0.4603174603174603,63
P8,42,rna_only,CD4 TEM_3,0.6077348066298343,0.7568807339449541,218
P8,42,rna_only,CD4 TEM_4,0.25000000000000006,0.18181818181818182,11
P8,42,rna_only,CD8 Naive,0.9767594108019639,0.9841688654353562,1516
P8,42,rna_only,CD8 Naive_2,0.5263157894736842,0.425531914893617,47
P8,42,rna_only,CD8 Proliferating,0.6875,0.6470588235294118,17
P8,42,rna_only,CD8 TCM_1,0.6026200873362446,0.5476190476190477,126
P8,42,rna_only,CD8 TCM_2,0.8343558282208589,0.7816091954022989,261
P8,42,rna_only,CD8 TCM_3,0.7391304347826089,0.8360655737704918,61
P8,42,rna_only,CD8 TEM_1,0.8053097345132745,0.7926829268292683,574
P8,42,rna_only,CD8 TEM_2,0.7896907216494845,0.8344226579520697,918
P8,42,rna_only,CD8 TEM_3,0.6192170818505338,0.5686274509803921,153
P8,42,rna_only,CD8 TEM_4,0.8333962976955044,0.8543764523625097,1291
P8,42,rna_only,CD8 TEM_5,0.7854435178165277,0.7766116941529235,667
P8,42,rna_only,CD8 TEM_6,0.8629441624365483,0.8854166666666666,96
P8,42,rna_only,Doublet,0.3773584905660377,0.23809523809523808,42
P8,42,rna_only,Eryth,0.8421052631578948,1.0,8
P8,42,rna_only,HSPC,1.0,1.0,14
P8,42,rna_only,ILC,0.8750000000000001,1.0,7
P8,42,rna_only,MAIT,0.8268551236749117,0.8181818181818182,143
P8,42,rna_only,NK Proliferating,0.9068322981366459,0.9012345679012346,81
P8,42,rna_only,NK_1,0.8267558528428095,0.9108327192336035,1357
P8,42,rna_only,NK_2,0.8881557241834377,0.8943521594684385,1505
P8,42,rna_only,NK_3,0.7157894736842105,0.6644951140065146,614
P8,42,rna_only,NK_4,0.6476190476190475,0.6296296296296297,216
P8,42,rna_only,NK_CD56bright,0.8581081081081081,0.79375,160
P8,42,rna_only,Plasma,1.0,1.0,24
P8,42,rna_only,Plasmablast,1.0,1.0,2
P8,42,rna_only,Platelet,0.9562289562289562,0.9403973509933775,302
P8,42,rna_only,Treg Memory,0.780701754385965,0.7416666666666667,120
P8,42,rna_only,Treg Naive,0.6834170854271356,0.6126126126126126,111
P8,42,rna_only,cDC1,1.0,1.0,5
P8,42,rna_only,cDC2_1,0.7326007326007327,0.7194244604316546,139
P8,42,rna_only,cDC2_2,0.9287257019438445,0.9307359307359307,231
P8,42,rna_only,dnT_1,0.4,0.5,8
P8,42,rna_only,dnT_2,0.9285714285714286,0.896551724137931,29
P8,42,rna_only,gdT_1,0.8191489361702128,0.8850574712643678,87
P8,42,rna_only,gdT_2,0.779291553133515,0.7358490566037735,583
P8,42,rna_only,gdT_3,0.810126582278481,0.7272727272727273,44
P8,42,rna_only,gdT_4,0.5346153846153846,0.40173410404624277,346
P8,42,rna_only,pDC,0.9848484848484849,0.9848484848484849,66
P8,42,random_size_matched_6,ASDC_mDC,0.6666666666666666,0.5,2
P8,42,random_size_matched_6,ASDC_pDC,0.8,1.0,2
P8,42,random_size_matched_6,B intermediate kappa,0.8191489361702128,0.9221556886227545,167
P8,42,random_size_matched_6,B intermediate lambda,0.7961165048543689,0.727810650887574,169
P8,42,random_size_matched_6,B memory kappa,0.907473309608541,0.9514925373134329,268
P8,42,random_size_matched_6,B memory lambda,0.8685015290519877,0.8606060606060606,165
P8,42,random_size_matched_6,B naive kappa,0.8118081180811809,0.7236842105263158,152
P8,42,random_size_matched_6,B naive lambda,0.8343558282208589,0.8192771084337349,83
P8,42,random_size_matched_6,CD14 Mono,0.990316235436526,0.9921176292254055,6597
P8,42,random_size_matched_6,CD16 Mono,0.9540682414698163,0.9616402116402116,756
P8,42,random_size_matched_6,CD4 CTL,0.9674999999999999,0.9748110831234257,397
P8,42,random_size_matched_6,CD4 Naive,0.9830014570179699,0.981888745148771,3092
P8,42,random_size_matched_6,CD4 Proliferating,0.7692307692307692,0.7142857142857143,7
P8,42,random_size_matched_6,CD4 TCM_1,0.8493696084936961,0.8719346049046321,734
P8,42,random_size_matched_6,CD4 TCM_2,0.6976744186046512,0.625,48
P8,42,random_size_matched_6,CD4 TCM_3,0.8634243837441705,0.8181818181818182,792
P8,42,random_size_matched_6,CD4 TEM_1,0.8581436077057794,0.8812949640287769,556
P8,42,random_size_matched_6,CD4 TEM_2,0.6333333333333333,0.6031746031746031,63
P8,42,random_size_matched_6,CD4 TEM_3,0.7339805825242719,0.8669724770642202,218
P8,42,random_size_matched_6,CD4 TEM_4,0.3076923076923077,0.18181818181818182,11
P8,42,random_size_matched_6,CD8 Naive,0.9855453350854139,0.9894459102902374,1516
P8,42,random_size_matched_6,CD8 Naive_2,0.5588235294117647,0.40425531914893614,47
P8,42,random_size_matched_6,CD8 Proliferating,0.6896551724137931,0.5882352941176471,17
P8,42,random_size_matched_6,CD8 TCM_1,0.7193675889328063,0.7222222222222222,126
P8,42,random_size_matched_6,CD8 TCM_2,0.9098039215686274,0.8888888888888888,261
P8,42,random_size_matched_6,CD8 TCM_3,0.8617886178861789,0.8688524590163934,61
P8,42,random_size_matched_6,CD8 TEM_1,0.8387096774193549,0.837979094076655,574
P8,42,random_size_matched_6,CD8 TEM_2,0.8348190875721028,0.8671023965141612,918
P8,42,random_size_matched_6,CD8 TEM_3,0.648854961832061,0.5555555555555556,153
P8,42,random_size_matched_6,CD8 TEM_4,0.8681235870384326,0.8923315259488769,1291
P8,42,random_size_matched_6,CD8 TEM_5,0.8181818181818181,0.8095952023988006,667
P8,42,random_size_matched_6,CD8 TEM_6,0.9387755102040817,0.9583333333333334,96
P8,42,random_size_matched_6,Doublet,0.42857142857142855,0.2857142857142857,42
P8,42,random_size_matched_6,Eryth,0.8421052631578948,1.0,8
P8,42,random_size_matched_6,HSPC,1.0,1.0,14
P8,42,random_size_matched_6,ILC,1.0,1.0,7
P8,42,random_size_matched_6,MAIT,0.9280575539568345,0.9020979020979021,143
P8,42,random_size_matched_6,NK Proliferating,0.8666666666666666,0.8024691358024691,81
P8,42,random_size_matched_6,NK_1,0.8711446196024674,0.9366249078850405,1357
P8,42,random_size_matched_6,NK_2,0.905811623246493,0.9009966777408638,1505
P8,42,random_size_matched_6,NK_3,0.7775891341256368,0.745928338762215,614
P8,42,random_size_matched_6,NK_4,0.6746987951807228,0.6481481481481481,216
P8,42,random_size_matched_6,NK_CD56bright,0.8767123287671234,0.8,160
P8,42,random_size_matched_6,Plasma,0.9787234042553191,0.9583333333333334,24
P8,42,random_size_matched_6,Plasmablast,1.0,1.0,2
P8,42,random_size_matched_6,Platelet,0.9630872483221475,0.9503311258278145,302
P8,42,random_size_matched_6,Treg Memory,0.8251121076233184,0.7666666666666667,120
P8,42,random_size_matched_6,Treg Naive,0.7772511848341231,0.7387387387387387,111
P8,42,random_size_matched_6,cDC1,1.0,1.0,5
P8,42,random_size_matched_6,cDC2_1,0.7237354085603113,0.6690647482014388,139
P8,42,random_size_matched_6,cDC2_2,0.9296375266524519,0.9437229437229437,231
P8,42,random_size_matched_6,dnT_1,0.625,0.625,8
P8,42,random_size_matched_6,dnT_2,0.9259259259259259,0.8620689655172413,29
P8,42,random_size_matched_6,gdT_1,0.901098901098901,0.9425287356321839,87
P8,42,random_size_matched_6,gdT_2,0.8422818791946308,0.8610634648370498,583
P8,42,random_size_matched_6,gdT_3,0.891566265060241,0.8409090909090909,44
P8,42,random_size_matched_6,gdT_4,0.6468401486988848,0.5028901734104047,346
P8,42,random_size_matched_6,pDC,0.9923664122137404,0.9848484848484849,66
P8,42,random_size_matched_15,ASDC_mDC,1.0,1.0,2
P8,42,random_size_matched_15,ASDC_pDC,1.0,1.0,2
P8,42,random_size_matched_15,B intermediate kappa,0.8126649076517152,0.9221556886227545,167
P8,42,random_size_matched_15,B intermediate lambda,0.8038585209003217,0.7396449704142012,169
P8,42,random_size_matched_15,B memory kappa,0.9035714285714285,0.9440298507462687,268
P8,42,random_size_matched_15,B memory lambda,0.8668730650154798,0.8484848484848485,165
P8,42,random_size_matched_15,B naive kappa,0.8074074074074075,0.7171052631578947,152
P8,42,random_size_matched_15,B naive lambda,0.8242424242424242,0.8192771084337349,83
P8,42,random_size_matched_15,CD14 Mono,0.9899372020882199,0.9916628770653327,6597
P8,42,random_size_matched_15,CD16 Mono,0.9520682862770846,0.958994708994709,756
P8,42,random_size_matched_15,CD4 CTL,0.97,0.9773299748110831,397
P8,42,random_size_matched_15,CD4 Naive,0.9816707218167072,0.9786545924967659,3092
P8,42,random_size_matched_15,CD4 Proliferating,0.6666666666666666,0.5714285714285714,7
P8,42,random_size_matched_15,CD4 TCM_1,0.83994708994709,0.8651226158038147,734
P8,42,random_size_matched_15,CD4 TCM_2,0.6744186046511628,0.6041666666666666,48
P8,42,random_size_matched_15,CD4 TCM_3,0.8552544613350958,0.8169191919191919,792
P8,42,random_size_matched_15,CD4 TEM_1,0.8604038630377523,0.8812949640287769,556
P8,42,random_size_matched_15,CD4 TEM_2,0.6178861788617885,0.6031746031746031,63
P8,42,random_size_matched_15,CD4 TEM_3,0.7279843444227005,0.8532110091743119,218
P8,42,random_size_matched_15,CD4 TEM_4,0.3076923076923077,0.18181818181818182,11
P8,42,random_size_matched_15,CD8 Naive,0.9849081364829396,0.9901055408970977,1516
P8,42,random_size_matched_15,CD8 Naive_2,0.591549295774648,0.44680851063829785,47
P8,42,random_size_matched_15,CD8 Proliferating,0.6896551724137931,0.5882352941176471,17
P8,42,random_size_matched_15,CD8 TCM_1,0.7091633466135459,0.7063492063492064,126
P8,42,random_size_matched_15,CD8 TCM_2,0.902970297029703,0.8735632183908046,261
P8,42,random_size_matched_15,CD8 TCM_3,0.873015873015873,0.9016393442622951,61
P8,42,random_size_matched_15,CD8 TEM_1,0.8305821025195482,0.8327526132404182,574
P8,42,random_size_matched_15,CD8 TEM_2,0.824699110413396,0.8583877995642701,918
P8,42,random_size_matched_15,CD8 TEM_3,0.6466165413533834,0.5620915032679739,153
P8,42,random_size_matched_15,CD8 TEM_4,0.8651728066843904,0.8822618125484121,1291
P8,42,random_size_matched_15,CD8 TEM_5,0.817155756207675,0.8140929535232384,667
P8,42,random_size_matched_15,CD8 TEM_6,0.9278350515463918,0.9375,96
P8,42,random_size_matched_15,Doublet,0.45614035087719296,0.30952380952380953,42
P8,42,random_size_matched_15,Eryth,0.8421052631578948,1.0,8
P8,42,random_size_matched_15,HSPC,1.0,1.0,14
P8,42,random_size_matched_15,ILC,0.9333333333333333,1.0,7
P8,42,random_size_matched_15,MAIT,0.9395017793594307,0.9230769230769231,143
P8,42,random_size_matched_15,NK Proliferating,0.8741721854304636,0.8148148148148148,81
P8,42,random_size_matched_15,NK_1,0.8655490933971947,0.9322033898305084,1357
P8,42,random_size_matched_15,NK_2,0.9014084507042253,0.8930232558139535,1505
P8,42,random_size_matched_15,NK_3,0.7740303541315346,0.747557003257329,614
P8,42,random_size_matched_15,NK_4,0.6807511737089201,0.6712962962962963,216
P8,42,random_size_matched_15,NK_CD56bright,0.8641114982578397,0.775,160
P8,42,random_size_matched_15,Plasma,1.0,1.0,24
P8,42,random_size_matched_15,Plasmablast,1.0,1.0,2
P8,42,random_size_matched_15,Platelet,0.9613445378151259,0.9470198675496688,302
P8,42,random_size_matched_15,Treg Memory,0.8018018018018018,0.7416666666666667,120
P8,42,random_size_matched_15,Treg Naive,0.7655502392344496,0.7207207207207207,111
P8,42,random_size_matched_15,cDC1,1.0,1.0,5
P8,42,random_size_matched_15,cDC2_1,0.7218045112781956,0.6906474820143885,139
P8,42,random_size_matched_15,cDC2_2,0.9240780911062906,0.922077922077922,231
P8,42,random_size_matched_15,dnT_1,0.5714285714285715,0.5,8
P8,42,random_size_matched_15,dnT_2,0.9090909090909091,0.8620689655172413,29
P8,42,random_size_matched_15,gdT_1,0.8864864864864864,0.9425287356321839,87
P8,42,random_size_matched_15,gdT_2,0.8394222599830077,0.8473413379073756,583
P8,42,random_size_matched_15,gdT_3,0.8809523809523809,0.8409090909090909,44
P8,42,random_size_matched_15,gdT_4,0.6407407407407408,0.5,346
P8,42,random_size_matched_15,pDC,0.9923664122137404,0.9848484848484849,66
P8,43,full,ASDC_mDC,0.0,0.0,2
P8,43,full,ASDC_pDC,0.6666666666666666,1.0,2
P8,43,full,B intermediate kappa,0.8430232558139534,0.8682634730538922,167
P8,43,full,B intermediate lambda,0.8242424242424242,0.8047337278106509,169
P8,43,full,B memory kappa,0.8904593639575972,0.9402985074626866,268
P8,43,full,B memory lambda,0.8672566371681416,0.8909090909090909,165
P8,43,full,B naive kappa,0.8074074074074075,0.7171052631578947,152
P8,43,full,B naive lambda,0.8050314465408805,0.7710843373493976,83
P8,43,full,CD14 Mono,0.9913806139422351,0.993785053812339,6597
P8,43,full,CD16 Mono,0.9575596816976127,0.955026455026455,756
P8,43,full,CD4 CTL,0.9727047146401985,0.9874055415617129,397
P8,43,full,CD4 Naive,0.9804674991994876,0.9902975420439845,3092
P8,43,full,CD4 Proliferating,0.7692307692307692,0.7142857142857143,7
P8,43,full,CD4 TCM_1,0.8356353591160223,0.8242506811989101,734
P8,43,full,CD4 TCM_2,0.6829268292682927,0.5833333333333334,48
P8,43,full,CD4 TCM_3,0.8663171690694627,0.8345959595959596,792
P8,43,full,CD4 TEM_1,0.8455428067078553,0.8615107913669064,556
P8,43,full,CD4 TEM_2,0.5859872611464967,0.7301587301587301,63
P8,43,full,CD4 TEM_3,0.7792792792792793,0.7935779816513762,218
P8,43,full,CD4 TEM_4,0.3076923076923077,0.18181818181818182,11
P8,43,full,CD8 Naive,0.9836065573770492,0.9894459102902374,1516
P8,43,full,CD8 Naive_2,0.64,0.5106382978723404,47
P8,43,full,CD8 Proliferating,0.7647058823529412,0.7647058823529411,17
P8,43,full,CD8 TCM_1,0.7222222222222222,0.7222222222222222,126
P8,43,full,CD8 TCM_2,0.896414342629482,0.8620689655172413,261
P8,43,full,CD8 TCM_3,0.8813559322033898,0.8524590163934426,61
P8,43,full,CD8 TEM_1,0.8524590163934427,0.8606271777003485,574
P8,43,full,CD8 TEM_2,0.8064674179323861,0.8965141612200436,918
P8,43,full,CD8 TEM_3,0.6274509803921569,0.5228758169934641,153
P8,43,full,CD8 TEM_4,0.841188118811881,0.8226181254841208,1291
P8,43,full,CD8 TEM_5,0.8184523809523809,0.8245877061469266,667
P8,43,full,CD8 TEM_6,0.923076923076923,0.9375,96
P8,43,full,Doublet,0.5573770491803278,0.40476190476190477,42
P8,43,full,Eryth,0.888888888888889,1.0,8
P8,43,full,HSPC,1.0,1.0,14
P8,43,full,ILC,0.9333333333333333,1.0,7
P8,43,full,MAIT,0.9090909090909091,0.8741258741258742,143
P8,43,full,NK Proliferating,0.9090909090909091,0.8641975308641975,81
P8,43,full,NK_1,0.8642714570858283,0.9572586588061901,1357
P8,43,full,NK_2,0.8953093133922502,0.8750830564784053,1505
P8,43,full,NK_3,0.7502287282708143,0.6677524429967426,614
P8,43,full,NK_4,0.7166276346604215,0.7083333333333334,216
P8,43,full,NK_CD56bright,0.8741721854304636,0.825,160
P8,43,full,Plasma,0.9787234042553191,0.9583333333333334,24
P8,43,full,Plasmablast,1.0,1.0,2
P8,43,full,Platelet,0.9663299663299663,0.9503311258278145,302
P8,43,full,Treg Memory,0.8421052631578948,0.8,120
P8,43,full,Treg Naive,0.7499999999999999,0.7027027027027027,111
P8,43,full,cDC1,1.0,1.0,5
P8,43,full,cDC2_1,0.7470817120622568,0.6906474820143885,139
P8,43,full,cDC2_2,0.940928270042194,0.9653679653679653,231
P8,43,full,dnT_1,0.5714285714285715,0.5,8
P8,43,full,dnT_2,0.9285714285714286,0.896551724137931,29
P8,43,full,gdT_1,0.9467455621301775,0.9195402298850575,87
P8,43,full,gdT_2,0.8537616229923922,0.8662092624356775,583
P8,43,full,gdT_3,0.8941176470588236,0.8636363636363636,44
P8,43,full,gdT_4,0.6690909090909091,0.5317919075144508,346
P8,43,full,pDC,1.0,1.0,66
P8,43,random_10,ASDC_mDC,0.0,0.0,2
P8,43,random_10,ASDC_pDC,0.6666666666666666,1.0,2
P8,43,random_10,B intermediate kappa,0.8347826086956522,0.8622754491017964,167
P8,43,random_10,B intermediate lambda,0.8048780487804879,0.7810650887573964,169
P8,43,random_10,B memory kappa,0.8892794376098417,0.9440298507462687,268
P8,43,random_10,B memory lambda,0.8731563421828908,0.896969696969697,165
P8,43,random_10,B naive kappa,0.7985074626865671,0.7039473684210527,152
P8,43,random_10,B naive lambda,0.8050314465408805,0.7710843373493976,83
P8,43,random_10,CD14 Mono,0.9907078643197099,0.9939366378656965,6597
P8,43,random_10,CD16 Mono,0.9540918163672655,0.9484126984126984,756
P8,43,random_10,CD4 CTL,0.9712858926342073,0.9798488664987406,397
P8,43,random_10,CD4 Naive,0.9793633018717005,0.9899741267787839,3092
P8,43,random_10,CD4 Proliferating,0.7692307692307692,0.7142857142857143,7
P8,43,random_10,CD4 TCM_1,0.8307905686546462,0.8160762942779292,734
P8,43,random_10,CD4 TCM_2,0.7209302325581395,0.6458333333333334,48
P8,43,random_10,CD4 TCM_3,0.8622448979591837,0.8535353535353535,792
P8,43,random_10,CD4 TEM_1,0.8422001803426511,0.8399280575539568,556
P8,43,random_10,CD4 TEM_2,0.6013986013986015,0.6825396825396826,63
P8,43,random_10,CD4 TEM_3,0.771618625277162,0.7981651376146789,218
P8,43,random_10,CD4 TEM_4,0.3076923076923077,0.18181818181818182,11
P8,43,random_10,CD8 Naive,0.9826513911620295,0.9901055408970977,1516
P8,43,random_10,CD8 Naive_2,0.6027397260273972,0.46808510638297873,47
P8,43,random_10,CD8 Proliferating,0.787878787878788,0.7647058823529411,17
P8,43,random_10,CD8 TCM_1,0.689655172413793,0.7142857142857143,126
P8,43,random_10,CD8 TCM_2,0.8814229249011858,0.8544061302681992,261
P8,43,random_10,CD8 TCM_3,0.8833333333333333,0.8688524590163934,61
P8,43,random_10,CD8 TEM_1,0.8431200701139352,0.837979094076655,574
P8,43,random_10,CD8 TEM_2,0.8189216683621566,0.8769063180827886,918
P8,43,random_10,CD8 TEM_3,0.6177606177606177,0.5228758169934641,153
P8,43,random_10,CD8 TEM_4,0.8552732871439569,0.860573199070488,1291
P8,43,random_10,CD8 TEM_5,0.8106904231625834,0.8185907046476761,667
P8,43,random_10,CD8 TEM_6,0.9326424870466321,0.9375,96
P8,43,random_10,Doublet,0.4912280701754386,0.3333333333333333,42
P8,43,random_10,Eryth,0.8421052631578948,1.0,8
P8,43,random_10,HSPC,1.0,1.0,14
P8,43,random_10,ILC,0.9333333333333333,1.0,7
P8,43,random_10,MAIT,0.9044117647058824,0.8601398601398601,143
P8,43,random_10,NK Proliferating,0.9090909090909091,0.8641975308641975,81
P8,43,random_10,NK_1,0.8575146389069617,0.9712601326455417,1357
P8,43,random_10,NK_2,0.8920962199312714,0.8624584717607974,1505
P8,43,random_10,NK_3,0.7163323782234957,0.6107491856677525,614
P8,43,random_10,NK_4,0.7035398230088495,0.7361111111111112,216
P8,43,random_10,NK_CD56bright,0.8791946308724833,0.81875,160
P8,43,random_10,Plasma,0.9787234042553191,0.9583333333333334,24
P8,43,random_10,Plasmablast,1.0,1.0,2
P8,43,random_10,Platelet,0.9663299663299663,0.9503311258278145,302
P8,43,random_10,Treg Memory,0.8370044052863437,0.7916666666666666,120
P8,43,random_10,Treg Naive,0.7093596059113302,0.6486486486486487,111
P8,43,random_10,cDC1,1.0,1.0,5
P8,43,random_10,cDC2_1,0.7250996015936256,0.6546762589928058,139
P8,43,random_10,cDC2_2,0.9369747899159664,0.9653679653679653,231
P8,43,random_10,dnT_1,0.6666666666666666,0.625,8
P8,43,random_10,dnT_2,0.9090909090909091,0.8620689655172413,29
P8,43,random_10,gdT_1,0.9302325581395349,0.9195402298850575,87
P8,43,random_10,gdT_2,0.8352553542009884,0.869639794168096,583
P8,43,random_10,gdT_3,0.8809523809523809,0.8409090909090909,44
P8,43,random_10,gdT_4,0.5652173913043478,0.41329479768786126,346
P8,43,random_10,pDC,0.9923664122137404,0.9848484848484849,66
P8,43,random_30,ASDC_mDC,0.0,0.0,2
P8,43,random_30,ASDC_pDC,0.6666666666666666,1.0,2
P8,43,random_30,B intermediate kappa,0.8421052631578948,0.8622754491017964,167
P8,43,random_30,B intermediate lambda,0.8195718654434251,0.7928994082840237,169
P8,43,random_30,B memory kappa,0.892416225749559,0.9440298507462687,268
P8,43,random_30,B memory lambda,0.8680351906158358,0.896969696969697,165
P8,43,random_30,B naive kappa,0.8014705882352942,0.7171052631578947,152
P8,43,random_30,B naive lambda,0.8050314465408805,0.7710843373493976,83
P8,43,random_30,CD14 Mono,0.9907008391925607,0.9931787175989086,6597
P8,43,random_30,CD16 Mono,0.9542136695421367,0.951058201058201,756
P8,43,random_30,CD4 CTL,0.9665427509293679,0.982367758186398,397
P8,43,random_30,CD4 Naive,0.9792066538707613,0.9899741267787839,3092
P8,43,random_30,CD4 Proliferating,0.6666666666666666,0.5714285714285714,7
P8,43,random_30,CD4 TCM_1,0.817477096546864,0.7901907356948229,734
P8,43,random_30,CD4 TCM_2,0.6744186046511628,0.6041666666666666,48
P8,43,random_30,CD4 TCM_3,0.8580686973428386,0.8358585858585859,792
P8,43,random_30,CD4 TEM_1,0.8395061728395061,0.8561151079136691,556
P8,43,random_30,CD4 TEM_2,0.5850340136054422,0.6825396825396826,63
P8,43,random_30,CD4 TEM_3,0.7521739130434782,0.7935779816513762,218
P8,43,random_30,CD4 TEM_4,0.0,0.0,11
P8,43,random_30,CD8 Naive,0.9826967025791707,0.9927440633245382,1516
P8,43,random_30,CD8 Naive_2,0.5070422535211269,0.3829787234042553,47
P8,43,random_30,CD8 Proliferating,0.7272727272727272,0.7058823529411765,17
P8,43,random_30,CD8 TCM_1,0.6715867158671587,0.7222222222222222,126
P8,43,random_30,CD8 TCM_2,0.8825910931174089,0.8352490421455939,261
P8,43,random_30,CD8 TCM_3,0.7070707070707071,0.5737704918032787,61
P8,43,random_30,CD8 TEM_1,0.8347386172006745,0.8623693379790941,574
P8,43,random_30,CD8 TEM_2,0.8044132397191575,0.8736383442265795,918
P8,43,random_30,CD8 TEM_3,0.5896414342629482,0.48366013071895425,153
P8,43,random_30,CD8 TEM_4,0.8337811900191939,0.8412083656080558,1291
P8,43,random_30,CD8 TEM_5,0.787556904400607,0.7781109445277361,667
P8,43,random_30,CD8 TEM_6,0.90625,0.90625,96
P8,43,random_30,Doublet,0.5423728813559321,0.38095238095238093,42
P8,43,random_30,Eryth,0.888888888888889,1.0,8
P8,43,random_30,HSPC,1.0,1.0,14
P8,43,random_30,ILC,0.9333333333333333,1.0,7
P8,43,random_30,MAIT,0.8538461538461539,0.7762237762237763,143
P8,43,random_30,NK Proliferating,0.9044585987261147,0.8765432098765432,81
P8,43,random_30,NK_1,0.8428158148505303,0.9661016949152542,1357
P8,43,random_30,NK_2,0.8817498291182501,0.8571428571428571,1505
P8,43,random_30,NK_3,0.7080504364694472,0.5944625407166124,614
P8,43,random_30,NK_4,0.7095238095238094,0.6898148148148148,216
P8,43,random_30,NK_CD56bright,0.9006622516556291,0.85,160
P8,43,random_30,Plasma,0.9787234042553191,0.9583333333333334,24
P8,43,random_30,Plasmablast,1.0,1.0,2
P8,43,random_30,Platelet,0.9663299663299663,0.9503311258278145,302
P8,43,random_30,Treg Memory,0.8370044052863437,0.7916666666666666,120
P8,43,random_30,Treg Naive,0.7393364928909952,0.7027027027027027,111
P8,43,random_30,cDC1,1.0,1.0,5
P8,43,random_30,cDC2_1,0.7413127413127415,0.6906474820143885,139
P8,43,random_30,cDC2_2,0.9429175475687104,0.9653679653679653,231
P8,43,random_30,dnT_1,0.5714285714285715,0.5,8
P8,43,random_30,dnT_2,0.9090909090909091,0.8620689655172413,29
P8,43,random_30,gdT_1,0.9101796407185629,0.8735632183908046,87
P8,43,random_30,gdT_2,0.8229342327150084,0.8370497427101201,583
P8,43,random_30,gdT_3,0.9047619047619048,0.8636363636363636,44
P8,43,random_30,gdT_4,0.580896686159844,0.430635838150289,346
P8,43,random_30,pDC,0.9923664122137404,0.9848484848484849,66
P8,43,random_50,ASDC_mDC,0.6666666666666666,0.5,2
P8,43,random_50,ASDC_pDC,0.8,1.0,2
P8,43,random_50,B intermediate kappa,0.8265895953757226,0.8562874251497006,167
P8,43,random_50,B intermediate lambda,0.8071216617210684,0.8047337278106509,169
P8,43,random_50,B memory kappa,0.8869257950530035,0.9365671641791045,268
P8,43,random_50,B memory lambda,0.8680351906158358,0.896969696969697,165
P8,43,random_50,B naive kappa,0.7803030303030303,0.6776315789473685,152
P8,43,random_50,B naive lambda,0.7922077922077921,0.7349397590361446,83
P8,43,random_50,CD14 Mono,0.9900422450211225,0.9946945581324844,6597
P8,43,random_50,CD16 Mono,0.9510395707578806,0.9378306878306878,756
P8,43,random_50,CD4 CTL,0.9621489621489622,0.9924433249370277,397
P8,43,random_50,CD4 Naive,0.9781115194120467,0.9899741267787839,3092
P8,43,random_50,CD4 Proliferating,0.7692307692307692,0.7142857142857143,7
P8,43,random_50,CD4 TCM_1,0.8269230769230769,0.8201634877384196,734
P8,43,random_50,CD4 TCM_2,0.6896551724137931,0.625,48
P8,43,random_50,CD4 TCM_3,0.8249496981891348,0.7765151515151515,792
P8,43,random_50,CD4 TEM_1,0.8317008014247551,0.8399280575539568,556
P8,43,random_50,CD4 TEM_2,0.5806451612903226,0.7142857142857143,63
P8,43,random_50,CD4 TEM_3,0.6457023060796645,0.7064220183486238,218
P8,43,random_50,CD4 TEM_4,0.16666666666666669,0.09090909090909091,11
P8,43,random_50,CD8 Naive,0.982973149967256,0.9901055408970977,1516
P8,43,random_50,CD8 Naive_2,0.6216216216216216,0.48936170212765956,47
P8,43,random_50,CD8 Proliferating,0.7741935483870968,0.7058823529411765,17
P8,43,random_50,CD8 TCM_1,0.676056338028169,0.7619047619047619,126
P8,43,random_50,CD8 TCM_2,0.8589211618257262,0.7931034482758621,261
P8,43,random_50,CD8 TCM_3,0.7572815533980584,0.639344262295082,61
P8,43,random_50,CD8 TEM_1,0.8435374149659863,0.8641114982578397,574
P8,43,random_50,CD8 TEM_2,0.7978196233894945,0.8769063180827886,918
P8,43,random_50,CD8 TEM_3,0.5533596837944664,0.45751633986928103,153
P8,43,random_50,CD8 TEM_4,0.8185328185328185,0.8210689388071263,1291
P8,43,random_50,CD8 TEM_5,0.7726199842643587,0.7361319340329835,667
P8,43,random_50,CD8 TEM_6,0.9175257731958762,0.9270833333333334,96
P8,43,random_50,Doublet,0.3846153846153846,0.23809523809523808,42
P8,43,random_50,Eryth,0.888888888888889,1.0,8
P8,43,random_50,HSPC,1.0,1.0,14
P8,43,random_50,ILC,1.0,1.0,7
P8,43,random_50,MAIT,0.8614232209737828,0.8041958041958042,143
P8,43,random_50,NK Proliferating,0.9056603773584906,0.8888888888888888,81
P8,43,random_50,NK_1,0.8561032087330467,0.9535740604274134,1357
P8,43,random_50,NK_2,0.8915334920095206,0.8710963455149502,1505
P8,43,random_50,NK_3,0.7271028037383177,0.6335504885993485,614
P8,43,random_50,NK_4,0.7116279069767442,0.7083333333333334,216
P8,43,random_50,NK_CD56bright,0.8737201365187713,0.8,160
P8,43,random_50,Plasma,0.9787234042553191,0.9583333333333334,24
P8,43,random_50,Plasmablast,1.0,1.0,2
P8,43,random_50,Platelet,0.9645868465430016,0.9470198675496688,302
P8,43,random_50,Treg Memory,0.8240343347639485,0.8,120
P8,43,random_50,Treg Naive,0.6594594594594595,0.5495495495495496,111
P8,43,random_50,cDC1,1.0,1.0,5
P8,43,random_50,cDC2_1,0.7441860465116279,0.6906474820143885,139
P8,43,random_50,cDC2_2,0.9401709401709402,0.9523809523809523,231
P8,43,random_50,dnT_1,0.4615384615384615,0.375,8
P8,43,random_50,dnT_2,0.9473684210526316,0.9310344827586207,29
P8,43,random_50,gdT_1,0.8617021276595743,0.9310344827586207,87
P8,43,random_50,gdT_2,0.8519437551695617,0.8833619210977701,583
P8,43,random_50,gdT_3,0.8863636363636365,0.8863636363636364,44
P8,43,random_50,gdT_4,0.6280373831775701,0.48554913294797686,346
P8,43,random_50,pDC,1.0,1.0,66
P8,43,random_70,ASDC_mDC,0.0,0.0,2
P8,43,random_70,ASDC_pDC,0.6666666666666666,1.0,2
P8,43,random_70,B intermediate kappa,0.8352941176470589,0.8502994011976048,167
P8,43,random_70,B intermediate lambda,0.7987987987987988,0.7869822485207101,169
P8,43,random_70,B memory kappa,0.8865619546247818,0.9477611940298507,268
P8,43,random_70,B memory lambda,0.863095238095238,0.8787878787878788,165
P8,43,random_70,B naive kappa,0.7985347985347986,0.7171052631578947,152
P8,43,random_70,B naive lambda,0.8026315789473685,0.7349397590361446,83
P8,43,random_70,CD14 Mono,0.9899020346646572,0.99560406245263,6597
P8,43,random_70,CD16 Mono,0.9467296021577883,0.9285714285714286,756
P8,43,random_70,CD4 CTL,0.9465838509316771,0.9596977329974811,397
P8,43,random_70,CD4 Naive,0.9754855141674627,0.9909443725743855,3092
P8,43,random_70,CD4 Proliferating,0.6153846153846153,0.5714285714285714,7
P8,43,random_70,CD4 TCM_1,0.8,0.7929155313351499,734
P8,43,random_70,CD4 TCM_2,0.6341463414634146,0.5416666666666666,48
P8,43,random_70,CD4 TCM_3,0.8148148148148148,0.7777777777777778,792
P8,43,random_70,CD4 TEM_1,0.8116469517743403,0.802158273381295,556
P8,43,random_70,CD4 TEM_2,0.4921465968586387,0.746031746031746,63
P8,43,random_70,CD4 TEM_3,0.6308724832214765,0.6467889908256881,218
P8,43,random_70,CD4 TEM_4,0.14285714285714288,0.09090909090909091,11
P8,43,random_70,CD8 Naive,0.976120379456984,0.9841688654353562,1516
P8,43,random_70,CD8 Naive_2,0.5128205128205128,0.425531914893617,47
P8,43,random_70,CD8 Proliferating,0.7500000000000001,0.7058823529411765,17
P8,43,random_70,CD8 TCM_1,0.6591760299625469,0.6984126984126984,126
P8,43,random_70,CD8 TCM_2,0.8235294117647058,0.7509578544061303,261
P8,43,random_70,CD8 TCM_3,0.7547169811320755,0.6557377049180327,61
P8,43,random_70,CD8 TEM_1,0.8186274509803922,0.872822299651568,574
P8,43,random_70,CD8 TEM_2,0.7714285714285714,0.8529411764705882,918
P8,43,random_70,CD8 TEM_3,0.5811320754716981,0.5032679738562091,153
P8,43,random_70,CD8 TEM_4,0.8122786304604488,0.7993803253292022,1291
P8,43,random_70,CD8 TEM_5,0.7619728377412438,0.7991004497751124,667
P8,43,random_70,CD8 TEM_6,0.8911917098445595,0.8958333333333334,96
P8,43,random_70,Doublet,0.3846153846153846,0.23809523809523808,42
P8,43,random_70,Eryth,0.9411764705882353,1.0,8
P8,43,random_70,HSPC,1.0,1.0,14
P8,43,random_70,ILC,0.9333333333333333,1.0,7
P8,43,random_70,MAIT,0.7741935483870968,0.6713286713286714,143
P8,43,random_70,NK Proliferating,0.9146341463414634,0.9259259259259259,81
P8,43,random_70,NK_1,0.8091507364462552,0.9513633014001474,1357
P8,43,random_70,NK_2,0.8829679595278246,0.8697674418604651,1505
P8,43,random_70,NK_3,0.6692456479690522,0.5635179153094463,614
P8,43,random_70,NK_4,0.661800486618005,0.6296296296296297,216
P8,43,random_70,NK_CD56bright,0.8837209302325582,0.83125,160
P8,43,random_70,Plasma,0.9787234042553191,0.9583333333333334,24
P8,43,random_70,Plasmablast,1.0,1.0,2
P8,43,random_70,Platelet,0.962962962962963,0.9470198675496688,302
P8,43,random_70,Treg Memory,0.8193832599118942,0.775,120
P8,43,random_70,Treg Naive,0.65625,0.5675675675675675,111
P8,43,random_70,cDC1,1.0,1.0,5
P8,43,random_70,cDC2_1,0.7432950191570882,0.697841726618705,139
P8,43,random_70,cDC2_2,0.9411764705882352,0.935064935064935,231
P8,43,random_70,dnT_1,0.5333333333333333,0.5,8
P8,43,random_70,dnT_2,0.912280701754386,0.896551724137931,29
P8,43,random_70,gdT_1,0.8809523809523809,0.8505747126436781,87
P8,43,random_70,gdT_2,0.7189672293942404,0.6209262435677531,583
P8,43,random_70,gdT_3,0.8607594936708862,0.7727272727272727,44
P8,43,random_70,gdT_4,0.49281314168377827,0.3468208092485549,346
P8,43,random_70,pDC,0.9923664122137404,0.9848484848484849,66
P8,43,marker_memory,ASDC_mDC,0.0,0.0,2
P8,43,marker_memory,ASDC_pDC,0.6666666666666666,1.0,2
P8,43,marker_memory,B intermediate kappa,0.8309455587392549,0.8682634730538922,167
P8,43,marker_memory,B intermediate lambda,0.8121212121212121,0.7928994082840237,169
P8,43,marker_memory,B memory kappa,0.8865248226950355,0.9328358208955224,268
P8,43,marker_memory,B memory lambda,0.8554572271386431,0.8787878787878788,165
P8,43,marker_memory,B naive kappa,0.7940074906367041,0.6973684210526315,152
P8,43,marker_memory,B naive lambda,0.8101265822784811,0.7710843373493976,83
P8,43,marker_memory,CD14 Mono,0.9913793103448276,0.9936334697589814,6597
P8,43,marker_memory,CD16 Mono,0.957615894039735,0.9563492063492064,756
P8,43,marker_memory,CD4 CTL,0.9643296432964329,0.9874055415617129,397
P8,43,marker_memory,CD4 Naive,0.9784310592746445,0.9902975420439845,3092
P8,43,marker_memory,CD4 Proliferating,0.6666666666666666,0.5714285714285714,7
P8,43,marker_memory,CD4 TCM_1,0.8268698060941828,0.8133514986376021,734
P8,43,marker_memory,CD4 TCM_2,0.6666666666666666,0.5833333333333334,48
P8,43,marker_memory,CD4 TCM_3,0.8641484426772698,0.8232323232323232,792
P8,43,marker_memory,CD4 TEM_1,0.8475177304964538,0.8597122302158273,556
P8,43,marker_memory,CD4 TEM_2,0.6193548387096773,0.7619047619047619,63
P8,43,marker_memory,CD4 TEM_3,0.7698924731182796,0.8211009174311926,218
P8,43,marker_memory,CD4 TEM_4,0.3076923076923077,0.18181818181818182,11
P8,43,marker_memory,CD8 Naive,0.9836065573770492,0.9894459102902374,1516
P8,43,marker_memory,CD8 Naive_2,0.7012987012987012,0.574468085106383,47
P8,43,marker_memory,CD8 Proliferating,0.7647058823529412,0.7647058823529411,17
P8,43,marker_memory,CD8 TCM_1,0.7086614173228346,0.7142857142857143,126
P8,43,marker_memory,CD8 TCM_2,0.8893360160965794,0.8467432950191571,261
P8,43,marker_memory,CD8 TCM_3,0.8813559322033898,0.8524590163934426,61
P8,43,marker_memory,CD8 TEM_1,0.8376353039134055,0.8763066202090593,574
P8,43,marker_memory,CD8 TEM_2,0.7766521948866377,0.8769063180827886,918
P8,43,marker_memory,CD8 TEM_3,0.6463878326996197,0.5555555555555556,153
P8,43,marker_memory,CD8 TEM_4,0.8150822302446851,0.7869868319132456,1291
P8,43,marker_memory,CD8 TEM_5,0.8024980483996879,0.7706146926536732,667
P8,43,marker_memory,CD8 TEM_6,0.9157894736842105,0.90625,96
P8,43,marker_memory,Doublet,0.5806451612903225,0.42857142857142855,42
P8,43,marker_memory,Eryth,0.8421052631578948,1.0,8
P8,43,marker_memory,HSPC,1.0,1.0,14
P8,43,marker_memory,ILC,0.9333333333333333,1.0,7
P8,43,marker_memory,MAIT,0.9037037037037037,0.8531468531468531,143
P8,43,marker_memory,NK Proliferating,0.903225806451613,0.8641975308641975,81
P8,43,marker_memory,NK_1,0.8578011849901251,0.9602063375092115,1357
P8,43,marker_memory,NK_2,0.8955427015991834,0.8744186046511628,1505
P8,43,marker_memory,NK_3,0.7414903403863845,0.6563517915309446,614
P8,43,marker_memory,NK_4,0.7220902612826603,0.7037037037037037,216
P8,43,marker_memory,NK_CD56bright,0.8852459016393444,0.84375,160
P8,43,marker_memory,Plasma,0.9787234042553191,0.9583333333333334,24
P8,43,marker_memory,Plasmablast,1.0,1.0,2
P8,43,marker_memory,Platelet,0.9663299663299663,0.9503311258278145,302
P8,43,marker_memory,Treg Memory,0.8281938325991189,0.7833333333333333,120
P8,43,marker_memory,Treg Naive,0.7000000000000001,0.6306306306306306,111
P8,43,marker_memory,cDC1,1.0,1.0,5
P8,43,marker_memory,cDC2_1,0.7450980392156863,0.6834532374100719,139
P8,43,marker_memory,cDC2_2,0.9389473684210525,0.9653679653679653,231
P8,43,marker_memory,dnT_1,0.7142857142857143,0.625,8
P8,43,marker_memory,dnT_2,0.888888888888889,0.8275862068965517,29
P8,43,marker_memory,gdT_1,0.9101123595505618,0.9310344827586207,87
P8,43,marker_memory,gdT_2,0.8576419213973798,0.8421955403087479,583
P8,43,marker_memory,gdT_3,0.9047619047619048,0.8636363636363636,44
P8,43,marker_memory,gdT_4,0.729776247848537,0.6127167630057804,346
P8,43,marker_memory,pDC,0.9923664122137404,0.9848484848484849,66
P8,43,marker_tcell,ASDC_mDC,0.0,0.0,2
P8,43,marker_tcell,ASDC_pDC,0.6666666666666666,1.0,2
P8,43,marker_tcell,B intermediate kappa,0.8362573099415204,0.8562874251497006,167
P8,43,marker_tcell,B intermediate lambda,0.8217522658610272,0.8047337278106509,169
P8,43,marker_tcell,B memory kappa,0.8964285714285715,0.9365671641791045,268
P8,43,marker_tcell,B memory lambda,0.8588235294117647,0.8848484848484849,165
P8,43,marker_tcell,B naive kappa,0.8243727598566308,0.756578947368421,152
P8,43,marker_tcell,B naive lambda,0.8152866242038217,0.7710843373493976,83
P8,43,marker_tcell,CD14 Mono,0.9913069770957745,0.9939366378656965,6597
P8,43,marker_tcell,CD16 Mono,0.9561170212765957,0.951058201058201,756
P8,43,marker_tcell,CD4 CTL,0.9482758620689655,0.9697732997481109,397
P8,43,marker_tcell,CD4 Naive,0.9807877041306435,0.990620957309185,3092
P8,43,marker_tcell,CD4 Proliferating,0.8571428571428571,0.8571428571428571,7
P8,43,marker_tcell,CD4 TCM_1,0.8291316526610645,0.8065395095367848,734
P8,43,marker_tcell,CD4 TCM_2,0.6744186046511628,0.6041666666666666,48
P8,43,marker_tcell,CD4 TCM_3,0.8629242819843342,0.8345959595959596,792
P8,43,marker_tcell,CD4 TEM_1,0.844559585492228,0.8794964028776978,556
P8,43,marker_tcell,CD4 TEM_2,0.5906040268456376,0.6984126984126984,63
P8,43,marker_tcell,CD4 TEM_3,0.7709251101321585,0.8027522935779816,218
P8,43,marker_tcell,CD4 TEM_4,0.3076923076923077,0.18181818181818182,11
P8,43,marker_tcell,CD8 Naive,0.9809711286089239,0.9861477572559367,1516
P8,43,marker_tcell,CD8 Naive_2,0.5753424657534246,0.44680851063829785,47
P8,43,marker_tcell,CD8 Proliferating,0.8000000000000002,0.7058823529411765,17
P8,43,marker_tcell,CD8 TCM_1,0.6991869918699187,0.6825396825396826,126
P8,43,marker_tcell,CD8 TCM_2,0.8747514910536779,0.842911877394636,261
P8,43,marker_tcell,CD8 TCM_3,0.8595041322314049,0.8524590163934426,61
P8,43,marker_tcell,CD8 TEM_1,0.839041095890411,0.8536585365853658,574
P8,43,marker_tcell,CD8 TEM_2,0.7906281156530409,0.8638344226579521,918
P8,43,marker_tcell,CD8 TEM_3,0.588235294117647,0.49019607843137253,153
P8,43,marker_tcell,CD8 TEM_4,0.8292682926829268,0.8032532920216886,1291
P8,43,marker_tcell,CD8 TEM_5,0.7963386727688788,0.782608695652174,667
P8,43,marker_tcell,CD8 TEM_6,0.9109947643979057,0.90625,96
P8,43,marker_tcell,Doublet,0.5806451612903225,0.42857142857142855,42
P8,43,marker_tcell,Eryth,0.8421052631578948,1.0,8
P8,43,marker_tcell,HSPC,1.0,1.0,14
P8,43,marker_tcell,ILC,0.9333333333333333,1.0,7
P8,43,marker_tcell,MAIT,0.9014084507042254,0.8951048951048951,143
P8,43,marker_tcell,NK Proliferating,0.9192546583850932,0.9135802469135802,81
P8,43,marker_tcell,NK_1,0.8132492113564669,0.9498894620486367,1357
P8,43,marker_tcell,NK_2,0.8986960882647943,0.8930232558139535,1505
P8,43,marker_tcell,NK_3,0.716417910447761,0.6254071661237784,614
P8,43,marker_tcell,NK_4,0.7230046948356808,0.7129629629629629,216
P8,43,marker_tcell,NK_CD56bright,0.8837209302325582,0.83125,160
P8,43,marker_tcell,Plasma,0.9787234042553191,0.9583333333333334,24
P8,43,marker_tcell,Plasmablast,1.0,1.0,2
P8,43,marker_tcell,Platelet,0.9664429530201342,0.9536423841059603,302
P8,43,marker_tcell,Treg Memory,0.8362068965517241,0.8083333333333333,120
P8,43,marker_tcell,Treg Naive,0.7572815533980582,0.7027027027027027,111
P8,43,marker_tcell,cDC1,1.0,1.0,5
P8,43,marker_tcell,cDC2_1,0.75,0.6906474820143885,139
P8,43,marker_tcell,cDC2_2,0.940928270042194,0.9653679653679653,231
P8,43,marker_tcell,dnT_1,0.42857142857142855,0.375,8
P8,43,marker_tcell,dnT_2,0.9090909090909091,0.8620689655172413,29
P8,43,marker_tcell,gdT_1,0.8535031847133758,0.7701149425287356,87
P8,43,marker_tcell,gdT_2,0.7521531100478469,0.6740994854202401,583
P8,43,marker_tcell,gdT_3,0.8705882352941177,0.8409090909090909,44
P8,43,marker_tcell,gdT_4,0.6063829787234042,0.49421965317919075,346
P8,43,marker_tcell,pDC,0.9923664122137404,0.9848484848484849,66
P8,43,rna_only,ASDC_mDC,0.6666666666666666,0.5,2
P8,43,rna_only,ASDC_pDC,0.8,1.0,2
P8,43,rna_only,B intermediate kappa,0.8255813953488372,0.8502994011976048,167
P8,43,rna_only,B intermediate lambda,0.8130563798219584,0.8106508875739645,169
P8,43,rna_only,B memory kappa,0.8877005347593582,0.9291044776119403,268
P8,43,rna_only,B memory lambda,0.8639053254437871,0.8848484848484849,165
P8,43,rna_only,B naive kappa,0.7881040892193307,0.6973684210526315,152
P8,43,rna_only,B naive lambda,0.8152866242038217,0.7710843373493976,83
P8,43,rna_only,CD14 Mono,0.9898730350665055,0.9927239654388358,6597
P8,43,rna_only,CD16 Mono,0.9533333333333335,0.9457671957671958,756
P8,43,rna_only,CD4 CTL,0.9343434343434344,0.9319899244332494,397
P8,43,rna_only,CD4 Naive,0.9750639386189257,0.9864165588615783,3092
P8,43,rna_only,CD4 Proliferating,0.7142857142857143,0.7142857142857143,7
P8,43,rna_only,CD4 TCM_1,0.8022361984626135,0.782016348773842,734
P8,43,rna_only,CD4 TCM_2,0.6363636363636365,0.5833333333333334,48
P8,43,rna_only,CD4 TCM_3,0.8191214470284237,0.8005050505050505,792
P8,43,rna_only,CD4 TEM_1,0.8037383177570093,0.7733812949640287,556
P8,43,rna_only,CD4 TEM_2,0.5100671140939597,0.6031746031746031,63
P8,43,rna_only,CD4 TEM_3,0.6489795918367346,0.7293577981651376,218
P8,43,rna_only,CD4 TEM_4,0.12500000000000003,0.09090909090909091,11
P8,43,rna_only,CD8 Naive,0.975195822454308,0.9854881266490765,1516
P8,43,rna_only,CD8 Naive_2,0.47500000000000003,0.40425531914893614,47
P8,43,rna_only,CD8 Proliferating,0.7272727272727272,0.7058823529411765,17
P8,43,rna_only,CD8 TCM_1,0.6101694915254237,0.5714285714285714,126
P8,43,rna_only,CD8 TCM_2,0.8106995884773662,0.7547892720306514,261
P8,43,rna_only,CD8 TCM_3,0.7777777777777778,0.8032786885245902,61
P8,43,rna_only,CD8 TEM_1,0.8131313131313131,0.8414634146341463,574
P8,43,rna_only,CD8 TEM_2,0.7785571142284569,0.8464052287581699,918
P8,43,rna_only,CD8 TEM_3,0.5577689243027888,0.45751633986928103,153
P8,43,rna_only,CD8 TEM_4,0.8207293666026871,0.8280402788536019,1291
P8,43,rna_only,CD8 TEM_5,0.7747336377473364,0.7631184407796102,667
P8,43,rna_only,CD8 TEM_6,0.8743718592964823,0.90625,96
P8,43,rna_only,Doublet,0.39285714285714285,0.2619047619047619,42
P8,43,rna_only,Eryth,0.9411764705882353,1.0,8
P8,43,rna_only,HSPC,1.0,1.0,14
P8,43,rna_only,ILC,0.9333333333333333,1.0,7
P8,43,rna_only,MAIT,0.7928571428571428,0.7762237762237763,143
P8,43,rna_only,NK Proliferating,0.9135802469135802,0.9135802469135802,81
P8,43,rna_only,NK_1,0.8148873653281098,0.9196757553426677,1357
P8,43,rna_only,NK_2,0.8795811518324608,0.8930232558139535,1505
P8,43,rna_only,NK_3,0.6587064676616916,0.5390879478827362,614
P8,43,rna_only,NK_4,0.6589327146171694,0.6574074074074074,216
P8,43,rna_only,NK_CD56bright,0.8717948717948718,0.85,160
P8,43,rna_only,Plasma,1.0,1.0,24
P8,43,rna_only,Plasmablast,1.0,1.0,2
P8,43,rna_only,Platelet,0.9628378378378379,0.9437086092715232,302
P8,43,rna_only,Treg Memory,0.7929515418502203,0.75,120
P8,43,rna_only,Treg Naive,0.6634615384615384,0.6216216216216216,111
P8,43,rna_only,cDC1,1.0,1.0,5
P8,43,rna_only,cDC2_1,0.7445255474452555,0.7338129496402878,139
P8,43,rna_only,cDC2_2,0.9290322580645162,0.935064935064935,231
P8,43,rna_only,dnT_1,0.5263157894736842,0.625,8
P8,43,rna_only,dnT_2,0.9090909090909091,0.8620689655172413,29
P8,43,rna_only,gdT_1,0.7668393782383419,0.8505747126436781,87
P8,43,rna_only,gdT_2,0.7646528403967539,0.7272727272727273,583
P8,43,rna_only,gdT_3,0.8148148148148148,0.75,44
P8,43,rna_only,gdT_4,0.42916666666666664,0.2976878612716763,346
P8,43,rna_only,pDC,1.0,1.0,66
P8,43,random_size_matched_6,ASDC_mDC,0.0,0.0,2
P8,43,random_size_matched_6,ASDC_pDC,0.6666666666666666,1.0,2
P8,43,random_size_matched_6,B intermediate kappa,0.8430232558139534,0.8682634730538922,167
P8,43,random_size_matched_6,B intermediate lambda,0.8217522658610272,0.8047337278106509,169
P8,43,random_size_matched_6,B memory kappa,0.8904593639575972,0.9402985074626866,268
P8,43,random_size_matched_6,B memory lambda,0.8672566371681416,0.8909090909090909,165
P8,43,random_size_matched_6,B naive kappa,0.8074074074074075,0.7171052631578947,152
P8,43,random_size_matched_6,B naive lambda,0.8101265822784811,0.7710843373493976,83
P8,43,random_size_matched_6,CD14 Mono,0.9907799274486094,0.9936334697589814,6597
P8,43,random_size_matched_6,CD16 Mono,0.953519256308101,0.9497354497354498,756
P8,43,random_size_matched_6,CD4 CTL,0.9727722772277229,0.9899244332493703,397
P8,43,random_size_matched_6,CD4 Naive,0.9793633018717005,0.9899741267787839,3092
P8,43,random_size_matched_6,CD4 Proliferating,0.7692307692307692,0.7142857142857143,7
P8,43,random_size_matched_6,CD4 TCM_1,0.8307059629883482,0.8256130790190735,734
P8,43,random_size_matched_6,CD4 TCM_2,0.6987951807228916,0.6041666666666666,48
P8,43,random_size_matched_6,CD4 TCM_3,0.8577127659574468,0.8143939393939394,792
P8,43,random_size_matched_6,CD4 TEM_1,0.8468941382327209,0.8705035971223022,556
P8,43,random_size_matched_6,CD4 TEM_2,0.5962732919254659,0.7619047619047619,63
P8,43,random_size_matched_6,CD4 TEM_3,0.7528344671201814,0.7614678899082569,218
P8,43,random_size_matched_6,CD4 TEM_4,0.3076923076923077,0.18181818181818182,11
P8,43,random_size_matched_6,CD8 Naive,0.982973149967256,0.9901055408970977,1516
P8,43,random_size_matched_6,CD8 Naive_2,0.6301369863013698,0.48936170212765956,47
P8,43,random_size_matched_6,CD8 Proliferating,0.7647058823529412,0.7647058823529411,17
P8,43,random_size_matched_6,CD8 TCM_1,0.7171314741035857,0.7142857142857143,126
P8,43,random_size_matched_6,CD8 TCM_2,0.8960000000000001,0.8582375478927203,261
P8,43,random_size_matched_6,CD8 TCM_3,0.8717948717948717,0.8360655737704918,61
P8,43,random_size_matched_6,CD8 TEM_1,0.8549356223175967,0.867595818815331,574
P8,43,random_size_matched_6,CD8 TEM_2,0.8098765432098765,0.8932461873638344,918
P8,43,random_size_matched_6,CD8 TEM_3,0.6196078431372549,0.5163398692810458,153
P8,43,random_size_matched_6,CD8 TEM_4,0.845336481700118,0.8319132455460883,1291
P8,43,random_size_matched_6,CD8 TEM_5,0.8174305033809166,0.815592203898051,667
P8,43,random_size_matched_6,CD8 TEM_6,0.923076923076923,0.9375,96
P8,43,random_size_matched_6,Doublet,0.4912280701754386,0.3333333333333333,42
P8,43,random_size_matched_6,Eryth,0.8421052631578948,1.0,8
P8,43,random_size_matched_6,HSPC,1.0,1.0,14
P8,43,random_size_matched_6,ILC,0.9333333333333333,1.0,7
P8,43,random_size_matched_6,MAIT,0.9084249084249084,0.8671328671328671,143
P8,43,random_size_matched_6,NK Proliferating,0.8947368421052632,0.8395061728395061,81
P8,43,random_size_matched_6,NK_1,0.8652058432934926,0.9602063375092115,1357
P8,43,random_size_matched_6,NK_2,0.8949336960217613,0.8744186046511628,1505
P8,43,random_size_matched_6,NK_3,0.7467889908256881,0.6628664495114006,614
P8,43,random_size_matched_6,NK_4,0.7122641509433962,0.6990740740740741,216
P8,43,random_size_matched_6,NK_CD56bright,0.8823529411764707,0.84375,160
P8,43,random_size_matched_6,Plasma,0.9787234042553191,0.9583333333333334,24
P8,43,random_size_matched_6,Plasmablast,1.0,1.0,2
P8,43,random_size_matched_6,Platelet,0.9663299663299663,0.9503311258278145,302
P8,43,random_size_matched_6,Treg Memory,0.8318584070796461,0.7833333333333333,120
P8,43,random_size_matched_6,Treg Naive,0.7317073170731708,0.6756756756756757,111
P8,43,random_size_matched_6,cDC1,1.0,1.0,5
P8,43,random_size_matched_6,cDC2_1,0.732283464566929,0.6690647482014388,139
P8,43,random_size_matched_6,cDC2_2,0.9389473684210525,0.9653679653679653,231
P8,43,random_size_matched_6,dnT_1,0.6666666666666666,0.625,8
P8,43,random_size_matched_6,dnT_2,0.9285714285714286,0.896551724137931,29
P8,43,random_size_matched_6,gdT_1,0.9411764705882354,0.9195402298850575,87
P8,43,random_size_matched_6,gdT_2,0.8583403185247276,0.8782161234991424,583
P8,43,random_size_matched_6,gdT_3,0.9047619047619048,0.8636363636363636,44
P8,43,random_size_matched_6,gdT_4,0.6642335766423357,0.5260115606936416,346
P8,43,random_size_matched_6,pDC,0.9923664122137404,0.9848484848484849,66
P8,43,random_size_matched_15,ASDC_mDC,0.0,0.0,2
P8,43,random_size_matched_15,ASDC_pDC,0.6666666666666666,1.0,2
P8,43,random_size_matched_15,B intermediate kappa,0.8376068376068376,0.8802395209580839,167
P8,43,random_size_matched_15,B intermediate lambda,0.8228228228228228,0.8106508875739645,169
P8,43,random_size_matched_15,B memory kappa,0.8983957219251337,0.9402985074626866,268
P8,43,random_size_matched_15,B memory lambda,0.863095238095238,0.8787878787878788,165
P8,43,random_size_matched_15,B naive kappa,0.7985074626865671,0.7039473684210527,152
P8,43,random_size_matched_15,B naive lambda,0.8050314465408805,0.7710843373493976,83
P8,43,random_size_matched_15,CD14 Mono,0.9916055358088179,0.993785053812339,6597
P8,43,random_size_matched_15,CD16 Mono,0.958994708994709,0.958994708994709,756
P8,43,random_size_matched_15,CD4 CTL,0.975,0.982367758186398,397
P8,43,random_size_matched_15,CD4 Naive,0.9804612427930813,0.9899741267787839,3092
P8,43,random_size_matched_15,CD4 Proliferating,0.7692307692307692,0.7142857142857143,7
P8,43,random_size_matched_15,CD4 TCM_1,0.8389771941948859,0.8269754768392371,734
P8,43,random_size_matched_15,CD4 TCM_2,0.7073170731707317,0.6041666666666666,48
P8,43,random_size_matched_15,CD4 TCM_3,0.8670143415906127,0.8396464646464646,792
P8,43,random_size_matched_15,CD4 TEM_1,0.8476357267950964,0.8705035971223022,556
P8,43,random_size_matched_15,CD4 TEM_2,0.5960264900662252,0.7142857142857143,63
P8,43,random_size_matched_15,CD4 TEM_3,0.7755102040816325,0.7844036697247706,218
P8,43,random_size_matched_15,CD4 TEM_4,0.3076923076923077,0.18181818181818182,11
P8,43,random_size_matched_15,CD8 Naive,0.9836065573770492,0.9894459102902374,1516
P8,43,random_size_matched_15,CD8 Naive_2,0.6216216216216216,0.48936170212765956,47
P8,43,random_size_matched_15,CD8 Proliferating,0.7647058823529412,0.7647058823529411,17
P8,43,random_size_matched_15,CD8 TCM_1,0.7209302325581395,0.7380952380952381,126
P8,43,random_size_matched_15,CD8 TCM_2,0.8933601609657948,0.8505747126436781,261
P8,43,random_size_matched_15,CD8 TCM_3,0.864406779661017,0.8360655737704918,61
P8,43,random_size_matched_15,CD8 TEM_1,0.8486956521739131,0.8501742160278746,574
P8,43,random_size_matched_15,CD8 TEM_2,0.8029268292682926,0.8965141612200436,918
P8,43,random_size_matched_15,CD8 TEM_3,0.6212121212121212,0.5359477124183006,153
P8,43,random_size_matched_15,CD8 TEM_4,0.8295003965107057,0.8102246320681642,1291
P8,43,random_size_matched_15,CD8 TEM_5,0.8045283018867925,0.7991004497751124,667
P8,43,random_size_matched_15,CD8 TEM_6,0.9183673469387755,0.9375,96
P8,43,random_size_matched_15,Doublet,0.5573770491803278,0.40476190476190477,42
P8,43,random_size_matched_15,Eryth,0.8421052631578948,1.0,8
P8,43,random_size_matched_15,HSPC,1.0,1.0,14
P8,43,random_size_matched_15,ILC,0.9333333333333333,1.0,7
P8,43,random_size_matched_15,MAIT,0.901098901098901,0.8601398601398601,143
P8,43,random_size_matched_15,NK Proliferating,0.9299363057324841,0.9012345679012346,81
P8,43,random_size_matched_15,NK_1,0.8641231593038822,0.9513633014001474,1357
P8,43,random_size_matched_15,NK_2,0.8970189701897019,0.879734219269103,1505
P8,43,random_size_matched_15,NK_3,0.7529411764705882,0.6775244299674267,614
P8,43,random_size_matched_15,NK_4,0.7235023041474654,0.7268518518518519,216
P8,43,random_size_matched_15,NK_CD56bright,0.870748299319728,0.8,160
P8,43,random_size_matched_15,Plasma,0.9787234042553191,0.9583333333333334,24
P8,43,random_size_matched_15,Plasmablast,1.0,1.0,2
P8,43,random_size_matched_15,Platelet,0.9680672268907563,0.9536423841059603,302
P8,43,random_size_matched_15,Treg Memory,0.829059829059829,0.8083333333333333,120
P8,43,random_size_matched_15,Treg Naive,0.737864077669903,0.6846846846846847,111
P8,43,random_size_matched_15,cDC1,1.0,1.0,5
P8,43,random_size_matched_15,cDC2_1,0.7351778656126482,0.6690647482014388,139
P8,43,random_size_matched_15,cDC2_2,0.9369747899159664,0.9653679653679653,231
P8,43,random_size_matched_15,dnT_1,0.6153846153846154,0.5,8
P8,43,random_size_matched_15,dnT_2,0.9473684210526316,0.9310344827586207,29
P8,43,random_size_matched_15,gdT_1,0.9221556886227545,0.8850574712643678,87
P8,43,random_size_matched_15,gdT_2,0.8593091828138164,0.8747855917667239,583
P8,43,random_size_matched_15,gdT_3,0.8941176470588236,0.8636363636363636,44
P8,43,random_size_matched_15,gdT_4,0.6690777576853526,0.5346820809248555,346
P8,43,random_size_matched_15,pDC,0.9923664122137404,0.9848484848484849,66
