test_donor,seed,scenario,mask_fraction,n_masked_proteins,mask_seed,mask_source,n_test,accuracy,weighted_f1,macro_f1,balanced_accuracy,ece,brier,full_accuracy,delta_accuracy,full_weighted_f1,delta_weighted_f1,full_macro_f1,delta_macro_f1,full_balanced_accuracy,delta_balanced_accuracy,full_ece,delta_ece,full_brier,delta_brier
P1,41,full,0.0,0,,legacy_v33_deterministic_feature_mask,18135,0.9141990625861594,0.9141482443113407,0.8110430002788572,0.8280590831565268,0.07383543236593523,0.15200264751911163,0.9141990625861594,0.0,0.9141482443113407,0.0,0.8110430002788572,0.0,0.8280590831565268,0.0,0.07383543236593523,0.0,0.15200264751911163,0.0
P1,41,random_10,0.1,22,331411,legacy_v33_deterministic_feature_mask,18135,0.9056520540391508,0.9051731363240418,0.8116869214696352,0.8133774052849398,0.07149060742730834,0.16413968801498413,0.9141990625861594,-0.008547008547008517,0.9141482443113407,-0.008975107987298836,0.8110430002788572,0.0006439211907779407,0.8280590831565268,-0.014681677871586918,0.07383543236593523,-0.002344824938626894,0.15200264751911163,0.012137040495872498
P1,41,random_30,0.3,67,331413,legacy_v33_deterministic_feature_mask,18135,0.9046594982078853,0.9041536034358709,0.8033471232381558,0.801595900716394,0.07128581184968824,0.1651284396648407,0.9141990625861594,-0.009539564378274079,0.9141482443113407,-0.009994640875469751,0.8110430002788572,-0.007695877040701404,0.8280590831565268,-0.026463182440132793,0.07383543236593523,-0.002549620516246992,0.15200264751911163,0.013125792145729065
P1,41,random_50,0.5,112,331415,legacy_v33_deterministic_feature_mask,18135,0.895230217810863,0.8955618019553088,0.7857592410484273,0.7888290530327018,0.07563964778730486,0.18055810034275055,0.9141990625861594,-0.018968844775296367,0.9141482443113407,-0.018586442356031907,0.8110430002788572,-0.025283759230429914,0.8280590831565268,-0.03923003012382498,0.07383543236593523,0.0018042154213696315,0.15200264751911163,0.028555452823638916
P1,41,random_70,0.7,157,331417,legacy_v33_deterministic_feature_mask,18135,0.892859112213951,0.8918715426436357,0.7677388922026157,0.7807183140775757,0.06961775358169571,0.18294739723205566,0.9141990625861594,-0.02133995037220837,0.9141482443113407,-0.022276701667705012,0.8110430002788572,-0.04330410807624152,0.8280590831565268,-0.04734076907895102,0.07383543236593523,-0.004217678784239523,0.15200264751911163,0.03094474971294403
P1,41,marker_memory,,6,,legacy_v33_deterministic_feature_mask,18135,0.9106148331954783,0.9102903882187691,0.8055328991490425,0.819684412537784,0.07104994105609086,0.1573486626148224,0.9141990625861594,-0.0035842293906810374,0.9141482443113407,-0.00385785609257161,0.8110430002788572,-0.0055101011298147595,0.8280590831565268,-0.008374670618742752,0.07383543236593523,-0.0027854913098443734,0.15200264751911163,0.005346015095710754
P1,41,marker_tcell,,15,,legacy_v33_deterministic_feature_mask,18135,0.9022332506203474,0.9030728941041615,0.7860979056156377,0.8061952230860265,0.0764836964542819,0.16971637308597565,0.9141990625861594,-0.011965811965811923,0.9141482443113407,-0.011075350207179202,0.8110430002788572,-0.02494509466321948,0.8280590831565268,-0.02186386007050023,0.07383543236593523,0.0026482640883466607,0.15200264751911163,0.017713725566864014
P1,41,rna_only,1.0,224,,legacy_v33_deterministic_feature_mask,18135,0.8843121036669424,0.8840279622121814,0.7626402397006471,0.7796783502891933,0.1146016981685855,0.1987019032239914,0.9141990625861594,-0.029886958919217,0.9141482443113407,-0.03012028209915929,0.8110430002788572,-0.048402760578210136,0.8280590831565268,-0.048380732867333465,0.07383543236593523,0.04076626580265026,0.15200264751911163,0.04669925570487976
P1,41,random_size_matched_6,0.026785714285714284,6,821411,random_feature_name_only_size_matched_to_targeted_mask,18135,0.9141439205955335,0.9139527517442079,0.8115432696518753,0.8276277268052792,0.07312080495640828,0.1526232361793518,0.9141990625861594,-5.514199062583991e-05,0.9141482443113407,-0.0001954925671328045,0.8110430002788572,0.0005002693730180585,0.8280590831565268,-0.00043135635124758043,0.07383543236593523,-0.0007146274095269495,0.15200264751911163,0.0006205886602401733
P1,41,random_size_matched_15,0.06696428571428571,15,821412,random_feature_name_only_size_matched_to_targeted_mask,18135,0.9122690929142542,0.9122691186672731,0.8052241240265584,0.8218377685777023,0.0733114513040394,0.15478253364562988,0.9141990625861594,-0.001929969671905174,0.9141482443113407,-0.0018791256440675586,0.8110430002788572,-0.005818876252298821,0.8280590831565268,-0.006221314578824466,0.07383543236593523,-0.0005239810618958285,0.15200264751911163,0.0027798861265182495
P1,42,full,0.0,0,,legacy_v33_deterministic_feature_mask,18135,0.9109456851392336,0.9118077587062279,0.8080714372301046,0.8421003772603008,0.08268834019343255,0.1501840054988861,0.9109456851392336,0.0,0.9118077587062279,0.0,0.8080714372301046,0.0,0.8421003772603008,0.0,0.08268834019343255,0.0,0.1501840054988861,0.0
P1,42,random_10,0.1,22,331421,legacy_v33_deterministic_feature_mask,18135,0.9064791838985388,0.907540442486533,0.8127250758495561,0.8372472114994995,0.08406563890039477,0.15823066234588623,0.9109456851392336,-0.004466501240694809,0.9118077587062279,-0.004267316219694894,0.8080714372301046,0.004653638619451561,0.8421003772603008,-0.0048531657608013035,0.08268834019343255,0.001377298706962224,0.1501840054988861,0.008046656847000122
P1,42,random_30,0.3,67,331423,legacy_v33_deterministic_feature_mask,18135,0.9014061207609595,0.9019435885100685,0.8107329933398042,0.8281006486197157,0.08495800503775341,0.16555945575237274,0.9109456851392336,-0.009539564378274079,0.9118077587062279,-0.009864170196159372,0.8080714372301046,0.0026615561096996476,0.8421003772603008,-0.013999728640585185,0.08268834019343255,0.002269664844320868,0.1501840054988861,0.015375450253486633
P1,42,random_50,0.5,112,331425,legacy_v33_deterministic_feature_mask,18135,0.8950096498483595,0.8950296277701358,0.7777904072690206,0.8088340490676346,0.10015720694862779,0.1748543530702591,0.9109456851392336,-0.015936035290874062,0.9118077587062279,-0.01677813093609204,0.8080714372301046,-0.03028102996108395,0.8421003772603008,-0.033266328192666283,0.08268834019343255,0.01746886675519524,0.1501840054988861,0.024670347571372986
P1,42,random_70,0.7,157,331427,legacy_v33_deterministic_feature_mask,18135,0.8824372759856631,0.8830902088599616,0.7609582832985027,0.7888759347916546,0.10816514022814724,0.1975371241569519,0.9109456851392336,-0.028508409153570446,0.9118077587062279,-0.028717549846266288,0.8080714372301046,-0.04711315393160187,0.8421003772603008,-0.053224442468646216,0.08268834019343255,0.025476800034714697,0.1501840054988861,0.047353118658065796
P1,42,marker_memory,,6,,legacy_v33_deterministic_feature_mask,18135,0.9069203198235456,0.9076335894773443,0.8051116450954979,0.8378783420648009,0.09007709743005698,0.15778745710849762,0.9109456851392336,-0.004025365315687979,0.9118077587062279,-0.004174169228883584,0.8080714372301046,-0.0029597921346066203,0.8421003772603008,-0.004222035195499907,0.08268834019343255,0.007388757236624438,0.1501840054988861,0.007603451609611511
P1,42,marker_tcell,,15,,legacy_v33_deterministic_feature_mask,18135,0.8955610697546181,0.897371986280968,0.7687591021240647,0.8112093228813544,0.0939828585754224,0.1760304719209671,0.9109456851392336,-0.015384615384615441,0.9118077587062279,-0.01443577242525984,0.8080714372301046,-0.03931233510603982,0.8421003772603008,-0.03089105437894646,0.08268834019343255,0.01129451838198986,0.1501840054988861,0.025846466422080994
P1,42,rna_only,1.0,224,,legacy_v33_deterministic_feature_mask,18135,0.8781362007168458,0.8793368419709318,0.7522110482720722,0.7797077915705047,0.1453128660176291,0.2143065631389618,0.9109456851392336,-0.032809484422387736,0.9118077587062279,-0.03247091673529612,0.8080714372301046,-0.05586038895803236,0.8421003772603008,-0.06239258568979611,0.08268834019343255,0.06262452582419656,0.1501840054988861,0.06412255764007568
P1,42,random_size_matched_6,0.026785714285714284,6,821421,random_feature_name_only_size_matched_to_targeted_mask,18135,0.9101736972704715,0.9110595925950604,0.8051703910531447,0.8401154080554438,0.08504274342304621,0.15164968371391296,0.9109456851392336,-0.0007719878687620918,0.9118077587062279,-0.0007481661111674587,0.8080714372301046,-0.002901046176959854,0.8421003772603008,-0.0019849692048570233,0.08268834019343255,0.0023544032296136663,0.1501840054988861,0.0014656782150268555
P1,42,random_size_matched_15,0.06696428571428571,15,821422,random_feature_name_only_size_matched_to_targeted_mask,18135,0.9097877033360904,0.910847483768855,0.7990307877030732,0.8334136900931164,0.09130445710055453,0.15450944006443024,0.9109456851392336,-0.0011579818031431932,0.9118077587062279,-0.0009602749373728292,0.8080714372301046,-0.00904064952703132,0.8421003772603008,-0.00868668716718446,0.08268834019343255,0.008616116907121982,0.1501840054988861,0.004325434565544128
P1,43,full,0.0,0,,legacy_v33_deterministic_feature_mask,18135,0.9112213950923629,0.9103885162635358,0.8082371266317265,0.8229930596221171,0.06891235818966776,0.15708790719509125,0.9112213950923629,0.0,0.9103885162635358,0.0,0.8082371266317265,0.0,0.8229930596221171,0.0,0.06891235818966776,0.0,0.15708790719509125,0.0
P1,43,random_10,0.1,22,331431,legacy_v33_deterministic_feature_mask,18135,0.9071960297766749,0.9060265182219692,0.7974256342422542,0.8093535012733981,0.06947722827020938,0.1651335209608078,0.9112213950923629,-0.004025365315687979,0.9103885162635358,-0.004361998041566562,0.8082371266317265,-0.010811492389472321,0.8229930596221171,-0.013639558348718994,0.06891235818966776,0.000564870080541624,0.15708790719509125,0.008045613765716553
P1,43,random_30,0.3,67,331433,legacy_v33_deterministic_feature_mask,18135,0.9020678246484698,0.9008140341469428,0.7940498101799014,0.8114137409356896,0.06965102297989569,0.1699361652135849,0.9112213950923629,-0.009153570443893089,0.9103885162635358,-0.009574482116592953,0.8082371266317265,-0.014187316451825138,0.8229930596221171,-0.011579318686427476,0.06891235818966776,0.0007386647902279248,0.15708790719509125,0.012848258018493652
P1,43,random_50,0.5,112,331435,legacy_v33_deterministic_feature_mask,18135,0.8955059277639923,0.8936435588305288,0.7756734823663552,0.7914911707312057,0.06383997424676918,0.18280671536922455,0.9112213950923629,-0.01571546732837059,0.9103885162635358,-0.01674495743300697,0.8082371266317265,-0.03256364426537128,0.8229930596221171,-0.031501888890911434,0.06891235818966776,-0.005072383942898578,0.15708790719509125,0.0257188081741333
P1,43,random_70,0.7,157,331437,legacy_v33_deterministic_feature_mask,18135,0.8850840915357044,0.8847184064890734,0.7495417799013979,0.763078156598087,0.07463633285135418,0.19721567630767822,0.9112213950923629,-0.026137303556658442,0.9103885162635358,-0.02567010977446238,0.8082371266317265,-0.05869534673032861,0.8229930596221171,-0.05991490302403013,0.06891235818966776,0.005723974661686421,0.15708790719509125,0.040127769112586975
P1,43,marker_memory,,6,,legacy_v33_deterministic_feature_mask,18135,0.9068651778329198,0.9059683110052409,0.8039422166966588,0.8199545202283646,0.07127674390888752,0.16364964842796326,0.9112213950923629,-0.004356217259443129,0.9103885162635358,-0.004420205258294896,0.8082371266317265,-0.004294909935067759,0.8229930596221171,-0.0030385393937525373,0.06891235818966776,0.0023643857192197637,0.15708790719509125,0.006561741232872009
P1,43,marker_tcell,,15,,legacy_v33_deterministic_feature_mask,18135,0.9007444168734491,0.9001602365168259,0.7811550553927182,0.7976438829953226,0.07235824912252395,0.17175130546092987,0.9112213950923629,-0.010476978218913802,0.9103885162635358,-0.010228279746709923,0.8082371266317265,-0.0270820712390083,0.8229930596221171,-0.02534917662679448,0.06891235818966776,0.003445890932856188,0.15708790719509125,0.014663398265838623
P1,43,rna_only,1.0,224,,legacy_v33_deterministic_feature_mask,18135,0.8855803694513372,0.885011394955547,0.7503781841794553,0.7668244248434822,0.11219243982959326,0.19777455925941467,0.9112213950923629,-0.02564102564102566,0.9103885162635358,-0.025377121307988748,0.8082371266317265,-0.05785894245227119,0.8229930596221171,-0.056168634778634874,0.06891235818966776,0.0432800816399255,0.15708790719509125,0.040686652064323425
P1,43,random_size_matched_6,0.026785714285714284,6,821431,random_feature_name_only_size_matched_to_targeted_mask,18135,0.9091811414392059,0.9082145925590597,0.8059769689679466,0.8200789380162427,0.06926930304365049,0.158390611410141,0.9112213950923629,-0.002040253653156965,0.9103885162635358,-0.0021739237044761106,0.8082371266317265,-0.0022601576637799603,0.8229930596221171,-0.0029141216058744535,0.06891235818966776,0.0003569448539827297,0.15708790719509125,0.0013027042150497437
P1,43,random_size_matched_15,0.06696428571428571,15,821432,random_feature_name_only_size_matched_to_targeted_mask,18135,0.9082437275985663,0.9073260926301684,0.7989560482399144,0.811431225184009,0.0705648002880547,0.1612355262041092,0.9112213950923629,-0.0029776674937965764,0.9103885162635358,-0.003062423633367395,0.8082371266317265,-0.009281078391812136,0.8229930596221171,-0.011561834438108098,0.06891235818966776,0.0016524420983869414,0.15708790719509125,0.004147619009017944
P2,41,full,0.0,0,,legacy_v33_deterministic_feature_mask,17205,0.9145015983725661,0.9145045541527477,0.82503439522081,0.8335119825368792,0.07369091757176681,0.13914898037910461,0.9145015983725661,0.0,0.9145045541527477,0.0,0.82503439522081,0.0,0.8335119825368792,0.0,0.07369091757176681,0.0,0.13914898037910461,0.0
P2,41,random_10,0.1,22,332411,legacy_v33_deterministic_feature_mask,17205,0.9113629758791049,0.9118926110681776,0.8214199830742599,0.8334548420912309,0.07474616863758056,0.14428479969501495,0.9145015983725661,-0.003138622493461196,0.9145045541527477,-0.002611943084570023,0.82503439522081,-0.0036144121465501167,0.8335119825368792,-5.7140445648307114e-05,0.07369091757176681,0.0010552510658137504,0.13914898037910461,0.005135819315910339
P2,41,random_30,0.3,67,332413,legacy_v33_deterministic_feature_mask,17205,0.9065969195001453,0.9072476959356502,0.813282889927162,0.8169071906835438,0.08589904499812655,0.153802752494812,0.9145015983725661,-0.007904678872420745,0.9145045541527477,-0.007256858217097428,0.82503439522081,-0.01175150529364799,0.8335119825368792,-0.01660479185333541,0.07369091757176681,0.012208127426359738,0.13914898037910461,0.014653772115707397
P2,41,random_50,0.5,112,332415,legacy_v33_deterministic_feature_mask,17205,0.8975879104911363,0.8977230857053334,0.7813830742538667,0.7906450356447784,0.09767893050012116,0.171549454331398,0.9145015983725661,-0.016913687881429773,0.9145045541527477,-0.01678146844741424,0.82503439522081,-0.04365132096694335,0.8335119825368792,-0.0428669468921008,0.07369091757176681,0.023988012928354355,0.13914898037910461,0.032400473952293396
P2,41,random_70,0.7,157,332417,legacy_v33_deterministic_feature_mask,17205,0.8950886370241209,0.8969273803770913,0.7748821028872664,0.789621648592978,0.09714780257420981,0.17394563555717468,0.9145015983725661,-0.019412961348445168,0.9145045541527477,-0.017577173775656374,0.82503439522081,-0.05015229233354357,0.8335119825368792,-0.04389033394390118,0.07369091757176681,0.023456885002443,0.13914898037910461,0.03479665517807007
P2,41,marker_memory,,6,,legacy_v33_deterministic_feature_mask,17205,0.9118860796280152,0.9118348718614792,0.8147497036872757,0.8243042705239844,0.07955870293524678,0.14221324026584625,0.9145015983725661,-0.0026155187445509043,0.9145045541527477,-0.002669682291268516,0.82503439522081,-0.010284691533534285,0.8335119825368792,-0.009207712012894831,0.07369091757176681,0.005867785363479969,0.13914898037910461,0.003064259886741638
P2,41,marker_tcell,,15,,legacy_v33_deterministic_feature_mask,17205,0.8982853821563499,0.9001492441355505,0.7946978561583088,0.8204445399929385,0.08510075546746962,0.16554813086986542,0.9145015983725661,-0.01621621621621616,0.9145045541527477,-0.014355310017197143,0.82503439522081,-0.030336539062501222,0.8335119825368792,-0.013067442543940655,0.07369091757176681,0.01140983789570281,0.13914898037910461,0.026399150490760803
P2,41,rna_only,1.0,224,,legacy_v33_deterministic_feature_mask,17205,0.8881139203719849,0.88933321191536,0.7681223739131539,0.7844205908243526,0.1361274815673608,0.19388987123966217,0.9145015983725661,-0.026387678000581172,0.9145045541527477,-0.025171342237387706,0.82503439522081,-0.05691202130765616,0.8335119825368792,-0.04909139171252663,0.07369091757176681,0.06243656399559398,0.13914898037910461,0.054740890860557556
P2,41,random_size_matched_6,0.026785714285714284,6,822411,random_feature_name_only_size_matched_to_targeted_mask,17205,0.9134553908747457,0.9136620647800231,0.8246874072666244,0.8324310305823377,0.07408824953635186,0.13998515903949738,0.9145015983725661,-0.0010462074978203617,0.9145045541527477,-0.0008424893727245752,0.82503439522081,-0.0003469879541856402,0.8335119825368792,-0.001080951954541498,0.07369091757176681,0.0003973319645850515,0.13914898037910461,0.0008361786603927612
P2,41,random_size_matched_15,0.06696428571428571,15,822412,random_feature_name_only_size_matched_to_targeted_mask,17205,0.9122929380993897,0.9126886948000142,0.8231804159797377,0.8326108215584407,0.07481437221026564,0.14359888434410095,0.9145015983725661,-0.002208660273176344,0.9145045541527477,-0.0018158593527334288,0.82503439522081,-0.0018539792410723344,0.8335119825368792,-0.0009011609784385088,0.07369091757176681,0.001123454638498833,0.13914898037910461,0.004449903964996338
P2,42,full,0.0,0,,legacy_v33_deterministic_feature_mask,17205,0.9118279569892473,0.9103116021506772,0.8144028425311443,0.8273560895353388,0.06067552329608087,0.1426803171634674,0.9118279569892473,0.0,0.9103116021506772,0.0,0.8144028425311443,0.0,0.8273560895353388,0.0,0.06067552329608087,0.0,0.1426803171634674,0.0
P2,42,random_10,0.1,22,332421,legacy_v33_deterministic_feature_mask,17205,0.9108398721301947,0.9093694642482347,0.8109621833120059,0.8230401015761654,0.06239365431778099,0.14370253682136536,0.9118279569892473,-0.0009880848590526625,0.9103116021506772,-0.0009421379024424636,0.8144028425311443,-0.0034406592191383867,0.8273560895353388,-0.0043159879591734285,0.06067552329608087,0.0017181310217001186,0.1426803171634674,0.0010222196578979492
P2,42,random_30,0.3,67,332423,legacy_v33_deterministic_feature_mask,17205,0.9034001743679163,0.9026872259206837,0.8019818281591897,0.8149491181368744,0.06930628767265756,0.15681058168411255,0.9118279569892473,-0.008427782621331037,0.9103116021506772,-0.007624376229993457,0.8144028425311443,-0.01242101437195453,0.8273560895353388,-0.012406971398464361,0.06067552329608087,0.008630764376576693,0.1426803171634674,0.014130264520645142
P2,42,random_50,0.5,112,332425,legacy_v33_deterministic_feature_mask,17205,0.9002615518744551,0.8992358733236073,0.7879737657639264,0.8072766224996563,0.07285264811086917,0.16268305480480194,0.9118279569892473,-0.011566405114792233,0.9103116021506772,-0.011075728827069864,0.8144028425311443,-0.02642907676721784,0.8273560895353388,-0.02007946703568253,0.06067552329608087,0.012177124814788297,0.1426803171634674,0.020002737641334534
P2,42,random_70,0.7,157,332427,legacy_v33_deterministic_feature_mask,17205,0.8915431560592851,0.8908722453182396,0.7693395352038168,0.7937276813966283,0.07959671256951696,0.1770118921995163,0.9118279569892473,-0.02028480092996221,0.9103116021506772,-0.019439356832437582,0.8144028425311443,-0.04506330732732744,0.8273560895353388,-0.033628408138710486,0.06067552329608087,0.01892118927343609,0.1426803171634674,0.03433157503604889
P2,42,marker_memory,,6,,legacy_v33_deterministic_feature_mask,17205,0.9085149665794827,0.9070157730962888,0.8107260257063792,0.8225588467294748,0.0642683830134954,0.14870597422122955,0.9118279569892473,-0.0033129904097646268,0.9103116021506772,-0.0032958290543884106,0.8144028425311443,-0.0036768168247650612,0.8273560895353388,-0.0047972428058640215,0.06067552329608087,0.0035928597174145274,0.1426803171634674,0.006025657057762146
P2,42,marker_tcell,,15,,legacy_v33_deterministic_feature_mask,17205,0.8990990990990991,0.8990801942177752,0.8045651727340689,0.8261605865050583,0.06749419104529825,0.16570772230625153,0.9118279569892473,-0.012728857890148215,0.9103116021506772,-0.011231407932902004,0.8144028425311443,-0.009837669797075344,0.8273560895353388,-0.001195503030280487,0.06067552329608087,0.006818667749217376,0.1426803171634674,0.02302740514278412
P2,42,rna_only,1.0,224,,legacy_v33_deterministic_feature_mask,17205,0.8854984016274339,0.885495070388609,0.7731057921022625,0.7933661619593664,0.1207903153973501,0.1972164511680603,0.9118279569892473,-0.026329555361813473,0.9103116021506772,-0.024816531762068217,0.8144028425311443,-0.041297050428881765,0.8273560895353388,-0.03398992757597241,0.06067552329608087,0.060114792101269236,0.1426803171634674,0.054536134004592896
P2,42,random_size_matched_6,0.026785714285714284,6,822421,random_feature_name_only_size_matched_to_targeted_mask,17205,0.9124091833769253,0.9112938263408603,0.8133022059313952,0.827894359111558,0.061206069205414264,0.1429632008075714,0.9118279569892473,0.0005812263876779911,0.9103116021506772,0.000982224190183123,0.8144028425311443,-0.0011006365997490164,0.8273560895353388,0.0005382695762191636,0.06067552329608087,0.0005305459093333936,0.1426803171634674,0.0002828836441040039
P2,42,random_size_matched_15,0.06696428571428571,15,822422,random_feature_name_only_size_matched_to_targeted_mask,17205,0.9052019761697181,0.903368678127839,0.8100187887970672,0.8205962078191933,0.06173859329954268,0.15290851891040802,0.9118279569892473,-0.0066259808195292536,0.9103116021506772,-0.006942924022838137,0.8144028425311443,-0.00438405373407702,0.8273560895353388,-0.006759881716145499,0.06067552329608087,0.0010630700034618065,0.1426803171634674,0.010228201746940613
P2,43,full,0.0,0,,legacy_v33_deterministic_feature_mask,17205,0.9183376925312409,0.9169782774928307,0.8245633984035485,0.8146496865787837,0.06324551538373452,0.14490097761154175,0.9183376925312409,0.0,0.9169782774928307,0.0,0.8245633984035485,0.0,0.8146496865787837,0.0,0.06324551538373452,0.0,0.14490097761154175,0.0
P2,43,random_10,0.1,22,332431,legacy_v33_deterministic_feature_mask,17205,0.9150247021214764,0.9138582017534318,0.8170176422429715,0.8080754023344529,0.06462842186231386,0.1492348313331604,0.9183376925312409,-0.0033129904097645158,0.9169782774928307,-0.0031200757393988754,0.8245633984035485,-0.007545756160577066,0.8146496865787837,-0.006574284244330819,0.06324551538373452,0.001382906478579346,0.14490097761154175,0.004333853721618652
P2,43,random_30,0.3,67,332433,legacy_v33_deterministic_feature_mask,17205,0.9100842778262133,0.9090083208620227,0.8092357843955114,0.8034753934062365,0.06168374932806564,0.15502004325389862,0.9183376925312409,-0.008253414705027606,0.9169782774928307,-0.007969956630808017,0.8245633984035485,-0.015327614008037171,0.8146496865787837,-0.011174293172547145,0.06324551538373452,-0.0015617660556688784,0.14490097761154175,0.010119065642356873
P2,43,random_50,0.5,112,332435,legacy_v33_deterministic_feature_mask,17205,0.9034001743679163,0.9016074410642358,0.7918897373958709,0.7818657072549103,0.05471707853691346,0.16637617349624634,0.9183376925312409,-0.014937518163324559,0.9169782774928307,-0.015370836428594825,0.8245633984035485,-0.03267366100767766,0.8146496865787837,-0.032783979323873336,0.06324551538373452,-0.008528436846821058,0.14490097761154175,0.02147519588470459
P2,43,random_70,0.7,157,332437,legacy_v33_deterministic_feature_mask,17205,0.8972972972972973,0.895365855388849,0.7863182308482737,0.7773697958052748,0.05905317133576747,0.17666152119636536,0.9183376925312409,-0.02104039523394352,0.9169782774928307,-0.02161242210398162,0.8245633984035485,-0.03824516755527485,0.8146496865787837,-0.037279890773508906,0.06324551538373452,-0.004192344047967048,0.14490097761154175,0.03176054358482361
P2,43,marker_memory,,6,,legacy_v33_deterministic_feature_mask,17205,0.9139203719848881,0.912130091448361,0.8189127411457418,0.8091470481376528,0.064868596217827,0.15160982310771942,0.9183376925312409,-0.004417320546352799,0.9169782774928307,-0.004848186044469682,0.8245633984035485,-0.005650657257806779,0.8146496865787837,-0.005502638441130858,0.06324551538373452,0.0016230808340924746,0.14490097761154175,0.006708845496177673
P2,43,marker_tcell,,15,,legacy_v33_deterministic_feature_mask,17205,0.9092124382446963,0.9084199051966555,0.8066179509286018,0.8029994667278118,0.062116692208925045,0.15531976521015167,0.9183376925312409,-0.009125254286544537,0.9169782774928307,-0.008558372296175176,0.8245633984035485,-0.017945447474946752,0.8146496865787837,-0.011650219850971921,0.06324551538373452,-0.0011288231748094735,0.14490097761154175,0.010418787598609924
P2,43,rna_only,1.0,224,,legacy_v33_deterministic_feature_mask,17205,0.8931705899447835,0.8916387796412616,0.7831035545064968,0.7794793005454962,0.07547990381457853,0.177116259932518,0.9183376925312409,-0.02516710258645738,0.9169782774928307,-0.02533949785156908,0.8245633984035485,-0.04145984389705171,0.8146496865787837,-0.03517038603328748,0.06324551538373452,0.012234388430844012,0.14490097761154175,0.03221528232097626
P2,43,random_size_matched_6,0.026785714285714284,6,822431,random_feature_name_only_size_matched_to_targeted_mask,17205,0.9182214472537054,0.916891744630328,0.8239693947217418,0.8158669915869862,0.06379729528407724,0.14473332464694977,0.9183376925312409,-0.0001162452775355094,0.9169782774928307,-8.653286250270842e-05,0.8245633984035485,-0.0005940036818067318,0.8146496865787837,0.001217305008202496,0.06324551538373452,0.0005517799003427193,0.14490097761154175,-0.00016765296459197998
P2,43,random_size_matched_15,0.06696428571428571,15,822432,random_feature_name_only_size_matched_to_targeted_mask,17205,0.9161871548968323,0.9151145843028805,0.8201702030585014,0.8132289187456765,0.06494803108714481,0.1468857079744339,0.9183376925312409,-0.0021505376344085336,0.9169782774928307,-0.0018636931899501663,0.8245633984035485,-0.004393195345047118,0.8146496865787837,-0.0014207678331071838,0.06324551538373452,0.00170251570341029,0.14490097761154175,0.001984730362892151
P3,41,full,0.0,0,,legacy_v33_deterministic_feature_mask,14660,0.9038881309686221,0.9006726921511017,0.7985879566133259,0.8158240919186364,0.06777470399299063,0.15684610605239868,0.9038881309686221,0.0,0.9006726921511017,0.0,0.7985879566133259,0.0,0.8158240919186364,0.0,0.06777470399299063,0.0,0.15684610605239868,0.0
P3,41,random_10,0.1,22,333411,legacy_v33_deterministic_feature_mask,14660,0.8923601637107776,0.886567783930457,0.7706925235216121,0.7895526563944286,0.06497694847630119,0.174045592546463,0.9038881309686221,-0.01152796725784444,0.9006726921511017,-0.014104908220644696,0.7985879566133259,-0.027895433091713828,0.8158240919186364,-0.026271435524207742,0.06777470399299063,-0.0027977555166894402,0.15684610605239868,0.01719948649406433
P3,41,random_30,0.3,67,333413,legacy_v33_deterministic_feature_mask,14660,0.8997271487039563,0.8983890847587236,0.7868917814557662,0.8086101661694289,0.08945030928227295,0.16932404041290283,0.9038881309686221,-0.004160982264665769,0.9006726921511017,-0.0022836073923780953,0.7985879566133259,-0.011696175157559718,0.8158240919186364,-0.007213925749207428,0.06777470399299063,0.02167560528928232,0.15684610605239868,0.01247793436050415
P3,41,random_50,0.5,112,333415,legacy_v33_deterministic_feature_mask,14660,0.883356070941337,0.8788455554517586,0.7474931282891737,0.759591755458938,0.07002678794982001,0.19047731161117554,0.9038881309686221,-0.020532060027285137,0.9006726921511017,-0.021827136699343108,0.7985879566133259,-0.05109482832415224,0.8158240919186364,-0.056232336459698384,0.06777470399299063,0.0022520839568293816,0.15684610605239868,0.033631205558776855
P3,41,random_70,0.7,157,333417,legacy_v33_deterministic_feature_mask,14660,0.880218281036835,0.8834098149557174,0.7389090277811168,0.7699912920465615,0.0961573735225087,0.19433611631393433,0.9038881309686221,-0.023669849931787112,0.9006726921511017,-0.01726287719538433,0.7985879566133259,-0.059678928832209155,0.8158240919186364,-0.04583279987207489,0.06777470399299063,0.028382669529518068,0.15684610605239868,0.037490010261535645
P3,41,marker_memory,,6,,legacy_v33_deterministic_feature_mask,14660,0.9017053206002729,0.8996169113124166,0.7834468961520447,0.816904336109244,0.079352545588802,0.16209948062896729,0.9038881309686221,-0.0021828103683492195,0.9006726921511017,-0.001055780838685072,0.7985879566133259,-0.015141060461281275,0.8158240919186364,0.0010802441906075932,0.06777470399299063,0.011577841595811378,0.15684610605239868,0.0052533745765686035
P3,41,marker_tcell,,15,,legacy_v33_deterministic_feature_mask,14660,0.8899727148703956,0.8891850985432158,0.7665723783013527,0.7970498328116518,0.0762940040257179,0.17970047891139984,0.9038881309686221,-0.01391541609822644,0.9006726921511017,-0.011487593607885871,0.7985879566133259,-0.032015578311973214,0.8158240919186364,-0.018774259106984603,0.06777470399299063,0.008519300032727273,0.15684610605239868,0.02285437285900116
P3,41,rna_only,1.0,224,,legacy_v33_deterministic_feature_mask,14660,0.8837653478854025,0.882528494432779,0.7320000588091449,0.7599486569131337,0.1368540118348062,0.2047072798013687,0.9038881309686221,-0.020122783083219575,0.9006726921511017,-0.018144197718322652,0.7985879566133259,-0.06658789780418106,0.8158240919186364,-0.05587543500550263,0.06777470399299063,0.06907930784181557,0.15684610605239868,0.04786117374897003
P3,41,random_size_matched_6,0.026785714285714284,6,823411,random_feature_name_only_size_matched_to_targeted_mask,14660,0.9034788540245566,0.9002945981434539,0.7941353788042522,0.816541433919332,0.07019841789101516,0.15758515894412994,0.9038881309686221,-0.0004092769440654509,0.9006726921511017,-0.0003780940076477668,0.7985879566133259,-0.00445257780907371,0.8158240919186364,0.0007173420006956199,0.06777470399299063,0.0024237138980245376,0.15684610605239868,0.0007390528917312622
P3,41,random_size_matched_15,0.06696428571428571,15,823412,random_feature_name_only_size_matched_to_targeted_mask,14660,0.9046384720327422,0.9021453502541379,0.7960799430466221,0.8150689435030839,0.07351968397791682,0.15634383261203766,0.9038881309686221,0.0007503410641200858,0.9006726921511017,0.0014726581030362063,0.7985879566133259,-0.002508013566703826,0.8158240919186364,-0.0007551484155524646,0.06777470399299063,0.0057449799849261934,0.15684610605239868,-0.000502273440361023
P3,42,full,0.0,0,,legacy_v33_deterministic_feature_mask,14660,0.906343792633015,0.9010726565903407,0.7862420370465021,0.7754029976288098,0.058915828017957556,0.16634906828403473,0.906343792633015,0.0,0.9010726565903407,0.0,0.7862420370465021,0.0,0.7754029976288098,0.0,0.058915828017957556,0.0,0.16634906828403473,0.0
P3,42,random_10,0.1,22,333421,legacy_v33_deterministic_feature_mask,14660,0.9040245566166439,0.8989139458880868,0.7715983911920973,0.7548339409903115,0.05959292132036423,0.16946572065353394,0.906343792633015,-0.0023192360163710735,0.9010726565903407,-0.00215871070225393,0.7862420370465021,-0.014643645854404808,0.7754029976288098,-0.020569056638498284,0.058915828017957556,0.0006770933024066728,0.16634906828403473,0.0031166523694992065
P3,42,random_30,0.3,67,333423,legacy_v33_deterministic_feature_mask,14660,0.8891541609822646,0.881886659475211,0.7507468221047916,0.7341374626632932,0.05264775256383632,0.194081649184227,0.906343792633015,-0.01718963165075038,0.9010726565903407,-0.019185997115129694,0.7862420370465021,-0.035495214941710485,0.7754029976288098,-0.04126553496551666,0.058915828017957556,-0.0062680754541212386,0.16634906828403473,0.02773258090019226
P3,42,random_50,0.5,112,333425,legacy_v33_deterministic_feature_mask,14660,0.8892223738062756,0.8825780628160577,0.7495859476859937,0.7328563224623028,0.05416034512770697,0.1933441013097763,0.906343792633015,-0.017121418826739454,0.9010726565903407,-0.018494593774283086,0.7862420370465021,-0.03665608936050835,0.7754029976288098,-0.04254667516650701,0.058915828017957556,-0.004755482890250587,0.16634906828403473,0.026995033025741577
P3,42,random_70,0.7,157,333427,legacy_v33_deterministic_feature_mask,14660,0.8916098226466576,0.8887192411352727,0.7376230410519238,0.7341666873797896,0.05389681745722057,0.18679915368556976,0.906343792633015,-0.014733969986357454,0.9010726565903407,-0.012353415455068073,0.7862420370465021,-0.04861899599457831,0.7754029976288098,-0.04123631024902019,0.058915828017957556,-0.005019010560736989,0.16634906828403473,0.020450085401535034
P3,42,marker_memory,,6,,legacy_v33_deterministic_feature_mask,14660,0.9034106412005457,0.8986689782389135,0.766792857413636,0.7635148960735818,0.05910623857464342,0.17097680270671844,0.906343792633015,-0.0029331514324693053,0.9010726565903407,-0.0024036783514272964,0.7862420370465021,-0.019449179632866076,0.7754029976288098,-0.011888101555228014,0.058915828017957556,0.00019041055668586604,0.16634906828403473,0.004627734422683716
P3,42,marker_tcell,,15,,legacy_v33_deterministic_feature_mask,14660,0.9034106412005457,0.8987740034872077,0.7601926509267088,0.7536996107574303,0.05586588781677684,0.17078858613967896,0.906343792633015,-0.0029331514324693053,0.9010726565903407,-0.0022986531031330415,0.7862420370465021,-0.02604938611979324,0.7754029976288098,-0.021703386871379515,0.058915828017957556,-0.003049940201180719,0.16634906828403473,0.004439517855644226
P3,42,rna_only,1.0,224,,legacy_v33_deterministic_feature_mask,14660,0.8854706684856753,0.8806739181480001,0.7308748971534248,0.7273809572950989,0.07070702821178944,0.18806371092796326,0.906343792633015,-0.02087312414733966,0.9010726565903407,-0.020398738442340636,0.7862420370465021,-0.05536713989307729,0.7754029976288098,-0.048022040333710936,0.058915828017957556,0.011791200193831883,0.16634906828403473,0.021714642643928528
P3,42,random_size_matched_6,0.026785714285714284,6,823421,random_feature_name_only_size_matched_to_targeted_mask,14660,0.9057980900409277,0.9011183977771965,0.7882206112276059,0.7769530600840728,0.060066650437869594,0.1663137525320053,0.906343792633015,-0.0005457025920873049,0.9010726565903407,4.5741186855741134e-05,0.7862420370465021,0.0019785741811038093,0.7754029976288098,0.0015500624552630127,0.058915828017957556,0.0011508224199120384,0.16634906828403473,-3.5315752029418945e-05
P3,42,random_size_matched_15,0.06696428571428571,15,823422,random_feature_name_only_size_matched_to_targeted_mask,14660,0.9049113233287858,0.9000153229371645,0.7863064566429777,0.7761537830908064,0.058650364977336875,0.16887266933918,0.906343792633015,-0.0014324693042292447,0.9010726565903407,-0.0010573336531762845,0.7862420370465021,6.441959647562889e-05,0.7754029976288098,0.0007507854619965837,0.058915828017957556,-0.00026546304062068093,0.16634906828403473,0.0025236010551452637
P3,43,full,0.0,0,,legacy_v33_deterministic_feature_mask,14660,0.9068212824010914,0.9018462620456903,0.7828311948477107,0.7766894419818288,0.056431514868388225,0.16552133858203888,0.9068212824010914,0.0,0.9018462620456903,0.0,0.7828311948477107,0.0,0.7766894419818288,0.0,0.056431514868388225,0.0,0.16552133858203888,0.0
P3,43,random_10,0.1,22,333431,legacy_v33_deterministic_feature_mask,14660,0.9062755798090041,0.901561485383711,0.7865026715546442,0.7745112791212214,0.06654814098228537,0.16774819791316986,0.9068212824010914,-0.0005457025920873049,0.9018462620456903,-0.0002847766619793468,0.7828311948477107,0.003671476706933463,0.7766894419818288,-0.0021781628606073467,0.056431514868388225,0.010116626113897145,0.16552133858203888,0.0022268593311309814
P3,43,random_30,0.3,67,333433,legacy_v33_deterministic_feature_mask,14660,0.9008185538881309,0.8956329478817677,0.7681512299524994,0.7674064947560787,0.06513402654318007,0.17271527647972107,0.9068212824010914,-0.006002728512960465,0.9018462620456903,-0.0062133141639225675,0.7828311948477107,-0.014679964895211284,0.7766894419818288,-0.009282947225750071,0.056431514868388225,0.008702511674791844,0.16552133858203888,0.00719393789768219
P3,43,random_50,0.5,112,333435,legacy_v33_deterministic_feature_mask,14660,0.8918144611186903,0.8874535294972147,0.7370935288352513,0.7462352828133332,0.06549686698133753,0.1873445212841034,0.9068212824010914,-0.01500682128240105,0.9018462620456903,-0.014392732548475617,0.7828311948477107,-0.04573766601245943,0.7766894419818288,-0.030454159168495587,0.056431514868388225,0.009065352112949301,0.16552133858203888,0.021823182702064514
P3,43,random_70,0.7,157,333437,legacy_v33_deterministic_feature_mask,14660,0.8853342428376535,0.8815969033336276,0.7318982011829003,0.7352223026450558,0.059444724187498854,0.1941767781972885,0.9068212824010914,-0.021487039563437893,0.9018462620456903,-0.02024935871206268,0.7828311948477107,-0.05093299366481041,0.7766894419818288,-0.04146713933677293,0.056431514868388225,0.0030132093191106296,0.16552133858203888,0.028655439615249634
P3,43,marker_memory,,6,,legacy_v33_deterministic_feature_mask,14660,0.9038881309686221,0.8990277996754081,0.7849605100294188,0.7845798498464174,0.05907661324979342,0.16913560032844543,0.9068212824010914,-0.0029331514324693053,0.9018462620456903,-0.00281846237028216,0.7828311948477107,0.0021293151817081135,0.7766894419818288,0.007890407864588611,0.056431514868388225,0.0026450983814051976,0.16552133858203888,0.003614261746406555
P3,43,marker_tcell,,15,,legacy_v33_deterministic_feature_mask,14660,0.9010914051841746,0.8969482588774419,0.7755058352216906,0.772788109604738,0.0546701098061681,0.17160777747631073,0.9068212824010914,-0.005729877216916757,0.9018462620456903,-0.004898003168248399,0.7828311948477107,-0.0073253596260201,0.7766894419818288,-0.0039013323770907826,0.056431514868388225,-0.0017614050622201255,0.16552133858203888,0.006086438894271851
P3,43,rna_only,1.0,224,,legacy_v33_deterministic_feature_mask,14660,0.8843792633015006,0.8799609494717786,0.7346402225512427,0.7381864347927924,0.07850191086774636,0.18911336362361908,0.9068212824010914,-0.02244201909959076,0.9018462620456903,-0.021885312573911686,0.7828311948477107,-0.04819097229646796,0.7766894419818288,-0.03850300718903632,0.056431514868388225,0.02207039599935813,0.16552133858203888,0.0235920250415802
P3,43,random_size_matched_6,0.026785714285714284,6,823431,random_feature_name_only_size_matched_to_targeted_mask,14660,0.9064120054570259,0.9013187990757915,0.7845470034422651,0.7766058296719078,0.05593993801211922,0.166033074259758,0.9068212824010914,-0.0004092769440654509,0.9018462620456903,-0.0005274629698988065,0.7828311948477107,0.0017158085945544466,0.7766894419818288,-8.361230992093294e-05,0.056431514868388225,-0.0004915768562690076,0.16552133858203888,0.0005117356777191162
P3,43,random_size_matched_15,0.06696428571428571,15,823432,random_feature_name_only_size_matched_to_targeted_mask,14660,0.9043656207366985,0.89930335660984,0.771172224975592,0.7659302150321008,0.057588342374945395,0.16852256655693054,0.9068212824010914,-0.0024556616643929274,0.9018462620456903,-0.00254290543585034,0.7828311948477107,-0.011658969872118674,0.7766894419818288,-0.010759226949727974,0.056431514868388225,0.0011568275065571704,0.16552133858203888,0.0030012279748916626
P4,41,full,0.0,0,,legacy_v33_deterministic_feature_mask,17090,0.9162083089526039,0.9163462995726416,0.7822061189762317,0.7686533430872561,0.0759702947507343,0.1518496572971344,0.9162083089526039,0.0,0.9163462995726416,0.0,0.7822061189762317,0.0,0.7686533430872561,0.0,0.0759702947507343,0.0,0.1518496572971344,0.0
P4,41,random_10,0.1,22,334411,legacy_v33_deterministic_feature_mask,17090,0.9083674663545933,0.9078111857917548,0.7700462233861127,0.7579425505510732,0.07438524647579335,0.16477830708026886,0.9162083089526039,-0.007840842598010545,0.9163462995726416,-0.008535113780886783,0.7822061189762317,-0.012159895590118985,0.7686533430872561,-0.0107107925361829,0.0759702947507343,-0.0015850482749409506,0.1518496572971344,0.01292864978313446
P4,41,random_30,0.3,67,334413,legacy_v33_deterministic_feature_mask,17090,0.9053832650672908,0.904315617537326,0.7672022111772464,0.7598822468682741,0.07027673839633404,0.1699441820383072,0.9162083089526039,-0.010825043885313024,0.9163462995726416,-0.012030682035315543,0.7822061189762317,-0.015003907798985305,0.7686533430872561,-0.008771096218981977,0.0759702947507343,-0.0056935563544002615,0.1518496572971344,0.01809452474117279
P4,41,random_50,0.5,112,334415,legacy_v33_deterministic_feature_mask,17090,0.9038033937975424,0.9037764345651168,0.7422309340463629,0.7360571249412197,0.070559427280779,0.1707083284854889,0.9162083089526039,-0.01240491515506148,0.9163462995726416,-0.012569865007524772,0.7822061189762317,-0.039975184929868846,0.7686533430872561,-0.032596218146036415,0.0759702947507343,-0.005410867469955297,0.1518496572971344,0.018858671188354492
P4,41,random_70,0.7,157,334417,legacy_v33_deterministic_feature_mask,17090,0.8978935049736688,0.8961325244155836,0.738469885688224,0.7280019643596027,0.07074214616771887,0.17838981747627258,0.9162083089526039,-0.018314803978935035,0.9163462995726416,-0.020213775157058023,0.7822061189762317,-0.043736233288007687,0.7686533430872561,-0.04065137872765334,0.0759702947507343,-0.0052281485830154295,0.1518496572971344,0.026540160179138184
P4,41,marker_memory,,6,,legacy_v33_deterministic_feature_mask,17090,0.9146869514335869,0.9145870441089669,0.7740246876946233,0.7676035392936885,0.07736383959816656,0.1549924612045288,0.9162083089526039,-0.0015213575190169415,0.9163462995726416,-0.0017592554636747249,0.7822061189762317,-0.00818143128160842,0.7686533430872561,-0.0010498037935675608,0.0759702947507343,0.0013935448474322598,0.1518496572971344,0.003142803907394409
P4,41,marker_tcell,,15,,legacy_v33_deterministic_feature_mask,17090,0.9105324751316559,0.9104114842760651,0.7717609661042935,0.7642513520978695,0.07407611572320452,0.1587812304496765,0.9162083089526039,-0.00567583382094794,0.9163462995726416,-0.005934815296576468,0.7822061189762317,-0.010445152871938257,0.7686533430872561,-0.004401990989386539,0.0759702947507343,-0.0018941790275297798,0.1518496572971344,0.006931573152542114
P4,41,rna_only,1.0,224,,legacy_v33_deterministic_feature_mask,17090,0.8976009362200117,0.8958683968188261,0.738830202398103,0.7253166864059506,0.0886833266513678,0.17420797049999237,0.9162083089526039,-0.018607372732592165,0.9163462995726416,-0.020477902753815447,0.7822061189762317,-0.04337591657812867,0.7686533430872561,-0.043336656681305485,0.0759702947507343,0.012713031900633498,0.1518496572971344,0.02235831320285797
P4,41,random_size_matched_6,0.026785714285714284,6,824411,random_feature_name_only_size_matched_to_targeted_mask,17090,0.9159742539496781,0.9157027983945384,0.7837332208977373,0.7714394410881366,0.07552734153392095,0.15123698115348816,0.9162083089526039,-0.000234055002925726,0.9163462995726416,-0.0006435011781031896,0.7822061189762317,0.0015271019215056247,0.7686533430872561,0.002786098000880477,0.0759702947507343,-0.00044295321681335487,0.1518496572971344,-0.0006126761436462402
P4,41,random_size_matched_15,0.06696428571428571,15,824412,random_feature_name_only_size_matched_to_targeted_mask,17090,0.9166764189584552,0.9163118802958118,0.7751643028959081,0.7624375458049635,0.07639133584750471,0.15082283318042755,0.9162083089526039,0.000468110005851341,0.9163462995726416,-3.441927682978907e-05,0.7822061189762317,-0.007041816080323615,0.7686533430872561,-0.006215797282292601,0.0759702947507343,0.00042104109677040813,0.1518496572971344,-0.0010268241167068481
P4,42,full,0.0,0,,legacy_v33_deterministic_feature_mask,17090,0.9091281451141018,0.9110119627729432,0.7724201325666772,0.7716843862583388,0.07376734102030397,0.16136109828948975,0.9091281451141018,0.0,0.9110119627729432,0.0,0.7724201325666772,0.0,0.7716843862583388,0.0,0.07376734102030397,0.0,0.16136109828948975,0.0
P4,42,random_10,0.1,22,334421,legacy_v33_deterministic_feature_mask,17090,0.9090696313633704,0.9104166393583818,0.7695189443322787,0.7683983205962212,0.07663668738236686,0.16211232542991638,0.9091281451141018,-5.8513750731403746e-05,0.9110119627729432,-0.0005953234145613662,0.7724201325666772,-0.002901188234398444,0.7716843862583388,-0.003286065662117643,0.07376734102030397,0.0028693463620628884,0.16136109828948975,0.0007512271404266357
P4,42,random_30,0.3,67,334423,legacy_v33_deterministic_feature_mask,17090,0.8979520187244002,0.9001586780726735,0.7613655923642344,0.7620078965483832,0.07586757279082376,0.17747631669044495,0.9091281451141018,-0.011176126389701557,0.9110119627729432,-0.010853284700269694,0.7724201325666772,-0.011054540202442786,0.7716843862583388,-0.009676489709955605,0.07376734102030397,0.002100231770519795,0.16136109828948975,0.0161152184009552
P4,42,random_50,0.5,112,334425,legacy_v33_deterministic_feature_mask,17090,0.8889994148624927,0.889928729340319,0.7316342231412407,0.7257773034611217,0.06539960559991595,0.19228462874889374,0.9091281451141018,-0.020128730251609106,0.9110119627729432,-0.021083233432624193,0.7724201325666772,-0.04078590942543647,0.7716843862583388,-0.045907082797217114,0.07376734102030397,-0.008367735420388017,0.16136109828948975,0.03092353045940399
P4,42,random_70,0.7,157,334427,legacy_v33_deterministic_feature_mask,17090,0.8842012873025161,0.8829176963295565,0.727847624568329,0.7220971837464931,0.0636302338824801,0.1989935338497162,0.9091281451141018,-0.024926857811585656,0.9110119627729432,-0.02809426644338664,0.7724201325666772,-0.04457250799834822,0.7716843862583388,-0.049587202511845674,0.07376734102030397,-0.01013710713782387,0.16136109828948975,0.03763243556022644
P4,42,marker_memory,,6,,legacy_v33_deterministic_feature_mask,17090,0.9047396138092452,0.9059226647232111,0.7566945720425235,0.7630703627868922,0.0727370011660005,0.16816037893295288,0.9091281451141018,-0.004388531304856613,0.9110119627729432,-0.005089298049732016,0.7724201325666772,-0.015725560524153637,0.7716843862583388,-0.008614023471446575,0.07376734102030397,-0.0010303398543034664,0.16136109828948975,0.006799280643463135
P4,42,marker_tcell,,15,,legacy_v33_deterministic_feature_mask,17090,0.904856641310708,0.905622237967955,0.758546633976235,0.7594377556105469,0.07490292703324135,0.16621316969394684,0.9091281451141018,-0.004271503803393806,0.9110119627729432,-0.005389724804988116,0.7724201325666772,-0.01387349859044218,0.7716843862583388,-0.012246630647791856,0.07376734102030397,0.0011355860129373813,0.16136109828948975,0.004852071404457092
P4,42,rna_only,1.0,224,,legacy_v33_deterministic_feature_mask,17090,0.890579286132241,0.8895430426063855,0.7219473402618299,0.71810978847052,0.08719713961680495,0.18122820556163788,0.9091281451141018,-0.01854885898186076,0.9110119627729432,-0.02146892016655766,0.7724201325666772,-0.05047279230484725,0.7716843862583388,-0.05357459778781881,0.07376734102030397,0.01342979859650098,0.16136109828948975,0.019867107272148132
P4,42,random_size_matched_6,0.026785714285714284,6,824421,random_feature_name_only_size_matched_to_targeted_mask,17090,0.9080163838502048,0.9097554746278692,0.7718136447183283,0.7712736170600226,0.0743792731234245,0.16350390017032623,0.9091281451141018,-0.0011117612638970042,0.9110119627729432,-0.001256488145073953,0.7724201325666772,-0.0006064878483489355,0.7716843862583388,-0.0004107691983161743,0.07376734102030397,0.0006119321031205355,0.16136109828948975,0.002142801880836487
P4,42,random_size_matched_15,0.06696428571428571,15,824422,random_feature_name_only_size_matched_to_targeted_mask,17090,0.9075482738443534,0.9091856172547232,0.7627686641050716,0.7591896834798142,0.07609124183175228,0.16349974274635315,0.9091281451141018,-0.0015798712697483452,0.9110119627729432,-0.0018263455182199184,0.7724201325666772,-0.009651468461605583,0.7716843862583388,-0.012494702778524602,0.07376734102030397,0.002323900811448315,0.16136109828948975,0.0021386444568634033
P4,43,full,0.0,0,,legacy_v33_deterministic_feature_mask,17090,0.9139847864248098,0.9159067479502051,0.7828629614514736,0.7830316281785202,0.06510682615221002,0.1450236439704895,0.9139847864248098,0.0,0.9159067479502051,0.0,0.7828629614514736,0.0,0.7830316281785202,0.0,0.06510682615221002,0.0,0.1450236439704895,0.0
P4,43,random_10,0.1,22,334431,legacy_v33_deterministic_feature_mask,17090,0.91193680514921,0.9137688753407885,0.7710863466910093,0.7713437932306041,0.0638916814925379,0.1463710218667984,0.9139847864248098,-0.0020479812755997973,0.9159067479502051,-0.002137872609416558,0.7828629614514736,-0.011776614760464321,0.7830316281785202,-0.011687834947916143,0.06510682615221002,-0.00121514465967211,0.1450236439704895,0.001347377896308899
P4,43,random_30,0.3,67,334433,legacy_v33_deterministic_feature_mask,17090,0.9080163838502048,0.908228692316943,0.7616807276753392,0.7598418822262529,0.07219047361015923,0.158085435628891,0.9139847864248098,-0.0059684025746050695,0.9159067479502051,-0.007678055633262071,0.7828629614514736,-0.021182233776134374,0.7830316281785202,-0.023189745952267304,0.06510682615221002,0.007083647457949219,0.1450236439704895,0.01306179165840149
P4,43,random_50,0.5,112,334435,legacy_v33_deterministic_feature_mask,17090,0.9051492100643651,0.9059643691289541,0.7532113858101847,0.7554165343694245,0.07790863352640812,0.16113252937793732,0.9139847864248098,-0.008835576360444741,0.9159067479502051,-0.009942378821251041,0.7828629614514736,-0.029651575641288952,0.7830316281785202,-0.02761509380909577,0.06510682615221002,0.012801807374198101,0.1450236439704895,0.016108885407447815
P4,43,random_70,0.7,157,334437,legacy_v33_deterministic_feature_mask,17090,0.8960210649502633,0.8967651287869397,0.7347500235293012,0.7384277034077079,0.07335962339616645,0.17323808372020721,0.9139847864248098,-0.0179637214745465,0.9159067479502051,-0.0191416191632654,0.7828629614514736,-0.048112937922172416,0.7830316281785202,-0.04460392477081232,0.06510682615221002,0.00825279724395643,0.1450236439704895,0.028214439749717712
P4,43,marker_memory,,6,,legacy_v33_deterministic_feature_mask,17090,0.9097717963721474,0.9118093915940026,0.7727397668779252,0.7812772554428922,0.0681528241065701,0.1507977396249771,0.9139847864248098,-0.004212990052662402,0.9159067479502051,-0.004097356356202453,0.7828629614514736,-0.010123194573548377,0.7830316281785202,-0.0017543727356280625,0.06510682615221002,0.0030459979543600857,0.1450236439704895,0.00577409565448761
P4,43,marker_tcell,,15,,legacy_v33_deterministic_feature_mask,17090,0.9105324751316559,0.9123869800258935,0.7637217207090775,0.7728184388038468,0.07457678514031933,0.15410733222961426,0.9139847864248098,-0.0034523112931539313,0.9159067479502051,-0.003519767924311634,0.7828629614514736,-0.019141240742396093,0.7830316281785202,-0.010213189374673415,0.06510682615221002,0.009469958988109317,0.1450236439704895,0.009083688259124756
P4,43,rna_only,1.0,224,,legacy_v33_deterministic_feature_mask,17090,0.8889994148624927,0.8903606447576901,0.7310425368224938,0.7360114002481155,0.129321446875083,0.19441498816013336,0.9139847864248098,-0.02498537156231717,0.9159067479502051,-0.025546103192515046,0.7828629614514736,-0.051820424628979844,0.7830316281785202,-0.04702022793040472,0.06510682615221002,0.064214620722873,0.1450236439704895,0.04939134418964386
P4,43,random_size_matched_6,0.026785714285714284,6,824431,random_feature_name_only_size_matched_to_targeted_mask,17090,0.9144528964306612,0.9162360748372426,0.781643914025917,0.7802818829987405,0.06437487513690124,0.1451006531715393,0.9139847864248098,0.000468110005851341,0.9159067479502051,0.00032932688703746216,0.7828629614514736,-0.001219047425556563,0.7830316281785202,-0.0027497451797797723,0.06510682615221002,-0.0007319510153087766,0.1450236439704895,7.700920104980469e-05
P4,43,random_size_matched_15,0.06696428571428571,15,824432,random_feature_name_only_size_matched_to_targeted_mask,17090,0.9131070801638385,0.9147814569690286,0.7806452443723183,0.7820242715476265,0.06497478672527233,0.14721965789794922,0.9139847864248098,-0.0008777062609713893,0.9159067479502051,-0.00112529098117653,0.7828629614514736,-0.0022177170791553014,0.7830316281785202,-0.0010073566308936854,0.06510682615221002,-0.00013203942693768012,0.1450236439704895,0.002196013927459717
P5,41,full,0.0,0,,legacy_v33_deterministic_feature_mask,21811,0.914997019852368,0.9152046901090144,0.8331664537456858,0.8409689811490043,0.0778615516741318,0.13994361460208893,0.914997019852368,0.0,0.9152046901090144,0.0,0.8331664537456858,0.0,0.8409689811490043,0.0,0.0778615516741318,0.0,0.13994361460208893,0.0
P5,41,random_10,0.1,22,335411,legacy_v33_deterministic_feature_mask,21811,0.9155013525285406,0.91544849704372,0.8283465940685883,0.8403811746809235,0.08526415651304006,0.14192406833171844,0.914997019852368,0.0005043326761725586,0.9152046901090144,0.00024380693470560377,0.8331664537456858,-0.004819859677097416,0.8409689811490043,-0.0005878064680807649,0.0778615516741318,0.007402604838908269,0.13994361460208893,0.0019804537296295166
P5,41,random_30,0.3,67,335413,legacy_v33_deterministic_feature_mask,21811,0.9021594608225207,0.9023150290408907,0.7973266675219258,0.8099124142055125,0.08700813980576073,0.1592000126838684,0.914997019852368,-0.01283755902984729,0.9152046901090144,-0.012889661068123726,0.8331664537456858,-0.03583978622375994,0.8409689811490043,-0.031056566943491792,0.0778615516741318,0.009146588131628941,0.13994361460208893,0.01925639808177948
P5,41,random_50,0.5,112,335415,legacy_v33_deterministic_feature_mask,21811,0.9072944844344597,0.9078943117712451,0.8092668655154939,0.8242105063648858,0.0937147750479719,0.15536801517009735,0.914997019852368,-0.007702535417908329,0.9152046901090144,-0.007310378337769263,0.8331664537456858,-0.023899588230191893,0.8409689811490043,-0.016758474784118516,0.0778615516741318,0.01585322337384011,0.13994361460208893,0.015424400568008423
P5,41,random_70,0.7,157,335417,legacy_v33_deterministic_feature_mask,21811,0.9055522442804089,0.905760223883173,0.8100493804940831,0.8172932197153746,0.09633274494550902,0.15834547579288483,0.914997019852368,-0.009444775571959108,0.9152046901090144,-0.009444466225841386,0.8331664537456858,-0.023117073251602616,0.8409689811490043,-0.023675761433629705,0.0778615516741318,0.018471193271377223,0.13994361460208893,0.0184018611907959
P5,41,marker_memory,,6,,legacy_v33_deterministic_feature_mask,21811,0.9133464765485305,0.9136850049321736,0.8284223205856435,0.8387178404480907,0.08393637399725441,0.14281518757343292,0.914997019852368,-0.001650543303837515,0.9152046901090144,-0.001519685176840757,0.8331664537456858,-0.0047441331600422965,0.8409689811490043,-0.0022511407009135898,0.0778615516741318,0.0060748223231226195,0.13994361460208893,0.002871572971343994
P5,41,marker_tcell,,15,,legacy_v33_deterministic_feature_mask,21811,0.9053230021548759,0.9059899725528981,0.812928372117343,0.8304932328488551,0.0876993670093571,0.15605251491069794,0.914997019852368,-0.009674017697492099,0.9152046901090144,-0.009214717556116248,0.8331664537456858,-0.02023808162834273,0.8409689811490043,-0.01047574830014919,0.0778615516741318,0.009837815335225306,0.13994361460208893,0.01610890030860901
P5,41,rna_only,1.0,224,,legacy_v33_deterministic_feature_mask,21811,0.8975287698867543,0.8992740324825671,0.7821817489521972,0.8008383845201136,0.11485277771038385,0.17257626354694366,0.914997019852368,-0.01746824996561369,0.9152046901090144,-0.015930657626447298,0.8331664537456858,-0.0509847047934886,0.8409689811490043,-0.040130596628890736,0.0778615516741318,0.03699122603625206,0.13994361460208893,0.032632648944854736
P5,41,random_size_matched_6,0.026785714285714284,6,825411,random_feature_name_only_size_matched_to_targeted_mask,21811,0.9137591123744899,0.9140051010155272,0.8321423381514161,0.8402324694794364,0.07792561063302562,0.1416068822145462,0.914997019852368,-0.0012379074778781085,0.9152046901090144,-0.0011995890934871634,0.8331664537456858,-0.0010241155942696256,0.8409689811490043,-0.0007365116695678964,0.0778615516741318,6.405895889383117e-05,0.13994361460208893,0.0016632676124572754
P5,41,random_size_matched_15,0.06696428571428571,15,825412,random_feature_name_only_size_matched_to_targeted_mask,21811,0.911925175370226,0.9120109542187997,0.8310486444705376,0.8403087502919554,0.0759716321340216,0.14356277883052826,0.914997019852368,-0.0030718444821420388,0.9152046901090144,-0.003193735890214655,0.8331664537456858,-0.0021178092751481525,0.8409689811490043,-0.0006602308570489157,0.0778615516741318,-0.0018899195401101965,0.13994361460208893,0.003619164228439331
P5,42,full,0.0,0,,legacy_v33_deterministic_feature_mask,21811,0.9171977442574848,0.9178794523866678,0.8358065688222726,0.8440200835275453,0.07277584040948164,0.14141954481601715,0.9171977442574848,0.0,0.9178794523866678,0.0,0.8358065688222726,0.0,0.8440200835275453,0.0,0.07277584040948164,0.0,0.14141954481601715,0.0
P5,42,random_10,0.1,22,335421,legacy_v33_deterministic_feature_mask,21811,0.9153179588281143,0.9160981376031835,0.8323903648063604,0.8372459660776701,0.07178603670218696,0.14299778640270233,0.9171977442574848,-0.0018797854293705063,0.9178794523866678,-0.0017813147834843113,0.8358065688222726,-0.0034162040159121387,0.8440200835275453,-0.006774117449875217,0.07277584040948164,-0.0009898037072946786,0.14141954481601715,0.0015782415866851807
P5,42,random_30,0.3,67,335423,legacy_v33_deterministic_feature_mask,21811,0.9097702993902159,0.9107549867972055,0.8124715767800276,0.8216410506878166,0.0863190317838765,0.15697318315505981,0.9171977442574848,-0.007427444867268873,0.9178794523866678,-0.0071244655894623365,0.8358065688222726,-0.023334992042244984,0.8440200835275453,-0.022379032839728752,0.07277584040948164,0.013543191374394858,0.14141954481601715,0.015553638339042664
P5,42,random_50,0.5,112,335425,legacy_v33_deterministic_feature_mask,21811,0.9098161478153225,0.9106269666511311,0.8099316397894843,0.824321299428169,0.08064585120677342,0.1554541140794754,0.9171977442574848,-0.007381596442162297,0.9178794523866678,-0.007252485735536718,0.8358065688222726,-0.025874929032788208,0.8440200835275453,-0.01969878409937631,0.07277584040948164,0.007870010797291785,0.14141954481601715,0.014034569263458252
P5,42,random_70,0.7,157,335427,legacy_v33_deterministic_feature_mask,21811,0.9083031497868048,0.9084341268689875,0.8091561401170276,0.8195748023436283,0.07590272485933858,0.15330083668231964,0.9171977442574848,-0.008894594470679973,0.9178794523866678,-0.009445325517680292,0.8358065688222726,-0.026650428705244922,0.8440200835275453,-0.024445281183916978,0.07277584040948164,0.00312688444985694,0.14141954481601715,0.01188129186630249
P5,42,marker_memory,,6,,legacy_v33_deterministic_feature_mask,21811,0.9154096556783274,0.9161743743006246,0.8354707432833026,0.8410407245910555,0.07469866142434567,0.1450013369321823,0.9171977442574848,-0.0017880885791573542,0.9178794523866678,-0.0017050780860431436,0.8358065688222726,-0.00033582553896993605,0.8440200835275453,-0.0029793589364898176,0.07277584040948164,0.0019228210148640318,0.14141954481601715,0.003581792116165161
P5,42,marker_tcell,,15,,legacy_v33_deterministic_feature_mask,21811,0.9102287836412819,0.9111522815815175,0.8173110969040832,0.8339057445531245,0.07729619928908468,0.15385062992572784,0.9171977442574848,-0.0069689606162028905,0.9178794523866678,-0.006727170805150284,0.8358065688222726,-0.018495471918189343,0.8440200835275453,-0.010114338974420822,0.07277584040948164,0.004520358879603045,0.14141954481601715,0.012431085109710693
P5,42,rna_only,1.0,224,,legacy_v33_deterministic_feature_mask,21811,0.897345376186328,0.898904948764586,0.7767751681152417,0.8100125103519897,0.12638746285888353,0.1843072474002838,0.9171977442574848,-0.019852368071156756,0.9178794523866678,-0.01897450362208175,0.8358065688222726,-0.059031400707030834,0.8440200835275453,-0.03400757317555558,0.07277584040948164,0.05361162244940189,0.14141954481601715,0.04288770258426666
P5,42,random_size_matched_6,0.026785714285714284,6,825421,random_feature_name_only_size_matched_to_targeted_mask,21811,0.9158681399293934,0.9165658838259253,0.8336902466021899,0.841966485511321,0.07147561229519808,0.14274001121520996,0.9171977442574848,-0.0013296043280913716,0.9178794523866678,-0.0013135685607424952,0.8358065688222726,-0.0021163222200826226,0.8440200835275453,-0.0020535980162242895,0.07277584040948164,-0.0013002281142835553,0.14141954481601715,0.00132046639919281
P5,42,random_size_matched_15,0.06696428571428571,15,825422,random_feature_name_only_size_matched_to_targeted_mask,21811,0.916372472605566,0.9169006775772722,0.8333892364562709,0.8414229776083807,0.07251989796951042,0.14173613488674164,0.9171977442574848,-0.000825271651918813,0.9178794523866678,-0.0009787748093955662,0.8358065688222726,-0.002417332366001612,0.8440200835275453,-0.0025971059191646217,0.07277584040948164,-0.00025594243997122124,0.14141954481601715,0.0003165900707244873
P5,43,full,0.0,0,,legacy_v33_deterministic_feature_mask,21811,0.9087157856127642,0.9075548020851638,0.8230933845428458,0.8355639029222125,0.07272745190241833,0.15373648703098297,0.9087157856127642,0.0,0.9075548020851638,0.0,0.8230933845428458,0.0,0.8355639029222125,0.0,0.07272745190241833,0.0,0.15373648703098297,0.0
P5,43,random_10,0.1,22,335431,legacy_v33_deterministic_feature_mask,21811,0.9073403328595663,0.9062897384419375,0.816589255344856,0.8310353203682413,0.07723255375116059,0.15762746334075928,0.9087157856127642,-0.0013754527531979477,0.9075548020851638,-0.0012650636432263163,0.8230933845428458,-0.006504129197989705,0.8355639029222125,-0.00452858255397115,0.07272745190241833,0.0045051018487422545,0.15373648703098297,0.003890976309776306
P5,43,random_30,0.3,67,335433,legacy_v33_deterministic_feature_mask,21811,0.9050937600293429,0.9032645239251488,0.8172889622876056,0.8314281720898942,0.08037316222274152,0.16017098724842072,0.9087157856127642,-0.0036220255834212844,0.9075548020851638,-0.0042902781600150375,0.8230933845428458,-0.005804422255240138,0.8355639029222125,-0.0041357308323183295,0.07272745190241833,0.007645710320323185,0.15373648703098297,0.006434500217437744
P5,43,random_50,0.5,112,335435,legacy_v33_deterministic_feature_mask,21811,0.8985832836642061,0.8977641579996118,0.793851093762859,0.8191309304923399,0.08212458089873304,0.16903701424598694,0.9087157856127642,-0.010132501948558081,0.9075548020851638,-0.00979064408555197,0.8230933845428458,-0.029242290779986746,0.8355639029222125,-0.016432972429872628,0.07272745190241833,0.009397128996314702,0.15373648703098297,0.015300527215003967
P5,43,random_70,0.7,157,335437,legacy_v33_deterministic_feature_mask,21811,0.8970244372105818,0.8962542184843044,0.7895972277422831,0.8092611777831601,0.07922917652287126,0.17260263860225677,0.9087157856127642,-0.011691348402182444,0.9075548020851638,-0.011300583600859393,0.8230933845428458,-0.033496156800562615,0.8355639029222125,-0.026302725139052407,0.07272745190241833,0.0065017246204529255,0.15373648703098297,0.018866151571273804
P5,43,marker_memory,,6,,legacy_v33_deterministic_feature_mask,21811,0.9089908761634038,0.9080084995557393,0.8104394587405364,0.8327518790962977,0.07923058060581006,0.15419933199882507,0.9087157856127642,0.00027509055063956733,0.9075548020851638,0.00045369747057544263,0.8230933845428458,-0.012653925802309396,0.8355639029222125,-0.0028120238259148334,0.07272745190241833,0.006503128703391731,0.15373648703098297,0.00046284496784210205
P5,43,marker_tcell,,15,,legacy_v33_deterministic_feature_mask,21811,0.8963367108339828,0.8954838915901255,0.7873137685999143,0.8229861412193944,0.07673725859509238,0.17054685950279236,0.9087157856127642,-0.012379074778781418,0.9075548020851638,-0.012070910495038278,0.8230933845428458,-0.03577961594293144,0.8355639029222125,-0.012577761702818102,0.07272745190241833,0.004009806692674048,0.15373648703098297,0.016810372471809387
P5,43,rna_only,1.0,224,,legacy_v33_deterministic_feature_mask,21811,0.8930814726514145,0.8935329855153638,0.7793229555611284,0.8089277675212566,0.10594271400444752,0.1818106323480606,0.9087157856127642,-0.01563431296134976,0.9075548020851638,-0.01402181656980006,0.8230933845428458,-0.043770428981717346,0.8355639029222125,-0.026636135400955885,0.07272745190241833,0.033215262102029186,0.15373648703098297,0.028074145317077637
P5,43,random_size_matched_6,0.026785714285714284,6,825431,random_feature_name_only_size_matched_to_targeted_mask,21811,0.9090367245885104,0.9076428632790048,0.8182870567299855,0.8322882595420111,0.0731953485832107,0.15349698066711426,0.9087157856127642,0.0003209389757461434,0.9075548020851638,8.806119384097144e-05,0.8230933845428458,-0.004806327812860278,0.8355639029222125,-0.003275643380201365,0.07272745190241833,0.00046789668079236235,0.15373648703098297,-0.00023950636386871338
P5,43,random_size_matched_15,0.06696428571428571,15,825432,random_feature_name_only_size_matched_to_targeted_mask,21811,0.9066067580578607,0.9054740050507823,0.8171545283230234,0.8311837270108171,0.08122483619627675,0.16003169119358063,0.9087157856127642,-0.0021090275549034976,0.9075548020851638,-0.0020807970343814652,0.8230933845428458,-0.005938856219822375,0.8355639029222125,-0.00438017591139539,0.07272745190241833,0.00849738429385842,0.15373648703098297,0.006295204162597656
P6,41,full,0.0,0,,legacy_v33_deterministic_feature_mask,20742,0.9086394754604185,0.9057352030768951,0.8017059079841766,0.7996816073604462,0.0573127394280419,0.15498816967010498,0.9086394754604185,0.0,0.9057352030768951,0.0,0.8017059079841766,0.0,0.7996816073604462,0.0,0.0573127394280419,0.0,0.15498816967010498,0.0
P6,41,random_10,0.1,22,336411,legacy_v33_deterministic_feature_mask,20742,0.9008774467264488,0.8967066310386546,0.7814914990029451,0.7808252019302996,0.06372889941956056,0.1664547324180603,0.9086394754604185,-0.007762028733969695,0.9057352030768951,-0.00902857203824059,0.8017059079841766,-0.020214408981231502,0.7996816073604462,-0.01885640543014666,0.0573127394280419,0.0064161599915186565,0.15498816967010498,0.011466562747955322
P6,41,random_30,0.3,67,336413,legacy_v33_deterministic_feature_mask,20742,0.8983222447208562,0.8938530992859868,0.7764921307261616,0.7744021344728741,0.0637359153391333,0.17184999585151672,0.9086394754604185,-0.010317230739562255,0.9057352030768951,-0.011882103790908372,0.8017059079841766,-0.02521377725801499,0.7996816073604462,-0.025279472887572152,0.0573127394280419,0.006423175911091393,0.15498816967010498,0.016861826181411743
P6,41,random_50,0.5,112,336415,legacy_v33_deterministic_feature_mask,20742,0.9005399672162762,0.8983396412347874,0.7671864586363538,0.7775645259423393,0.06606048207326672,0.17106378078460693,0.9086394754604185,-0.008099508244142295,0.9057352030768951,-0.007395561842107767,0.8017059079841766,-0.034519449347822806,0.7996816073604462,-0.022117081418106976,0.0573127394280419,0.008747742645224814,0.15498816967010498,0.016075611114501953
P6,41,random_70,0.7,157,336417,legacy_v33_deterministic_feature_mask,20742,0.8878121685469097,0.8837221604182729,0.7532104783937592,0.7546791560251037,0.06494909731782386,0.18897466361522675,0.9086394754604185,-0.02082730691350876,0.9057352030768951,-0.02201304265862225,0.8017059079841766,-0.048495429590417416,0.7996816073604462,-0.04500245133534253,0.0573127394280419,0.00763635788978196,0.15498816967010498,0.033986493945121765
P6,41,marker_memory,,6,,legacy_v33_deterministic_feature_mask,20742,0.9075788255713046,0.9047280332722583,0.7846191490928662,0.783525805971673,0.058121237333060474,0.15606537461280823,0.9086394754604185,-0.0010606498891138072,0.9057352030768951,-0.001007169804636887,0.8017059079841766,-0.017086758891310394,0.7996816073604462,-0.01615580138877326,0.0573127394280419,0.0008084979050185723,0.15498816967010498,0.001077204942703247
P6,41,marker_tcell,,15,,legacy_v33_deterministic_feature_mask,20742,0.901552405746794,0.8976180528082882,0.7701318988577728,0.7692638258971093,0.06178003421987036,0.16841264069080353,0.9086394754604185,-0.007087069713624494,0.9057352030768951,-0.008117150268606932,0.8017059079841766,-0.031574009126403846,0.7996816073604462,-0.030417781463336957,0.0573127394280419,0.0044672947918284606,0.15498816967010498,0.013424471020698547
P6,41,rna_only,1.0,224,,legacy_v33_deterministic_feature_mask,20742,0.8858355028444701,0.8821283156169597,0.7395009822614352,0.7433485899263769,0.07803517362104122,0.1854076087474823,0.9086394754604185,-0.022803972615948354,0.9057352030768951,-0.023606887459935444,0.8017059079841766,-0.06220492572274139,0.7996816073604462,-0.05633301743406938,0.0573127394280419,0.020722434192999316,0.15498816967010498,0.03041943907737732
P6,41,random_size_matched_6,0.026785714285714284,6,826411,random_feature_name_only_size_matched_to_targeted_mask,20742,0.908350207308842,0.9053116146132656,0.7977306451197494,0.7964513073844534,0.05797244240578776,0.15481674671173096,0.9086394754604185,-0.0002892681515764828,0.9057352030768951,-0.00042358846362955394,0.8017059079841766,-0.003975262864427176,0.7996816073604462,-0.0032302999759928896,0.0573127394280419,0.0006597029777458546,0.15498816967010498,-0.00017142295837402344
P6,41,random_size_matched_15,0.06696428571428571,15,826412,random_feature_name_only_size_matched_to_targeted_mask,20742,0.907241346061132,0.9038024838037387,0.7782885345719582,0.7812838718061779,0.05944014642872189,0.15603084862232208,0.9086394754604185,-0.0013981293992864074,0.9057352030768951,-0.0019327192731564136,0.8017059079841766,-0.02341737341221839,0.7996816073604462,-0.01839773555426838,0.0573127394280419,0.0021274070006799886,0.15498816967010498,0.001042678952217102
P6,42,full,0.0,0,,legacy_v33_deterministic_feature_mask,20742,0.9069038665509594,0.9046958568366725,0.781618937564248,0.7745458217140031,0.06534061370331803,0.16477754712104797,0.9069038665509594,0.0,0.9046958568366725,0.0,0.781618937564248,0.0,0.7745458217140031,0.0,0.06534061370331803,0.0,0.16477754712104797,0.0
P6,42,random_10,0.1,22,336421,legacy_v33_deterministic_feature_mask,20742,0.899865008195931,0.8969078800963881,0.7695535316036595,0.7633267202057573,0.06825224349169084,0.17537376284599304,0.9069038665509594,-0.007038858355028488,0.9046958568366725,-0.007787976740284419,0.781618937564248,-0.012065405960588582,0.7745458217140031,-0.011219101508245788,0.06534061370331803,0.0029116297883728104,0.16477754712104797,0.010596215724945068
P6,42,random_30,0.3,67,336423,legacy_v33_deterministic_feature_mask,20742,0.9017452511811783,0.8996164833370058,0.7591264525089115,0.7524364957883588,0.06844396551092326,0.17203423380851746,0.9069038665509594,-0.005158615369781128,0.9046958568366725,-0.005079373499666695,0.781618937564248,-0.02249248505533652,0.7745458217140031,-0.022109325925644296,0.06534061370331803,0.003103351807605223,0.16477754712104797,0.007256686687469482
P6,42,random_50,0.5,112,336425,legacy_v33_deterministic_feature_mask,20742,0.8947063928261498,0.890652385467579,0.7586449390006135,0.7477353799233859,0.0672468704963251,0.18591545522212982,0.9069038665509594,-0.012197473724809615,0.9046958568366725,-0.014043471369093563,0.781618937564248,-0.02297399856363458,0.7745458217140031,-0.0268104417906172,0.06534061370331803,0.0019062567930070717,0.16477754712104797,0.021137908101081848
P6,42,random_70,0.7,157,336427,legacy_v33_deterministic_feature_mask,20742,0.896490213094205,0.8942611871858474,0.757088097148864,0.7501280250545436,0.06417627858556393,0.18054969608783722,0.9069038665509594,-0.01041365345675449,0.9046958568366725,-0.010434669650825179,0.781618937564248,-0.024530840415384003,0.7745458217140031,-0.024417796659459534,0.06534061370331803,-0.0011643351177541006,0.16477754712104797,0.015772148966789246
P6,42,marker_memory,,6,,legacy_v33_deterministic_feature_mask,20742,0.9064699643235946,0.9043489625236187,0.7873405625625078,0.7857400155044263,0.06769331417264432,0.16555015742778778,0.9069038665509594,-0.0004339022273648352,0.9046958568366725,-0.0003468943130537916,0.781618937564248,0.005721624998259789,0.7745458217140031,0.01119419379042319,0.06534061370331803,0.0023527004693262854,0.16477754712104797,0.0007726103067398071
P6,42,marker_tcell,,15,,legacy_v33_deterministic_feature_mask,20742,0.8994793173271622,0.8966774416524748,0.764345761169913,0.7597184116188637,0.06297057975744884,0.17526686191558838,0.9069038665509594,-0.0074245492237972055,0.9046958568366725,-0.008018415184197769,0.781618937564248,-0.01727317639433501,0.7745458217140031,-0.014827410095139437,0.06534061370331803,-0.002370033945869196,0.16477754712104797,0.010489314794540405
P6,42,rna_only,1.0,224,,legacy_v33_deterministic_feature_mask,20742,0.8897406228907531,0.8858997225536756,0.7431729937760596,0.7416952247477551,0.08259334146370138,0.18573911488056183,0.9069038665509594,-0.017163243660206384,0.9046958568366725,-0.01879613428299698,0.781618937564248,-0.03844594378818844,0.7745458217140031,-0.032850596966248036,0.06534061370331803,0.01725272776038335,0.16477754712104797,0.020961567759513855
P6,42,random_size_matched_6,0.026785714285714284,6,826421,random_feature_name_only_size_matched_to_targeted_mask,20742,0.9068074438337672,0.9044679126839746,0.7971217950013985,0.7869751343741423,0.06682173151743066,0.16435635089874268,0.9069038665509594,-9.642271719223494e-05,0.9046958568366725,-0.0002279441526978898,0.781618937564248,0.015502857437150408,0.7745458217140031,0.012429312660139247,0.06534061370331803,0.0014811178141126286,0.16477754712104797,-0.00042119622230529785
P6,42,random_size_matched_15,0.06696428571428571,15,826422,random_feature_name_only_size_matched_to_targeted_mask,20742,0.907289557419728,0.9058805833567015,0.801488682845173,0.7939046738847502,0.0673001326908659,0.16498291492462158,0.9069038665509594,0.0003856908687686067,0.9046958568366725,0.0011847265200289891,0.781618937564248,0.019869745280925,0.7745458217140031,0.019358852170747065,0.06534061370331803,0.0019595189875478702,0.16477754712104797,0.0002053678035736084
P6,43,full,0.0,0,,legacy_v33_deterministic_feature_mask,20742,0.910037604859705,0.9062282487213874,0.7896334694724966,0.7855899987852698,0.07317842570209028,0.16229531168937683,0.910037604859705,0.0,0.9062282487213874,0.0,0.7896334694724966,0.0,0.7855899987852698,0.0,0.07317842570209028,0.0,0.16229531168937683,0.0
P6,43,random_10,0.1,22,336431,legacy_v33_deterministic_feature_mask,20742,0.909507279915148,0.9056362295941031,0.7878170094019443,0.7817773323706577,0.07246136885032557,0.16374430060386658,0.910037604859705,-0.0005303249445569591,0.9062282487213874,-0.0005920191272843489,0.7896334694724966,-0.0018164600705522504,0.7855899987852698,-0.003812666414612087,0.07317842570209028,-0.000717056851764708,0.16229531168937683,0.001448988914489746
P6,43,random_30,0.3,67,336433,legacy_v33_deterministic_feature_mask,20742,0.9029505351460804,0.8988225760811688,0.774634288241252,0.7861566067771216,0.06969056226526478,0.17508752644062042,0.910037604859705,-0.007087069713624605,0.9062282487213874,-0.00740567264021863,0.7896334694724966,-0.014999181231244552,0.7855899987852698,0.0005666079918518196,0.07317842570209028,-0.0034878634368255,0.16229531168937683,0.012792214751243591
P6,43,random_50,0.5,112,336435,legacy_v33_deterministic_feature_mask,20742,0.9042040304695786,0.9006521778686102,0.7644882486384537,0.7619837189004868,0.06879837834520966,0.1704317033290863,0.910037604859705,-0.005833574390126328,0.9062282487213874,-0.005576070852777226,0.7896334694724966,-0.025145220834042914,0.7855899987852698,-0.023606279884783032,0.07317842570209028,-0.00438004735688062,0.16229531168937683,0.008136391639709473
P6,43,random_70,0.7,157,336437,legacy_v33_deterministic_feature_mask,20742,0.9022755761257352,0.8995629351956965,0.7684101080419234,0.7748887037036244,0.06948096365837154,0.17430825531482697,0.910037604859705,-0.007762028733969806,0.9062282487213874,-0.006665313525690886,0.7896334694724966,-0.02122336143057313,0.7855899987852698,-0.010701295081645412,0.07317842570209028,-0.0036974620437187355,0.16229531168937683,0.012012943625450134
P6,43,marker_memory,,6,,legacy_v33_deterministic_feature_mask,20742,0.9092180117635715,0.9055303794484898,0.7827192996276814,0.7775086301171635,0.07303555631474352,0.16378624737262726,0.910037604859705,-0.0008195930961334419,0.9062282487213874,-0.000697869272897611,0.7896334694724966,-0.006914169844815188,0.7855899987852698,-0.00808136866810627,0.07317842570209028,-0.0001428693873467557,0.16229531168937683,0.0014909356832504272
P6,43,marker_tcell,,15,,legacy_v33_deterministic_feature_mask,20742,0.9030951692218687,0.8989676632303664,0.7713297732973075,0.7685832049842564,0.06987364020975537,0.17236381769180298,0.910037604859705,-0.006942435637836253,0.9062282487213874,-0.007260585491021043,0.7896334694724966,-0.01830369617518912,0.7855899987852698,-0.017006793801013442,0.07317842570209028,-0.0033047854923349135,0.16229531168937683,0.010068506002426147
P6,43,rna_only,1.0,224,,legacy_v33_deterministic_feature_mask,20742,0.8926333044065182,0.8882085936844363,0.7397490819946971,0.7370182767305685,0.08574226742753836,0.18248750269412994,0.910037604859705,-0.01740430045318675,0.9062282487213874,-0.018019655036951132,0.7896334694724966,-0.04988438747779944,0.7855899987852698,-0.04857172205470128,0.07317842570209028,0.012563841725448083,0.16229531168937683,0.020192191004753113
P6,43,random_size_matched_6,0.026785714285714284,6,826431,random_feature_name_only_size_matched_to_targeted_mask,20742,0.9101822389354932,0.9066105795865612,0.7986633218762872,0.7898122622094919,0.07245511921337654,0.16152532398700714,0.910037604859705,0.0001446340757882414,0.9062282487213874,0.00038233086517380777,0.7896334694724966,0.009029852403790617,0.7855899987852698,0.00422226342422205,0.07317842570209028,-0.000723306488713743,0.16229531168937683,-0.0007699877023696899
P6,43,random_size_matched_15,0.06696428571428571,15,826432,random_feature_name_only_size_matched_to_targeted_mask,20742,0.9088323208948028,0.9050726483910488,0.7868619766017486,0.7828797815495557,0.07251247159814136,0.16427147388458252,0.910037604859705,-0.0012052839649021596,0.9062282487213874,-0.0011556003303385687,0.7896334694724966,-0.0027714928707479602,0.7855899987852698,-0.002710217235714074,0.07317842570209028,-0.0006659541039489153,0.16229531168937683,0.0019761621952056885
P7,41,full,0.0,0,,legacy_v33_deterministic_feature_mask,25871,0.9194464844806927,0.9185873551531232,0.8033932853658062,0.8016970559959812,0.09988329860398593,0.13950315117835999,0.9194464844806927,0.0,0.9185873551531232,0.0,0.8033932853658062,0.0,0.8016970559959812,0.0,0.09988329860398593,0.0,0.13950315117835999,0.0
P7,41,random_10,0.1,22,337411,legacy_v33_deterministic_feature_mask,25871,0.9201808975300529,0.9191099607330618,0.8026162871513497,0.7999043805395603,0.1016188111304684,0.13888664543628693,0.9194464844806927,0.000734413049360283,0.9185873551531232,0.000522605579938662,0.8033932853658062,-0.0007769982144565368,0.8016970559959812,-0.0017926754564209224,0.09988329860398593,0.0017355125264824772,0.13950315117835999,-0.0006165057420730591
P7,41,random_30,0.3,67,337413,legacy_v33_deterministic_feature_mask,25871,0.9189439913416567,0.9172207773661726,0.7919457434071248,0.7877481990586612,0.11142175939796761,0.1434909552335739,0.9194464844806927,-0.0005024931390359422,0.9185873551531232,-0.0013665777869505957,0.8033932853658062,-0.011447541958681473,0.8016970559959812,-0.013948856937319953,0.09988329860398593,0.011538460793981686,0.13950315117835999,0.003987804055213928
P7,41,random_50,0.5,112,337415,legacy_v33_deterministic_feature_mask,25871,0.9136098334041978,0.9125290641329703,0.7797517401259433,0.7766626297951786,0.12176147748147287,0.15269353985786438,0.9194464844806927,-0.005836651076494892,0.9185873551531232,-0.006058291020152873,0.8033932853658062,-0.02364154523986295,0.8016970559959812,-0.02503442620080254,0.09988329860398593,0.021878178877486942,0.13950315117835999,0.013190388679504395
P7,41,random_70,0.7,157,337417,legacy_v33_deterministic_feature_mask,25871,0.9051061033589733,0.9029905103875236,0.7522942795097894,0.7508550809069022,0.11998914974359294,0.16111089289188385,0.9194464844806927,-0.014340381121719314,0.9185873551531232,-0.015596844765599527,0.8033932853658062,-0.05109900585601679,0.8016970559959812,-0.05084197508907895,0.09988329860398593,0.020105851139607014,0.13950315117835999,0.021607741713523865
P7,41,marker_memory,,6,,legacy_v33_deterministic_feature_mask,25871,0.9171659386958371,0.9166799722313446,0.8018572430622013,0.7990076508058059,0.10833668203120218,0.14305293560028076,0.9194464844806927,-0.002280545784855592,0.9185873551531232,-0.001907382921778611,0.8033932853658062,-0.0015360423036049342,0.8016970559959812,-0.0026894051901752425,0.09988329860398593,0.008453383427216257,0.13950315117835999,0.0035497844219207764
P7,41,marker_tcell,,15,,legacy_v33_deterministic_feature_mask,25871,0.9127594603996753,0.9125421074906335,0.7839517842551694,0.7917750239139383,0.11289728960519617,0.15079736709594727,0.9194464844806927,-0.006687024081017401,0.9185873551531232,-0.006045247662489706,0.8033932853658062,-0.019441501110636805,0.8016970559959812,-0.009922032082042898,0.09988329860398593,0.013013991001210243,0.13950315117835999,0.01129421591758728
P7,41,rna_only,1.0,224,,legacy_v33_deterministic_feature_mask,25871,0.9010861582466855,0.9000456368235402,0.7428794863789874,0.7455264645190326,0.15593591057967057,0.1875077784061432,0.9194464844806927,-0.018360326234007185,0.9185873551531232,-0.018541718329582957,0.8033932853658062,-0.060513798986818856,0.8016970559959812,-0.056170591476948584,0.09988329860398593,0.056052611975684646,0.13950315117835999,0.0480046272277832
P7,41,random_size_matched_6,0.026785714285714284,6,827411,random_feature_name_only_size_matched_to_targeted_mask,25871,0.9189053380232693,0.9180603739290563,0.802787026920068,0.8012847303566979,0.1017409212177969,0.14146755635738373,0.9194464844806927,-0.0005411464574233138,0.9185873551531232,-0.0005269812240669136,0.8033932853658062,-0.0006062584457382503,0.8016970559959812,-0.00041232563928328414,0.09988329860398593,0.0018576226138109775,0.13950315117835999,0.0019644051790237427
P7,41,random_size_matched_15,0.06696428571428571,15,827412,random_feature_name_only_size_matched_to_targeted_mask,25871,0.916856712148738,0.9159926155107899,0.795861259983172,0.7930248332957667,0.10609889464341771,0.14203758537769318,0.9194464844806927,-0.002589772331954676,0.9185873551531232,-0.0025947396423332547,0.8033932853658062,-0.0075320253826342,0.8016970559959812,-0.008672222700214505,0.09988329860398593,0.006215596039431781,0.13950315117835999,0.002534434199333191
P7,42,full,0.0,0,,legacy_v33_deterministic_feature_mask,25871,0.9183255382474586,0.9169906927708672,0.8209738132660545,0.8031782185573458,0.07925256424204827,0.14669494330883026,0.9183255382474586,0.0,0.9169906927708672,0.0,0.8209738132660545,0.0,0.8031782185573458,0.0,0.07925256424204827,0.0,0.14669494330883026,0.0
P7,42,random_10,0.1,22,337421,legacy_v33_deterministic_feature_mask,25871,0.9184028448842333,0.9169215565055588,0.8255703946982345,0.8058975464129123,0.0775393929546615,0.14711345732212067,0.9183255382474586,7.730663677474325e-05,0.9169906927708672,-6.913626530835604e-05,0.8209738132660545,0.0045965814321800025,0.8031782185573458,0.0027193278555665,0.07925256424204827,-0.0017131712873867666,0.14669494330883026,0.0004185140132904053
P7,42,random_30,0.3,67,337423,legacy_v33_deterministic_feature_mask,25871,0.9119090873951529,0.909703646048934,0.8020408121149413,0.7786465396956141,0.07634084693162198,0.158455491065979,0.9183255382474586,-0.0064164508523056885,0.9169906927708672,-0.007287046721933255,0.8209738132660545,-0.018933001151113182,0.8031782185573458,-0.024531678861731687,0.07925256424204827,-0.00291171731042629,0.14669494330883026,0.011760547757148743
P7,42,random_50,0.5,112,337425,legacy_v33_deterministic_feature_mask,25871,0.9093966216999729,0.9068178814927703,0.7884722621351468,0.7703864605991877,0.07617296486578046,0.1615949124097824,0.9183255382474586,-0.008928916547485621,0.9169906927708672,-0.010172811278096883,0.8209738132660545,-0.03250155113090769,0.8031782185573458,-0.03279175795815814,0.07925256424204827,-0.003079599376267811,0.14669494330883026,0.014899969100952148
P7,42,random_70,0.7,157,337427,legacy_v33_deterministic_feature_mask,25871,0.9031347841212168,0.901650490821617,0.7870247025510712,0.770221596129067,0.0731880002069066,0.16863112151622772,0.9183255382474586,-0.015190754126241712,0.9169906927708672,-0.015340201949250232,0.8209738132660545,-0.0339491107149833,0.8031782185573458,-0.03295662242827879,0.07925256424204827,-0.006064564035141662,0.14669494330883026,0.02193617820739746
P7,42,marker_memory,,6,,legacy_v33_deterministic_feature_mask,25871,0.9165474856016389,0.9152159867849419,0.816556791417053,0.7986995182817934,0.07603353563415213,0.1497792899608612,0.9183255382474586,-0.00177805264581965,0.9169906927708672,-0.001774705985925329,0.8209738132660545,-0.004417021849001501,0.8031782185573458,-0.004478700275552416,0.07925256424204827,-0.003219028607896135,0.14669494330883026,0.003084346652030945
P7,42,marker_tcell,,15,,legacy_v33_deterministic_feature_mask,25871,0.9127208070812879,0.9113997795897751,0.800244057580613,0.7881701288325054,0.0760695904546322,0.1547669917345047,0.9183255382474586,-0.005604731166170662,0.9169906927708672,-0.005590913181092061,0.8209738132660545,-0.020729755685441442,0.8031782185573458,-0.015008089724840468,0.07925256424204827,-0.0031829737874160685,0.14669494330883026,0.008072048425674438
P7,42,rna_only,1.0,224,,legacy_v33_deterministic_feature_mask,25871,0.8953654671253527,0.8943898578626613,0.759637080360953,0.7513242023933826,0.09598020528202005,0.1751406043767929,0.9183255382474586,-0.022960071122105852,0.9169906927708672,-0.022600834908205858,0.8209738132660545,-0.06133673290510144,0.8031782185573458,-0.051854016163963235,0.07925256424204827,0.016727641039971777,0.14669494330883026,0.028445661067962646
P7,42,random_size_matched_6,0.026785714285714284,6,827421,random_feature_name_only_size_matched_to_targeted_mask,25871,0.9173978586061613,0.9160761439325715,0.8217228045560334,0.8029953939544465,0.07957970101178527,0.1480688750743866,0.9183255382474586,-0.0009276796412972521,0.9169906927708672,-0.0009145488382956701,0.8209738132660545,0.0007489912899789619,0.8031782185573458,-0.0001828246028993119,0.07925256424204827,0.000327136769737002,0.14669494330883026,0.0013739317655563354
P7,42,random_size_matched_15,0.06696428571428571,15,827422,random_feature_name_only_size_matched_to_targeted_mask,25871,0.9156198059603416,0.9140715637111642,0.8153159077321962,0.7962834260420044,0.0751490776215886,0.1522040069103241,0.9183255382474586,-0.002705732287116902,0.9169906927708672,-0.0029191290597030406,0.8209738132660545,-0.005657905533858254,0.8031782185573458,-0.006894792515341419,0.07925256424204827,-0.004103486620459673,0.14669494330883026,0.0055090636014938354
P7,43,full,0.0,0,,legacy_v33_deterministic_feature_mask,25871,0.9171659386958371,0.9166069353929319,0.8246446260673931,0.8292368348056823,0.08297467057919929,0.14368382096290588,0.9171659386958371,0.0,0.9166069353929319,0.0,0.8246446260673931,0.0,0.8292368348056823,0.0,0.08297467057919929,0.0,0.14368382096290588,0.0
P7,43,random_10,0.1,22,337431,legacy_v33_deterministic_feature_mask,25871,0.9150786595029183,0.9144502836278979,0.8196848016937957,0.821004316772643,0.08836441764177552,0.1473742127418518,0.9171659386958371,-0.002087279192918734,0.9166069353929319,-0.00215665176503399,0.8246446260673931,-0.004959824373597432,0.8292368348056823,-0.008232518033039371,0.08297467057919929,0.005389747062576236,0.14368382096290588,0.003690391778945923
P7,43,random_30,0.3,67,337433,legacy_v33_deterministic_feature_mask,25871,0.9118317807583781,0.9113907171643458,0.8096074290009956,0.8097246419952465,0.08945948828737055,0.15276598930358887,0.9171659386958371,-0.00533415793745895,0.9166069353929319,-0.005216218228586089,0.8246446260673931,-0.0150371970663975,0.8292368348056823,-0.019512192810435813,0.08297467057919929,0.006484817708171262,0.14368382096290588,0.009082168340682983
P7,43,random_50,0.5,112,337435,legacy_v33_deterministic_feature_mask,25871,0.9055312898612345,0.9048586541436181,0.7766287369230774,0.777887747825525,0.09755600951915824,0.16518986225128174,0.9171659386958371,-0.011634648834602523,0.9166069353929319,-0.011748281249313819,0.8246446260673931,-0.04801588914431565,0.8292368348056823,-0.05134908698015728,0.08297467057919929,0.014581338939958957,0.14368382096290588,0.021506041288375854
P7,43,random_70,0.7,157,337437,legacy_v33_deterministic_feature_mask,25871,0.9027095976189556,0.9022252805905225,0.7738415564298481,0.7764798815071333,0.09629549331173105,0.16983847320079803,0.9171659386958371,-0.01445634107688143,0.9166069353929319,-0.014381654802409383,0.8246446260673931,-0.050803069637544995,0.8292368348056823,-0.052756953298549014,0.08297467057919929,0.013320822732531767,0.14368382096290588,0.02615465223789215
P7,43,marker_memory,,6,,legacy_v33_deterministic_feature_mask,25871,0.9155038460051795,0.915192832914845,0.8211941974329109,0.8249491432795505,0.08545011544152951,0.14521591365337372,0.9171659386958371,-0.001662092690657535,0.9166069353929319,-0.0014141024780869316,0.8246446260673931,-0.0034504286344821944,0.8292368348056823,-0.004287691526131843,0.08297467057919929,0.0024754448623302283,0.14368382096290588,0.0015320926904678345
P7,43,marker_tcell,,15,,legacy_v33_deterministic_feature_mask,25871,0.9108654477986935,0.9109201537033748,0.8004857930799977,0.8138316536792195,0.09136078078525113,0.15312129259109497,0.9171659386958371,-0.006300490897143574,0.9166069353929319,-0.005686781689557163,0.8246446260673931,-0.024158832987395407,0.8292368348056823,-0.01540518112646283,0.08297467057919929,0.008386110206051844,0.14368382096290588,0.009437471628189087
P7,43,rna_only,1.0,224,,legacy_v33_deterministic_feature_mask,25871,0.8957906536276139,0.8971018898160834,0.7631276060880011,0.7758358379715999,0.14713421140323588,0.1957995891571045,0.9171659386958371,-0.02137528506822317,0.9166069353929319,-0.019505045576848512,0.8246446260673931,-0.06151701997939196,0.8292368348056823,-0.05340099683408239,0.08297467057919929,0.06415954082403659,0.14368382096290588,0.05211576819419861
P7,43,random_size_matched_6,0.026785714285714284,6,827431,random_feature_name_only_size_matched_to_targeted_mask,25871,0.9175911251980983,0.9169290853553952,0.8225277246154021,0.8277382506000189,0.08436045813880036,0.14290067553520203,0.9171659386958371,0.0004251865022611989,0.9166069353929319,0.00032214996246326955,0.8246446260673931,-0.002116901451990949,0.8292368348056823,-0.0014985842056634002,0.08297467057919929,0.0013857875596010732,0.14368382096290588,-0.0007831454277038574
P7,43,random_size_matched_15,0.06696428571428571,15,827432,random_feature_name_only_size_matched_to_targeted_mask,25871,0.9144988597271075,0.9139583923636685,0.8199026941141689,0.8228370989476942,0.08402684743456643,0.1475459188222885,0.9171659386958371,-0.0026670789687295304,0.9166069353929319,-0.002648543029263428,0.8246446260673931,-0.004741931953224143,0.8292368348056823,-0.0063997358579881425,0.08297467057919929,0.0010521768553671401,0.14368382096290588,0.0038620978593826294
P8,41,full,0.0,0,,legacy_v33_deterministic_feature_mask,26250,0.907847619047619,0.9066621280997111,0.8177673598433657,0.8111836626173589,0.06378094682154203,0.15676237642765045,0.907847619047619,0.0,0.9066621280997111,0.0,0.8177673598433657,0.0,0.8111836626173589,0.0,0.06378094682154203,0.0,0.15676237642765045,0.0
P8,41,random_10,0.1,22,338411,legacy_v33_deterministic_feature_mask,26250,0.907847619047619,0.9067270499424908,0.8115688245465814,0.804858849140638,0.06467818226303373,0.15592442452907562,0.907847619047619,0.0,0.9066621280997111,6.492184277961943e-05,0.8177673598433657,-0.006198535296784269,0.8111836626173589,-0.00632481347672087,0.06378094682154203,0.0008972354414917005,0.15676237642765045,-0.0008379518985748291
P8,41,random_30,0.3,67,338413,legacy_v33_deterministic_feature_mask,26250,0.8960380952380952,0.8940034829140592,0.8048219107496798,0.8013414063397832,0.06181241108235857,0.17269231379032135,0.907847619047619,-0.011809523809523825,0.9066621280997111,-0.012658645185651962,0.8177673598433657,-0.01294544909368589,0.8111836626173589,-0.009842256277575623,0.06378094682154203,-0.001968535739183465,0.15676237642765045,0.0159299373626709
P8,41,random_50,0.5,112,338415,legacy_v33_deterministic_feature_mask,26250,0.8812190476190476,0.8793316174293917,0.7669605936168751,0.7709724285476184,0.06491871203794364,0.1989099532365799,0.907847619047619,-0.026628571428571446,0.9066621280997111,-0.02733051067031944,0.8177673598433657,-0.05080676622649061,0.8111836626173589,-0.040211234069740476,0.06378094682154203,0.0011377652164016039,0.15676237642765045,0.04214757680892944
P8,41,random_70,0.7,157,338417,legacy_v33_deterministic_feature_mask,26250,0.8816761904761905,0.8793042887862115,0.7643577194265925,0.7580660848294914,0.06348284031181108,0.19350644946098328,0.907847619047619,-0.026171428571428512,0.9066621280997111,-0.027357839313499666,0.8177673598433657,-0.05340964041677321,0.8111836626173589,-0.05311757778786741,0.06378094682154203,-0.0002981065097309582,0.15676237642765045,0.036744073033332825
P8,41,marker_memory,,6,,legacy_v33_deterministic_feature_mask,26250,0.9039619047619047,0.902821200611455,0.8119011643577083,0.8069356435853656,0.06434850777274087,0.16107605397701263,0.907847619047619,-0.00388571428571427,0.9066621280997111,-0.0038409274882561517,0.8177673598433657,-0.005866195485657366,0.8111836626173589,-0.004248019031993233,0.06378094682154203,0.0005675609511988366,0.15676237642765045,0.004313677549362183
P8,41,marker_tcell,,15,,legacy_v33_deterministic_feature_mask,26250,0.8924571428571428,0.8910491427234191,0.7929467144965942,0.7906884537865492,0.06395355739423207,0.17830941081047058,0.907847619047619,-0.015390476190476177,0.9066621280997111,-0.015612985376292077,0.8177673598433657,-0.02482064534677153,0.8111836626173589,-0.020495208830809686,0.06378094682154203,0.00017261057269003788,0.15676237642765045,0.02154703438282013
P8,41,rna_only,1.0,224,,legacy_v33_deterministic_feature_mask,26250,0.8788952380952381,0.8771257990312037,0.7672825066088789,0.7718908527267392,0.08165063488029298,0.19153833389282227,0.907847619047619,-0.02895238095238095,0.9066621280997111,-0.02953632906850745,0.8177673598433657,-0.050484853234486815,0.8111836626173589,-0.03929280989061967,0.06378094682154203,0.017869688058750943,0.15676237642765045,0.034775957465171814
P8,41,random_size_matched_6,0.026785714285714284,6,828411,random_feature_name_only_size_matched_to_targeted_mask,26250,0.9063619047619048,0.9050721351222375,0.8126316015034455,0.8068050694633968,0.06365475694083031,0.15849320590496063,0.907847619047619,-0.0014857142857142014,0.9066621280997111,-0.001589992977473642,0.8177673598433657,-0.005135758339920193,0.8111836626173589,-0.0043785931539620515,0.06378094682154203,-0.00012618988071172454,0.15676237642765045,0.0017308294773101807
P8,41,random_size_matched_15,0.06696428571428571,15,828412,random_feature_name_only_size_matched_to_targeted_mask,26250,0.9055619047619048,0.9041435697620493,0.8124427236131059,0.8041572484759112,0.062114697441032964,0.159575954079628,0.907847619047619,-0.0022857142857142243,0.9066621280997111,-0.0025185583376617915,0.8177673598433657,-0.005324636230259805,0.8111836626173589,-0.007026414141447668,0.06378094682154203,-0.0016662493805090703,0.15676237642765045,0.002813577651977539
P8,42,full,0.0,0,,legacy_v33_deterministic_feature_mask,26250,0.9109333333333334,0.9096109123353319,0.8266737968776542,0.8099305750325068,0.07170714220887142,0.15807028114795685,0.9109333333333334,0.0,0.9096109123353319,0.0,0.8266737968776542,0.0,0.8099305750325068,0.0,0.07170714220887142,0.0,0.15807028114795685,0.0
P8,42,random_10,0.1,22,338421,legacy_v33_deterministic_feature_mask,26250,0.9086095238095238,0.9067310195675684,0.8098691451824513,0.7983541994527531,0.07089032150336677,0.16133038699626923,0.9109333333333334,-0.002323809523809617,0.9096109123353319,-0.002879892767763459,0.8266737968776542,-0.016804651695202844,0.8099305750325068,-0.011576375579753662,0.07170714220887142,-0.0008168207055046506,0.15807028114795685,0.003260105848312378
P8,42,random_30,0.3,67,338423,legacy_v33_deterministic_feature_mask,26250,0.896,0.8944108756460489,0.8006503243541927,0.7844488342869256,0.07579695420776092,0.1817661076784134,0.9109333333333334,-0.014933333333333354,0.9096109123353319,-0.015200036689282936,0.8266737968776542,-0.02602347252346149,0.8099305750325068,-0.025481740745581183,0.07170714220887142,0.004089811998889498,0.15807028114795685,0.023695826530456543
P8,42,random_50,0.5,112,338425,legacy_v33_deterministic_feature_mask,26250,0.8951238095238095,0.8936772136965625,0.7967373292239455,0.776143266749622,0.07132298160848162,0.18129287660121918,0.9109333333333334,-0.01580952380952383,0.9096109123353319,-0.015933698638769367,0.8266737968776542,-0.02993646765370872,0.8099305750325068,-0.03378730828288479,0.07170714220887142,-0.0003841606003898018,0.15807028114795685,0.02322259545326233
P8,42,random_70,0.7,157,338427,legacy_v33_deterministic_feature_mask,26250,0.8866666666666667,0.8844669565057893,0.7804878693611871,0.7647945795005613,0.06652773055661293,0.19447550177574158,0.9109333333333334,-0.02426666666666666,0.9096109123353319,-0.02514395582954254,0.8266737968776542,-0.04618592751646711,0.8099305750325068,-0.04513599553194547,0.07170714220887142,-0.005179411652258492,0.15807028114795685,0.03640522062778473
P8,42,marker_memory,,6,,legacy_v33_deterministic_feature_mask,26250,0.9076190476190477,0.9065375137712404,0.8219176589830506,0.8066902726715519,0.07017980528842838,0.1628110706806183,0.9109333333333334,-0.003314285714285714,0.9096109123353319,-0.0030733985640915007,0.8266737968776542,-0.004756137894603607,0.8099305750325068,-0.00324030236095485,0.07170714220887142,-0.0015273369204430454,0.15807028114795685,0.004740789532661438
P8,42,marker_tcell,,15,,legacy_v33_deterministic_feature_mask,26250,0.9003428571428571,0.8988913441488011,0.8158077571265594,0.8017308821698925,0.07355501825866244,0.1725061982870102,0.9109333333333334,-0.010590476190476261,0.9096109123353319,-0.010719568186530748,0.8266737968776542,-0.010866039751094791,0.8099305750325068,-0.008199692862614238,0.07170714220887142,0.0018478760497910168,0.15807028114795685,0.014435917139053345
P8,42,rna_only,1.0,224,,legacy_v33_deterministic_feature_mask,26250,0.8873142857142857,0.8856779886010204,0.7820780761864812,0.7722656061278157,0.09040718256675061,0.18704088032245636,0.9109333333333334,-0.02361904761904765,0.9096109123353319,-0.02393292373431144,0.8266737968776542,-0.04459572069117301,0.8099305750325068,-0.037664968904691065,0.07170714220887142,0.018700040357879186,0.15807028114795685,0.02897059917449951
P8,42,random_size_matched_6,0.026785714285714284,6,828421,random_feature_name_only_size_matched_to_targeted_mask,26250,0.9113523809523809,0.9098518488305027,0.8272110081236002,0.8108463682464424,0.07091703903731844,0.15788356959819794,0.9109333333333334,0.0004190476190475412,0.9096109123353319,0.00024093649517087368,0.8266737968776542,0.0005372112459459677,0.8099305750325068,0.0009157932139356451,0.07170714220887142,-0.0007901031715529805,0.15807028114795685,-0.00018671154975891113
P8,42,random_size_matched_15,0.06696428571428571,15,828422,random_feature_name_only_size_matched_to_targeted_mask,26250,0.9083809523809524,0.9070770288468959,0.8302076102608684,0.8143894525948061,0.0737047941809609,0.1608891785144806,0.9109333333333334,-0.0025523809523809726,0.9096109123353319,-0.002533883488435973,0.8266737968776542,0.003533813383214235,0.8099305750325068,0.004458877562299346,0.07170714220887142,0.0019976519720894814,0.15807028114795685,0.0028188973665237427
P8,43,full,0.0,0,,legacy_v33_deterministic_feature_mask,26250,0.9087619047619048,0.9073561379482886,0.8176463109081971,0.8074194576898771,0.07331558054799123,0.16154959797859192,0.9087619047619048,0.0,0.9073561379482886,0.0,0.8176463109081971,0.0,0.8074194576898771,0.0,0.07331558054799123,0.0,0.16154959797859192,0.0
P8,43,random_10,0.1,22,338431,legacy_v33_deterministic_feature_mask,26250,0.9052571428571429,0.902979428347895,0.8110701282421273,0.801033048781214,0.07353810412316096,0.16516602039337158,0.9087619047619048,-0.0035047619047618994,0.9073561379482886,-0.004376709600393602,0.8176463109081971,-0.006576182666069741,0.8074194576898771,-0.006386408908663155,0.07331558054799123,0.00022252357516973353,0.16154959797859192,0.003616422414779663
P8,43,random_30,0.3,67,338433,legacy_v33_deterministic_feature_mask,26250,0.8996952380952381,0.8973451651892722,0.7944298762443437,0.7826723676499076,0.07231868287154605,0.17467381060123444,0.9087619047619048,-0.009066666666666667,0.9073561379482886,-0.010010972759016412,0.8176463109081971,-0.02321643466385337,0.8074194576898771,-0.024747090039969555,0.07331558054799123,-0.0009968976764451742,0.16154959797859192,0.013124212622642517
P8,43,random_50,0.5,112,338435,legacy_v33_deterministic_feature_mask,26250,0.8978285714285714,0.8957349373604242,0.8080672170577745,0.7924157019834969,0.07414882000372523,0.1769588142633438,0.9087619047619048,-0.01093333333333335,0.9073561379482886,-0.011621200587864422,0.8176463109081971,-0.009579093850422549,0.8074194576898771,-0.01500375570638024,0.07331558054799123,0.0008332394557340056,0.16154959797859192,0.015409216284751892
P8,43,random_70,0.7,157,338437,legacy_v33_deterministic_feature_mask,26250,0.8830095238095238,0.880208403153463,0.7743663818381367,0.7627338231028005,0.07186343122323355,0.19831539690494537,0.9087619047619048,-0.02575238095238097,0.9073561379482886,-0.027147734794825573,0.8176463109081971,-0.0432799290700604,0.8074194576898771,-0.04468563458707664,0.07331558054799123,-0.0014521493247576789,0.16154959797859192,0.036765798926353455
P8,43,marker_memory,,6,,legacy_v33_deterministic_feature_mask,26250,0.9044571428571428,0.9033609346511429,0.8148229949557814,0.8041784233851107,0.07327203093000821,0.16789422929286957,0.9087619047619048,-0.004304761904761922,0.9073561379482886,-0.003995203297145755,0.8176463109081971,-0.0028233159524156948,0.8074194576898771,-0.0032410343047664103,0.07331558054799123,-4.354961798301582e-05,0.16154959797859192,0.006344631314277649
P8,43,marker_tcell,,15,,legacy_v33_deterministic_feature_mask,26250,0.8988571428571429,0.8971918405793411,0.805720882784522,0.7952938140625415,0.0722593115128222,0.17499542236328125,0.9087619047619048,-0.00990476190476186,0.9073561379482886,-0.010164297368947528,0.8176463109081971,-0.01192542812367503,0.8074194576898771,-0.012125643627335592,0.07331558054799123,-0.001056269035169033,0.16154959797859192,0.013445824384689331
P8,43,rna_only,1.0,224,,legacy_v33_deterministic_feature_mask,26250,0.8833142857142857,0.8801438937048994,0.7849915591309483,0.778497387166484,0.09029946036480721,0.1908704936504364,0.9087619047619048,-0.025447619047619052,0.9073561379482886,-0.027212244243389194,0.8176463109081971,-0.03265475177724875,0.8074194576898771,-0.02892207052339313,0.07331558054799123,0.016983879816815983,0.16154959797859192,0.029320895671844482
P8,43,random_size_matched_6,0.026785714285714284,6,828431,random_feature_name_only_size_matched_to_targeted_mask,26250,0.907847619047619,0.9062449661473092,0.8155795319375003,0.8058786810880656,0.07345325811022806,0.16236427426338196,0.9087619047619048,-0.0009142857142857563,0.9073561379482886,-0.0011111718009794158,0.8176463109081971,-0.0020667789706967366,0.8074194576898771,-0.001540776601811511,0.07331558054799123,0.00013767756223682925,0.16154959797859192,0.0008146762847900391
P8,43,random_size_matched_15,0.06696428571428571,15,828432,random_feature_name_only_size_matched_to_targeted_mask,26250,0.9077714285714286,0.906410470036072,0.8161945750596663,0.8061897738624438,0.07309230152765908,0.1634984165430069,0.9087619047619048,-0.0009904761904762083,0.9073561379482886,-0.0009456679122166189,0.8176463109081971,-0.0014517358485307552,0.8074194576898771,-0.00122968382743327,0.07331558054799123,-0.00022327902033214553,0.16154959797859192,0.001948818564414978
