cell_id,sort_label,mosaic_prediction,mmochi_prediction,mosaic_correct,mmochi_correct,discordance,boundary_status,adt_gate,mmochi_certainty
AAACCCAGTGCTCTTC-1.HTO3.cd4_em,cd4_em,cd4_em,cd4_em,True,True,both_correct,other,0.9869572,1.0
AAACGAAAGCTCTGTA-0.HTO1.cd4_n,cd4_n,cd4_n,cd4_n,True,True,both_correct,other,0.5962841,1.0
AAACGAAAGGCAGCTA-1.HTO6.cd8_em,cd8_em,cd8_emra,cd8_emra,False,False,both_incorrect,other,0.78396857,0.8636363636363636
AAACGAATCCACTGAA-0.HTO5.cd8_cm,cd8_cm,cd8_cm,cd8_cm,True,True,both_correct,central_memory,0.8159128,1.0
AAACGCTGTAGGCTGA-0.HTO2.cd4_cm,cd4_cm,cd4_cm,cd4_cm,True,True,both_correct,central_memory,0.65283924,1.0
AAACGCTGTCAGACTT-0.HTO6.cd8_em,cd8_em,cd8_em,cd8_em,True,True,both_correct,other,0.7923666,1.0
AAAGAACCATAACAGA-1.HTO7.cd8_emra,cd8_emra,cd8_emra,cd8_emra,True,True,both_correct,other,0.83007437,1.0
AAAGAACTCGACCAAT-1.HTO4.cd8_n,cd8_n,cd8_n,cd8_n,True,True,both_correct,other,0.8083176,1.0
AAAGGGCCAGTAGAAT-1.HTO8.monocyte,monocyte,monocyte,monocyte,True,True,both_correct,other,6.2703903e-06,1.0
AAAGGGCTCGGAGTAG-0.HTO2.cd4_cm,cd4_cm,cd4_cm,cd4_cm,True,True,both_correct,central_memory,0.6071889,1.0
AAAGGTAAGTGATTCC-0.HTO1.cd4_n,cd4_n,cd4_n,cd4_n,True,True,both_correct,other,0.5619413,1.0
AAAGGTACAGGGTTGA-1.HTO1.cd4_n,cd4_n,cd4_cm,cd4_n,False,True,mmochi_only_correct,other,0.51676357,1.0
AAAGGTACATGACTCA-0.HTO1.cd4_n,cd4_n,cd4_n,cd4_n,True,True,both_correct,other,0.4847716,1.0
AAAGGTAGTACTCGAT-0.HTO1.cd4_n,cd4_n,cd4_n,cd4_n,True,True,both_correct,other,0.514411,1.0
AAAGGTAGTCCTTTGC-1.HTO2.cd4_cm,cd4_cm,cd4_cm,cd4_cm,True,True,both_correct,central_memory,0.5675846,1.0
AAAGTCCAGTGGCCTC-1.HTO3.cd4_em,cd4_em,cd4_em,cd4_em,True,True,both_correct,other,0.98444194,1.0
AAAGTCCGTTGGACTT-1.HTO2.cd4_cm,cd4_cm,cd4_cm,cd4_cm,True,True,both_correct,central_memory,0.6491382,1.0
AAAGTGACACGCACCA-1.HTO8.monocyte,monocyte,monocyte,monocyte,True,True,both_correct,other,1.9292952e-06,1.0
AAAGTGATCACGACTA-0.HTO4.cd8_n,cd8_n,cd8_n,cd8_n,True,True,both_correct,other,0.9031946,1.0
AAATGGATCATTTCCA-0.HTO7.cd8_emra,cd8_emra,cd8_emra,cd8_emra,True,True,both_correct,other,0.7629791,1.0
AACAAAGAGAAATGGG-1.HTO8.monocyte,monocyte,monocyte,monocyte,True,True,both_correct,other,1.2820486e-06,1.0
AACAAAGAGGTGCTGA-0.HTO7.cd8_emra,cd8_emra,cd8_emra,cd8_emra,True,True,both_correct,other,0.769084,0.8837209302325582
AACAAAGCAACATCGT-1.HTO4.cd8_n,cd8_n,cd8_n,cd8_n,True,True,both_correct,other,0.7768097,1.0
AACAAAGCAATTGAGA-1.HTO3.cd4_em,cd4_em,cd4_em,cd4_em,True,True,both_correct,other,0.98130935,1.0
AACAAAGTCCGTGGCA-1.HTO3.cd4_em,cd4_em,cd4_em,cd4_em,True,True,both_correct,other,0.87674606,1.0
AACAAGAGTGGTCAAG-1.HTO1.cd4_n,cd4_n,cd4_n,cd4_n,True,True,both_correct,other,0.43359548,1.0
AACAAGATCAGCGCGT-0.HTO7.cd8_emra,cd8_emra,cd8_emra,cd8_emra,True,True,both_correct,other,0.821525,1.0
AACAAGATCAGGAAAT-1.HTO6.cd8_em,cd8_em,cd8_em,cd8_em,True,True,both_correct,other,0.8946414,1.0
AACACACAGATCGGTG-0.HTO1.cd4_n,cd4_n,cd4_n,cd4_n,True,True,both_correct,other,0.5396656,1.0
AACACACCACTCCTGT-1.HTO3.cd4_em,cd4_em,cd4_em,cd4_em,True,True,both_correct,other,0.69198734,1.0
AACACACCATAGAAAC-1.HTO7.cd8_emra,cd8_emra,cd8_emra,cd8_emra,True,True,both_correct,other,0.619549,1.0
AACACACTCCCTCTCC-0.HTO7.cd8_emra,cd8_emra,cd8_emra,cd8_emra,True,True,both_correct,other,0.88960665,1.0
AACCAACAGGTCATTC-1.HTO6.cd8_em,cd8_em,cd8_em,cd8_em,True,True,both_correct,other,0.6904936,1.0
AACCAACGTAACTAAG-0.HTO2.cd4_cm,cd4_cm,cd4_cm,cd4_cm,True,True,both_correct,central_memory,0.5635864,1.0
AACCAACTCCTCAGGG-1.HTO6.cd8_em,cd8_em,cd8_em,cd8_em,True,True,both_correct,other,0.7936344,1.0
AACCACATCCCATTTA-1.HTO3.cd4_em,cd4_em,cd4_em,cd4_em,True,True,both_correct,other,0.9521779,1.0
AACCATGAGAGGGTCT-1.HTO6.cd8_em,cd8_em,cd8_em,cd8_emra,True,False,mosaic_only_correct,other,0.6608904,0.9743589743589742
AACCATGAGCGACTGA-0.HTO4.cd8_n,cd8_n,cd8_n,cd8_n,True,True,both_correct,other,0.7727456,1.0
AACCATGAGGCCTAAG-0.HTO6.cd8_em,cd8_em,cd8_cm,cd8_em,False,True,mmochi_only_correct,other,0.7439673,1.0
AACCATGCACAGCTTA-0.HTO2.cd4_cm,cd4_cm,cd4_cm,cd4_cm,True,True,both_correct,central_memory,0.56510955,1.0
AACCATGCATGGCCCA-1.HTO8.monocyte,monocyte,monocyte,monocyte,True,True,both_correct,other,1.1838342e-07,1.0
AACCCAACACATGGTT-1.HTO8.monocyte,monocyte,monocyte,monocyte,True,True,both_correct,other,2.6885125e-05,1.0
AACCCAAGTAAGTTGA-1.HTO8.monocyte,monocyte,monocyte,monocyte,True,True,both_correct,other,5.710543e-06,1.0
AACCCAATCCATTTCA-1.HTO2.cd4_cm,cd4_cm,cd4_cm,cd4_cm,True,True,both_correct,central_memory,0.57805353,1.0
AACCTGAAGCTTTGTG-1.HTO1.cd4_n,cd4_n,cd4_n,cd4_n,True,True,both_correct,other,0.44342136,1.0
AACCTGACAGAGTCAG-0.HTO6.cd8_em,cd8_em,cd8_em,cd8_em,True,True,both_correct,other,0.78292876,1.0
AACCTGATCTCAATCT-0.HTO4.cd8_n,cd8_n,cd8_n,cd8_n,True,True,both_correct,other,0.6486771,1.0
AACCTTTGTCGATTTG-1.HTO6.cd8_em,cd8_em,cd8_em,cd8_em,True,True,both_correct,other,0.7795803,1.0
AACCTTTGTTGTATGC-1.HTO3.cd4_em,cd4_em,cd4_em,cd4_em,True,True,both_correct,other,0.97051126,1.0
AACGAAAAGGTAGATT-1.HTO3.cd4_em,cd4_em,cd4_em,cd4_em,True,True,both_correct,other,0.9543762,1.0
AACGAAACAAATAAGC-1.HTO3.cd4_em,cd4_em,cd4_em,cd4_em,True,True,both_correct,other,0.5961648,1.0
AACGAAAGTCTTGAGT-0.HTO4.cd8_n,cd8_n,cd8_cm,cd8_n,False,True,mmochi_only_correct,other,0.8496714,1.0
AACGTCACACCGAATT-1.HTO6.cd8_em,cd8_em,cd8_em,cd8_em,True,True,both_correct,other,0.89308715,1.0
AACGTCACACGCGGTT-0.HTO4.cd8_n,cd8_n,cd8_n,cd8_n,True,True,both_correct,other,0.88802534,1.0
AACGTCAGTCAACACT-1.HTO5.cd8_cm,cd8_cm,cd8_cm,cd8_cm,True,True,both_correct,central_memory,0.8427217,1.0
AACGTCAGTGAATGTA-0.HTO8.monocyte,monocyte,monocyte,monocyte,True,True,both_correct,other,1.3352279e-06,1.0
AACTTCTAGTCATACC-0.HTO6.cd8_em,cd8_em,cd8_em,cd8_em,True,True,both_correct,other,0.67278975,1.0
AACTTCTGTGAGCCAA-1.HTO6.cd8_em,cd8_em,cd8_em,cd8_em,True,True,both_correct,other,0.69483453,1.0
AAGACAAAGTTCCATG-1.HTO8.monocyte,monocyte,monocyte,monocyte,True,True,both_correct,other,3.0320796e-06,1.0
AAGACAAGTCCGTACG-0.HTO1.cd4_n,cd4_n,cd4_n,cd4_n,True,True,both_correct,other,0.6124747,1.0
AAGACTCCAATTCTTC-1.HTO6.cd8_em,cd8_em,cd8_em,cd8_em,True,True,both_correct,other,0.8383188,1.0
AAGACTCGTACGTTCA-1.HTO2.cd4_cm,cd4_cm,cd4_cm,cd4_cm,True,True,both_correct,central_memory,0.5181327,1.0
AAGACTCGTATGTCTG-0.HTO8.monocyte,monocyte,monocyte,monocyte,True,True,both_correct,other,2.7039943e-07,1.0
AAGACTCTCATACGGT-1.HTO5.cd8_cm,cd8_cm,cd8_cm,cd8_cm,True,True,both_correct,central_memory,0.782863,1.0
AAGACTCTCATCTATC-0.HTO8.monocyte,monocyte,monocyte,monocyte,True,True,both_correct,other,7.8475034e-07,1.0
AAGATAGCAGCTGAAG-0.HTO7.cd8_emra,cd8_emra,cd8_emra,cd8_emra,True,True,both_correct,other,0.8286782,1.0
AAGATAGGTACTGGGA-0.HTO4.cd8_n,cd8_n,cd8_n,cd8_n,True,True,both_correct,other,0.8047687,1.0
AAGCCATAGACCATGG-1.HTO8.monocyte,monocyte,monocyte,monocyte,True,True,both_correct,other,4.243165e-05,1.0
AAGCCATGTGTTAACC-1.HTO8.monocyte,monocyte,monocyte,monocyte,True,True,both_correct,other,5.559738e-07,1.0
AAGCCATGTTCGTAAC-0.HTO6.cd8_em,cd8_em,cd8_em,cd8_em,True,True,both_correct,other,0.8303055,1.0
AAGCGAGAGCATCCCG-1.HTO4.cd8_n,cd8_n,cd8_cm,cd8_n,False,True,mmochi_only_correct,other,0.79943866,1.0
AAGCGAGGTGCCTGAC-1.HTO1.cd4_n,cd4_n,cd4_n,cd4_n,True,True,both_correct,other,0.59214133,1.0
AAGCGAGTCAGCCCAG-0.HTO5.cd8_cm,cd8_cm,cd8_cm,cd8_cm,True,True,both_correct,central_memory,0.7663377,1.0
AAGCGAGTCGCAGAGA-1.HTO3.cd4_em,cd4_em,cd4_em,cd4_em,True,True,both_correct,other,0.95654994,1.0
AAGCGTTAGCACTCAT-0.HTO1.cd4_n,cd4_n,cd4_n,cd4_n,True,True,both_correct,other,0.5283645,1.0
AAGCGTTAGGACTGGT-0.HTO7.cd8_emra,cd8_emra,cd8_emra,cd8_emra,True,True,both_correct,other,0.76452917,1.0
AAGCGTTTCAGCGTCG-0.HTO4.cd8_n,cd8_n,cd8_n,cd8_n,True,True,both_correct,other,0.70602345,1.0
AAGGAATAGTCTCGTA-0.HTO8.monocyte,monocyte,monocyte,monocyte,True,True,both_correct,other,1.527052e-06,1.0
AAGGAATCACGTACTA-1.HTO5.cd8_cm,cd8_cm,cd8_cm,cd8_cm,True,True,both_correct,central_memory,0.85165113,1.0
AAGGAATCAGCTATAC-0.HTO2.cd4_cm,cd4_cm,cd4_cm,cd4_cm,True,True,both_correct,central_memory,0.4181111,1.0
AAGGAATGTGGCACTC-1.HTO4.cd8_n,cd8_n,cd8_n,cd8_n,True,True,both_correct,other,0.6995292,1.0
AAGGAATGTGGTCCGT-1.HTO8.monocyte,monocyte,monocyte,monocyte,True,True,both_correct,other,1.0458727e-05,1.0
AAGGAATTCTTAGGAC-1.HTO6.cd8_em,cd8_em,cd8_em,cd8_em,True,True,both_correct,other,0.62132436,1.0
AAGTACCAGTACTCGT-0.HTO8.monocyte,monocyte,monocyte,monocyte,True,True,both_correct,other,1.5647072e-06,1.0
AAGTCGTTCCATAGAC-1.HTO2.cd4_cm,cd4_cm,cd4_cm,cd4_cm,True,True,both_correct,central_memory,0.56762034,1.0
AAGTTCGCATTGACAC-1.HTO1.cd4_n,cd4_n,cd4_n,cd4_n,True,True,both_correct,other,0.43638468,1.0
AATAGAGCACCTGATA-1.HTO1.cd4_n,cd4_n,cd4_n,cd4_n,True,True,both_correct,other,0.49659693,1.0
AATAGAGCACTTGTGA-1.HTO6.cd8_em,cd8_em,cd8_em,cd8_em,True,True,both_correct,other,0.77471286,1.0
AATCACGGTACGACAG-0.HTO4.cd8_n,cd8_n,cd8_n,cd8_n,True,True,both_correct,other,0.7574877,1.0
AATCACGGTATAATGG-1.HTO6.cd8_em,cd8_em,cd8_em,cd8_em,True,True,both_correct,other,0.82004374,1.0
AATCGACTCAAGGAGC-1.HTO3.cd4_em,cd4_em,cd4_em,cd4_em,True,True,both_correct,other,0.9854945,1.0
AATCGTGTCGCCTTGT-1.HTO7.cd8_emra,cd8_emra,cd8_emra,cd8_emra,True,True,both_correct,other,0.81517476,1.0
AATGAAGGTGTTCATG-1.HTO8.monocyte,monocyte,monocyte,monocyte,True,True,both_correct,other,5.166636e-06,1.0
AATGAAGTCAGCTTGA-1.HTO2.cd4_cm,cd4_cm,cd4_cm,cd4_cm,True,True,both_correct,central_memory,0.5795065,1.0
AATGACCAGGAAGAAC-1.HTO6.cd8_em,cd8_em,cd8_em,cd8_em,True,True,both_correct,other,0.7216092,1.0
AATGACCGTCATCGGC-0.HTO1.cd4_n,cd4_n,cd4_n,cd4_n,True,True,both_correct,other,0.45867625,1.0
AATGACCGTGCACGCT-0.HTO3.cd4_em,cd4_em,cd4_em,cd4_em,True,True,both_correct,other,0.92816794,1.0
AATGACCTCACAAGAA-0.HTO7.cd8_emra,cd8_emra,cd8_emra,cd8_emra,True,True,both_correct,other,0.6826962,1.0
AATGACCTCATGGCCG-0.HTO6.cd8_em,cd8_em,cd8_em,cd8_em,True,True,both_correct,other,0.7506896,1.0
AATGACCTCCGGCAAC-1.HTO6.cd8_em,cd8_em,cd8_em,cd8_em,True,True,both_correct,other,0.8862499,1.0
AATGACCTCTTGGTGA-1.HTO1.cd4_n,cd4_n,cd4_n,cd4_n,True,True,both_correct,other,0.46729735,1.0
AATGCCACACCTCAGG-0.HTO3.cd4_em,cd4_em,cd4_em,cd4_em,True,True,both_correct,other,0.8738055,1.0
AATGCCAGTCTCCCTA-1.HTO1.cd4_n,cd4_n,cd4_n,cd4_n,True,True,both_correct,other,0.4308369,1.0
AATGCCAGTGATACAA-1.HTO6.cd8_em,cd8_em,cd8_em,cd8_em,True,True,both_correct,other,0.74483997,1.0
AATGGAAAGATGGTAT-0.HTO8.monocyte,monocyte,monocyte,monocyte,True,True,both_correct,other,2.4997154e-05,1.0
AATGGAACACCGTACG-1.HTO6.cd8_em,cd8_em,cd8_em,cd8_em,True,True,both_correct,other,0.70591235,1.0
AATGGAAGTTTAGAGA-0.HTO8.monocyte,monocyte,monocyte,monocyte,True,True,both_correct,other,8.7174305e-07,1.0
AATGGAATCGGTAGAG-0.HTO2.cd4_cm,cd4_cm,cd4_cm,cd4_cm,True,True,both_correct,central_memory,0.4472514,1.0
AATTCCTAGTGGTCAG-1.HTO3.cd4_em,cd4_em,cd4_em,cd4_em,True,True,both_correct,other,0.8985614,1.0
AATTCCTTCCTTTGAT-1.HTO5.cd8_cm,cd8_cm,cd8_cm,cd8_cm,True,True,both_correct,central_memory,0.90287626,1.0
AATTTCCAGAGAGGTA-1.HTO8.monocyte,monocyte,monocyte,monocyte,True,True,both_correct,other,2.8386237e-05,1.0
AATTTCCCATAGAATG-0.HTO4.cd8_n,cd8_n,cd8_n,cd8_n,True,True,both_correct,other,0.67889476,1.0
ACAAAGACACAAGTTC-0.HTO5.cd8_cm,cd8_cm,cd8_cm,cd8_cm,True,True,both_correct,central_memory,0.7640529,1.0
ACAACCAGTTGCAAGG-0.HTO1.cd4_n,cd4_n,cd4_n,cd4_n,True,True,both_correct,other,0.41484806,1.0
ACAAGCTAGCGAACTG-0.HTO4.cd8_n,cd8_n,cd8_n,cd8_n,True,True,both_correct,other,0.7415172,1.0
ACAAGCTCAAGACAAT-0.HTO4.cd8_n,cd8_n,cd8_n,cd8_n,True,True,both_correct,other,0.6595589,1.0
ACAAGCTGTATTTCTC-1.HTO8.monocyte,monocyte,monocyte,monocyte,True,True,both_correct,other,9.058472e-07,1.0
ACAAGCTTCGTACCTC-1.HTO2.cd4_cm,cd4_cm,cd4_cm,cd4_cm,True,True,both_correct,central_memory,0.49729007,1.0
ACACAGTGTTCCGTTC-1.HTO8.monocyte,monocyte,monocyte,monocyte,True,True,both_correct,other,4.2292476e-07,1.0
ACACAGTTCATGACAC-1.HTO6.cd8_em,cd8_em,cd8_em,cd8_em,True,True,both_correct,other,0.7332544,1.0
ACACAGTTCATTTCGT-1.HTO2.cd4_cm,cd4_cm,cd4_cm,cd4_cm,True,True,both_correct,central_memory,0.54738164,1.0
ACACCAAGTTAGGCCC-1.HTO7.cd8_emra,cd8_emra,cd8_emra,cd8_emra,True,True,both_correct,other,0.8406534,1.0
ACACGCGTCATCCTAT-1.HTO4.cd8_n,cd8_n,cd8_n,cd8_n,True,True,both_correct,other,0.8343443,1.0
ACACGCGTCTCGGTCT-1.HTO4.cd8_n,cd8_n,cd8_n,cd8_n,True,True,both_correct,other,0.7147258,1.0
ACACTGAAGCTACAAA-1.HTO3.cd4_em,cd4_em,cd4_em,cd4_em,True,True,both_correct,other,0.92590505,1.0
ACACTGAGTACAGTAA-1.HTO8.monocyte,monocyte,monocyte,monocyte,True,True,both_correct,other,5.9097266e-07,1.0
ACACTGAGTCGCACGT-0.HTO3.cd4_em,cd4_em,cd4_em,cd4_em,True,True,both_correct,other,0.9584761,1.0
ACACTGATCCAAATGC-1.HTO7.cd8_emra,cd8_emra,cd8_emra,cd8_emra,True,True,both_correct,other,0.88995886,1.0
ACACTGATCTTTCGAT-1.HTO8.monocyte,monocyte,monocyte,monocyte,True,True,both_correct,other,1.042101e-07,1.0
ACAGAAAAGTGCCAGA-0.HTO3.cd4_em,cd4_em,cd4_em,cd4_em,True,True,both_correct,other,0.8363123,1.0
ACAGAAAGTCGTACTA-0.HTO1.cd4_n,cd4_n,cd4_n,cd4_n,True,True,both_correct,other,0.439787,1.0
ACAGGGACAGGCTCTG-1.HTO3.cd4_em,cd4_em,cd4_em,cd4_em,True,True,both_correct,other,0.98037326,1.0
ACAGGGACAGTAACCT-0.HTO5.cd8_cm,cd8_cm,cd8_cm,cd8_cm,True,True,both_correct,central_memory,0.85121465,1.0
ACAGGGATCTGGACTA-0.HTO6.cd8_em,cd8_em,cd8_cm,cd8_em,False,True,mmochi_only_correct,other,0.7729244,1.0
ACATCCCGTGCTCTTC-1.HTO4.cd8_n,cd8_n,cd8_n,cd8_n,True,True,both_correct,other,0.8723484,1.0
ACATCGAAGCAACCAG-0.HTO7.cd8_emra,cd8_emra,cd8_emra,cd8_emra,True,True,both_correct,other,0.8940516,1.0
ACATCGATCCTCAGAA-1.HTO8.monocyte,monocyte,monocyte,monocyte,True,True,both_correct,other,5.122902e-07,1.0
ACATGCAAGTTACGAA-1.HTO8.monocyte,monocyte,monocyte,monocyte,True,True,both_correct,other,3.923326e-05,1.0
ACATGCATCAAGTAAG-0.HTO6.cd8_em,cd8_em,cd8_em,cd8_em,True,True,both_correct,other,0.7293787,1.0
ACATGCATCACGAACT-1.HTO3.cd4_em,cd4_em,cd4_em,cd4_em,True,True,both_correct,other,0.9586572,1.0
ACATGCATCGACATAC-1.HTO7.cd8_emra,cd8_emra,cd8_emra,cd8_emra,True,True,both_correct,other,0.80626273,1.0
ACATTTCCAACAAAGT-1.HTO6.cd8_em,cd8_em,cd8_em,cd8_em,True,True,both_correct,other,0.8808253,1.0
ACATTTCCAGCGATTT-0.HTO1.cd4_n,cd4_n,cd4_n,cd4_n,True,True,both_correct,other,0.5374468,1.0
ACATTTCGTATGAAGT-0.HTO4.cd8_n,cd8_n,cd8_n,cd8_n,True,True,both_correct,other,0.86706954,1.0
ACATTTCTCACTAGCA-1.HTO2.cd4_cm,cd4_cm,cd4_cm,cd4_cm,True,True,both_correct,central_memory,0.52993804,1.0
ACCAAACCAGTTGTCA-0.HTO6.cd8_em,cd8_em,cd8_cm,cd8_em,False,True,mmochi_only_correct,other,0.6758807,1.0
ACCAAACGTGGACAGT-0.HTO8.monocyte,monocyte,monocyte,monocyte,True,True,both_correct,other,2.08108e-08,1.0
ACCAAACGTGTTGAGG-1.HTO7.cd8_emra,cd8_emra,cd8_emra,cd8_emra,True,True,both_correct,other,0.8390779,1.0
ACCAAACTCCAGCTCT-0.HTO5.cd8_cm,cd8_cm,cd8_cm,cd8_cm,True,True,both_correct,central_memory,0.8160359,1.0
ACCAACAAGCTGTACT-0.HTO1.cd4_n,cd4_n,cd4_n,cd4_n,True,True,both_correct,other,0.58606005,1.0
ACCAACACAATCGCGC-1.HTO1.cd4_n,cd4_n,cd4_n,cd4_n,True,True,both_correct,other,0.3516345,1.0
ACCAACACACCTCTAC-0.HTO6.cd8_em,cd8_em,cd8_em,cd8_em,True,True,both_correct,other,0.71337473,1.0
ACCAACATCTATCGGA-0.HTO5.cd8_cm,cd8_cm,cd8_cm,cd8_cm,True,True,both_correct,central_memory,0.8020436,1.0
ACCACAAGTTCCTAAG-1.HTO8.monocyte,monocyte,monocyte,monocyte,True,True,both_correct,other,1.2373037e-07,1.0
ACCATTTAGCATGATA-0.HTO4.cd8_n,cd8_n,cd8_n,cd8_n,True,True,both_correct,other,0.777404,1.0
ACCATTTCAACTGCCG-1.HTO2.cd4_cm,cd4_cm,cd4_n,cd4_n,False,False,both_incorrect,central_memory,0.53891516,1.0
ACCATTTCACCTTCGT-0.HTO3.cd4_em,cd4_em,cd4_em,cd4_em,True,True,both_correct,other,0.9460677,1.0
ACCATTTCACTGTGTA-0.HTO4.cd8_n,cd8_n,cd8_n,cd8_n,True,True,both_correct,other,0.66738635,1.0
ACCATTTGTAGAGATT-1.HTO2.cd4_cm,cd4_cm,cd4_cm,cd4_cm,True,True,both_correct,central_memory,0.6452546,1.0
ACCCAAAAGGTTCTAC-0.HTO4.cd8_n,cd8_n,cd8_n,cd8_n,True,True,both_correct,other,0.9498622,1.0
ACCCAAATCATGGTAC-0.HTO4.cd8_n,cd8_n,cd8_n,cd8_cm,True,False,mosaic_only_correct,other,0.9002799,0.25
ACCCTCAAGGGCAATC-1.HTO6.cd8_em,cd8_em,cd8_em,cd8_em,True,True,both_correct,other,0.8267693,1.0
ACCCTCAGTCACCGAC-1.HTO6.cd8_em,cd8_em,cd8_em,cd8_em,True,True,both_correct,other,0.7301268,1.0
ACCCTTGGTCCACACG-0.HTO5.cd8_cm,cd8_cm,cd8_cm,cd8_em,True,False,mosaic_only_correct,central_memory,0.71758,0.672564742577613
ACCCTTGGTGGCGTAA-0.HTO3.cd4_em,cd4_em,cd4_em,cd4_em,True,True,both_correct,other,0.984821,1.0
ACCGTTCCAATGTCTG-0.HTO4.cd8_n,cd8_n,cd8_n,cd8_n,True,True,both_correct,other,0.61064696,1.0
ACCGTTCGTACGCGTC-0.HTO3.cd4_em,cd4_em,cd4_em,cd8_em,True,False,mosaic_only_correct,other,0.9229131,1.0
ACCGTTCGTGGAACCA-1.HTO8.monocyte,monocyte,monocyte,monocyte,True,True,both_correct,other,3.152889e-07,1.0
ACCGTTCTCTGGGCAC-1.HTO8.monocyte,monocyte,monocyte,monocyte,True,True,both_correct,other,1.859795e-07,1.0
ACCTACCCATGGACAG-1.HTO3.cd4_em,cd4_em,cd4_em,cd4_em,True,True,both_correct,other,0.97996163,1.0
ACCTACCTCTAACGGT-1.HTO6.cd8_em,cd8_em,cd8_em,cd8_em,True,True,both_correct,other,0.75558287,0.7196587744214351
ACCTGAATCACACCGG-1.HTO8.monocyte,monocyte,monocyte,monocyte,True,True,both_correct,other,1.5210974e-05,1.0
ACGATCACACCTGCAG-0.HTO2.cd4_cm,cd4_cm,cd4_cm,cd4_cm,True,True,both_correct,central_memory,0.7332706,1.0
ACGATGTAGTGCCAGA-0.HTO6.cd8_em,cd8_em,cd8_em,cd8_em,True,True,both_correct,other,0.6680729,1.0
ACGATGTCAGTAACAA-0.HTO7.cd8_emra,cd8_emra,cd8_em,cd8_emra,False,True,mmochi_only_correct,other,0.6694137,1.0
ACGATGTCATGGCCAC-1.HTO4.cd8_n,cd8_n,cd8_n,cd8_n,True,True,both_correct,other,0.91367775,1.0
ACGATGTGTTGCGGAA-0.HTO8.monocyte,monocyte,monocyte,monocyte,True,True,both_correct,other,2.5199795e-06,1.0
ACGCACGGTTCAGCGC-1.HTO4.cd8_n,cd8_n,cd8_n,cd8_n,True,True,both_correct,other,0.7452285,1.0
ACGCACGTCAACACCA-1.HTO8.monocyte,monocyte,monocyte,monocyte,True,True,both_correct,other,3.239961e-06,1.0
ACGGAAGAGTTGGACG-1.HTO1.cd4_n,cd4_n,cd4_n,cd4_n,True,True,both_correct,other,0.3679141,1.0
ACGGAAGGTTAGAGTA-0.HTO3.cd4_em,cd4_em,cd4_em,cd4_em,True,True,both_correct,other,0.9363597,1.0
ACGGAAGGTTCGTTCC-1.HTO6.cd8_em,cd8_em,cd8_em,cd8_em,True,True,both_correct,other,0.78800577,1.0
ACGGTCGCACACGCCA-1.HTO3.cd4_em,cd4_em,cd4_em,cd4_em,True,True,both_correct,other,0.6978299,1.0
ACGGTCGGTACGATGG-1.HTO6.cd8_em,cd8_em,cd8_em,cd8_em,True,True,both_correct,other,0.7610533,1.0
ACGGTTAAGCTAGCCC-1.HTO5.cd8_cm,cd8_cm,cd8_cm,cd8_em,True,False,mosaic_only_correct,central_memory,0.76806325,0.781298096072231
ACGTAACCAGAGACTG-1.HTO1.cd4_n,cd4_n,cd4_n,cd4_n,True,True,both_correct,other,0.45442936,1.0
ACGTAACGTCGGCCTA-1.HTO5.cd8_cm,cd8_cm,cd8_cm,cd8_cm,True,True,both_correct,central_memory,0.9240485,1.0
ACGTACATCATCTGTT-1.HTO1.cd4_n,cd4_n,cd4_n,cd4_n,True,True,both_correct,other,0.46696854,1.0
ACGTAGTCAGCCTACG-1.HTO6.cd8_em,cd8_em,cd8_em,cd8_em,True,True,both_correct,other,0.76617444,1.0
ACGTAGTCATCATTTC-1.HTO8.monocyte,monocyte,monocyte,monocyte,True,True,both_correct,other,2.481888e-06,1.0
ACGTAGTGTTAACAGA-1.HTO7.cd8_emra,cd8_emra,cd8_emra,cd8_emra,True,True,both_correct,other,0.84712166,1.0
ACGTAGTTCCTACGAA-1.HTO1.cd4_n,cd4_n,cd4_n,cd4_n,True,True,both_correct,other,0.43332103,1.0
ACTATCTGTAGTTAGA-0.HTO3.cd4_em,cd4_em,cd4_em,cd4_em,True,True,both_correct,other,0.8865569,1.0
ACTATGGAGTACCCTA-1.HTO8.monocyte,monocyte,monocyte,monocyte,True,True,both_correct,other,5.865376e-06,1.0
ACTATGGGTAATTAGG-0.HTO1.cd4_n,cd4_n,cd4_n,cd4_n,True,True,both_correct,other,0.33916387,1.0
ACTATTCTCTGATTCT-1.HTO1.cd4_n,cd4_n,cd4_n,cd4_n,True,True,both_correct,other,0.46458033,1.0
ACTCCCAAGCGCCCAT-1.HTO8.monocyte,monocyte,monocyte,monocyte,True,True,both_correct,other,1.6094709e-06,1.0
ACTCCCACACAAATCC-0.HTO2.cd4_cm,cd4_cm,cd4_cm,cd4_cm,True,True,both_correct,central_memory,0.5704995,1.0
ACTCCCAGTGGCGTAA-1.HTO2.cd4_cm,cd4_cm,cd4_cm,cd4_cm,True,True,both_correct,central_memory,0.5676763,1.0
ACTCTCGTCCGTCAAA-1.HTO4.cd8_n,cd8_n,cd8_n,cd8_n,True,True,both_correct,other,0.7772539,1.0
ACTGATGAGAAACTCA-1.HTO7.cd8_emra,cd8_emra,cd8_emra,cd8_emra,True,True,both_correct,other,0.76319456,1.0
ACTGATGGTTAGCGGA-1.HTO3.cd4_em,cd4_em,cd4_em,cd4_em,True,True,both_correct,other,0.9677847,1.0
ACTGATGTCGCGTTTC-1.HTO6.cd8_em,cd8_em,cd8_em,cd8_em,True,True,both_correct,other,0.7871585,1.0
ACTGCAAAGGAGATAG-1.HTO4.cd8_n,cd8_n,cd8_n,cd8_n,True,True,both_correct,other,0.72647864,1.0
ACTGCAAGTACAGTAA-1.HTO8.monocyte,monocyte,monocyte,monocyte,True,True,both_correct,other,6.80134e-06,1.0
ACTGTCCCATATCTGG-1.HTO6.cd8_em,cd8_em,cd8_em,cd8_em,True,True,both_correct,other,0.73987085,1.0
ACTGTCCTCAAACGAA-1.HTO7.cd8_emra,cd8_emra,cd8_emra,cd8_emra,True,True,both_correct,other,0.7785523,1.0
ACTTAGGAGACTAAGT-0.HTO2.cd4_cm,cd4_cm,cd4_cm,cd4_cm,True,True,both_correct,central_memory,0.41386867,1.0
ACTTAGGAGAGCCGAT-1.HTO2.cd4_cm,cd4_cm,cd4_cm,cd4_cm,True,True,both_correct,central_memory,0.5604968,1.0
ACTTAGGCACTGGCGT-0.HTO3.cd4_em,cd4_em,cd4_em,cd4_em,True,True,both_correct,other,0.98432213,1.0
ACTTATCGTCACTCTC-1.HTO1.cd4_n,cd4_n,cd4_n,cd4_n,True,True,both_correct,other,0.40290734,1.0
ACTTATCGTCGTTGCG-1.HTO6.cd8_em,cd8_em,cd8_em,cd8_em,True,True,both_correct,other,0.860165,1.0
ACTTCCGAGGCACCAA-1.HTO5.cd8_cm,cd8_cm,cd8_cm,cd8_cm,True,True,both_correct,central_memory,0.90721875,0.910123367976107
ACTTCGCAGAAGGTAG-1.HTO1.cd4_n,cd4_n,cd4_n,cd4_n,True,True,both_correct,other,0.5017348,1.0
ACTTCGCTCTCCTGCA-0.HTO2.cd4_cm,cd4_cm,cd4_cm,cd4_cm,True,True,both_correct,central_memory,0.56104994,1.0
ACTTTCAAGGGAACAA-0.HTO1.cd4_n,cd4_n,cd4_n,cd4_n,True,True,both_correct,other,0.5066549,1.0
ACTTTCACAATGGCAG-1.HTO8.monocyte,monocyte,monocyte,monocyte,True,True,both_correct,other,3.187937e-08,1.0
ACTTTCAGTAGGACTG-0.HTO4.cd8_n,cd8_n,cd8_n,cd8_n,True,True,both_correct,other,0.798299,1.0
ACTTTGTCACACCGAC-1.HTO3.cd4_em,cd4_em,cd4_em,cd4_em,True,True,both_correct,other,0.88622296,1.0
AGAAATGAGAGTCTGG-1.HTO4.cd8_n,cd8_n,cd8_n,cd8_n,True,True,both_correct,other,0.69803274,1.0
AGAAATGCATCCAATG-0.HTO1.cd4_n,cd4_n,cd4_n,cd4_n,True,True,both_correct,other,0.46743754,1.0
AGAAATGGTAGTCGTT-0.HTO3.cd4_em,cd4_em,cd4_em,cd4_em,True,True,both_correct,other,0.9840553,1.0
AGAAATGGTGCTTATG-1.HTO2.cd4_cm,cd4_cm,cd4_cm,cd4_cm,True,True,both_correct,central_memory,0.520484,1.0
AGAAATGTCCCTCGTA-0.HTO2.cd4_cm,cd4_cm,cd4_em,cd4_cm,False,True,mmochi_only_correct,central_memory,0.7724522,1.0
AGAAATGTCTTGCAAG-0.HTO1.cd4_n,cd4_n,cd4_n,cd4_n,True,True,both_correct,other,0.42554703,1.0
AGAACAACATCAGTCA-1.HTO8.monocyte,monocyte,monocyte,monocyte,True,True,both_correct,other,2.6192745e-06,1.0
AGAACAATCCTACCGT-0.HTO1.cd4_n,cd4_n,cd4_n,cd4_n,True,True,both_correct,other,0.5098414,1.0
AGAACAATCGTCAAAC-1.HTO2.cd4_cm,cd4_cm,cd4_cm,cd4_cm,True,True,both_correct,central_memory,0.49032524,1.0
AGAACAATCTGTTCAT-0.HTO1.cd4_n,cd4_n,cd4_n,cd4_n,True,True,both_correct,other,0.5649417,1.0
AGAACAATCTTTCCAA-1.HTO3.cd4_em,cd4_em,cd4_em,cd4_em,True,True,both_correct,other,0.71514976,1.0
AGAACCTCAACGGTAG-1.HTO1.cd4_n,cd4_n,cd4_n,cd4_n,True,True,both_correct,other,0.5340322,1.0
AGAACCTGTCCGTACG-1.HTO7.cd8_emra,cd8_emra,cd8_emra,cd8_emra,True,True,both_correct,other,0.8655946,1.0
AGAACCTGTCTGATCA-1.HTO4.cd8_n,cd8_n,cd8_n,cd8_n,True,True,both_correct,other,0.87054586,1.0
AGAAGCGCATCATTTC-1.HTO1.cd4_n,cd4_n,cd4_n,cd4_n,True,True,both_correct,other,0.53618366,1.0
AGAAGTACATCGAGCC-1.HTO6.cd8_em,cd8_em,cd8_em,cd8_em,True,True,both_correct,other,0.6673368,1.0
AGAAGTAGTATGCTAC-1.HTO6.cd8_em,cd8_em,cd8_em,cd8_em,True,True,both_correct,other,0.85934305,1.0
AGACAAAAGAGTGGCT-1.HTO3.cd4_em,cd4_em,cd4_em,cd4_em,True,True,both_correct,other,0.9670951,1.0
AGACAAAAGGTCGAGT-1.HTO6.cd8_em,cd8_em,cd8_em,cd8_em,True,True,both_correct,other,0.70514643,1.0
AGACAAACAAACCGGA-0.HTO7.cd8_emra,cd8_emra,cd8_emra,cd8_emra,True,True,both_correct,other,0.8065014,1.0
AGACACTAGTAGTCAA-0.HTO4.cd8_n,cd8_n,cd8_n,cd8_n,True,True,both_correct,other,0.6669214,1.0
AGACACTCACCCAACG-1.HTO1.cd4_n,cd4_n,cd4_n,cd4_n,True,True,both_correct,other,0.4706251,1.0
AGACACTGTATCGCTA-0.HTO4.cd8_n,cd8_n,cd8_n,cd8_n,True,True,both_correct,other,0.87469316,1.0
AGACACTTCCTGCCAT-1.HTO5.cd8_cm,cd8_cm,cd8_cm,cd8_cm,True,True,both_correct,central_memory,0.80967987,1.0
AGACAGGAGTATGACA-1.HTO5.cd8_cm,cd8_cm,cd8_cm,cd8_cm,True,True,both_correct,central_memory,0.85320795,1.0
AGACAGGCAGAGGTTG-0.HTO1.cd4_n,cd4_n,cd4_n,cd4_n,True,True,both_correct,other,0.4559372,1.0
AGACAGGGTCCCTGAG-1.HTO6.cd8_em,cd8_em,cd8_em,cd8_em,True,True,both_correct,other,0.74932927,1.0
AGACCATAGATGCTGG-1.HTO6.cd8_em,cd8_em,cd8_em,cd8_em,True,True,both_correct,other,0.7781115,1.0
AGACCCGCACGGCCAT-1.HTO3.cd4_em,cd4_em,cd4_em,cd4_em,True,True,both_correct,other,0.96005696,1.0
AGACTCACATTGACTG-1.HTO6.cd8_em,cd8_em,cd8_em,cd8_em,True,True,both_correct,other,0.6304053,1.0
AGACTCAGTACAAGCG-1.HTO1.cd4_n,cd4_n,cd4_cm,cd4_n,False,True,mmochi_only_correct,other,0.63084936,1.0
AGACTCATCATCACAG-0.HTO6.cd8_em,cd8_em,cd8_em,cd8_em,True,True,both_correct,other,0.8078232,1.0
AGACTCATCATCTATC-0.HTO6.cd8_em,cd8_em,cd8_em,cd8_em,True,True,both_correct,other,0.798758,1.0
AGACTCATCGGCATTA-0.HTO8.monocyte,monocyte,monocyte,monocyte,True,True,both_correct,other,2.4947549e-06,1.0
AGAGAATAGATGTTGA-1.HTO8.monocyte,monocyte,monocyte,monocyte,True,True,both_correct,other,4.313202e-06,1.0
AGAGAATAGCTCGCAC-0.HTO3.cd4_em,cd4_em,cd4_em,cd4_em,True,True,both_correct,other,0.94842064,1.0
AGAGAATCAGATCCTA-0.HTO1.cd4_n,cd4_n,cd4_cm,cd4_n,False,True,mmochi_only_correct,other,0.53755957,1.0
AGAGAATTCCTCCACA-0.HTO6.cd8_em,cd8_em,cd8_emra,cd8_em,False,True,mmochi_only_correct,other,0.76350164,1.0
AGAGAATTCGTCTCAC-1.HTO5.cd8_cm,cd8_cm,cd8_cm,cd8_em,True,False,mosaic_only_correct,central_memory,0.663748,0.925993485513652
AGAGAGCAGGAACGCT-1.HTO5.cd8_cm,cd8_cm,cd8_cm,cd8_cm,True,True,both_correct,central_memory,0.7940861,1.0
AGAGAGCAGTTACGGG-1.HTO2.cd4_cm,cd4_cm,cd4_cm,cd4_cm,True,True,both_correct,central_memory,0.70586526,1.0
AGAGAGCCATAAGCAA-0.HTO8.monocyte,monocyte,monocyte,monocyte,True,True,both_correct,other,2.2041571e-07,1.0
AGAGAGCGTAGTATAG-1.HTO8.monocyte,monocyte,monocyte,monocyte,True,True,both_correct,other,2.1370486e-06,1.0
AGAGAGCGTTCCTACC-1.HTO8.monocyte,monocyte,monocyte,monocyte,True,True,both_correct,other,3.1589084e-07,1.0
AGAGCAGAGAGCAGCT-1.HTO2.cd4_cm,cd4_cm,cd4_cm,cd4_cm,True,True,both_correct,central_memory,0.46720323,1.0
AGAGCAGGTAAGAACT-0.HTO5.cd8_cm,cd8_cm,cd8_cm,cd8_cm,True,True,both_correct,central_memory,0.7838748,1.0
AGAGCAGGTAGCCCTG-1.HTO1.cd4_n,cd4_n,cd4_n,cd4_n,True,True,both_correct,other,0.46127748,1.0
AGAGCAGGTGCTATTG-1.HTO2.cd4_cm,cd4_cm,cd4_cm,cd4_cm,True,True,both_correct,central_memory,0.62405485,1.0
AGAGCCCGTGCCGGTT-1.HTO8.monocyte,monocyte,monocyte,monocyte,True,True,both_correct,other,2.8804357e-05,1.0
AGAGCCCTCCCTAGGG-1.HTO4.cd8_n,cd8_n,cd8_n,cd8_n,True,True,both_correct,other,0.76716244,1.0
AGATAGAGTGGTCTGC-1.HTO3.cd4_em,cd4_em,cd4_em,cd4_em,True,True,both_correct,other,0.82890236,1.0
AGATAGATCACACCGG-1.HTO3.cd4_em,cd4_em,cd4_em,cd4_em,True,True,both_correct,other,0.9896969,1.0
AGATCCAAGCACTAAA-0.HTO4.cd8_n,cd8_n,cd8_n,cd8_n,True,True,both_correct,other,0.7523514,1.0
AGATCCATCGCAATGT-1.HTO6.cd8_em,cd8_em,cd8_em,cd8_em,True,True,both_correct,other,0.9046994,1.0
AGATCGTAGCCGAATG-1.HTO3.cd4_em,cd4_em,cd4_em,cd4_em,True,True,both_correct,other,0.914201,1.0
AGATCGTCACTGGATT-1.HTO2.cd4_cm,cd4_cm,cd4_cm,cd4_cm,True,True,both_correct,central_memory,0.7415228,1.0
AGATCGTGTGCGGTAA-0.HTO7.cd8_emra,cd8_emra,cd8_emra,cd8_emra,True,True,both_correct,other,0.8532111,1.0
AGATCGTGTTAGGAGC-0.HTO2.cd4_cm,cd4_cm,cd4_cm,cd4_cm,True,True,both_correct,central_memory,0.4137109,1.0
AGATCGTTCATTGCCC-1.HTO8.monocyte,monocyte,monocyte,monocyte,True,True,both_correct,other,1.084182e-05,1.0
AGATCGTTCGCTAGCG-1.HTO3.cd4_em,cd4_em,cd4_em,cd4_em,True,True,both_correct,other,0.9868019,1.0
AGATGAAAGGTAAACT-1.HTO7.cd8_emra,cd8_emra,cd8_emra,cd8_emra,True,True,both_correct,other,0.8346888,1.0
AGATGAACAACTGATC-1.HTO4.cd8_n,cd8_n,cd8_n,cd8_n,True,True,both_correct,other,0.7098101,1.0
AGATGAACACATGACT-0.HTO1.cd4_n,cd4_n,cd4_n,cd4_n,True,True,both_correct,other,0.36607197,1.0
AGATGAACACCTTCGT-1.HTO8.monocyte,monocyte,monocyte,monocyte,True,True,both_correct,other,1.5379209e-06,1.0
AGATGCTAGGCATTTC-0.HTO1.cd4_n,cd4_n,cd4_n,cd4_n,True,True,both_correct,other,0.44994783,1.0
AGCATCATCCTCGATC-1.HTO2.cd4_cm,cd4_cm,cd4_cm,cd4_em,True,False,mosaic_only_correct,central_memory,0.47441941,1.0
AGCATCATCTCCAAGA-1.HTO8.monocyte,monocyte,monocyte,monocyte,True,True,both_correct,other,4.5624955e-07,1.0
AGCATCATCTTCCAGC-0.HTO7.cd8_emra,cd8_emra,cd8_emra,cd8_emra,True,True,both_correct,other,0.8653203,1.0
AGCCAATAGGAATTAC-1.HTO3.cd4_em,cd4_em,cd4_em,cd4_em,True,True,both_correct,other,0.9708836,1.0
AGCCAATCACGGTGTC-1.HTO1.cd4_n,cd4_n,cd4_n,cd4_n,True,True,both_correct,other,0.42020306,1.0
AGCCACGCAGGAATAT-0.HTO7.cd8_emra,cd8_emra,cd8_emra,cd8_emra,True,True,both_correct,other,0.70739293,1.0
AGCCACGTCCATGATG-1.HTO3.cd4_em,cd4_em,cd4_em,cd4_em,True,True,both_correct,other,0.9341159,1.0
AGCCACGTCTTACCGC-1.HTO4.cd8_n,cd8_n,cd8_n,cd8_n,True,True,both_correct,other,0.60801,1.0
AGCCAGCAGACAAGCC-0.HTO8.monocyte,monocyte,monocyte,monocyte,True,True,both_correct,other,5.177305e-06,1.0
AGCCAGCAGTTGTAAG-0.HTO7.cd8_emra,cd8_emra,cd8_emra,cd8_emra,True,True,both_correct,other,0.6670102,0.7307692307692307
AGCCAGCCAGCATGCC-1.HTO6.cd8_em,cd8_em,cd8_em,cd8_em,True,True,both_correct,other,0.80163735,1.0
AGCGATTCAGAGAGGG-1.HTO6.cd8_em,cd8_em,cd8_em,cd8_em,True,True,both_correct,other,0.8552168,1.0
AGCGATTGTTGTAGCT-0.HTO4.cd8_n,cd8_n,cd8_n,cd8_n,True,True,both_correct,other,0.78611237,1.0
AGCGATTTCTCCCATG-1.HTO6.cd8_em,cd8_em,cd8_em,cd8_em,True,True,both_correct,other,0.83323157,1.0
AGCGCCAGTCCGGTGT-0.HTO7.cd8_emra,cd8_emra,cd8_emra,cd8_emra,True,True,both_correct,other,0.8184046,1.0
AGCGTATCATACTGTG-0.HTO4.cd8_n,cd8_n,cd4_n,cd8_n,False,True,mmochi_only_correct,other,0.39849907,1.0
AGCTACACAGATAAAC-1.HTO5.cd8_cm,cd8_cm,cd8_n,cd8_cm,False,True,mmochi_only_correct,central_memory,0.92426103,1.0
AGCTCAAAGCAATTCC-1.HTO3.cd4_em,cd4_em,cd4_em,cd4_em,True,True,both_correct,other,0.80574083,1.0
AGCTCAAAGGGAACAA-0.HTO1.cd4_n,cd4_n,cd4_n,cd4_n,True,True,both_correct,other,0.4410613,1.0
AGCTCAACATCATCCC-0.HTO5.cd8_cm,cd8_cm,cd8_cm,cd8_cm,True,True,both_correct,central_memory,0.8589105,1.0
AGGAAATAGGAGCTGT-1.HTO4.cd8_n,cd8_n,cd8_n,cd8_n,True,True,both_correct,other,0.6702015,1.0
AGGAATAAGTAGTCTC-0.HTO3.cd4_em,cd4_em,cd4_em,cd4_em,True,True,both_correct,other,0.83044094,1.0
AGGACGAAGGAGGGTG-1.HTO6.cd8_em,cd8_em,cd8_em,cd8_em,True,True,both_correct,other,0.87389547,1.0
AGGACGACAGAAGTTA-1.HTO5.cd8_cm,cd8_cm,cd8_cm,cd8_cm,True,True,both_correct,central_memory,0.8356868,1.0
AGGACGACATATTCGG-0.HTO3.cd4_em,cd4_em,cd4_em,cd4_em,True,True,both_correct,other,0.87528926,1.0
AGGACTTAGCTACGTT-0.HTO6.cd8_em,cd8_em,cd8_em,cd8_em,True,True,both_correct,other,0.7135592,1.0
AGGACTTAGTTCTCTT-1.HTO6.cd8_em,cd8_em,cd8_emra,cd8_emra,False,False,both_incorrect,other,0.90908736,0.9499999999999998
AGGACTTGTCAACATC-0.HTO1.cd4_n,cd4_n,cd4_n,cd4_n,True,True,both_correct,other,0.5110004,1.0
AGGAGGTCATGCACTA-1.HTO8.monocyte,monocyte,monocyte,monocyte,True,True,both_correct,other,1.7757646e-06,1.0
AGGAGGTGTGTGATGG-1.HTO3.cd4_em,cd4_em,cd4_em,cd4_em,True,True,both_correct,other,0.90530026,1.0
AGGAGGTTCGCGGACT-1.HTO3.cd4_em,cd4_em,cd4_em,cd4_em,True,True,both_correct,other,0.9872485,1.0
AGGAGGTTCTTGGCTC-0.HTO3.cd4_em,cd4_em,cd4_em,cd4_em,True,True,both_correct,other,0.95920867,1.0
AGGATAAAGCCTCAAT-1.HTO3.cd4_em,cd4_em,cd4_em,cd4_em,True,True,both_correct,other,0.6861537,1.0
AGGATAACAGCCGTTG-1.HTO5.cd8_cm,cd8_cm,cd8_cm,cd8_cm,True,True,both_correct,central_memory,0.8585932,1.0
AGGATAACAGGAGACT-0.HTO8.monocyte,monocyte,monocyte,monocyte,True,True,both_correct,other,9.085397e-08,1.0
AGGATAACAGGGACTA-1.HTO3.cd4_em,cd4_em,cd4_em,cd4_em,True,True,both_correct,other,0.98690724,1.0
AGGATAACATGACGAG-0.HTO4.cd8_n,cd8_n,cd8_n,cd8_n,True,True,both_correct,other,0.7359389,1.0
AGGATCTAGATCCCAT-1.HTO3.cd4_em,cd4_em,cd4_em,cd4_em,True,True,both_correct,other,0.9726563,1.0
AGGATCTAGTCTACCA-0.HTO3.cd4_em,cd4_em,cd8_em,cd8_em,False,False,both_incorrect,other,0.86087745,1.0
AGGCATTAGCCGAACA-1.HTO3.cd4_em,cd4_em,cd4_em,cd4_em,True,True,both_correct,other,0.8662691,1.0
AGGCCACTCAAGTTGC-1.HTO5.cd8_cm,cd8_cm,cd8_cm,cd8_cm,True,True,both_correct,central_memory,0.7869297,1.0
AGGCCACTCCGAGGCT-1.HTO1.cd4_n,cd4_n,cd4_n,cd4_n,True,True,both_correct,other,0.5458321,1.0
AGGCTGCAGAGGTTAT-1.HTO8.monocyte,monocyte,monocyte,monocyte,True,True,both_correct,other,8.3268816e-07,1.0
AGGCTGCAGGTTGTTC-0.HTO4.cd8_n,cd8_n,cd8_n,cd8_n,True,True,both_correct,other,0.710322,1.0
AGGCTGCGTTTAGACC-1.HTO1.cd4_n,cd4_n,cd4_n,cd4_n,True,True,both_correct,other,0.54920435,1.0
AGGCTGCTCGTTCCCA-0.HTO1.cd4_n,cd4_n,cd4_n,cd4_n,True,True,both_correct,other,0.53274375,1.0
AGGGAGTCAGAAGCTG-1.HTO5.cd8_cm,cd8_cm,cd8_cm,cd8_cm,True,True,both_correct,central_memory,0.7801223,1.0
AGGGCCTCACCAAAGG-1.HTO6.cd8_em,cd8_em,cd8_em,cd8_em,True,True,both_correct,other,0.76675534,1.0
AGGGCCTCAGCATTGT-0.HTO1.cd4_n,cd4_n,cd4_n,cd4_n,True,True,both_correct,other,0.44213822,1.0
AGGGTCCGTCTCAGGC-1.HTO1.cd4_n,cd4_n,cd4_cm,cd4_n,False,True,mmochi_only_correct,other,0.6311871,1.0
AGGGTCCTCTGGAAGG-1.HTO6.cd8_em,cd8_em,cd8_em,cd8_em,True,True,both_correct,other,0.7789683,1.0
AGGGTGAAGGCCACTC-0.HTO4.cd8_n,cd8_n,cd8_n,cd8_n,True,True,both_correct,other,0.7302211,1.0
AGGGTGACAAGGACAC-0.HTO8.monocyte,monocyte,monocyte,monocyte,True,True,both_correct,other,8.584931e-05,1.0
AGGGTGAGTTAAGACA-1.HTO5.cd8_cm,cd8_cm,cd8_cm,cd8_cm,True,True,both_correct,central_memory,0.7547156,1.0
AGGGTTTAGGTAGACC-0.HTO2.cd4_cm,cd4_cm,cd4_em,cd4_em,False,False,both_incorrect,central_memory,0.6103082,1.0
AGGGTTTCATATCGGT-1.HTO2.cd4_cm,cd4_cm,cd4_cm,cd4_cm,True,True,both_correct,central_memory,0.48172727,1.0
AGGGTTTGTCGTCGGT-1.HTO2.cd4_cm,cd4_cm,cd4_n,cd4_n,False,False,both_incorrect,central_memory,0.53101623,1.0
AGGTAGGGTCAAGCGA-0.HTO2.cd4_cm,cd4_cm,cd4_cm,cd4_n,True,False,mosaic_only_correct,central_memory,0.5232806,1.0
AGGTCATAGCAAGTCG-1.HTO1.cd4_n,cd4_n,cd4_n,cd4_n,True,True,both_correct,other,0.43136248,1.0
AGGTCATAGTGGAAGA-1.HTO2.cd4_cm,cd4_cm,cd4_cm,cd4_cm,True,True,both_correct,central_memory,0.4702449,1.0
AGGTCATCAGGACTTT-0.HTO6.cd8_em,cd8_em,cd8_em,cd8_em,True,True,both_correct,other,0.69431204,1.0
AGGTCATGTCACAGTT-1.HTO8.monocyte,monocyte,monocyte,monocyte,True,True,both_correct,other,1.561343e-06,1.0
AGGTCATTCACGGACC-1.HTO5.cd8_cm,cd8_cm,cd8_cm,cd8_cm,True,True,both_correct,central_memory,0.80431384,1.0
AGGTCTAGTCACAGTT-0.HTO6.cd8_em,cd8_em,cd8_em,cd8_em,True,True,both_correct,other,0.7732693,1.0
AGGTCTATCATACGAC-1.HTO2.cd4_cm,cd4_cm,cd4_cm,cd4_cm,True,True,both_correct,central_memory,0.80804527,1.0
AGGTGTTAGACTACGG-0.HTO8.monocyte,monocyte,monocyte,monocyte,True,True,both_correct,other,6.291349e-05,1.0
AGGTGTTCACAATCTG-0.HTO1.cd4_n,cd4_n,cd4_n,cd4_n,True,True,both_correct,other,0.42782047,1.0
AGGTGTTCAGCACACC-1.HTO3.cd4_em,cd4_em,cd4_em,cd4_em,True,True,both_correct,other,0.9046001,1.0
AGGTGTTTCGACCACG-1.HTO7.cd8_emra,cd8_emra,cd8_cm,cd8_emra,False,True,mmochi_only_correct,other,0.7643128,1.0
AGGTGTTTCTCATTGT-0.HTO7.cd8_emra,cd8_emra,cd8_emra,cd8_emra,True,True,both_correct,other,0.76350373,1.0
AGGTTACAGCTGCGAA-1.HTO5.cd8_cm,cd8_cm,cd8_cm,cd8_cm,True,True,both_correct,central_memory,0.8327975,1.0
AGGTTACGTATCGCGC-1.HTO2.cd4_cm,cd4_cm,cd4_cm,cd4_cm,True,True,both_correct,central_memory,0.7697608,1.0
AGGTTACTCCTTCAGC-1.HTO3.cd4_em,cd4_em,cd4_em,cd4_em,True,True,both_correct,other,0.92338985,1.0
AGGTTACTCTTGGTCC-1.HTO3.cd4_em,cd4_em,cd4_em,cd4_em,True,True,both_correct,other,0.94822294,1.0
AGGTTGTCAAAGCACG-1.HTO6.cd8_em,cd8_em,cd8_em,cd8_em,True,True,both_correct,other,0.7720682,1.0
AGGTTGTCAAGCGAAC-1.HTO2.cd4_cm,cd4_cm,cd4_cm,cd4_cm,True,True,both_correct,central_memory,0.728594,1.0
AGGTTGTTCGCGATCG-0.HTO7.cd8_emra,cd8_emra,cd8_emra,cd8_emra,True,True,both_correct,other,0.8859488,1.0
AGGTTGTTCGTAGCTA-1.HTO1.cd4_n,cd4_n,cd4_n,cd4_n,True,True,both_correct,other,0.5897575,1.0
AGTAACCCAGATTAAG-0.HTO5.cd8_cm,cd8_cm,cd8_cm,cd8_em,True,False,mosaic_only_correct,central_memory,0.84757155,0.925993485513652
AGTACCAAGGGATCTG-1.HTO3.cd4_em,cd4_em,cd4_em,cd4_em,True,True,both_correct,other,0.9682474,1.0
AGTACCAGTATGAAGT-0.HTO1.cd4_n,cd4_n,cd4_n,cd4_n,True,True,both_correct,other,0.5109695,1.0
AGTACCATCCGACGGT-0.HTO6.cd8_em,cd8_em,cd8_em,cd8_em,True,True,both_correct,other,0.71397734,1.0
AGTACTGAGAGTGAAG-1.HTO4.cd8_n,cd8_n,cd8_n,cd8_n,True,True,both_correct,other,0.835814,1.0
AGTACTGGTCGGTAAG-1.HTO8.monocyte,monocyte,monocyte,monocyte,True,True,both_correct,other,1.1663628e-06,1.0
AGTACTGGTCGGTGTC-0.HTO1.cd4_n,cd4_n,cd4_n,cd4_n,True,True,both_correct,other,0.48985922,1.0
AGTAGTCAGTAAATGC-0.HTO7.cd8_emra,cd8_emra,cd8_emra,cd8_emra,True,True,both_correct,other,0.87326735,1.0
AGTAGTCCAGGAATAT-1.HTO4.cd8_n,cd8_n,cd8_n,cd8_n,True,True,both_correct,other,0.6735809,1.0
AGTAGTCTCTAGAACC-1.HTO3.cd4_em,cd4_em,cd4_em,cd4_em,True,True,both_correct,other,0.9023785,1.0
AGTCAACAGAGTTCGG-0.HTO3.cd4_em,cd4_em,cd4_em,cd4_em,True,True,both_correct,other,0.8645834,1.0
AGTCAACGTCGGTACC-1.HTO1.cd4_n,cd4_n,cd4_n,cd4_n,True,True,both_correct,other,0.3892731,1.0
AGTCAACTCGTGTCAA-0.HTO5.cd8_cm,cd8_cm,cd8_cm,cd8_cm,True,True,both_correct,central_memory,0.76127577,1.0
AGTCACAAGCCGATTT-0.HTO2.cd4_cm,cd4_cm,cd4_cm,cd8_em,True,False,mosaic_only_correct,central_memory,0.8277342,1.0
AGTCACACACTACTTT-1.HTO6.cd8_em,cd8_em,cd8_em,cd8_em,True,True,both_correct,other,0.8543944,1.0
AGTCACACATGGCCAC-1.HTO8.monocyte,monocyte,monocyte,monocyte,True,True,both_correct,other,2.8657485e-06,1.0
AGTCACAGTTATCTGG-0.HTO5.cd8_cm,cd8_cm,cd8_cm,cd8_cm,True,True,both_correct,central_memory,0.70374525,1.0
AGTCACATCCGTATAG-1.HTO8.monocyte,monocyte,monocyte,monocyte,True,True,both_correct,other,5.9500097e-05,1.0
AGTCATGCAGCGGTTC-1.HTO3.cd4_em,cd4_em,cd4_em,cd4_em,True,True,both_correct,other,0.9481269,1.0
AGTCATGGTCAAAGTA-1.HTO3.cd4_em,cd4_em,cd4_em,cd4_em,True,True,both_correct,other,0.688591,1.0
AGTCATGTCAATCTCT-1.HTO6.cd8_em,cd8_em,cd8_em,cd8_em,True,True,both_correct,other,0.81622,1.0
AGTCATGTCGAACGCC-1.HTO7.cd8_emra,cd8_emra,cd8_emra,cd8_emra,True,True,both_correct,other,0.84597385,1.0
AGTGACTCACTGTGAT-1.HTO7.cd8_emra,cd8_emra,cd8_em,cd8_emra,False,True,mmochi_only_correct,other,0.8707001,1.0
AGTGACTCAGCAGTGA-0.HTO8.monocyte,monocyte,monocyte,monocyte,True,True,both_correct,other,1.1270028e-05,1.0
AGTGACTCAGCGTTTA-1.HTO4.cd8_n,cd8_n,cd8_n,cd8_n,True,True,both_correct,other,0.7583086,1.0
AGTGACTGTACCTGTA-0.HTO3.cd4_em,cd4_em,cd4_em,cd4_em,True,True,both_correct,other,0.98472714,1.0
AGTGATCAGCTATCCA-0.HTO8.monocyte,monocyte,monocyte,monocyte,True,True,both_correct,other,3.9090237e-06,1.0
AGTGCCGGTACAGGTG-0.HTO6.cd8_em,cd8_em,cd8_em,cd8_em,True,True,both_correct,other,0.81883246,1.0
AGTGCCGGTCACATTG-1.HTO6.cd8_em,cd8_em,cd8_em,cd8_em,True,True,both_correct,other,0.9474003,1.0
AGTGCCGGTGTGTACT-1.HTO5.cd8_cm,cd8_cm,cd8_cm,cd8_cm,True,True,both_correct,central_memory,0.8855788,1.0
AGTGTTGAGCCTCACG-1.HTO7.cd8_emra,cd8_emra,cd8_emra,cd8_emra,True,True,both_correct,other,0.88151884,1.0
AGTGTTGCACAGCGCT-0.HTO2.cd4_cm,cd4_cm,cd4_cm,cd4_cm,True,True,both_correct,central_memory,0.6606095,1.0
AGTTAGCGTGCCGTTG-1.HTO3.cd4_em,cd4_em,cd4_em,cd4_em,True,True,both_correct,other,0.98454154,1.0
AGTTAGCTCCCGAGAC-1.HTO6.cd8_em,cd8_em,cd8_em,cd8_em,True,True,both_correct,other,0.7410476,1.0
AGTTCCCCATGAAAGT-1.HTO2.cd4_cm,cd4_cm,cd4_cm,cd4_n,True,False,mosaic_only_correct,central_memory,0.60594064,1.0
AGTTCCCGTTATGGTC-1.HTO5.cd8_cm,cd8_cm,cd8_cm,cd8_cm,True,True,both_correct,central_memory,0.82334214,1.0
AGTTCCCTCCATCAGA-0.HTO6.cd8_em,cd8_em,cd8_em,cd8_em,True,True,both_correct,other,0.7156005,1.0
AGTTCGAGTGAGCTCC-1.HTO3.cd4_em,cd4_em,cd4_em,cd4_em,True,True,both_correct,other,0.98324996,1.0
AGTTCGATCCGAGTGC-1.HTO8.monocyte,monocyte,monocyte,monocyte,True,True,both_correct,other,8.525259e-07,1.0
ATACCGATCTTGTGCC-1.HTO4.cd8_n,cd8_n,cd8_n,cd8_n,True,True,both_correct,other,0.6182731,1.0
ATACCTTGTCATCCGG-0.HTO4.cd8_n,cd8_n,cd8_n,cd8_n,True,True,both_correct,other,0.60362154,1.0
ATACTTCGTGTCGCTG-1.HTO4.cd8_n,cd8_n,cd8_n,cd8_n,True,True,both_correct,other,0.75731194,1.0
ATAGACCAGCTTCTAG-0.HTO6.cd8_em,cd8_em,cd8_em,cd8_em,True,True,both_correct,other,0.75178826,1.0
ATAGACCCATAGCACT-0.HTO8.monocyte,monocyte,monocyte,monocyte,True,True,both_correct,other,4.2895846e-07,1.0
ATAGACCCATGATCTG-1.HTO8.monocyte,monocyte,monocyte,monocyte,True,True,both_correct,other,4.103449e-07,1.0
ATAGACCGTCACTCGG-1.HTO6.cd8_em,cd8_em,cd8_em,cd8_em,True,True,both_correct,other,0.88112426,1.0
ATAGACCTCGCACTCT-0.HTO4.cd8_n,cd8_n,cd8_n,cd8_n,True,True,both_correct,other,0.57253474,1.0
ATAGAGACATTGCCGG-1.HTO6.cd8_em,cd8_em,cd8_em,cd8_em,True,True,both_correct,other,0.62875056,1.0
ATAGAGAGTCGCATGC-0.HTO6.cd8_em,cd8_em,cd8_emra,cd8_emra,False,False,both_incorrect,other,0.62329936,0.8837209302325582
ATATCCTCAGAGGTTG-1.HTO5.cd8_cm,cd8_cm,cd8_cm,cd8_cm,True,True,both_correct,central_memory,0.78371716,1.0
ATATCCTTCATATGGC-1.HTO3.cd4_em,cd4_em,cd4_em,cd4_em,True,True,both_correct,other,0.6211435,1.0
ATATCCTTCGAGTGGA-0.HTO2.cd4_cm,cd4_cm,cd4_n,cd4_n,False,False,both_incorrect,central_memory,0.46587244,1.0
ATATCCTTCGTTCGCT-1.HTO6.cd8_em,cd8_em,cd8_em,cd8_em,True,True,both_correct,other,0.7529142,0.5421686746987951
ATCACAGAGAGCCTGA-1.HTO2.cd4_cm,cd4_cm,cd4_cm,cd4_cm,True,True,both_correct,central_memory,0.5737185,1.0
ATCACAGAGCATATGA-1.HTO3.cd4_em,cd4_em,cd4_em,cd4_em,True,True,both_correct,other,0.95367205,1.0
ATCACAGCACGCGTGT-0.HTO1.cd4_n,cd4_n,cd4_n,cd4_n,True,True,both_correct,other,0.50144535,1.0
ATCACGATCCGCAACG-1.HTO3.cd4_em,cd4_em,cd4_em,cd4_em,True,True,both_correct,other,0.9686506,1.0
ATCACTTGTACTCAAC-0.HTO4.cd8_n,cd8_n,cd8_n,cd8_n,True,True,both_correct,other,0.6231674,1.0
ATCATTCAGTTGCGAG-1.HTO6.cd8_em,cd8_em,cd8_em,cd8_em,True,True,both_correct,other,0.86485696,1.0
ATCATTCCAAACAGGC-1.HTO2.cd4_cm,cd4_cm,cd4_cm,cd4_cm,True,True,both_correct,central_memory,0.6376402,1.0
ATCCACCTCCGTTGAA-1.HTO2.cd4_cm,cd4_cm,cd4_n,cd4_n,False,False,both_incorrect,central_memory,0.479675,1.0
ATCCCTGAGATACAGT-0.HTO1.cd4_n,cd4_n,cd4_n,cd4_n,True,True,both_correct,other,0.5255589,1.0
ATCCCTGAGTTAGTGA-0.HTO5.cd8_cm,cd8_cm,cd8_cm,cd8_cm,True,True,both_correct,central_memory,0.875935,1.0
ATCCCTGGTACCTAGT-1.HTO6.cd8_em,cd8_em,cd8_em,cd8_em,True,True,both_correct,other,0.9168888,1.0
ATCCGTCTCGAACACT-1.HTO3.cd4_em,cd4_em,cd4_em,cd4_em,True,True,both_correct,other,0.9284149,1.0
ATCCTATAGGACAAGA-0.HTO4.cd8_n,cd8_n,cd8_n,cd8_n,True,True,both_correct,other,0.73439705,1.0
ATCCTATAGTAATCCC-1.HTO7.cd8_emra,cd8_emra,cd8_emra,cd8_emra,True,True,both_correct,other,0.86776394,0.7916666666666667
ATCCTATCAACATCGT-1.HTO6.cd8_em,cd8_em,cd8_em,cd8_em,True,True,both_correct,other,0.93560904,1.0
ATCGCCTCAGGTTCAT-1.HTO6.cd8_em,cd8_em,cd8_em,cd8_em,True,True,both_correct,other,0.78402436,1.0
ATCGCCTCATGGAATA-0.HTO3.cd4_em,cd4_em,cd4_em,cd4_em,True,True,both_correct,other,0.98147017,1.0
ATCGCCTGTCCCACGA-0.HTO7.cd8_emra,cd8_emra,cd8_emra,cd8_emra,True,True,both_correct,other,0.8651063,1.0
ATCGCCTTCTACTATC-1.HTO8.monocyte,monocyte,monocyte,monocyte,True,True,both_correct,other,1.1537956e-05,1.0
ATCGGATGTGAGTTTC-0.HTO2.cd4_cm,cd4_cm,cd4_cm,cd4_cm,True,True,both_correct,central_memory,0.39814454,1.0
ATCGGATTCACTACTT-0.HTO4.cd8_n,cd8_n,cd8_n,cd8_n,True,True,both_correct,other,0.6740905,1.0
ATCGGCGCACAAGCCC-1.HTO4.cd8_n,cd8_n,cd8_n,cd8_n,True,True,both_correct,other,0.6030254,1.0
ATCGGCGGTACACGCC-0.HTO5.cd8_cm,cd8_cm,cd8_cm,cd8_cm,True,True,both_correct,central_memory,0.91754556,1.0
ATCGTAGAGCGCTGCT-1.HTO6.cd8_em,cd8_em,cd8_em,cd8_em,True,True,both_correct,other,0.67002165,1.0
ATCGTAGTCTATACTC-0.HTO8.monocyte,monocyte,monocyte,monocyte,True,True,both_correct,other,7.781276e-06,0.9726027397260272
ATCGTGAAGGATTACA-1.HTO3.cd4_em,cd4_em,cd4_em,cd4_em,True,True,both_correct,other,0.9619883,1.0
ATCGTGACAAGGATGC-1.HTO7.cd8_emra,cd8_emra,cd8_emra,cd8_emra,True,True,both_correct,other,0.8626138,1.0
ATCGTGACACAGCATT-1.HTO8.monocyte,monocyte,monocyte,monocyte,True,True,both_correct,other,1.6281524e-07,1.0
ATCGTGAGTGCAGTGA-0.HTO5.cd8_cm,cd8_cm,cd8_cm,cd8_cm,True,True,both_correct,central_memory,0.87912416,1.0
ATCGTGATCCCTTGTG-0.HTO8.monocyte,monocyte,monocyte,monocyte,True,True,both_correct,other,3.7357805e-07,1.0
ATCTTCAAGTCTGCGC-0.HTO3.cd4_em,cd4_em,cd4_em,cd4_em,True,True,both_correct,other,0.933997,1.0
ATGAAAGCAATTGGTC-0.HTO2.cd4_cm,cd4_cm,cd4_cm,cd4_cm,True,True,both_correct,central_memory,0.49848706,1.0
ATGAAAGCACGGTCTG-1.HTO6.cd8_em,cd8_em,cd8_emra,cd8_em,False,True,mmochi_only_correct,other,0.89145994,1.0
ATGACCAAGGTGCAGT-1.HTO6.cd8_em,cd8_em,cd8_em,cd8_em,True,True,both_correct,other,0.82193154,1.0
ATGAGGGCACATACTG-1.HTO6.cd8_em,cd8_em,cd8_em,cd8_em,True,True,both_correct,other,0.71812856,1.0
ATGAGGGCACGACAAG-1.HTO4.cd8_n,cd8_n,cd8_n,cd8_n,True,True,both_correct,other,0.8166586,1.0
ATGAGGGCATGACTGT-1.HTO1.cd4_n,cd4_n,cd4_n,cd4_n,True,True,both_correct,other,0.59866947,1.0
ATGAGGGTCCGTGTGG-0.HTO4.cd8_n,cd8_n,cd8_n,cd8_n,True,True,both_correct,other,0.66605043,1.0
ATGAGTCTCACGGAGA-1.HTO3.cd4_em,cd4_em,cd4_em,cd4_em,True,True,both_correct,other,0.7611303,1.0
ATGAGTCTCTAGGAAA-1.HTO6.cd8_em,cd8_em,cd8_em,cd8_em,True,True,both_correct,other,0.7709336,1.0
ATGAGTCTCTGATGGT-1.HTO1.cd4_n,cd4_n,cd4_n,cd4_n,True,True,both_correct,other,0.49596375,1.0
ATGCATGCAATTCGTG-1.HTO4.cd8_n,cd8_n,cd8_n,cd8_n,True,True,both_correct,other,0.69225353,1.0
ATGCATGCAGCCGGTT-0.HTO1.cd4_n,cd4_n,cd4_n,cd4_n,True,True,both_correct,other,0.5751105,1.0
ATGCATGGTAGATCGG-1.HTO2.cd4_cm,cd4_cm,cd4_em,cd8_em,False,False,both_incorrect,central_memory,0.82302386,1.0
ATGCATGTCGTGACTA-0.HTO2.cd4_cm,cd4_cm,cd4_cm,cd4_cm,True,True,both_correct,central_memory,0.3946158,1.0
ATGCCTCGTAACCCGC-1.HTO8.monocyte,monocyte,monocyte,monocyte,True,True,both_correct,other,7.348271e-05,1.0
ATGCGATAGCACAAAT-1.HTO6.cd8_em,cd8_em,cd8_em,cd8_em,True,True,both_correct,other,0.77397794,1.0
ATGGAGGCAAGTGCTT-0.HTO4.cd8_n,cd8_n,cd8_n,cd8_n,True,True,both_correct,other,0.77890027,1.0
ATGGAGGCATAGGAGC-0.HTO5.cd8_cm,cd8_cm,cd8_cm,cd8_em,True,False,mosaic_only_correct,central_memory,0.7155657,0.9616113181622286
ATGGAGGCATGTTCGA-1.HTO6.cd8_em,cd8_em,cd8_em,cd8_em,True,True,both_correct,other,0.82163626,1.0
ATGGAGGGTTCGTGCG-0.HTO2.cd4_cm,cd4_cm,cd4_cm,cd4_cm,True,True,both_correct,central_memory,0.8015054,1.0
ATGGAGGGTTTAGACC-1.HTO8.monocyte,monocyte,monocyte,monocyte,True,True,both_correct,other,5.158283e-07,1.0
ATGGAGGTCCTGATAG-1.HTO4.cd8_n,cd8_n,cd8_emra,cd8_n,False,True,mmochi_only_correct,other,0.636805,1.0
ATGGAGGTCTGATGGT-1.HTO2.cd4_cm,cd4_cm,cd4_cm,cd4_cm,True,True,both_correct,central_memory,0.4491862,1.0
ATGGATCTCTATGCCC-1.HTO5.cd8_cm,cd8_cm,cd8_cm,cd8_cm,True,True,both_correct,central_memory,0.71744955,1.0
ATGGATCTCTTTGCGC-1.HTO6.cd8_em,cd8_em,cd8_em,cd8_em,True,True,both_correct,other,0.80284435,1.0
ATGGGTTAGCGGCTCT-0.HTO3.cd4_em,cd4_em,cd4_em,cd4_em,True,True,both_correct,other,0.69904363,1.0
ATGGGTTAGTGCACCC-0.HTO3.cd4_em,cd4_em,cd4_em,cd4_em,True,True,both_correct,other,0.9627344,1.0
ATGGGTTGTGTTTACG-1.HTO6.cd8_em,cd8_em,cd8_em,cd8_em,True,True,both_correct,other,0.82399696,1.0
ATGTCCCCAATACCCA-1.HTO8.monocyte,monocyte,monocyte,monocyte,True,True,both_correct,other,1.0515453e-05,1.0
ATGTCCCCATGGCGCT-1.HTO7.cd8_emra,cd8_emra,cd8_emra,cd8_emra,True,True,both_correct,other,0.7876348,0.9743589743589742
ATGTCTTAGATCACTC-0.HTO4.cd8_n,cd8_n,cd8_n,cd8_n,True,True,both_correct,other,0.67747796,1.0
ATGTCTTAGCAGTAAT-1.HTO6.cd8_em,cd8_em,cd8_emra,cd8_emra,False,False,both_incorrect,other,0.8480042,1.0
ATTACCTAGGTAAACT-0.HTO8.monocyte,monocyte,monocyte,monocyte,True,True,both_correct,other,2.7136142e-07,1.0
ATTACCTTCCATAAGC-0.HTO1.cd4_n,cd4_n,cd4_n,cd4_n,True,True,both_correct,other,0.41699183,1.0
ATTATCCCAAGGCAAC-1.HTO8.monocyte,monocyte,monocyte,monocyte,True,True,both_correct,other,5.087932e-06,1.0
ATTATCCGTCGAGCTC-0.HTO3.cd4_em,cd4_em,cd4_em,cd4_em,True,True,both_correct,other,0.7865258,1.0
ATTCACTCAAGAGATT-1.HTO7.cd8_emra,cd8_emra,cd8_emra,cd8_emra,True,True,both_correct,other,0.8269972,1.0
ATTCACTCACGTAGTT-0.HTO8.monocyte,monocyte,monocyte,monocyte,True,True,both_correct,other,4.5210796e-05,1.0
ATTCACTGTCGACTTA-1.HTO2.cd4_cm,cd4_cm,cd4_n,cd4_n,False,False,both_incorrect,central_memory,0.5096582,1.0
ATTCACTGTCTTGGTA-1.HTO6.cd8_em,cd8_em,cd8_em,cd8_em,True,True,both_correct,other,0.790044,1.0
ATTCAGGAGTGAGCCA-0.HTO4.cd8_n,cd8_n,cd8_n,cd8_n,True,True,both_correct,other,0.6587794,1.0
ATTCAGGCAGTCGGTC-1.HTO3.cd4_em,cd4_em,cd4_em,cd4_em,True,True,both_correct,other,0.98564875,1.0
ATTCAGGTCGGACCAC-1.HTO3.cd4_em,cd4_em,cd4_em,cd4_em,True,True,both_correct,other,0.975099,1.0
ATTCAGGTCGGTCGAC-1.HTO7.cd8_emra,cd8_emra,cd8_emra,cd8_emra,True,True,both_correct,other,0.70689434,1.0
ATTCATCAGACGGTTG-1.HTO3.cd4_em,cd4_em,cd4_em,cd4_em,True,True,both_correct,other,0.8599628,1.0
ATTCATCAGGCTAAAT-1.HTO8.monocyte,monocyte,monocyte,monocyte,True,True,both_correct,other,5.491256e-07,1.0
ATTCATCCAGTGTGGA-0.HTO7.cd8_emra,cd8_emra,cd8_emra,cd8_emra,True,True,both_correct,other,0.77557015,1.0
ATTCATCCATGGCCCA-1.HTO8.monocyte,monocyte,monocyte,monocyte,True,True,both_correct,other,1.424821e-06,1.0
ATTCATCTCATTCCTA-1.HTO3.cd4_em,cd4_em,cd4_em,cd4_em,True,True,both_correct,other,0.7086844,1.0
ATTCCATTCAACGAGG-1.HTO4.cd8_n,cd8_n,cd8_n,cd8_n,True,True,both_correct,other,0.84242713,1.0
ATTCCCGGTAGGTTTC-1.HTO7.cd8_emra,cd8_emra,cd8_emra,cd8_emra,True,True,both_correct,other,0.86140066,1.0
ATTCCCGGTCCTCATC-1.HTO1.cd4_n,cd4_n,cd4_n,cd4_n,True,True,both_correct,other,0.41797993,1.0
ATTCCTAGTCAGGTAG-1.HTO2.cd4_cm,cd4_cm,cd4_cm,cd4_n,True,False,mosaic_only_correct,central_memory,0.5347211,1.0
ATTCGTTAGAGTCAGC-1.HTO1.cd4_n,cd4_n,cd4_n,cd4_n,True,True,both_correct,other,0.4630824,1.0
ATTCGTTGTGGTCTAT-1.HTO5.cd8_cm,cd8_cm,cd8_cm,cd8_cm,True,True,both_correct,central_memory,0.8228058,1.0
ATTCGTTGTTGGAGAC-0.HTO7.cd8_emra,cd8_emra,cd8_emra,cd8_emra,True,True,both_correct,other,0.8018469,0.7916666666666667
ATTCTACAGAAGGTAG-0.HTO1.cd4_n,cd4_n,cd4_n,cd4_n,True,True,both_correct,other,0.44346598,1.0
ATTCTACCATATGGCT-0.HTO2.cd4_cm,cd4_cm,cd4_cm,cd4_cm,True,True,both_correct,central_memory,0.4561366,1.0
ATTCTTGAGGAAAGGT-1.HTO7.cd8_emra,cd8_emra,cd8_emra,cd8_emra,True,True,both_correct,other,0.8840692,1.0
ATTCTTGAGGCTTAGG-1.HTO5.cd8_cm,cd8_cm,cd8_cm,cd8_cm,True,True,both_correct,central_memory,0.7501951,1.0
ATTCTTGCACGTAGAG-1.HTO7.cd8_emra,cd8_emra,cd8_emra,cd8_emra,True,True,both_correct,other,0.86496115,1.0
ATTGGGTGTCAAATCC-1.HTO1.cd4_n,cd4_n,cd4_n,cd4_n,True,True,both_correct,other,0.46564627,1.0
ATTGGGTTCGTTGTTT-1.HTO6.cd8_em,cd8_em,cd8_em,cd8_em,True,True,both_correct,other,0.76698256,1.0
ATTTACCTCGTCGATA-0.HTO7.cd8_emra,cd8_emra,cd8_emra,cd8_emra,True,True,both_correct,other,0.872293,1.0
ATTTCACCAAACGAGC-1.HTO6.cd8_em,cd8_em,cd8_em,cd8_em,True,True,both_correct,other,0.7420764,1.0
ATTTCTGAGCGGTAGT-0.HTO5.cd8_cm,cd8_cm,cd8_cm,cd8_em,True,False,mosaic_only_correct,central_memory,0.7586362,0.8577481717457502
ATTTCTGCATGCCATA-1.HTO5.cd8_cm,cd8_cm,cd8_cm,cd8_n,True,False,mosaic_only_correct,central_memory,0.70874304,0.7142857142857143
ATTTCTGGTACTGCGC-1.HTO7.cd8_emra,cd8_emra,cd8_emra,cd8_emra,True,True,both_correct,other,0.9121891,1.0
ATTTCTGGTCCAAGAG-0.HTO3.cd4_em,cd4_em,cd4_em,cd4_em,True,True,both_correct,other,0.7670064,1.0
CAAAGAACACTAGAGG-0.HTO4.cd8_n,cd8_n,cd8_n,cd8_n,True,True,both_correct,other,0.6904434,1.0
CAAAGAACACTATGTG-1.HTO6.cd8_em,cd8_em,cd8_em,cd8_em,True,True,both_correct,other,0.75581187,1.0
CAAAGAATCAACCTTT-0.HTO3.cd4_em,cd4_em,cd4_em,cd4_em,True,True,both_correct,other,0.7349602,1.0
CAACAACCACCTAAAC-0.HTO1.cd4_n,cd4_n,cd4_n,cd4_n,True,True,both_correct,other,0.44026935,1.0
CAACAACCAGAGTTGG-0.HTO5.cd8_cm,cd8_cm,cd8_cm,cd8_n,True,False,mosaic_only_correct,central_memory,0.76701945,0.7142857142857143
CAACAACTCGAGTTGT-0.HTO2.cd4_cm,cd4_cm,cd4_cm,cd4_cm,True,True,both_correct,central_memory,0.55734044,1.0
CAACAACTCTTCTTCC-1.HTO2.cd4_cm,cd4_cm,cd4_cm,cd4_cm,True,True,both_correct,central_memory,0.6715529,1.0
CAACAGTAGAATTGCA-1.HTO3.cd4_em,cd4_em,cd4_em,cd4_em,True,True,both_correct,other,0.6574354,1.0
CAACAGTAGGGCGAAG-0.HTO7.cd8_emra,cd8_emra,cd8_emra,cd8_emra,True,True,both_correct,other,0.84799534,1.0
CAACCAAAGAACTCCT-0.HTO6.cd8_em,cd8_em,cd8_em,cd8_em,True,True,both_correct,other,0.66838855,1.0
CAACCAAAGCCTCGTG-0.HTO2.cd4_cm,cd4_cm,cd4_n,cd4_n,False,False,both_incorrect,central_memory,0.5192647,1.0
CAACCTCCATCTAGAC-1.HTO5.cd8_cm,cd8_cm,cd8_cm,cd8_cm,True,True,both_correct,central_memory,0.92318547,1.0
CAACGATAGAAGAGCA-1.HTO7.cd8_emra,cd8_emra,cd8_emra,cd8_emra,True,True,both_correct,other,0.7558289,1.0
CAACGATAGCATGAAT-1.HTO7.cd8_emra,cd8_emra,cd8_emra,cd8_emra,True,True,both_correct,other,0.8286166,1.0
CAACGATAGGCATCAG-0.HTO5.cd8_cm,cd8_cm,cd8_cm,cd8_cm,True,True,both_correct,central_memory,0.6998611,1.0
CAACGATAGTCATTGC-0.HTO7.cd8_emra,cd8_emra,cd8_emra,cd8_emra,True,True,both_correct,other,0.8651459,1.0
CAACGATCAGCTACTA-0.HTO6.cd8_em,cd8_em,cd8_em,cd8_em,True,True,both_correct,other,0.7184489,1.0
CAACGATTCAGCTTCC-1.HTO1.cd4_n,cd4_n,cd4_n,cd4_n,True,True,both_correct,other,0.4256506,1.0
CAACGGCCAACTGCCG-0.HTO3.cd4_em,cd4_em,cd4_em,cd4_em,True,True,both_correct,other,0.9474752,1.0
CAACGGCCAGGTCCCA-0.HTO2.cd4_cm,cd4_cm,cd4_cm,cd4_cm,True,True,both_correct,central_memory,0.5277652,1.0
CAACGGCGTACTCGCG-1.HTO3.cd4_em,cd4_em,cd4_em,cd4_em,True,True,both_correct,other,0.97454077,1.0
CAACGGCGTAGCGTAG-1.HTO5.cd8_cm,cd8_cm,cd8_cm,cd8_cm,True,True,both_correct,central_memory,0.88462335,1.0
CAAGACTGTCCGAAAG-0.HTO8.monocyte,monocyte,monocyte,monocyte,True,True,both_correct,other,0.00019867194,1.0
CAAGACTTCCATCGTC-0.HTO7.cd8_emra,cd8_emra,cd8_emra,cd8_emra,True,True,both_correct,other,0.8856549,1.0
CAAGAGGTCACCTTGC-0.HTO3.cd4_em,cd4_em,cd4_em,cd4_em,True,True,both_correct,other,0.98772997,1.0
CAAGCTACATAGATCC-1.HTO8.monocyte,monocyte,monocyte,monocyte,True,True,both_correct,other,5.3899896e-08,1.0
CAAGCTATCCGATCGG-1.HTO1.cd4_n,cd4_n,cd4_n,cd4_n,True,True,both_correct,other,0.5551797,1.0
CAAGGGAAGATTGACA-0.HTO5.cd8_cm,cd8_cm,cd8_cm,cd8_cm,True,True,both_correct,central_memory,0.85656023,1.0
CAAGGGATCAAGCCTA-1.HTO7.cd8_emra,cd8_emra,cd8_emra,cd8_emra,True,True,both_correct,other,0.78253925,1.0
CAAGGGATCCCTTGGT-0.HTO1.cd4_n,cd4_n,cd4_n,cd4_n,True,True,both_correct,other,0.5189411,1.0
CAATACGAGGTAATCA-1.HTO8.monocyte,monocyte,monocyte,monocyte,True,True,both_correct,other,1.9969363e-07,1.0
CAATACGAGTCACACT-1.HTO6.cd8_em,cd8_em,cd8_em,cd8_em,True,True,both_correct,other,0.913208,1.0
CAATCGACAGAGATGC-0.HTO3.cd4_em,cd4_em,cd4_em,cd4_em,True,True,both_correct,other,0.9283509,1.0
CAATCGACAGAGGAAA-0.HTO6.cd8_em,cd8_em,cd8_em,cd8_em,True,True,both_correct,other,0.693572,1.0
CAATCGATCGCTTTAT-1.HTO5.cd8_cm,cd8_cm,cd8_cm,cd8_cm,True,True,both_correct,central_memory,0.82319814,1.0
CAATGACAGACCATGG-0.HTO4.cd8_n,cd8_n,cd8_n,cd8_n,True,True,both_correct,other,0.8718111,1.0
CAATGACAGCGGTAGT-0.HTO1.cd4_n,cd4_n,cd4_n,cd4_n,True,True,both_correct,other,0.38011152,1.0
CAATGACGTTTACTTC-0.HTO8.monocyte,monocyte,monocyte,monocyte,True,True,both_correct,other,4.953874e-07,1.0
CAATTTCAGGGTTGCA-1.HTO4.cd8_n,cd8_n,cd8_n,cd8_n,True,True,both_correct,other,0.6950496,1.0
CACAACACAATAGGGC-1.HTO5.cd8_cm,cd8_cm,cd8_cm,cd8_cm,True,True,both_correct,central_memory,0.87395036,1.0
CACAACACACGGCACT-0.HTO1.cd4_n,cd4_n,cd4_n,cd4_n,True,True,both_correct,other,0.574636,1.0
CACAACATCTTAGCAG-1.HTO5.cd8_cm,cd8_cm,cd8_cm,cd8_cm,True,True,both_correct,central_memory,0.77509266,1.0
CACACAATCGCTGACG-1.HTO7.cd8_emra,cd8_emra,cd8_emra,cd8_emra,True,True,both_correct,other,0.8517974,1.0
CACAGATCACGACGAA-1.HTO2.cd4_cm,cd4_cm,cd4_cm,cd4_cm,True,True,both_correct,central_memory,0.51382464,1.0
CACAGATCAGCGCTTG-1.HTO8.monocyte,monocyte,monocyte,monocyte,True,True,both_correct,other,1.768248e-07,1.0
CACAGATCAGTTGTCA-1.HTO7.cd8_emra,cd8_emra,cd8_emra,cd8_emra,True,True,both_correct,other,0.82393134,0.8837209302325582
CACAGGCGTTACACTG-0.HTO2.cd4_cm,cd4_cm,cd4_cm,cd4_cm,True,True,both_correct,central_memory,0.5143435,1.0
CACCAAAAGGATATAC-1.HTO7.cd8_emra,cd8_emra,cd8_emra,cd8_emra,True,True,both_correct,other,0.8219756,1.0
CACCAAACACTACCGG-0.HTO8.monocyte,monocyte,monocyte,monocyte,True,True,both_correct,other,0.00025322396,1.0
CACCAAACAGGCTATT-0.HTO7.cd8_emra,cd8_emra,cd8_emra,cd8_emra,True,True,both_correct,other,0.79909426,1.0
CACCGTTCATCACCAA-1.HTO4.cd8_n,cd8_n,cd8_n,cd8_n,True,True,both_correct,other,0.9513151,1.0
CACCGTTGTTGCGAAG-1.HTO2.cd4_cm,cd4_cm,cd4_cm,cd4_n,True,False,mosaic_only_correct,central_memory,0.46414748,1.0
CACGAATAGCTGGCCT-1.HTO7.cd8_emra,cd8_emra,cd8_emra,cd8_emra,True,True,both_correct,other,0.77955645,1.0
CACGAATGTTAGTTCG-1.HTO8.monocyte,monocyte,monocyte,monocyte,True,True,both_correct,other,4.7777434e-07,1.0
CACGAATTCACCCTTG-1.HTO1.cd4_n,cd4_n,cd4_n,cd4_n,True,True,both_correct,other,0.49312416,1.0
CACGTGGAGCAGATAT-1.HTO6.cd8_em,cd8_em,cd8_em,cd8_em,True,True,both_correct,other,0.76878834,1.0
CACGTGGCAGCGCGTT-1.HTO8.monocyte,monocyte,monocyte,monocyte,True,True,both_correct,other,2.4107972e-06,1.0
CACGTGGGTCAGACTT-1.HTO6.cd8_em,cd8_em,cd8_em,cd8_em,True,True,both_correct,other,0.91342056,1.0
CACGTTCTCCGCACTT-1.HTO6.cd8_em,cd8_em,cd8_em,cd8_em,True,True,both_correct,other,0.76936585,1.0
CACTAAGAGTAGTCTC-1.HTO5.cd8_cm,cd8_cm,cd8_cm,cd8_cm,True,True,both_correct,central_memory,0.8050027,1.0
CACTAAGGTCAACACT-1.HTO5.cd8_cm,cd8_cm,cd8_cm,cd8_cm,True,True,both_correct,central_memory,0.7764361,1.0
CACTAAGGTTACGGAG-0.HTO4.cd8_n,cd8_n,cd8_n,cd8_n,True,True,both_correct,other,0.6784351,1.0
CACTAAGTCTCCCATG-1.HTO8.monocyte,monocyte,monocyte,monocyte,True,True,both_correct,other,4.200169e-06,1.0
CACTGAAAGGCTAAAT-1.HTO7.cd8_emra,cd8_emra,cd8_emra,cd8_emra,True,True,both_correct,other,0.7273463,1.0
CACTGAATCCGTTGAA-1.HTO3.cd4_em,cd4_em,cd4_em,cd4_em,True,True,both_correct,other,0.9685478,1.0
CACTGGGTCGTTGTGA-1.HTO6.cd8_em,cd8_em,cd8_em,cd8_em,True,True,both_correct,other,0.85315293,1.0
CACTTCGGTAAGTAGT-1.HTO3.cd4_em,cd4_em,cd4_em,cd4_em,True,True,both_correct,other,0.8332249,1.0
CAGAGCCAGTCATGAA-1.HTO5.cd8_cm,cd8_cm,cd8_cm,cd8_cm,True,True,both_correct,central_memory,0.83049023,1.0
CAGAGCCCATGGAACG-1.HTO1.cd4_n,cd4_n,cd4_n,cd4_n,True,True,both_correct,other,0.5114823,1.0
CAGATACGTGGCTTAT-0.HTO3.cd4_em,cd4_em,cd4_em,cd4_em,True,True,both_correct,other,0.942653,1.0
CAGATACTCTACCTTA-1.HTO8.monocyte,monocyte,monocyte,monocyte,True,True,both_correct,other,2.1023478e-05,1.0
CAGATCAAGAAGCTGC-0.HTO5.cd8_cm,cd8_cm,cd8_cm,cd8_em,True,False,mosaic_only_correct,central_memory,0.8197874,1.0
CAGATCAAGCGATGGT-1.HTO6.cd8_em,cd8_em,cd8_em,cd8_em,True,True,both_correct,other,0.8174772,1.0
CAGATCACAGGTAGTG-1.HTO7.cd8_emra,cd8_emra,cd8_emra,cd8_emra,True,True,both_correct,other,0.8922474,1.0
CAGATCACAGTCTACA-1.HTO7.cd8_emra,cd8_emra,cd8_emra,cd8_emra,True,True,both_correct,other,0.85345334,1.0
CAGATCAGTTCAGTAC-1.HTO7.cd8_emra,cd8_emra,cd8_emra,cd8_emra,True,True,both_correct,other,0.63799095,1.0
CAGATCATCCAGTTCC-0.HTO2.cd4_cm,cd4_cm,cd4_n,cd4_n,False,False,both_incorrect,central_memory,0.49824616,1.0
CAGATTGCAGTATTCG-0.HTO4.cd8_n,cd8_n,cd8_cm,cd8_n,False,True,mmochi_only_correct,other,0.7573952,0.7142857142857143
CAGATTGCATTAAAGG-0.HTO3.cd4_em,cd4_em,cd4_em,cd8_em,True,False,mosaic_only_correct,other,0.9843572,1.0
CAGCAATAGACCAGCA-0.HTO2.cd4_cm,cd4_cm,cd4_cm,cd4_cm,True,True,both_correct,central_memory,0.607139,1.0
CAGCAATCACTTCAAG-1.HTO4.cd8_n,cd8_n,cd8_n,cd8_n,True,True,both_correct,other,0.68238777,1.0
CAGCAATGTTGTGGAG-0.HTO6.cd8_em,cd8_em,cd8_em,cd8_em,True,True,both_correct,other,0.72191447,1.0
CAGCAATTCGTAGAGG-1.HTO4.cd8_n,cd8_n,cd8_cm,cd8_n,False,True,mmochi_only_correct,other,0.9121342,0.78125
CAGCACGGTCATCTAG-1.HTO8.monocyte,monocyte,monocyte,monocyte,True,True,both_correct,other,1.650389e-07,1.0
CAGCACGGTTCTCAGA-1.HTO2.cd4_cm,cd4_cm,cd4_cm,cd4_cm,True,True,both_correct,central_memory,0.4321074,0.5499999999999999
CAGCACGTCCATCTAT-0.HTO1.cd4_n,cd4_n,cd4_n,cd4_n,True,True,both_correct,other,0.44339624,1.0
CAGCAGCAGGCTCACC-0.HTO3.cd4_em,cd4_em,cd4_em,cd4_em,True,True,both_correct,other,0.8367193,1.0
CAGCAGCAGGTTGTTC-1.HTO6.cd8_em,cd8_em,cd8_em,cd8_em,True,True,both_correct,other,0.70489585,1.0
CAGCAGCCAGCCGTTG-1.HTO4.cd8_n,cd8_n,cd8_n,cd8_n,True,True,both_correct,other,0.75776714,1.0
CAGCAGCTCACCTCGT-1.HTO4.cd8_n,cd8_n,cd8_n,cd8_n,True,True,both_correct,other,0.9396225,1.0
CAGCGTGAGGTTCCAT-1.HTO2.cd4_cm,cd4_cm,cd4_cm,cd4_cm,True,True,both_correct,central_memory,0.5301104,1.0
CAGCGTGCAACTAGAA-0.HTO5.cd8_cm,cd8_cm,cd8_cm,cd8_em,True,False,mosaic_only_correct,central_memory,0.8666702,1.0
CAGCGTGGTCACCGCA-0.HTO1.cd4_n,cd4_n,cd4_n,cd4_n,True,True,both_correct,other,0.4222409,1.0
CAGGCCAGTTGTATGC-1.HTO2.cd4_cm,cd4_cm,cd4_cm,cd4_cm,True,True,both_correct,central_memory,0.39777535,1.0
CAGGGCTCAGAGAAAG-1.HTO5.cd8_cm,cd8_cm,cd8_cm,cd8_cm,True,True,both_correct,central_memory,0.7925371,1.0
CAGGGCTCAGGACATG-1.HTO4.cd8_n,cd8_n,cd8_n,cd8_n,True,True,both_correct,other,0.7800591,1.0
CAGGGCTGTCCACTCT-0.HTO7.cd8_emra,cd8_emra,cd8_emra,cd8_emra,True,True,both_correct,other,0.84286535,1.0
CAGGTATCACATGTTG-1.HTO3.cd4_em,cd4_em,cd4_em,cd4_em,True,True,both_correct,other,0.8591303,1.0
CAGGTATTCTCATTTG-1.HTO6.cd8_em,cd8_em,cd8_em,cd8_em,True,True,both_correct,other,0.763967,1.0
CAGTGCGAGAGAGAAC-0.HTO3.cd4_em,cd4_em,cd4_em,cd4_em,True,True,both_correct,other,0.8351027,1.0
CAGTGCGAGGTCCCTG-1.HTO3.cd4_em,cd4_em,cd4_em,cd4_em,True,True,both_correct,other,0.8168191,1.0
CAGTTAGTCGTGTGGC-0.HTO6.cd8_em,cd8_em,cd8_em,cd8_em,True,True,both_correct,other,0.7260359,1.0
CAGTTCCCAAGTAGTA-1.HTO5.cd8_cm,cd8_cm,cd8_cm,cd8_cm,True,True,both_correct,central_memory,0.8118925,1.0
CAGTTCCCACGTAACT-1.HTO5.cd8_cm,cd8_cm,cd8_cm,cd8_cm,True,True,both_correct,central_memory,0.79562277,1.0
CAGTTCCTCTCCGCAT-1.HTO8.monocyte,monocyte,monocyte,monocyte,True,True,both_correct,other,1.1245143e-06,1.0
CATAAGCTCGCCGAAC-0.HTO3.cd4_em,cd4_em,cd4_em,cd4_em,True,True,both_correct,other,0.9805017,1.0
CATACAGCACTCTAGA-1.HTO5.cd8_cm,cd8_cm,cd8_cm,cd8_cm,True,True,both_correct,central_memory,0.85638106,1.0
CATACAGGTAAGCGGT-1.HTO8.monocyte,monocyte,monocyte,monocyte,True,True,both_correct,other,7.187943e-07,1.0
CATACCCAGGTCTACT-0.HTO2.cd4_cm,cd4_cm,cd4_em,cd4_em,False,False,both_incorrect,central_memory,0.8363888,1.0
CATACCCCATGGGAAC-1.HTO7.cd8_emra,cd8_emra,cd8_emra,cd8_emra,True,True,both_correct,other,0.8959565,1.0
CATACCCGTCCTACGG-0.HTO6.cd8_em,cd8_em,cd8_em,cd8_em,True,True,both_correct,other,0.8528052,1.0
CATACCCGTTGGGATG-0.HTO2.cd4_cm,cd4_cm,cd4_cm,cd4_cm,True,True,both_correct,central_memory,0.76759475,1.0
CATACCCTCGTTAGTG-1.HTO1.cd4_n,cd4_n,cd4_n,cd4_n,True,True,both_correct,other,0.4656876,1.0
CATACTTAGCCTCTGG-0.HTO1.cd4_n,cd4_n,cd4_n,cd4_n,True,True,both_correct,other,0.5783902,1.0
CATACTTCACAGCATT-0.HTO5.cd8_cm,cd8_cm,cd8_cm,cd8_cm,True,True,both_correct,central_memory,0.66854864,1.0
CATACTTGTCACGACC-1.HTO1.cd4_n,cd4_n,cd4_cm,cd4_em,False,False,both_incorrect,other,0.36538544,1.0
CATACTTGTCGCCACA-0.HTO6.cd8_em,cd8_em,cd8_em,cd8_em,True,True,both_correct,other,0.7656985,1.0
CATAGACGTGGATCAG-0.HTO3.cd4_em,cd4_em,cd4_em,cd4_em,True,True,both_correct,other,0.8540106,1.0
CATAGACTCGCTAATG-1.HTO2.cd4_cm,cd4_cm,cd4_cm,cd4_n,True,False,mosaic_only_correct,central_memory,0.46430543,1.0
CATCAAGCAGCAGAAC-1.HTO8.monocyte,monocyte,monocyte,monocyte,True,True,both_correct,other,1.5500466e-06,1.0
CATCCACAGGGTGAGG-1.HTO2.cd4_cm,cd4_cm,cd4_cm,cd4_cm,True,True,both_correct,central_memory,0.6151533,1.0
CATCCACCACAACGCC-1.HTO1.cd4_n,cd4_n,cd4_n,cd4_n,True,True,both_correct,other,0.44532338,1.0
CATCCACGTAGTAAGT-1.HTO4.cd8_n,cd8_n,cd8_n,cd8_n,True,True,both_correct,other,0.677848,1.0
CATCCACTCTCTATGT-1.HTO7.cd8_emra,cd8_emra,cd8_emra,cd8_emra,True,True,both_correct,other,0.81760657,1.0
CATCCGTAGTCAGAGC-0.HTO3.cd4_em,cd4_em,cd4_em,cd4_em,True,True,both_correct,other,0.880042,1.0
CATCGCTAGGCTCACC-0.HTO3.cd4_em,cd4_em,cd4_em,cd4_em,True,True,both_correct,other,0.90568066,1.0
CATCGCTCACGGGCTT-0.HTO1.cd4_n,cd4_n,cd4_n,cd4_n,True,True,both_correct,other,0.5025378,1.0
CATCGCTCAGCGTACC-1.HTO3.cd4_em,cd4_em,cd4_em,cd4_em,True,True,both_correct,other,0.9701155,1.0
CATCGGGCAGTTTCGA-1.HTO4.cd8_n,cd8_n,cd8_n,cd8_n,True,True,both_correct,other,0.7247172,1.0
CATCGGGGTGACCGAA-1.HTO8.monocyte,monocyte,monocyte,monocyte,True,True,both_correct,other,2.1266799e-06,1.0
CATCGGGTCGAGCCAC-0.HTO7.cd8_emra,cd8_emra,cd8_emra,cd8_emra,True,True,both_correct,other,0.7143304,1.0
CATCGTCAGCAATTCC-1.HTO2.cd4_cm,cd4_cm,cd4_cm,cd4_n,True,False,mosaic_only_correct,central_memory,0.57925206,1.0
CATCGTCCAAGCAATA-1.HTO6.cd8_em,cd8_em,cd8_em,cd8_em,True,True,both_correct,other,0.70379215,1.0
CATGAGTCACCCTTGT-1.HTO8.monocyte,monocyte,monocyte,monocyte,True,True,both_correct,other,1.0821016e-05,1.0
CATGCAATCTATCGGA-1.HTO6.cd8_em,cd8_em,cd8_em,cd8_em,True,True,both_correct,other,0.91562325,1.0
CATGCCTAGCGATGAC-1.HTO8.monocyte,monocyte,monocyte,monocyte,True,True,both_correct,other,2.36681e-06,1.0
CATGCCTGTTACCTTT-0.HTO3.cd4_em,cd4_em,cd4_em,cd4_em,True,True,both_correct,other,0.7126926,1.0
CATGCCTTCGTGGAAG-1.HTO8.monocyte,monocyte,monocyte,monocyte,True,True,both_correct,other,1.9910858e-05,1.0
CATGCGGAGTTGAAAC-1.HTO1.cd4_n,cd4_n,cd4_n,cd4_n,True,True,both_correct,other,0.5242373,1.0
CATGCGGGTAACGTTC-0.HTO4.cd8_n,cd8_n,cd8_n,cd8_n,True,True,both_correct,other,0.70496213,1.0
CATGCGGGTAGTCGTT-0.HTO2.cd4_cm,cd4_cm,cd4_cm,cd4_cm,True,True,both_correct,central_memory,0.70675415,1.0
CATGGATAGCGATCGA-0.HTO6.cd8_em,cd8_em,cd8_em,cd8_em,True,True,both_correct,other,0.84563196,1.0
CATGGATAGGGATCAC-1.HTO6.cd8_em,cd8_em,cd8_em,cd8_em,True,True,both_correct,other,0.85429317,1.0
CATGGATTCAGCCCAG-0.HTO8.monocyte,monocyte,monocyte,monocyte,True,True,both_correct,other,3.4985274e-07,1.0
CATGGTAAGTGGCCTC-1.HTO6.cd8_em,cd8_em,cd8_em,cd8_em,True,True,both_correct,other,0.74660647,1.0
CATGGTACACTGTGTA-1.HTO8.monocyte,monocyte,monocyte,monocyte,True,True,both_correct,other,2.9617088e-06,1.0
CATGGTATCAGACAAA-1.HTO8.monocyte,monocyte,monocyte,monocyte,True,True,both_correct,other,4.9449804e-06,1.0
CATGGTATCGAGAGCA-1.HTO4.cd8_n,cd8_n,cd8_n,cd8_n,True,True,both_correct,other,0.7931152,1.0
CATTCCGAGAGTCTGG-1.HTO8.monocyte,monocyte,monocyte,monocyte,True,True,both_correct,other,1.8650596e-07,1.0
CATTCCGCAGCTGTAT-1.HTO6.cd8_em,cd8_em,cd8_em,cd8_em,True,True,both_correct,other,0.81411695,1.0
CATTCCGGTTTAGAGA-0.HTO7.cd8_emra,cd8_emra,cd8_emra,cd8_emra,True,True,both_correct,other,0.8395298,1.0
CATTCTATCAAAGAAC-1.HTO5.cd8_cm,cd8_cm,cd8_cm,cd8_cm,True,True,both_correct,central_memory,0.7989321,1.0
CATTGAGCACTCAGAT-1.HTO6.cd8_em,cd8_em,cd8_em,cd8_em,True,True,both_correct,other,0.831251,1.0
CATTGTTGTGTACGCC-0.HTO5.cd8_cm,cd8_cm,cd8_cm,cd8_cm,True,True,both_correct,central_memory,0.74563575,1.0
CATTTCACAGGACTAG-1.HTO3.cd4_em,cd4_em,cd4_em,cd4_em,True,True,both_correct,other,0.8950648,1.0
CATTTCATCATGCCAA-1.HTO8.monocyte,monocyte,monocyte,monocyte,True,True,both_correct,other,9.0346936e-07,1.0
CCAATGAAGGCAGTCA-1.HTO8.monocyte,monocyte,monocyte,monocyte,True,True,both_correct,other,3.366386e-06,1.0
CCAATGAAGTCATACC-0.HTO6.cd8_em,cd8_em,cd8_em,cd8_em,True,True,both_correct,other,0.83151585,1.0
CCAATGACAGTTCACA-1.HTO6.cd8_em,cd8_em,cd8_em,cd8_em,True,True,both_correct,other,0.753705,1.0
CCAATGATCCTTCAGC-0.HTO7.cd8_emra,cd8_emra,cd8_emra,cd8_emra,True,True,both_correct,other,0.8156871,1.0
CCAATGATCGAGAGCA-1.HTO6.cd8_em,cd8_em,cd8_em,cd8_em,True,True,both_correct,other,0.7554474,1.0
CCACAAAAGACGGTTG-0.HTO8.monocyte,monocyte,monocyte,monocyte,True,True,both_correct,other,1.4265625e-07,1.0
CCACAAAAGGGACTGT-1.HTO6.cd8_em,cd8_em,cd8_cm,cd8_em,False,True,mmochi_only_correct,other,0.6404297,1.0
CCACAAACACTACGGC-0.HTO8.monocyte,monocyte,monocyte,monocyte,True,True,both_correct,other,4.8315733e-06,1.0
CCACAAAGTGTCCCTT-1.HTO1.cd4_n,cd4_n,cd4_n,cd4_n,True,True,both_correct,other,0.4924361,1.0
CCACAAATCGTCAGAT-1.HTO8.monocyte,monocyte,monocyte,monocyte,True,True,both_correct,other,0.00030651502,1.0
CCACACTAGGTAGTAT-1.HTO3.cd4_em,cd4_em,cd4_em,cd4_em,True,True,both_correct,other,0.7383515,1.0
CCACACTCACTACGGC-0.HTO1.cd4_n,cd4_n,cd4_n,cd4_n,True,True,both_correct,other,0.57997376,1.0
CCACCATAGGTGCTAG-0.HTO5.cd8_cm,cd8_cm,cd8_cm,cd8_cm,True,True,both_correct,central_memory,0.87886083,1.0
CCACCATCAACCAGAG-1.HTO8.monocyte,monocyte,monocyte,monocyte,True,True,both_correct,other,9.2548336e-10,1.0
CCACCATCAGACCGCT-0.HTO7.cd8_emra,cd8_emra,cd8_emra,cd8_emra,True,True,both_correct,other,0.9011714,1.0
CCACCATGTTACGGAG-0.HTO4.cd8_n,cd8_n,cd8_n,cd8_n,True,True,both_correct,other,0.9999696,1.0
CCACGTTAGTAGTCCT-1.HTO4.cd8_n,cd8_n,cd8_n,cd8_n,True,True,both_correct,other,0.7216576,1.0
CCACGTTGTAGGCTGA-0.HTO5.cd8_cm,cd8_cm,cd8_cm,cd8_em,True,False,mosaic_only_correct,central_memory,0.96356475,1.0
CCACGTTGTATGGGAC-1.HTO5.cd8_cm,cd8_cm,cd8_cm,cd8_cm,True,True,both_correct,central_memory,0.7902371,1.0
CCACTTGAGTTTGCTG-1.HTO6.cd8_em,cd8_em,cd8_em,cd8_em,True,True,both_correct,other,0.81487375,1.0
CCACTTGGTAACAGGC-0.HTO3.cd4_em,cd4_em,cd4_em,cd4_em,True,True,both_correct,other,0.90065557,1.0
CCATAAGAGATAGGGA-1.HTO6.cd8_em,cd8_em,cd8_em,cd8_em,True,True,both_correct,other,0.8067873,1.0
CCATAAGAGGGCCTCT-1.HTO8.monocyte,monocyte,monocyte,monocyte,True,True,both_correct,other,6.2468075e-06,1.0
CCATAAGAGGTTACAA-0.HTO3.cd4_em,cd4_em,cd4_em,cd8_em,True,False,mosaic_only_correct,other,0.94100267,1.0
CCATCACAGACGAGCT-1.HTO7.cd8_emra,cd8_emra,cd8_emra,cd8_emra,True,True,both_correct,other,0.7890336,1.0
CCATCACAGTACTCGT-1.HTO5.cd8_cm,cd8_cm,cd8_cm,cd8_cm,True,True,both_correct,central_memory,0.82661587,1.0
CCATCACCAGTGCCTG-0.HTO6.cd8_em,cd8_em,cd8_em,cd8_em,True,True,both_correct,other,0.8128838,1.0
CCATCACGTTACAGCT-1.HTO3.cd4_em,cd4_em,cd4_em,cd4_em,True,True,both_correct,other,0.7123236,1.0
CCCAACTAGCCTCGTG-1.HTO1.cd4_n,cd4_n,cd4_n,cd4_n,True,True,both_correct,other,0.37886775,1.0
CCCAACTTCTCGGTCT-0.HTO6.cd8_em,cd8_em,cd8_em,cd8_em,True,True,both_correct,other,0.80977786,1.0
CCCATTGTCGGTGTTA-1.HTO6.cd8_em,cd8_em,cd8_em,cd8_em,True,True,both_correct,other,0.8181212,1.0
CCCGAAGAGACTTCGT-1.HTO8.monocyte,monocyte,monocyte,monocyte,True,True,both_correct,other,2.1597211e-06,1.0
CCCGAAGAGCGGGTAT-1.HTO5.cd8_cm,cd8_cm,cd8_cm,cd8_cm,True,True,both_correct,central_memory,0.7796978,1.0
CCCGAAGAGGATTTGA-1.HTO7.cd8_emra,cd8_emra,cd8_emra,cd8_emra,True,True,both_correct,other,0.94640166,1.0
CCCGAAGTCGCCGATG-1.HTO8.monocyte,monocyte,monocyte,monocyte,True,True,both_correct,other,2.628192e-06,1.0
CCCTAACAGTAACGTA-1.HTO5.cd8_cm,cd8_cm,cd8_cm,cd8_cm,True,True,both_correct,central_memory,0.79090387,1.0
CCCTAACCATCGATAC-0.HTO3.cd4_em,cd4_em,cd4_em,cd4_em,True,True,both_correct,other,0.9414657,1.0
CCCTCAAAGACATCAA-1.HTO6.cd8_em,cd8_em,cd8_em,cd8_em,True,True,both_correct,other,0.8454591,1.0
CCCTCAAGTACCGCGT-0.HTO3.cd4_em,cd4_em,cd4_em,cd4_em,True,True,both_correct,other,0.98651135,1.0
CCCTCTCGTATCGCTA-0.HTO1.cd4_n,cd4_n,cd4_n,cd4_n,True,True,both_correct,other,0.48966244,1.0
CCCTCTCGTATTAAGG-1.HTO4.cd8_n,cd8_n,cd8_n,cd8_n,True,True,both_correct,other,0.73801076,1.0
CCCTCTCGTCGCACGT-1.HTO6.cd8_em,cd8_em,cd8_em,cd8_em,True,True,both_correct,other,0.7880483,1.0
CCCTCTCTCCTTACCG-0.HTO8.monocyte,monocyte,monocyte,monocyte,True,True,both_correct,other,0.00011762699,1.0
CCCTGATAGTGATGGC-0.HTO3.cd4_em,cd4_em,cd4_em,cd4_em,True,True,both_correct,other,0.69735867,1.0
CCCTGATGTTGTGGCC-0.HTO5.cd8_cm,cd8_cm,cd8_cm,cd8_cm,True,True,both_correct,central_memory,0.9356097,1.0
CCCTTAGCAGGTCCGT-0.HTO5.cd8_cm,cd8_cm,cd8_cm,cd4_cm,True,False,mosaic_only_correct,central_memory,0.70116645,1.0
CCGAACGGTACTCGTA-1.HTO7.cd8_emra,cd8_emra,cd8_emra,cd8_emra,True,True,both_correct,other,0.773676,1.0
CCGATCTAGGTAGACC-1.HTO3.cd4_em,cd4_em,cd4_em,cd4_em,True,True,both_correct,other,0.97916967,1.0
CCGATCTCACAAATCC-1.HTO3.cd4_em,cd4_em,cd4_em,cd4_em,True,True,both_correct,other,0.82050574,1.0
CCGATGGAGTGGTTAA-0.HTO3.cd4_em,cd4_em,cd4_em,cd4_em,True,True,both_correct,other,0.86396825,1.0
CCGATGGGTCCTGGTG-1.HTO5.cd8_cm,cd8_cm,cd8_cm,cd8_cm,True,True,both_correct,central_memory,0.8033886,1.0
CCGCAAGGTACCGGAA-1.HTO1.cd4_n,cd4_n,cd4_n,cd4_n,True,True,both_correct,other,0.4496076,1.0
CCGGACACACCTGAAT-1.HTO8.monocyte,monocyte,monocyte,monocyte,True,True,both_correct,other,3.9121453e-08,1.0
CCGGACACATCGATCA-1.HTO4.cd8_n,cd8_n,cd8_n,cd8_n,True,True,both_correct,other,0.7802316,1.0
CCGGACATCGGCTTCT-1.HTO2.cd4_cm,cd4_cm,cd4_cm,cd4_cm,True,True,both_correct,central_memory,0.34652415,1.0
CCGGGTATCGATTGAC-1.HTO2.cd4_cm,cd4_cm,cd4_em,cd4_em,False,False,both_incorrect,central_memory,0.8680256,1.0
CCGGTGAAGAGAACCC-0.HTO4.cd8_n,cd8_n,cd8_cm,cd8_n,False,True,mmochi_only_correct,other,0.8752231,1.0
CCGGTGATCCCATGGG-0.HTO3.cd4_em,cd4_em,cd4_em,cd4_em,True,True,both_correct,other,0.8496094,1.0
CCGTAGGAGTAGCCAG-0.HTO2.cd4_cm,cd4_cm,cd4_n,cd4_n,False,False,both_incorrect,central_memory,0.50708354,1.0
CCGTAGGAGTGCTAGG-1.HTO3.cd4_em,cd4_em,cd4_em,cd4_em,True,True,both_correct,other,0.9377969,1.0
CCGTAGGCACTCGATA-1.HTO3.cd4_em,cd4_em,cd4_em,cd8_em,True,False,mosaic_only_correct,other,0.9433379,1.0
CCGTAGGGTTCTCCCA-0.HTO3.cd4_em,cd4_em,cd4_em,cd4_em,True,True,both_correct,other,0.7905348,1.0
CCGTAGGTCGGTGAAG-1.HTO7.cd8_emra,cd8_emra,cd8_emra,cd8_emra,True,True,both_correct,other,0.87139213,1.0
CCGTGAGCACAACGTT-1.HTO7.cd8_emra,cd8_emra,cd8_emra,cd8_emra,True,True,both_correct,other,0.8644067,1.0
CCGTTCAGTCCCTAAA-1.HTO3.cd4_em,cd4_em,cd4_em,cd4_em,True,True,both_correct,other,0.70869595,1.0
CCTAACCGTTAACCTG-1.HTO2.cd4_cm,cd4_cm,cd4_cm,cd4_cm,True,True,both_correct,central_memory,0.614876,1.0
CCTAAGAAGTGCCGAA-0.HTO5.cd8_cm,cd8_cm,cd8_cm,cd8_n,True,False,mosaic_only_correct,central_memory,0.68413234,0.7142857142857143
CCTAAGACAAAGGCGT-0.HTO1.cd4_n,cd4_n,cd4_n,cd4_n,True,True,both_correct,other,0.5241227,1.0
CCTAAGACAAGCTCTA-0.HTO6.cd8_em,cd8_em,cd8_em,cd8_em,True,True,both_correct,other,0.6957172,1.0
CCTAAGATCACGACTA-0.HTO1.cd4_n,cd4_n,cd4_n,cd4_n,True,True,both_correct,other,0.551381,1.0
CCTATCGCACGTCGGT-1.HTO4.cd8_n,cd8_n,cd8_n,cd8_n,True,True,both_correct,other,0.73026955,1.0
CCTATCGCACTGCATA-1.HTO8.monocyte,monocyte,monocyte,monocyte,True,True,both_correct,other,1.6480909e-06,1.0
CCTATCGGTTCAGGTT-1.HTO1.cd4_n,cd4_n,cd4_n,cd4_n,True,True,both_correct,other,0.500328,1.0
CCTCAACGTCCCTGTT-1.HTO4.cd8_n,cd8_n,cd8_n,cd8_n,True,True,both_correct,other,0.65618896,1.0
CCTCAACTCCACGTGG-1.HTO6.cd8_em,cd8_em,cd8_em,cd8_em,True,True,both_correct,other,0.8702671,1.0
CCTCACAAGCAGTAAT-0.HTO3.cd4_em,cd4_em,cd4_em,cd4_em,True,True,both_correct,other,0.9999982,1.0
CCTCACATCCATACTT-0.HTO1.cd4_n,cd4_n,cd4_n,cd4_n,True,True,both_correct,other,0.48585492,1.0
CCTCAGTGTTTCCAAG-0.HTO5.cd8_cm,cd8_cm,cd8_cm,cd8_cm,True,True,both_correct,central_memory,0.90192056,1.0
CCTCATGAGTCTGCGC-0.HTO5.cd8_cm,cd8_cm,cd8_cm,cd8_cm,True,True,both_correct,central_memory,0.7861117,1.0
CCTCCAAGTGCAAGAC-0.HTO6.cd8_em,cd8_em,cd8_emra,cd8_em,False,True,mmochi_only_correct,other,0.8258211,1.0
CCTCCAATCACGGGAA-1.HTO5.cd8_cm,cd8_cm,cd8_cm,cd8_cm,True,True,both_correct,central_memory,0.86976177,1.0
CCTCCAATCGGCAGTC-1.HTO1.cd4_n,cd4_n,cd4_n,cd4_n,True,True,both_correct,other,0.43754393,1.0
CCTCCTCAGTTGCCCG-1.HTO8.monocyte,monocyte,monocyte,monocyte,True,True,both_correct,other,1.4472806e-06,1.0
CCTCCTCGTATATGGA-0.HTO4.cd8_n,cd8_n,cd8_n,cd8_n,True,True,both_correct,other,0.6987303,1.0
CCTCTAGAGCGCATCC-1.HTO1.cd4_n,cd4_n,cd4_n,cd4_n,True,True,both_correct,other,0.5212785,1.0
CCTCTAGGTGGTTTAC-0.HTO6.cd8_em,cd8_em,cd8_em,cd8_em,True,True,both_correct,other,0.7972493,1.0
CCTCTCCGTATGCAAA-0.HTO7.cd8_emra,cd8_emra,cd8_emra,cd8_emra,True,True,both_correct,other,0.8436339,1.0
CCTCTCCTCGCTACAA-1.HTO4.cd8_n,cd8_n,cd8_n,cd8_n,True,True,both_correct,other,0.8281854,1.0
CCTGTTGAGCTTGTGT-1.HTO3.cd4_em,cd4_em,cd4_em,cd4_em,True,True,both_correct,other,0.91643924,1.0
CCTGTTGCAATCCTAG-0.HTO3.cd4_em,cd4_em,cd4_em,cd4_em,True,True,both_correct,other,0.95765275,1.0
CCTGTTGGTTTCCAAG-1.HTO8.monocyte,monocyte,monocyte,monocyte,True,True,both_correct,other,4.1366097e-06,1.0
CCTTCAGCAGATCCTA-0.HTO7.cd8_emra,cd8_emra,cd8_emra,cd8_emra,True,True,both_correct,other,0.9116239,1.0
CCTTGTGCAATACGCT-1.HTO6.cd8_em,cd8_em,cd8_em,cd8_em,True,True,both_correct,other,0.7160572,1.0
CCTTGTGTCCTACCAC-1.HTO1.cd4_n,cd4_n,cd4_n,cd4_n,True,True,both_correct,other,0.47466418,1.0
CCTTTGGAGTACCATC-0.HTO8.monocyte,monocyte,monocyte,monocyte,True,True,both_correct,other,3.242842e-05,1.0
CCTTTGGTCTTTGCAT-0.HTO2.cd4_cm,cd4_cm,cd4_cm,cd4_cm,True,True,both_correct,central_memory,0.6561308,1.0
CGAAGGAAGCACGGAT-1.HTO5.cd8_cm,cd8_cm,cd8_cm,cd8_cm,True,True,both_correct,central_memory,0.85030645,1.0
CGAAGGAAGCGAGAAA-1.HTO8.monocyte,monocyte,monocyte,monocyte,True,True,both_correct,other,6.8195965e-07,1.0
CGAAGGACAGCGAACA-1.HTO6.cd8_em,cd8_em,cd8_em,cd8_em,True,True,both_correct,other,0.83752453,1.0
CGAAGGAGTGTTGCCG-0.HTO3.cd4_em,cd4_em,cd4_em,cd4_em,True,True,both_correct,other,0.89329004,1.0
CGAAGGAGTTGCGTAT-1.HTO8.monocyte,monocyte,monocyte,monocyte,True,True,both_correct,other,7.105929e-07,1.0
CGAAGTTTCGTGGTAT-1.HTO2.cd4_cm,cd4_cm,cd4_cm,cd4_cm,True,True,both_correct,central_memory,0.5329591,1.0
CGAAGTTTCTAGCCTC-0.HTO2.cd4_cm,cd4_cm,cd4_cm,cd4_cm,True,True,both_correct,central_memory,0.9998615,1.0
CGAATTGAGACCTCAT-0.HTO5.cd8_cm,cd8_cm,cd8_cm,cd8_cm,True,True,both_correct,central_memory,0.80197585,1.0
CGAATTGAGCTGAAGC-0.HTO1.cd4_n,cd4_n,cd4_n,cd4_n,True,True,both_correct,other,0.4891287,1.0
CGAATTGCAGCAGAAC-0.HTO8.monocyte,monocyte,cd4_cm,cd4_cm,False,False,both_incorrect,other,0.33204135,1.0
CGAATTGTCTGAGTCA-0.HTO8.monocyte,monocyte,monocyte,monocyte,True,True,both_correct,other,6.527103e-06,1.0
CGACAGCGTCGTCAGC-0.HTO7.cd8_emra,cd8_emra,cd8_emra,cd8_emra,True,True,both_correct,other,0.7330679,1.0
CGACAGCTCGTGAGAG-0.HTO2.cd4_cm,cd4_cm,cd4_n,cd4_n,False,False,both_incorrect,central_memory,0.47061437,1.0
CGAGAAGAGCTAGAAT-1.HTO4.cd8_n,cd8_n,cd8_n,cd8_n,True,True,both_correct,other,0.7368231,1.0
CGAGGAAGTATCCTTT-0.HTO3.cd4_em,cd4_em,cd4_em,cd4_em,True,True,both_correct,other,0.9038263,1.0
CGAGGAAGTGGATCAG-0.HTO1.cd4_n,cd4_n,cd4_n,cd4_n,True,True,both_correct,other,0.45454657,1.0
CGAGGCTGTAGGGAGG-1.HTO8.monocyte,monocyte,monocyte,monocyte,True,True,both_correct,other,1.932444e-06,1.0
CGAGGCTGTGCAACGA-1.HTO6.cd8_em,cd8_em,cd8_em,cd8_em,True,True,both_correct,other,0.90620106,1.0
CGAGTGCGTCGTCTCT-1.HTO8.monocyte,monocyte,monocyte,monocyte,True,True,both_correct,other,0.0002844843,1.0
CGAGTGCGTCTGTAGT-1.HTO5.cd8_cm,cd8_cm,cd8_cm,cd8_n,True,False,mosaic_only_correct,central_memory,0.82214236,0.7142651651534067
CGAGTGCGTTCAATCG-0.HTO3.cd4_em,cd4_em,cd4_em,cd4_em,True,True,both_correct,other,0.6100499,1.0
CGAGTGCTCCCAAGCG-1.HTO8.monocyte,monocyte,monocyte,monocyte,True,True,both_correct,other,6.940115e-08,1.0
CGAGTTACAGGAATCG-0.HTO5.cd8_cm,cd8_cm,cd8_cm,cd8_cm,True,True,both_correct,central_memory,0.8364237,1.0
CGAGTTATCCCTCATG-0.HTO8.monocyte,monocyte,monocyte,monocyte,True,True,both_correct,other,1.4237547e-06,1.0
CGAGTTATCCGTGGGT-1.HTO2.cd4_cm,cd4_cm,cd4_cm,cd4_cm,True,True,both_correct,central_memory,0.742184,1.0
CGATCGGGTGATTAGA-1.HTO4.cd8_n,cd8_n,cd8_n,cd8_n,True,True,both_correct,other,0.7870778,1.0
CGATCGGTCGCCGAAC-0.HTO5.cd8_cm,cd8_cm,cd8_cm,cd8_em,True,False,mosaic_only_correct,central_memory,0.8179915,0.8308903295595226
CGATCGGTCTCTAAGG-0.HTO7.cd8_emra,cd8_emra,cd8_emra,cd8_emra,True,True,both_correct,other,0.7575449,1.0
CGATGCGGTAAGTTGA-0.HTO2.cd4_cm,cd4_cm,cd4_n,cd4_n,False,False,both_incorrect,central_memory,0.57375926,1.0
CGATGCGGTAGCTGTT-0.HTO2.cd4_cm,cd4_cm,cd4_cm,cd4_n,True,False,mosaic_only_correct,central_memory,0.5986527,1.0
CGATGGCCAGTAGAGC-1.HTO8.monocyte,monocyte,monocyte,monocyte,True,True,both_correct,other,2.100609e-08,1.0
CGATGGCGTGGACTGA-1.HTO8.monocyte,monocyte,monocyte,monocyte,True,True,both_correct,other,4.950681e-07,1.0
CGATGGCTCGTGACTA-1.HTO2.cd4_cm,cd4_cm,cd4_cm,cd4_em,True,False,mosaic_only_correct,central_memory,0.6351524,1.0
CGCAGGTAGAACAAGG-0.HTO8.monocyte,monocyte,monocyte,monocyte,True,True,both_correct,other,0.0011512104,1.0
CGCAGGTAGGACTTCT-1.HTO3.cd4_em,cd4_em,cd4_em,cd4_em,True,True,both_correct,other,0.97263247,1.0
CGCAGGTTCCGTGTAA-1.HTO8.monocyte,monocyte,monocyte,monocyte,True,True,both_correct,other,9.864898e-06,1.0
CGCATAAGTAGAAACT-0.HTO8.monocyte,monocyte,monocyte,monocyte,True,True,both_correct,other,3.435173e-05,1.0
CGCATAATCCAGTACA-1.HTO6.cd8_em,cd8_em,cd8_em,cd8_em,True,True,both_correct,other,0.73046654,1.0
CGCATAATCGCCAGTG-1.HTO8.monocyte,monocyte,monocyte,monocyte,True,True,both_correct,other,2.0560285e-06,1.0
CGCATGGAGACTAAGT-0.HTO8.monocyte,monocyte,monocyte,monocyte,True,True,both_correct,other,2.0010268e-06,1.0
CGCATGGGTCCACTCT-1.HTO6.cd8_em,cd8_em,cd8_em,cd8_em,True,True,both_correct,other,0.8100238,1.0
CGCCAGAAGTTAACGA-1.HTO5.cd8_cm,cd8_cm,cd8_cm,cd8_cm,True,True,both_correct,central_memory,0.80482906,1.0
CGCCAGAGTACCTATG-1.HTO8.monocyte,monocyte,monocyte,monocyte,True,True,both_correct,other,3.6163087e-06,1.0
CGCCAGATCCTCTAGC-0.HTO4.cd8_n,cd8_n,cd8_n,cd8_n,True,True,both_correct,other,0.9444044,1.0
CGCCATTAGAGAAGGT-0.HTO5.cd8_cm,cd8_cm,cd8_cm,cd8_cm,True,True,both_correct,central_memory,0.696445,1.0
CGCCATTCAGCCCACA-1.HTO6.cd8_em,cd8_em,cd8_em,cd8_em,True,True,both_correct,other,0.8826082,1.0
CGCCATTGTAAGGCCA-0.HTO8.monocyte,monocyte,monocyte,monocyte,True,True,both_correct,other,1.3782669e-06,1.0
CGCCATTGTGTTTACG-0.HTO5.cd8_cm,cd8_cm,cd8_cm,cd8_cm,True,True,both_correct,central_memory,0.85908204,0.9999454324093974
CGCCATTTCGCCTTGT-1.HTO3.cd4_em,cd4_em,cd4_em,cd4_em,True,True,both_correct,other,0.7951455,1.0
CGCGTGACAATCTCTT-1.HTO6.cd8_em,cd8_em,cd8_em,cd8_em,True,True,both_correct,other,0.7634216,1.0
CGCGTGACAGGGTCTC-0.HTO6.cd8_em,cd8_em,cd8_em,cd8_em,True,True,both_correct,other,0.878558,1.0
CGGAACCAGTAGGCCA-1.HTO5.cd8_cm,cd8_cm,cd8_cm,cd8_cm,True,True,both_correct,central_memory,0.7993327,1.0
CGGAACCCAGGCGATA-0.HTO8.monocyte,monocyte,monocyte,monocyte,True,True,both_correct,other,3.7399727e-07,1.0
CGGAACCTCAAGGAGC-1.HTO2.cd4_cm,cd4_cm,cd4_cm,cd4_cm,True,True,both_correct,central_memory,0.762058,1.0
CGGAATTAGGAAGTAG-0.HTO8.monocyte,monocyte,monocyte,monocyte,True,True,both_correct,other,1.3296532e-05,1.0
CGGAATTCACTCCTGT-1.HTO4.cd8_n,cd8_n,cd8_n,cd8_n,True,True,both_correct,other,0.65183336,1.0
CGGAATTGTTTGCCGG-1.HTO7.cd8_emra,cd8_emra,cd8_emra,cd8_emra,True,True,both_correct,other,0.7905667,1.0
CGGACACCAACATCGT-1.HTO4.cd8_n,cd8_n,cd8_n,cd8_n,True,True,both_correct,other,0.8977352,1.0
CGGACACGTAGTGTGG-1.HTO8.monocyte,monocyte,monocyte,monocyte,True,True,both_correct,other,4.497154e-06,1.0
CGGACACGTGCATGTT-1.HTO5.cd8_cm,cd8_cm,cd8_cm,cd8_cm,True,True,both_correct,central_memory,0.9105504,1.0
CGGACACTCACTGAAC-0.HTO1.cd4_n,cd4_n,cd4_n,cd4_n,True,True,both_correct,other,0.54967827,1.0
CGGAGAAGTAGTCGTT-1.HTO4.cd8_n,cd8_n,cd8_n,cd8_n,True,True,both_correct,other,0.76103824,1.0
CGGCAGTCATTGTACG-1.HTO7.cd8_emra,cd8_emra,cd8_emra,cd8_emra,True,True,both_correct,other,0.8046376,1.0
CGGCAGTGTCGACGCT-0.HTO2.cd4_cm,cd4_cm,cd4_cm,cd4_cm,True,True,both_correct,central_memory,0.47475556,1.0
CGGGACTGTCGAGTTT-1.HTO3.cd4_em,cd4_em,cd4_em,cd4_em,True,True,both_correct,other,0.8979609,1.0
CGGGACTTCGCCAATA-1.HTO4.cd8_n,cd8_n,cd8_n,cd8_n,True,True,both_correct,other,0.9383307,1.0
CGGGCATAGGCGATAC-0.HTO4.cd8_n,cd8_n,cd8_n,cd8_n,True,True,both_correct,other,0.9253726,1.0
CGGGCATCAATGGGTG-1.HTO6.cd8_em,cd8_em,cd8_em,cd8_em,True,True,both_correct,other,0.8818665,1.0
CGGGCATTCAATGTCG-1.HTO5.cd8_cm,cd8_cm,cd8_cm,cd8_cm,True,True,both_correct,central_memory,0.8240316,1.0
CGGGTCAAGACCTGGA-1.HTO3.cd4_em,cd4_em,cd4_em,cd4_em,True,True,both_correct,other,0.78706497,1.0
CGGGTCAAGCAGCAGT-1.HTO5.cd8_cm,cd8_cm,cd8_cm,cd8_cm,True,True,both_correct,central_memory,0.78886014,1.0
CGGGTCAGTATTAAGG-1.HTO8.monocyte,monocyte,monocyte,monocyte,True,True,both_correct,other,0.00012020993,1.0
CGGGTCATCTGCCTGT-1.HTO8.monocyte,monocyte,monocyte,monocyte,True,True,both_correct,other,3.519925e-08,1.0
CGGGTGTTCAGACAAA-0.HTO3.cd4_em,cd4_em,cd4_em,cd8_em,True,False,mosaic_only_correct,other,0.88003206,1.0
CGGTCAGCAACTCCAA-0.HTO6.cd8_em,cd8_em,cd8_em,cd8_em,True,True,both_correct,other,0.831431,1.0
CGGTCAGGTTCGTAAC-1.HTO4.cd8_n,cd8_n,cd8_cm,cd8_n,False,True,mmochi_only_correct,other,0.90566033,0.7142857142857143
CGTAAGTAGTAATTGG-1.HTO2.cd4_cm,cd4_cm,cd4_cm,cd4_cm,True,True,both_correct,central_memory,0.5287192,1.0
CGTAAGTTCGGCTGAC-1.HTO5.cd8_cm,cd8_cm,cd8_em,cd8_cm,False,True,mmochi_only_correct,central_memory,0.7839052,1.0
CGTAAGTTCGGTGAAG-1.HTO8.monocyte,monocyte,monocyte,monocyte,True,True,both_correct,other,1.0440225e-06,1.0
CGTAGTACAGCAAGAC-1.HTO3.cd4_em,cd4_em,cd4_em,cd4_em,True,True,both_correct,other,0.7231081,1.0
CGTAGTACAGCATTGT-1.HTO6.cd8_em,cd8_em,cd8_em,cd8_em,True,True,both_correct,other,0.59713566,1.0
CGTAGTAGTTGGGACA-1.HTO2.cd4_cm,cd4_cm,cd4_cm,cd4_cm,True,True,both_correct,central_memory,0.48798913,1.0
CGTAGTATCAGCATTG-0.HTO7.cd8_emra,cd8_emra,cd8_emra,cd8_emra,True,True,both_correct,other,0.8457599,1.0
CGTCAAACACCAGACC-0.HTO5.cd8_cm,cd8_cm,cd8_cm,cd8_cm,True,True,both_correct,central_memory,0.84651464,1.0
CGTCAAATCGTAACAC-1.HTO5.cd8_cm,cd8_cm,cd8_cm,cd8_cm,True,True,both_correct,central_memory,0.9279132,1.0
CGTCCATCAGCAGTTT-1.HTO8.monocyte,monocyte,monocyte,monocyte,True,True,both_correct,other,7.636224e-07,1.0
CGTCCATGTCCACAGC-1.HTO5.cd8_cm,cd8_cm,cd8_cm,cd8_cm,True,True,both_correct,central_memory,0.87167317,1.0
CGTCCATTCAGAGCGA-1.HTO5.cd8_cm,cd8_cm,cd8_em,cd8_em,False,False,both_incorrect,central_memory,0.847055,0.9259259259259258
CGTGAATTCTGATTCT-1.HTO8.monocyte,monocyte,monocyte,monocyte,True,True,both_correct,other,2.2949533e-05,1.0
CGTGATAAGCTGTTAC-1.HTO4.cd8_n,cd8_n,cd8_n,cd8_n,True,True,both_correct,other,0.6630248,1.0
CGTGATACATCGTGCG-0.HTO7.cd8_emra,cd8_emra,cd8_emra,cd8_emra,True,True,both_correct,other,0.85632855,1.0
CGTGATAGTGAAGCGT-1.HTO7.cd8_emra,cd8_emra,cd8_emra,cd8_emra,True,True,both_correct,other,0.8042588,1.0
CGTGTCTAGTCACGAG-0.HTO4.cd8_n,cd8_n,cd8_n,cd8_n,True,True,both_correct,other,0.77767324,1.0
CGTTAGAGTAATTAGG-1.HTO8.monocyte,monocyte,monocyte,monocyte,True,True,both_correct,other,2.7831923e-06,1.0
CGTTAGAGTGGTCAAG-1.HTO4.cd8_n,cd8_n,cd8_n,cd8_n,True,True,both_correct,other,0.6979432,1.0
CGTTAGATCCACCCTA-1.HTO4.cd8_n,cd8_n,cd8_n,cd8_n,True,True,both_correct,other,0.73054075,1.0
CGTTCTGGTTCCAGGC-0.HTO2.cd4_cm,cd4_cm,cd4_cm,cd4_cm,True,True,both_correct,central_memory,0.46643347,1.0
CGTTCTGTCATTCGTT-1.HTO6.cd8_em,cd8_em,cd8_em,cd8_em,True,True,both_correct,other,0.9325249,1.0
CGTTCTGTCGAACTCA-0.HTO6.cd8_em,cd8_em,cd8_em,cd8_emra,True,False,mosaic_only_correct,other,0.62576085,0.8636363636363636
CGTTGGGAGGTGAGAA-1.HTO1.cd4_n,cd4_n,cd4_n,cd4_n,True,True,both_correct,other,0.46324253,1.0
CGTTGGGAGTCGGCAA-0.HTO8.monocyte,monocyte,monocyte,monocyte,True,True,both_correct,other,7.3869245e-07,1.0
CGTTGGGAGTGCACTT-1.HTO7.cd8_emra,cd8_emra,cd8_emra,cd8_emra,True,True,both_correct,other,0.74428993,1.0
CGTTGGGTCGACATTG-1.HTO3.cd4_em,cd4_em,cd4_em,cd4_em,True,True,both_correct,other,0.9836731,1.0
CTAACCCGTACCAATC-1.HTO7.cd8_emra,cd8_emra,cd8_emra,cd8_emra,True,True,both_correct,other,0.8021986,1.0
CTAACCCGTCGAATGG-0.HTO3.cd4_em,cd4_em,cd4_em,cd4_em,True,True,both_correct,other,0.99999726,1.0
CTAACTTAGCCTGAAG-0.HTO4.cd8_n,cd8_n,cd8_n,cd8_n,True,True,both_correct,other,0.78079885,1.0
CTAAGTGTCGATTCCC-0.HTO4.cd8_n,cd8_n,cd8_n,cd8_n,True,True,both_correct,other,0.6569924,1.0
CTACAGAAGTTCAACC-1.HTO7.cd8_emra,cd8_emra,cd8_emra,cd8_emra,True,True,both_correct,other,0.8661043,1.0
CTACAGACAGAACTTC-1.HTO1.cd4_n,cd4_n,cd4_n,cd4_n,True,True,both_correct,other,0.61962795,1.0
CTACAGAGTAGCGCCT-0.HTO5.cd8_cm,cd8_cm,cd8_cm,cd4_cm,True,False,mosaic_only_correct,central_memory,0.7592835,1.0
CTACAGAGTTCAGGTT-0.HTO7.cd8_emra,cd8_emra,cd8_emra,cd8_emra,True,True,both_correct,other,0.8090482,1.0
CTACAGATCCCGAGTG-1.HTO7.cd8_emra,cd8_emra,cd8_emra,cd8_emra,True,True,both_correct,other,0.76354694,1.0
CTACATTCAGTCAGTT-0.HTO6.cd8_em,cd8_em,cd8_em,cd8_em,True,True,both_correct,other,0.8208277,1.0
CTACATTTCACTACTT-0.HTO8.monocyte,monocyte,monocyte,monocyte,True,True,both_correct,other,2.4727338e-05,1.0
CTACATTTCCAAGAGG-1.HTO2.cd4_cm,cd4_cm,cd4_cm,cd4_cm,True,True,both_correct,central_memory,0.66952986,1.0
CTACCCACAACCAGAG-1.HTO6.cd8_em,cd8_em,cd8_em,cd8_em,True,True,both_correct,other,0.63210726,1.0
CTACCCAGTTATGTGC-1.HTO4.cd8_n,cd8_n,cd8_n,cd8_n,True,True,both_correct,other,0.7762205,1.0
CTACCTGAGAACAGGA-1.HTO6.cd8_em,cd8_em,cd8_em,cd8_em,True,True,both_correct,other,0.7650275,1.0
CTACCTGGTGCACATT-1.HTO6.cd8_em,cd8_em,cd8_em,cd8_emra,True,False,mosaic_only_correct,other,0.7288801,0.7916666666666667
CTACGGGAGCGCCCAT-1.HTO3.cd4_em,cd4_em,cd4_em,cd4_em,True,True,both_correct,other,0.9887983,1.0
CTACGGGAGGTTCATC-0.HTO4.cd8_n,cd8_n,cd8_n,cd8_n,True,True,both_correct,other,0.7527955,1.0
CTACGGGTCAATCTTC-1.HTO5.cd8_cm,cd8_cm,cd8_cm,cd8_cm,True,True,both_correct,central_memory,0.8057014,1.0
CTACGGGTCACCTGTC-1.HTO2.cd4_cm,cd4_cm,cd4_n,cd4_n,False,False,both_incorrect,central_memory,0.43962833,1.0
CTACTATCAGCGTGAA-0.HTO3.cd4_em,cd4_em,cd4_em,cd4_em,True,True,both_correct,other,0.94008756,1.0
CTAGACATCATTGAGC-1.HTO6.cd8_em,cd8_em,cd8_em,cd8_em,True,True,both_correct,other,0.7422029,1.0
CTAGACATCGAGGCAA-0.HTO6.cd8_em,cd8_em,cd8_em,cd8_em,True,True,both_correct,other,0.80783087,1.0
CTAGGTACAATGAAAC-1.HTO6.cd8_em,cd8_em,cd8_em,cd8_em,True,True,both_correct,other,0.8078529,1.0
CTAGGTACAGAGTAAT-0.HTO1.cd4_n,cd4_n,cd4_n,cd4_n,True,True,both_correct,other,0.47000617,1.0
CTAGGTAGTTACAGCT-1.HTO5.cd8_cm,cd8_cm,cd8_cm,cd8_n,True,False,mosaic_only_correct,central_memory,0.71428174,0.7142857142857143
CTAGGTATCGTTCTCG-1.HTO6.cd8_em,cd8_em,cd8_em,cd8_em,True,True,both_correct,other,0.82172173,1.0
CTATAGGTCAAACGAA-0.HTO7.cd8_emra,cd8_emra,cd8_emra,cd8_emra,True,True,both_correct,other,0.8386847,1.0
CTATCCGCACTTGGCG-1.HTO5.cd8_cm,cd8_cm,cd8_cm,cd8_cm,True,True,both_correct,central_memory,0.7382123,1.0
CTATCCGCAGCAGATG-0.HTO3.cd4_em,cd4_em,cd4_em,cd4_em,True,True,both_correct,other,0.7923619,1.0
CTATCCGGTGATCGTT-1.HTO5.cd8_cm,cd8_cm,cd8_cm,cd8_cm,True,True,both_correct,central_memory,0.88439345,1.0
CTATCTACATAGATGA-1.HTO7.cd8_emra,cd8_emra,cd8_emra,cd8_emra,True,True,both_correct,other,0.8700799,1.0
CTATCTAGTAACTGCT-1.HTO1.cd4_n,cd4_n,cd4_n,cd4_n,True,True,both_correct,other,0.5252342,1.0
CTCAACCCAATTGCGT-0.HTO7.cd8_emra,cd8_emra,cd8_emra,cd8_emra,True,True,both_correct,other,0.69456404,1.0
CTCAACCCATGACAGG-1.HTO6.cd8_em,cd8_em,cd8_em,cd8_em,True,True,both_correct,other,0.8273509,1.0
CTCAAGACACCTCTGT-1.HTO3.cd4_em,cd4_em,cd4_em,cd4_em,True,True,both_correct,other,0.8653102,1.0
CTCAAGACAGGGAATC-1.HTO8.monocyte,monocyte,monocyte,monocyte,True,True,both_correct,other,2.382722e-06,1.0
CTCAAGAGTATTAAGG-0.HTO2.cd4_cm,cd4_cm,cd4_cm,cd4_cm,True,True,both_correct,central_memory,0.63550514,1.0
CTCAATTGTATTCCGA-1.HTO4.cd8_n,cd8_n,cd8_n,cd8_n,True,True,both_correct,other,0.7609208,1.0
CTCACTGCAGTTGGTT-0.HTO3.cd4_em,cd4_em,cd4_em,cd4_em,True,True,both_correct,other,0.6732731,1.0
CTCACTGTCAAAGAAC-1.HTO6.cd8_em,cd8_em,cd8_em,cd8_em,True,True,both_correct,other,0.9547176,1.0
CTCAGAAGTCTAGGCC-0.HTO5.cd8_cm,cd8_cm,cd8_cm,cd8_cm,True,True,both_correct,central_memory,0.80200267,1.0
CTCAGAATCGCTGTTC-0.HTO2.cd4_cm,cd4_cm,cd4_cm,cd4_cm,True,True,both_correct,central_memory,0.4322173,1.0
CTCAGGGGTATGAAGT-1.HTO1.cd4_n,cd4_n,cd4_n,cd4_n,True,True,both_correct,other,0.36358455,1.0
CTCAGGGTCACTGAAC-1.HTO2.cd4_cm,cd4_cm,cd4_cm,cd4_cm,True,True,both_correct,central_memory,0.7347686,1.0
CTCAGGGTCATTTCCA-0.HTO1.cd4_n,cd4_n,cd4_n,cd4_n,True,True,both_correct,other,0.2257102,1.0
CTCAGTCAGTACTGTC-0.HTO5.cd8_cm,cd8_cm,cd8_cm,cd8_cm,True,True,both_correct,central_memory,0.8218737,1.0
CTCAGTCGTTATCTTC-0.HTO4.cd8_n,cd8_n,cd8_n,cd8_n,True,True,both_correct,other,0.76862365,1.0
CTCATCGTCACCGGTG-0.HTO6.cd8_em,cd8_em,cd8_em,cd8_em,True,True,both_correct,other,0.81530803,1.0
CTCATGCCAACCCTAA-1.HTO4.cd8_n,cd8_n,cd8_n,cd8_n,True,True,both_correct,other,0.8096262,1.0
CTCATGCCACACACGC-0.HTO8.monocyte,monocyte,monocyte,monocyte,True,True,both_correct,other,9.9669605e-06,1.0
CTCATGCTCCACACAA-0.HTO4.cd8_n,cd8_n,cd8_n,cd8_n,True,True,both_correct,other,0.7099562,1.0
CTCATTACAAATCCCA-0.HTO8.monocyte,monocyte,monocyte,monocyte,True,True,both_correct,other,9.715563e-06,1.0
CTCATTAGTTTGAACC-1.HTO7.cd8_emra,cd8_emra,cd8_emra,cd8_emra,True,True,both_correct,other,0.8217355,1.0
CTCCAACTCCCAATAG-1.HTO6.cd8_em,cd8_em,cd8_em,cd8_em,True,True,both_correct,other,0.777346,1.0
CTCCACACAAACACGG-1.HTO4.cd8_n,cd8_n,cd8_n,cd8_n,True,True,both_correct,other,0.5813451,1.0
CTCCACACAGCGTTTA-1.HTO8.monocyte,monocyte,monocyte,monocyte,True,True,both_correct,other,1.262631e-06,1.0
CTCCACACATTAAGCC-1.HTO7.cd8_emra,cd8_emra,cd8_emra,cd8_emra,True,True,both_correct,other,0.86452365,1.0
CTCCATGGTCTCACAA-0.HTO5.cd8_cm,cd8_cm,cd8_cm,cd8_cm,True,True,both_correct,central_memory,0.95502245,1.0
CTCCCTCGTTGTTGCA-1.HTO1.cd4_n,cd4_n,cd4_n,cd4_n,True,True,both_correct,other,0.5493513,1.0
CTCCCTCTCGCCGAGT-1.HTO6.cd8_em,cd8_em,cd8_em,cd8_em,True,True,both_correct,other,0.8449126,1.0
CTCCGATAGAGCACTG-1.HTO6.cd8_em,cd8_em,cd8_em,cd8_em,True,True,both_correct,other,0.7855038,1.0
CTCCGATAGTGTACAA-1.HTO6.cd8_em,cd8_em,cd8_em,cd8_em,True,True,both_correct,other,0.9026897,1.0
CTCCTCCCATCAGCGC-0.HTO1.cd4_n,cd4_n,cd4_n,cd4_n,True,True,both_correct,other,0.46715772,1.0
CTCCTTTTCATAAGGA-0.HTO1.cd4_n,cd4_n,cd4_n,cd4_n,True,True,both_correct,other,0.520877,1.0
CTCCTTTTCCTCACGT-1.HTO2.cd4_cm,cd4_cm,cd4_cm,cd4_cm,True,True,both_correct,central_memory,0.43165046,1.0
CTCGAGGCAGGCATGA-1.HTO3.cd4_em,cd4_em,cd4_em,cd4_cm,True,False,mosaic_only_correct,other,0.8087945,1.0
CTCGAGGTCTCCAATT-0.HTO8.monocyte,monocyte,monocyte,monocyte,True,True,both_correct,other,0.00012608888,1.0
CTCGAGGTCTCTCCGA-1.HTO6.cd8_em,cd8_em,cd8_em,cd8_em,True,True,both_correct,other,0.82875913,1.0
CTCTCAGGTGAGTTTC-0.HTO6.cd8_em,cd8_em,cd8_em,cd8_em,True,True,both_correct,other,0.7862235,1.0
CTCTCAGGTGCTGCAC-1.HTO3.cd4_em,cd4_em,cd4_em,cd4_em,True,True,both_correct,other,0.97024125,1.0
CTCTCGACAACGACAG-1.HTO8.monocyte,monocyte,monocyte,monocyte,True,True,both_correct,other,5.0791294e-07,1.0
CTCTCGATCACAACCA-0.HTO7.cd8_emra,cd8_emra,cd8_emra,cd8_emra,True,True,both_correct,other,0.8141956,0.7755102040816326
CTCTGGTCAGGTTTAC-0.HTO3.cd4_em,cd4_em,cd4_em,cd4_em,True,True,both_correct,other,0.881895,1.0
CTCTGGTGTCAGGCAA-0.HTO6.cd8_em,cd8_em,cd8_em,cd8_emra,True,False,mosaic_only_correct,other,0.59423816,0.8444444444444446
CTCTGGTGTGAATATG-0.HTO8.monocyte,monocyte,monocyte,monocyte,True,True,both_correct,other,1.7024147e-05,1.0
CTCTGGTGTGCCGTAC-1.HTO8.monocyte,monocyte,monocyte,monocyte,True,True,both_correct,other,1.7895549e-05,1.0
CTGAATGCAGTGAGCA-0.HTO1.cd4_n,cd4_n,cd4_n,cd4_n,True,True,both_correct,other,0.50084347,1.0
CTGAATGGTTGCCTAA-1.HTO3.cd4_em,cd4_em,cd4_em,cd4_em,True,True,both_correct,other,0.6802505,1.0
CTGAGCGCAACGGCCT-0.HTO4.cd8_n,cd8_n,cd8_n,cd8_n,True,True,both_correct,other,0.7288568,1.0
CTGAGGCGTATTCCGA-1.HTO8.monocyte,monocyte,monocyte,monocyte,True,True,both_correct,other,1.1181706e-05,1.0
CTGAGGCTCCAGGACC-1.HTO1.cd4_n,cd4_n,cd4_n,cd4_n,True,True,both_correct,other,0.3901756,1.0
CTGATCCGTCGGTACC-1.HTO5.cd8_cm,cd8_cm,cd8_cm,cd8_cm,True,True,both_correct,central_memory,0.75342745,1.0
CTGATCCGTCTCAGAT-1.HTO4.cd8_n,cd8_n,cd8_n,cd8_n,True,True,both_correct,other,0.7901317,1.0
CTGATCCGTTTCGACA-1.HTO3.cd4_em,cd4_em,cd4_em,cd4_em,True,True,both_correct,other,0.97548467,1.0
CTGCAGGCATGGAGAC-1.HTO6.cd8_em,cd8_em,cd8_em,cd8_em,True,True,both_correct,other,0.8089443,1.0
CTGCATCAGTGTTCAC-0.HTO3.cd4_em,cd4_em,cd4_em,cd4_em,True,True,both_correct,other,0.6469463,1.0
CTGCATCCATTGACTG-1.HTO1.cd4_n,cd4_n,cd4_n,cd4_n,True,True,both_correct,other,0.56812006,1.0
CTGCATCTCCTTATGT-1.HTO8.monocyte,monocyte,monocyte,monocyte,True,True,both_correct,other,2.9935453e-07,1.0
CTGCATCTCGATACAC-0.HTO8.monocyte,monocyte,monocyte,monocyte,True,True,both_correct,other,3.4589422e-07,1.0
CTGCCATAGAGAGTGA-1.HTO3.cd4_em,cd4_em,cd4_em,cd4_em,True,True,both_correct,other,0.9554415,1.0
CTGCCATGTTCACCGG-1.HTO4.cd8_n,cd8_n,cd8_n,cd8_n,True,True,both_correct,other,0.7135474,1.0
CTGCCATTCATATGGC-1.HTO2.cd4_cm,cd4_cm,cd4_cm,cd4_cm,True,True,both_correct,central_memory,0.6733495,1.0
CTGCCTAAGCACTAAA-0.HTO7.cd8_emra,cd8_emra,cd8_emra,cd8_emra,True,True,both_correct,other,0.8242797,1.0
CTGCCTACACTTGGCG-0.HTO1.cd4_n,cd4_n,cd4_n,cd4_n,True,True,both_correct,other,0.44021544,1.0
CTGCGAGCATCCGTGG-0.HTO1.cd4_n,cd4_n,cd4_n,cd4_n,True,True,both_correct,other,0.47929755,1.0
CTGCGAGTCCAGTGTA-1.HTO8.monocyte,monocyte,monocyte,monocyte,True,True,both_correct,other,1.3275841e-06,1.0
CTGCTCAAGAGAGCGG-0.HTO6.cd8_em,cd8_em,cd8_em,cd8_em,True,True,both_correct,other,0.81697965,1.0
CTGCTCAGTAACATGA-0.HTO7.cd8_emra,cd8_emra,cd8_emra,cd8_emra,True,True,both_correct,other,0.8653987,1.0
CTGGACGCAATAGTAG-1.HTO3.cd4_em,cd4_em,cd4_em,cd4_em,True,True,both_correct,other,0.9837039,1.0
CTGGACGCAGATCACT-0.HTO1.cd4_n,cd4_n,cd4_n,cd4_n,True,True,both_correct,other,0.46895018,1.0
CTGGACGTCATTGTGG-1.HTO2.cd4_cm,cd4_cm,cd4_cm,cd4_cm,True,True,both_correct,central_memory,0.50637144,1.0
CTGGCAGAGTGGATAT-1.HTO7.cd8_emra,cd8_emra,cd8_emra,cd8_emra,True,True,both_correct,other,0.7951096,1.0
CTGGCAGGTAGGCAAC-1.HTO8.monocyte,monocyte,monocyte,monocyte,True,True,both_correct,other,2.1283911e-07,1.0
CTGGCAGGTTCCTAGA-0.HTO2.cd4_cm,cd4_cm,cd4_cm,cd4_cm,True,True,both_correct,central_memory,0.37529165,0.5945945945945945
CTGGTCTCAGCGCGTT-1.HTO2.cd4_cm,cd4_cm,cd4_cm,cd4_em,True,False,mosaic_only_correct,central_memory,0.58822495,1.0
CTGGTCTGTCCTCATC-1.HTO1.cd4_n,cd4_n,cd4_n,cd4_n,True,True,both_correct,other,0.41770878,1.0
CTGGTCTGTCGAAACG-1.HTO2.cd4_cm,cd4_cm,cd8_cm,cd8_cm,False,False,both_incorrect,central_memory,0.6778958,1.0
CTGTACCAGCTTGTGT-1.HTO1.cd4_n,cd4_n,cd4_n,cd4_n,True,True,both_correct,other,0.45822692,1.0
CTGTAGACAGCCGTCA-1.HTO2.cd4_cm,cd4_cm,cd4_cm,cd4_cm,True,True,both_correct,central_memory,0.4602122,1.0
CTGTATTAGAGGCGTT-1.HTO2.cd4_cm,cd4_cm,cd4_cm,cd4_n,True,False,mosaic_only_correct,central_memory,0.566693,1.0
CTGTATTAGAGTTGTA-1.HTO6.cd8_em,cd8_em,cd8_em,cd8_em,True,True,both_correct,other,0.7876552,1.0
CTGTCGTAGCGTTCAT-0.HTO6.cd8_em,cd8_em,cd8_em,cd8_em,True,True,both_correct,other,0.8528173,1.0
CTGTCGTTCCTATGGA-1.HTO4.cd8_n,cd8_n,cd8_n,cd8_n,True,True,both_correct,other,0.6597723,1.0
CTGTGAAAGATCGCCC-1.HTO4.cd8_n,cd8_n,cd8_n,cd8_n,True,True,both_correct,other,0.7001673,1.0
CTGTGGGAGGGAGTTC-1.HTO2.cd4_cm,cd4_cm,cd4_cm,cd4_cm,True,True,both_correct,central_memory,0.65624523,1.0
CTGTGGGCAATTGCGT-0.HTO5.cd8_cm,cd8_cm,cd8_cm,cd8_cm,True,True,both_correct,central_memory,0.8325633,1.0
CTTACCGAGAATTGCA-1.HTO6.cd8_em,cd8_em,cd8_em,cd8_em,True,True,both_correct,other,0.59212154,1.0
CTTACCGGTCGGCCTA-1.HTO3.cd4_em,cd4_em,cd4_em,cd4_em,True,True,both_correct,other,0.9249083,1.0
CTTACCGTCGAGCCAC-0.HTO3.cd4_em,cd4_em,cd4_em,cd4_em,True,True,both_correct,other,0.9134177,1.0
CTTCAATCAGCAGTGA-1.HTO8.monocyte,monocyte,monocyte,monocyte,True,True,both_correct,other,1.5212596e-06,1.0
CTTCCGAGTGATCGTT-1.HTO1.cd4_n,cd4_n,cd4_n,cd4_n,True,True,both_correct,other,0.4902986,1.0
CTTCCGAGTGTCCCTT-1.HTO1.cd4_n,cd4_n,cd4_n,cd4_n,True,True,both_correct,other,0.99975914,1.0
CTTCCTTCAGACACAG-1.HTO7.cd8_emra,cd8_emra,cd8_emra,cd8_emra,True,True,both_correct,other,0.8181638,1.0
CTTCCTTCATGACGGA-0.HTO8.monocyte,monocyte,monocyte,monocyte,True,True,both_correct,other,4.7159068e-07,1.0
CTTCCTTGTATCGTTG-1.HTO1.cd4_n,cd4_n,cd4_n,cd4_n,True,True,both_correct,other,0.49483797,1.0
CTTCCTTTCGCGTGCA-0.HTO1.cd4_n,cd4_n,cd4_n,cd4_n,True,True,both_correct,other,0.3801437,1.0
CTTCCTTTCTCTCCGA-0.HTO8.monocyte,monocyte,monocyte,monocyte,True,True,both_correct,other,2.6881295e-08,1.0
CTTCGGTAGCCTGAGA-1.HTO8.monocyte,monocyte,monocyte,monocyte,True,True,both_correct,other,3.4251561e-06,1.0
CTTCGGTCACACTTAG-0.HTO1.cd4_n,cd4_n,cd4_n,cd4_n,True,True,both_correct,other,0.53561014,1.0
CTTCGGTGTCTCCCTA-1.HTO6.cd8_em,cd8_em,cd8_em,cd8_em,True,True,both_correct,other,0.8860262,1.0
CTTCGGTGTGATCGTT-1.HTO3.cd4_em,cd4_em,cd4_em,cd4_em,True,True,both_correct,other,0.89212084,1.0
CTTCGGTGTGGACTGA-1.HTO6.cd8_em,cd8_em,cd8_em,cd8_em,True,True,both_correct,other,0.75878114,1.0
CTTCGGTTCCCTCATG-0.HTO1.cd4_n,cd4_n,cd4_n,cd4_n,True,True,both_correct,other,0.47283238,1.0
CTTCTAAGTATCCTTT-0.HTO8.monocyte,monocyte,monocyte,monocyte,True,True,both_correct,other,2.0781881e-06,1.0
CTTCTAAGTCTCGCGA-1.HTO2.cd4_cm,cd4_cm,cd4_cm,cd4_cm,True,True,both_correct,central_memory,0.6084292,1.0
CTTCTCTCACGGAAGT-1.HTO2.cd4_cm,cd4_cm,cd4_cm,cd4_cm,True,True,both_correct,central_memory,0.6961641,1.0
CTTCTCTGTCAACCTA-1.HTO4.cd8_n,cd8_n,cd8_n,cd8_n,True,True,both_correct,other,0.77777916,1.0
CTTTCAAAGTGGTCAG-0.HTO2.cd4_cm,cd4_cm,cd4_cm,cd4_cm,True,True,both_correct,central_memory,0.48225835,1.0
CTTTCGGGTATCTTCT-0.HTO4.cd8_n,cd8_n,cd8_n,cd8_n,True,True,both_correct,other,0.80390555,1.0
CTTTCGGGTATGTCCA-0.HTO1.cd4_n,cd4_n,cd4_n,cd4_n,True,True,both_correct,other,0.48073816,1.0
CTTTCGGTCAAAGGAT-0.HTO8.monocyte,monocyte,monocyte,monocyte,True,True,both_correct,other,7.774785e-06,1.0
GAAACCTAGACCGCCT-0.HTO8.monocyte,monocyte,monocyte,monocyte,True,True,both_correct,other,0.00011183551,1.0
GAAACCTGTCGATGCC-1.HTO3.cd4_em,cd4_em,cd4_em,cd4_em,True,True,both_correct,other,0.98511547,1.0
GAAACCTTCTCTCTAA-1.HTO4.cd8_n,cd8_n,cd8_n,cd8_n,True,True,both_correct,other,0.62355924,1.0
GAAATGAGTCCAGCCA-0.HTO3.cd4_em,cd4_em,cd4_em,cd4_em,True,True,both_correct,other,0.8766286,1.0
GAACACTAGCAGATAT-1.HTO1.cd4_n,cd4_n,cd4_n,cd4_n,True,True,both_correct,other,0.47825575,1.0
GAACACTCAAGGTCGA-1.HTO7.cd8_emra,cd8_emra,cd8_emra,cd8_emra,True,True,both_correct,other,0.61750066,1.0
GAACACTTCGCAGTGC-1.HTO1.cd4_n,cd4_n,cd4_n,cd4_n,True,True,both_correct,other,0.48163927,1.0
GAACGTTGTAACGGTG-1.HTO2.cd4_cm,cd4_cm,cd4_cm,cd4_cm,True,True,both_correct,central_memory,0.5556711,0.5000000000000007
GAACGTTGTGCAAGAC-1.HTO3.cd4_em,cd4_em,cd4_em,cd4_em,True,True,both_correct,other,0.989783,1.0
GAACGTTTCGGCCAAC-1.HTO3.cd4_em,cd4_em,cd4_em,cd4_em,True,True,both_correct,other,0.84008044,1.0
GAACTGTAGCTCCCTT-1.HTO1.cd4_n,cd4_n,cd4_n,cd4_n,True,True,both_correct,other,0.47197255,1.0
GAACTGTCAAATAAGC-0.HTO2.cd4_cm,cd4_cm,cd4_cm,cd4_cm,True,True,both_correct,central_memory,0.492597,1.0
GAACTGTTCCAGCCTT-0.HTO6.cd8_em,cd8_em,cd8_em,cd8_em,True,True,both_correct,other,0.8174104,1.0
GAACTGTTCGGTCGAC-0.HTO6.cd8_em,cd8_em,cd8_em,cd8_em,True,True,both_correct,other,0.78159344,1.0
GAACTGTTCTAGATCG-0.HTO1.cd4_n,cd4_n,cd4_n,cd4_n,True,True,both_correct,other,0.5252834,1.0
GAAGAATAGCTGACTT-1.HTO6.cd8_em,cd8_em,cd8_emra,cd8_emra,False,False,both_incorrect,other,0.8569999,1.0
GAAGAATGTAGACAAT-1.HTO5.cd8_cm,cd8_cm,cd8_cm,cd8_cm,True,True,both_correct,central_memory,0.79480034,1.0
GAAGAATGTAGGTCAG-1.HTO2.cd4_cm,cd4_cm,cd4_cm,cd4_cm,True,True,both_correct,central_memory,0.6905691,1.0
GAAGAATTCATCTATC-0.HTO2.cd4_cm,cd4_cm,cd4_cm,cd8_cm,True,False,mosaic_only_correct,central_memory,0.7023873,0.7524752475247526
GAAGAATTCCGAGAAG-1.HTO3.cd4_em,cd4_em,cd4_em,cd4_em,True,True,both_correct,other,0.80335015,1.0
GAAGCCCAGGCGAAGG-1.HTO4.cd8_n,cd8_n,cd8_n,cd8_n,True,True,both_correct,other,0.72397614,1.0
GAAGCGATCGGCTATA-1.HTO7.cd8_emra,cd8_emra,cd8_emra,cd8_emra,True,True,both_correct,other,0.6894815,1.0
GAAGGACAGCATCAGG-0.HTO3.cd4_em,cd4_em,cd4_em,cd4_em,True,True,both_correct,other,0.6492976,1.0
GAAGGACGTGTCGATT-0.HTO8.monocyte,monocyte,monocyte,monocyte,True,True,both_correct,other,3.2928192e-06,1.0
GAAGGACTCGAAGCAG-0.HTO8.monocyte,monocyte,monocyte,monocyte,True,True,both_correct,other,7.7762315e-06,1.0
GAAGGGTTCATTGCCC-1.HTO8.monocyte,monocyte,monocyte,monocyte,True,True,both_correct,other,6.264457e-07,1.0
GAAGGGTTCTCAGTCC-0.HTO2.cd4_cm,cd4_cm,cd4_cm,cd4_em,True,False,mosaic_only_correct,central_memory,0.4422924,1.0
GAAGTAACACGTCATA-1.HTO7.cd8_emra,cd8_emra,cd8_emra,cd8_emra,True,True,both_correct,other,0.85596323,1.0
GAATCACGTCGGCCTA-1.HTO5.cd8_cm,cd8_cm,cd8_cm,cd8_cm,True,True,both_correct,central_memory,0.88377094,1.0
GAATCACTCTGCCTCA-1.HTO1.cd4_n,cd4_n,cd4_n,cd4_n,True,True,both_correct,other,0.49903673,1.0
GAATCGTGTAACATGA-0.HTO6.cd8_em,cd8_em,cd8_em,cd8_em,True,True,both_correct,other,0.84465754,1.0
GAATCGTTCGTCACCT-1.HTO5.cd8_cm,cd8_cm,cd8_cm,cd8_cm,True,True,both_correct,central_memory,0.7152173,1.0
GACACGCCACGCCAGT-1.HTO8.monocyte,monocyte,monocyte,monocyte,True,True,both_correct,other,0.0016017596,0.9863013698630136
GACACGCGTCGTTTCC-1.HTO5.cd8_cm,cd8_cm,cd8_em,cd8_cm,False,True,mmochi_only_correct,central_memory,0.84910285,1.0
GACACGCGTCTCAGGC-0.HTO6.cd8_em,cd8_em,cd8_emra,cd8_emra,False,False,both_incorrect,other,0.80076104,0.8636363636363636
GACAGCCGTCCAATCA-1.HTO7.cd8_emra,cd8_emra,cd8_emra,cd8_emra,True,True,both_correct,other,0.71995026,1.0
GACAGCCGTGAAGCGT-1.HTO5.cd8_cm,cd8_cm,cd8_cm,cd8_cm,True,True,both_correct,central_memory,0.8109191,1.0
GACATCAGTAGGCAGT-1.HTO3.cd4_em,cd4_em,cd4_em,cd4_em,True,True,both_correct,other,0.9432862,1.0
GACCAATGTACAAGTA-0.HTO7.cd8_emra,cd8_emra,cd4_cm,cd8_emra,False,True,mmochi_only_correct,other,0.6876128,1.0
GACCCAGCACAAGTTC-0.HTO7.cd8_emra,cd8_emra,cd8_emra,cd8_emra,True,True,both_correct,other,0.76192963,1.0
GACCCAGCATGTACGT-1.HTO5.cd8_cm,cd8_cm,cd8_cm,cd8_cm,True,True,both_correct,central_memory,0.79174817,1.0
GACCCTTCACCTGCAG-0.HTO6.cd8_em,cd8_em,cd8_em,cd8_em,True,True,both_correct,other,0.8082027,1.0
GACCGTGAGATTAGAC-0.HTO8.monocyte,monocyte,monocyte,monocyte,True,True,both_correct,other,1.6886497e-05,1.0
GACCGTGTCACCCTGT-1.HTO6.cd8_em,cd8_em,cd8_em,cd8_emra,True,False,mosaic_only_correct,other,0.9999503,0.9499999999999998
GACCGTGTCATTTGCT-1.HTO6.cd8_em,cd8_em,cd8_em,cd8_em,True,True,both_correct,other,0.83032036,1.0
GACCGTGTCCCTATTA-1.HTO6.cd8_em,cd8_em,cd8_em,cd8_em,True,True,both_correct,other,0.76473343,1.0
GACCGTGTCCTTCACG-0.HTO6.cd8_em,cd8_em,cd8_em,cd8_em,True,True,both_correct,other,0.7132509,1.0
GACCTTCGTCCGGACT-1.HTO3.cd4_em,cd4_em,cd4_em,cd4_em,True,True,both_correct,other,0.93977916,1.0
GACCTTCGTTAAAGTG-1.HTO6.cd8_em,cd8_em,cd8_em,cd8_em,True,True,both_correct,other,0.8398531,1.0
GACCTTCGTTTCCATT-1.HTO6.cd8_em,cd8_em,cd8_em,cd8_em,True,True,both_correct,other,0.82312083,1.0
GACTATGAGTTAACGA-0.HTO2.cd4_cm,cd4_cm,cd4_cm,cd4_cm,True,True,both_correct,central_memory,0.4898892,1.0
GACTATGCAATTGAAG-1.HTO6.cd8_em,cd8_em,cd8_em,cd8_em,True,True,both_correct,other,0.7252409,1.0
GACTCAACACAGTCAT-1.HTO8.monocyte,monocyte,monocyte,monocyte,True,True,both_correct,other,2.07266e-06,1.0
GACTCAAGTATCAAGA-1.HTO7.cd8_emra,cd8_emra,cd8_emra,cd8_emra,True,True,both_correct,other,0.8046035,1.0
GACTCTCAGTGGCGAT-0.HTO2.cd4_cm,cd4_cm,cd4_cm,cd4_cm,True,True,both_correct,central_memory,0.47354087,1.0
GACTCTCGTCTTGCTC-1.HTO3.cd4_em,cd4_em,cd4_em,cd4_em,True,True,both_correct,other,0.9735571,1.0
GACTGATAGAGTTGTA-0.HTO8.monocyte,monocyte,monocyte,monocyte,True,True,both_correct,other,2.3077988e-07,1.0
GACTGATCATTGACAC-1.HTO6.cd8_em,cd8_em,cd8_em,cd8_em,True,True,both_correct,other,0.75335115,1.0
GACTGATTCTCACGAA-1.HTO1.cd4_n,cd4_n,cd4_n,cd4_n,True,True,both_correct,other,0.50979817,1.0
GACTTCCCACGTGTGC-0.HTO4.cd8_n,cd8_n,cd8_cm,cd8_n,False,True,mmochi_only_correct,other,0.82067263,1.0
GACTTCCCACTGTGTA-0.HTO4.cd8_n,cd8_n,cd8_n,cd8_n,True,True,both_correct,other,0.7549446,1.0
GAGAAATGTGCTTATG-0.HTO3.cd4_em,cd4_em,cd4_em,cd4_em,True,True,both_correct,other,0.9074574,1.0
GAGAAATTCGTGTTCC-1.HTO7.cd8_emra,cd8_emra,cd8_emra,cd8_emra,True,True,both_correct,other,0.85888827,1.0
GAGACCCTCGCCATAA-0.HTO7.cd8_emra,cd8_emra,cd8_emra,cd8_emra,True,True,both_correct,other,0.8515016,1.0
GAGACTTGTTTCCCAC-1.HTO8.monocyte,monocyte,monocyte,monocyte,True,True,both_correct,other,3.2719154e-06,1.0
GAGACTTTCGGTTCAA-1.HTO4.cd8_n,cd8_n,cd8_emra,cd8_emra,False,False,both_incorrect,other,0.8180784,1.0
GAGAGGTAGGCATCGA-1.HTO3.cd4_em,cd4_em,cd4_em,cd4_em,True,True,both_correct,other,0.96080446,1.0
GAGAGGTTCTCTCTTC-1.HTO6.cd8_em,cd8_em,cd8_em,cd8_em,True,True,both_correct,other,0.85452807,1.0
GAGATGGCACATTCGA-1.HTO6.cd8_em,cd8_em,cd8_em,cd8_em,True,True,both_correct,other,0.76481694,1.0
GAGATGGGTCAAGCCC-1.HTO6.cd8_em,cd8_em,cd8_em,cd8_em,True,True,both_correct,other,0.88905036,1.0
GAGATGGTCATGGAGG-1.HTO4.cd8_n,cd8_n,cd8_n,cd8_n,True,True,both_correct,other,0.73445547,1.0
GAGATGGTCCACCTGT-0.HTO6.cd8_em,cd8_em,cd8_em,cd8_em,True,True,both_correct,other,0.753603,1.0
GAGATGGTCCAGTGTA-1.HTO1.cd4_n,cd4_n,cd4_n,cd4_n,True,True,both_correct,other,0.50738126,1.0
GAGCCTGGTCAACATC-0.HTO5.cd8_cm,cd8_cm,cd8_em,cd8_em,False,False,both_incorrect,central_memory,0.82684964,0.8333880562001095
GAGCTGCGTCGGTGAA-1.HTO8.monocyte,monocyte,monocyte,monocyte,True,True,both_correct,other,4.1544436e-06,1.0
GAGGCAAAGAGGTGCT-1.HTO2.cd4_cm,cd4_cm,cd4_cm,cd4_cm,True,True,both_correct,central_memory,0.71236616,1.0
GAGGCAAGTCACCTTC-1.HTO1.cd4_n,cd4_n,cd4_n,cd4_n,True,True,both_correct,other,0.37806502,1.0
GAGGCCTGTAACGCGA-0.HTO1.cd4_n,cd4_n,cd4_n,cd4_n,True,True,both_correct,other,0.38257182,1.0
GAGGCCTGTACATACC-1.HTO3.cd4_em,cd4_em,cd4_em,cd4_em,True,True,both_correct,other,0.97389066,1.0
GAGGCCTTCAGCTTCC-0.HTO7.cd8_emra,cd8_emra,cd8_emra,cd8_emra,True,True,both_correct,other,0.76227653,1.0
GAGGGATAGTAAAGCT-1.HTO6.cd8_em,cd8_em,cd8_em,cd8_em,True,True,both_correct,other,0.7695441,1.0
GAGGGATCACCGCTAG-1.HTO3.cd4_em,cd4_em,cd4_em,cd4_em,True,True,both_correct,other,0.9566012,1.0
GAGGGATCACCTCTGT-0.HTO5.cd8_cm,cd8_cm,cd8_cm,cd8_cm,True,True,both_correct,central_memory,0.83161896,1.0
GAGGGATTCTGCATAG-0.HTO3.cd4_em,cd4_em,cd4_em,cd4_em,True,True,both_correct,other,0.9539258,1.0
GAGGGTAAGGTCGAGT-1.HTO7.cd8_emra,cd8_emra,cd8_emra,cd8_emra,True,True,both_correct,other,0.8092154,1.0
GAGGGTACAAGACGGT-1.HTO5.cd8_cm,cd8_cm,cd8_cm,cd8_cm,True,True,both_correct,central_memory,0.8503793,1.0
GAGGGTAGTAATACCC-1.HTO3.cd4_em,cd4_em,cd4_em,cd4_em,True,True,both_correct,other,0.9045236,1.0
GAGTCATCACGACGTC-1.HTO4.cd8_n,cd8_n,cd8_n,cd8_n,True,True,both_correct,other,0.7972174,1.0
GAGTCTAAGCTGTACT-0.HTO8.monocyte,monocyte,monocyte,monocyte,True,True,both_correct,other,6.795725e-07,1.0
GAGTCTAGTCCACTCT-0.HTO1.cd4_n,cd4_n,cd4_n,cd4_n,True,True,both_correct,other,0.45603594,1.0
GAGTGAGCAAACCGGA-0.HTO8.monocyte,monocyte,monocyte,monocyte,True,True,both_correct,other,3.4828776e-05,1.0
GAGTGAGCACGACGAA-1.HTO3.cd4_em,cd4_em,cd4_em,cd4_cm,True,False,mosaic_only_correct,other,0.6787815,1.0
GAGTGAGGTCCCACGA-1.HTO4.cd8_n,cd8_n,cd8_n,cd8_n,True,True,both_correct,other,0.9337342,1.0
GAGTGTTAGGTACAAT-1.HTO7.cd8_emra,cd8_emra,cd8_emra,cd8_emra,True,True,both_correct,other,0.8359292,1.0
GAGTGTTCACAAGGTG-1.HTO7.cd8_emra,cd8_emra,cd8_emra,cd8_emra,True,True,both_correct,other,0.9172736,1.0
GAGTGTTGTCGAGATG-0.HTO4.cd8_n,cd8_n,cd8_n,cd8_n,True,True,both_correct,other,0.54303217,1.0
GAGTGTTTCATCGGGC-0.HTO3.cd4_em,cd4_em,cd4_em,cd4_em,True,True,both_correct,other,0.9865666,1.0
GAGTTACCAGAAGCGT-1.HTO2.cd4_cm,cd4_cm,cd4_cm,cd4_cm,True,True,both_correct,central_memory,0.7354869,1.0
GAGTTGTAGGAGAGTA-1.HTO3.cd4_em,cd4_em,cd4_em,cd4_em,True,True,both_correct,other,0.9807802,1.0
GAGTTGTCATCTTCGC-1.HTO8.monocyte,monocyte,monocyte,monocyte,True,True,both_correct,other,4.3042758e-07,1.0
GAGTTTGAGGTTGACG-1.HTO3.cd4_em,cd4_em,cd4_em,cd4_em,True,True,both_correct,other,0.9610113,1.0
GAGTTTGCATCCGAGC-1.HTO8.monocyte,monocyte,monocyte,monocyte,True,True,both_correct,other,1.6425536e-05,1.0
GATAGCTAGATGCCGA-1.HTO2.cd4_cm,cd4_cm,cd4_cm,cd4_cm,True,True,both_correct,central_memory,0.54354787,1.0
GATAGCTAGGCACAAC-1.HTO5.cd8_cm,cd8_cm,cd8_cm,cd8_cm,True,True,both_correct,central_memory,0.7305326,1.0
GATAGCTCACCAGCGT-1.HTO8.monocyte,monocyte,monocyte,monocyte,True,True,both_correct,other,8.37453e-07,1.0
GATCACAAGATGGTAT-1.HTO8.monocyte,monocyte,monocyte,monocyte,True,True,both_correct,other,1.0454193e-08,1.0
GATCACAAGTTCCTGA-1.HTO6.cd8_em,cd8_em,cd8_em,cd8_em,True,True,both_correct,other,0.8593538,1.0
GATCAGTGTAGTATAG-0.HTO6.cd8_em,cd8_em,cd8_em,cd8_em,True,True,both_correct,other,0.7841427,1.0
GATCATGCAACTCCCT-1.HTO7.cd8_emra,cd8_emra,cd8_emra,cd8_emra,True,True,both_correct,other,0.91300225,1.0
GATCATGTCCACGTCT-1.HTO7.cd8_emra,cd8_emra,cd8_emra,cd8_emra,True,True,both_correct,other,0.84482646,1.0
GATCCCTCATGGAATA-0.HTO7.cd8_emra,cd8_emra,cd8_emra,cd8_emra,True,True,both_correct,other,0.8396488,1.0
GATGACTAGAGGACTC-0.HTO5.cd8_cm,cd8_cm,cd8_em,cd8_em,False,False,both_incorrect,central_memory,0.70599914,0.8333880562001095
GATGACTCACAAGTGG-1.HTO8.monocyte,monocyte,monocyte,monocyte,True,True,both_correct,other,1.7923395e-06,1.0
GATGACTTCCATTTAC-0.HTO2.cd4_cm,cd4_cm,cd4_cm,cd4_cm,True,True,both_correct,central_memory,0.5682861,1.0
GATGAGGTCGAGAATA-1.HTO6.cd8_em,cd8_em,cd8_em,cd8_em,True,True,both_correct,other,0.7631813,1.0
GATGATCCAGTATTCG-1.HTO1.cd4_n,cd4_n,cd4_n,cd4_n,True,True,both_correct,other,0.42149216,1.0
GATGATCCATTATGCG-0.HTO8.monocyte,monocyte,monocyte,monocyte,True,True,both_correct,other,3.0862525e-06,1.0
GATGATCTCGAACGCC-1.HTO6.cd8_em,cd8_em,cd8_em,cd8_em,True,True,both_correct,other,0.7191763,1.0
GATGCTAAGGTAAAGG-0.HTO3.cd4_em,cd4_em,cd4_em,cd4_cm,True,False,mosaic_only_correct,other,0.79160357,1.0
GATGCTAGTATCAGGG-1.HTO4.cd8_n,cd8_n,cd8_n,cd8_n,True,True,both_correct,other,0.71023184,1.0
GATGGAGAGGTAATCA-1.HTO6.cd8_em,cd8_em,cd8_em,cd8_em,True,True,both_correct,other,0.70203805,1.0
GATGGAGCAGATTCGT-1.HTO6.cd8_em,cd8_em,cd8_em,cd8_em,True,True,both_correct,other,0.8438639,1.0
GATGGAGCATAGTCAC-1.HTO5.cd8_cm,cd8_cm,cd8_cm,cd8_cm,True,True,both_correct,central_memory,0.8641192,1.0
GATGGAGTCTCTTAAC-1.HTO3.cd4_em,cd4_em,cd4_em,cd4_em,True,True,both_correct,other,0.8587989,1.0
GATGTTGAGCGTCAAG-1.HTO5.cd8_cm,cd8_cm,cd8_cm,cd8_cm,True,True,both_correct,central_memory,0.82265466,1.0
GATTCGAAGGTTGGAC-1.HTO6.cd8_em,cd8_em,cd8_em,cd8_em,True,True,both_correct,other,0.83415353,1.0
GATTCTTAGCTAATCC-1.HTO8.monocyte,monocyte,monocyte,monocyte,True,True,both_correct,other,7.157064e-05,1.0
GATTCTTAGTCACTGT-0.HTO8.monocyte,monocyte,monocyte,monocyte,True,True,both_correct,other,6.880212e-06,1.0
GATTCTTTCCACTGGG-1.HTO4.cd8_n,cd8_n,cd8_n,cd8_n,True,True,both_correct,other,0.77190447,1.0
GATTGGTAGATTACCC-0.HTO8.monocyte,monocyte,monocyte,monocyte,True,True,both_correct,other,6.4879026e-07,1.0
GATTGGTTCATTCACT-1.HTO7.cd8_emra,cd8_emra,cd8_emra,cd8_emra,True,True,both_correct,other,0.8809799,1.0
GATTGGTTCCGGTAAT-1.HTO1.cd4_n,cd4_n,cd4_n,cd4_n,True,True,both_correct,other,0.37305012,1.0
GATTGGTTCGAACACT-1.HTO8.monocyte,monocyte,monocyte,monocyte,True,True,both_correct,other,1.2723218e-10,1.0
GCAACATCAAATAAGC-1.HTO6.cd8_em,cd8_em,cd8_em,cd8_em,True,True,both_correct,other,0.85955626,1.0
GCAACATCAAATCGGG-1.HTO2.cd4_cm,cd4_cm,cd4_cm,cd4_cm,True,True,both_correct,central_memory,0.43902624,1.0
GCAACATGTACAGAGC-0.HTO1.cd4_n,cd4_n,cd4_n,cd4_n,True,True,both_correct,other,0.39980814,1.0
GCAACATTCACACCGG-1.HTO6.cd8_em,cd8_em,cd8_em,cd8_em,True,True,both_correct,other,0.7266361,1.0
GCAACATTCGAAGTGG-1.HTO8.monocyte,monocyte,monocyte,monocyte,True,True,both_correct,other,5.5352643e-07,1.0
GCAACATTCTGCGTCT-1.HTO1.cd4_n,cd4_n,cd4_n,cd4_n,True,True,both_correct,other,0.5153573,1.0
GCACATAAGACTACCT-1.HTO5.cd8_cm,cd8_cm,cd8_cm,cd8_cm,True,True,both_correct,central_memory,0.8466394,1.0
GCACATAGTGGAGAAA-1.HTO8.monocyte,monocyte,monocyte,monocyte,True,True,both_correct,other,2.981326e-05,1.0
GCACGGTTCATCGCCT-0.HTO4.cd8_n,cd8_n,cd8_n,cd8_n,True,True,both_correct,other,0.8143973,1.0
GCACGGTTCCTCAGAA-0.HTO4.cd8_n,cd8_n,cd8_n,cd8_n,True,True,both_correct,other,0.62905353,1.0
GCACGTGAGGCTAGCA-1.HTO7.cd8_emra,cd8_emra,cd8_emra,cd8_emra,True,True,both_correct,other,0.75429076,1.0
GCACGTGCAGACGATG-0.HTO3.cd4_em,cd4_em,cd4_em,cd4_em,True,True,both_correct,other,0.489892,1.0
GCACGTGGTAAGTTGA-1.HTO1.cd4_n,cd4_n,cd4_n,cd4_n,True,True,both_correct,other,0.46944067,1.0
GCACTAAAGACTTAAG-1.HTO3.cd4_em,cd4_em,cd4_em,cd4_em,True,True,both_correct,other,0.6514789,1.0
GCACTAATCCATACTT-1.HTO5.cd8_cm,cd8_cm,cd8_cm,cd8_cm,True,True,both_correct,central_memory,0.9544823,1.0
GCACTAATCCTGCCAT-1.HTO6.cd8_em,cd8_em,cd8_em,cd8_em,True,True,both_correct,other,0.90439916,1.0
GCACTAATCGAACGCC-1.HTO5.cd8_cm,cd8_cm,cd8_em,cd8_n,False,False,both_incorrect,central_memory,0.61069494,0.7142857142857143
GCAGCCACATGCAGCC-1.HTO4.cd8_n,cd8_n,cd8_n,cd8_n,True,True,both_correct,other,0.7784757,1.0
GCAGCTGCAATGTCAC-0.HTO5.cd8_cm,cd8_cm,cd8_cm,cd8_n,True,False,mosaic_only_correct,central_memory,0.70597875,0.7142857142857143
GCAGCTGCAATGTGGG-0.HTO3.cd4_em,cd4_em,cd4_em,cd4_em,True,True,both_correct,other,0.99999404,1.0
GCAGGCTAGAGCATAT-1.HTO8.monocyte,monocyte,monocyte,monocyte,True,True,both_correct,other,1.5500835e-07,1.0
GCAGGCTAGTTCTCTT-1.HTO2.cd4_cm,cd4_cm,cd4_cm,cd4_cm,True,True,both_correct,central_memory,0.3847484,1.0
GCAGTTACACCACATA-1.HTO8.monocyte,monocyte,monocyte,monocyte,True,True,both_correct,other,2.5781646e-06,1.0
GCAGTTACATCAGTGT-1.HTO2.cd4_cm,cd4_cm,cd4_cm,cd4_cm,True,True,both_correct,central_memory,0.5886473,1.0
GCAGTTAGTTCGGACC-1.HTO4.cd8_n,cd8_n,cd8_n,cd8_n,True,True,both_correct,other,0.7130146,1.0
GCATCGGCACAAAGCG-0.HTO5.cd8_cm,cd8_cm,cd8_cm,cd8_cm,True,True,both_correct,central_memory,0.92754394,1.0
GCATCTCGTTGTTTGG-1.HTO5.cd8_cm,cd8_cm,cd8_cm,cd8_cm,True,True,both_correct,central_memory,0.8223291,1.0
GCATGATCAAGAGGCT-0.HTO3.cd4_em,cd4_em,cd4_em,cd4_em,True,True,both_correct,other,0.98795366,1.0
GCATGATTCCAAGCAT-1.HTO6.cd8_em,cd8_em,cd8_emra,cd8_em,False,True,mmochi_only_correct,other,0.7224124,1.0
GCATGATTCGTAACAC-1.HTO4.cd8_n,cd8_n,cd8_n,cd8_n,True,True,both_correct,other,0.935124,1.0
GCATTAGAGTTCCAGT-1.HTO2.cd4_cm,cd4_cm,cd4_cm,cd4_cm,True,True,both_correct,central_memory,0.6817691,1.0
GCATTAGGTACAGTTC-1.HTO6.cd8_em,cd8_em,cd8_em,cd8_emra,True,False,mosaic_only_correct,other,0.86551774,0.8260869565217391
GCCAACGAGGACGCTA-1.HTO8.monocyte,monocyte,monocyte,monocyte,True,True,both_correct,other,2.929416e-06,1.0
GCCAACGAGTAATCCC-0.HTO3.cd4_em,cd4_em,cd4_em,cd4_em,True,True,both_correct,other,0.96801555,1.0
GCCAACGCAGAGGCAT-1.HTO2.cd4_cm,cd4_cm,cd4_cm,cd4_cm,True,True,both_correct,central_memory,0.5878565,1.0
GCCAGCACATGCCGCA-1.HTO3.cd4_em,cd4_em,cd4_em,cd4_em,True,True,both_correct,other,0.8820127,1.0
GCCAGCAGTTGCTCCT-1.HTO6.cd8_em,cd8_em,cd8_em,cd8_em,True,True,both_correct,other,0.8981546,1.0
GCCAGGTCAGATTTCG-1.HTO3.cd4_em,cd4_em,cd4_em,cd4_em,True,True,both_correct,other,0.96081513,1.0
GCCAGGTTCATGGCCG-0.HTO6.cd8_em,cd8_em,cd8_em,cd8_em,True,True,both_correct,other,0.8354449,1.0
GCCAGTGAGATTAGCA-1.HTO3.cd4_em,cd4_em,cd4_em,cd4_em,True,True,both_correct,other,0.9475776,1.0
GCCAGTGTCCCGAGGT-0.HTO5.cd8_cm,cd8_cm,cd8_em,cd8_em,False,False,both_incorrect,central_memory,0.72633153,1.0
GCCATGGAGACAACTA-1.HTO4.cd8_n,cd8_n,cd8_emra,cd8_n,False,True,mmochi_only_correct,other,0.7601943,1.0
GCCATTCAGTTACTCG-1.HTO8.monocyte,monocyte,monocyte,monocyte,True,True,both_correct,other,9.648368e-07,1.0
GCCCAGAAGAGGATCC-0.HTO8.monocyte,monocyte,monocyte,monocyte,True,True,both_correct,other,6.3638356e-05,0.9863013698630136
GCCCAGACACTGTGAT-1.HTO7.cd8_emra,cd8_emra,cd8_emra,cd8_emra,True,True,both_correct,other,0.68506396,1.0
GCCCGAAAGGGCAATC-0.HTO6.cd8_em,cd8_em,cd8_em,cd8_em,True,True,both_correct,other,0.7053609,1.0
GCCCGAATCTTCCACG-1.HTO8.monocyte,monocyte,monocyte,monocyte,True,True,both_correct,other,2.9507111e-08,1.0
GCCGTGATCTACCCAC-0.HTO6.cd8_em,cd8_em,cd8_em,cd8_em,True,True,both_correct,other,0.77152395,1.0
GCCTGTTTCCCAGGCA-1.HTO8.monocyte,monocyte,monocyte,monocyte,True,True,both_correct,other,5.3347884e-07,1.0
GCCTGTTTCGCTGACG-1.HTO3.cd4_em,cd4_em,cd4_em,cd4_em,True,True,both_correct,other,0.96478003,1.0
GCGAGAACAGTGTGGA-1.HTO4.cd8_n,cd8_n,cd8_n,cd8_n,True,True,both_correct,other,0.720488,1.0
GCGATCGCATGACTTG-1.HTO8.monocyte,monocyte,monocyte,monocyte,True,True,both_correct,other,1.2124252e-06,1.0
GCGATCGTCGGTCTGG-1.HTO6.cd8_em,cd8_em,cd8_em,cd8_em,True,True,both_correct,other,0.8810346,1.0
GCGGAAACACTAGGCC-1.HTO7.cd8_emra,cd8_emra,cd8_emra,cd8_emra,True,True,both_correct,other,0.8475153,1.0
GCGGAAACAGACCTAT-1.HTO3.cd4_em,cd4_em,cd4_em,cd4_em,True,True,both_correct,other,0.9804709,1.0
GCGGATCAGTTGCTGT-0.HTO6.cd8_em,cd8_em,cd8_em,cd8_em,True,True,both_correct,other,0.9175225,1.0
GCGGATCCAATGCAGG-1.HTO4.cd8_n,cd8_n,cd8_n,cd8_n,True,True,both_correct,other,0.7080129,1.0
GCGGATCTCTATACGG-1.HTO6.cd8_em,cd8_em,cd8_emra,cd8_emra,False,False,both_incorrect,other,0.7779919,0.8837209302325582
GCGTTTCAGGGAGTGG-1.HTO4.cd8_n,cd8_n,cd8_n,cd8_n,True,True,both_correct,other,0.70872825,1.0
GCGTTTCTCGTTAGTG-1.HTO3.cd4_em,cd4_em,cd4_em,cd8_em,True,False,mosaic_only_correct,other,0.8560773,1.0
GCTACAAAGTCGGCCT-0.HTO6.cd8_em,cd8_em,cd8_em,cd8_em,True,True,both_correct,other,0.8921997,1.0
GCTACAAGTCCATCTC-1.HTO5.cd8_cm,cd8_cm,cd8_cm,cd8_cm,True,True,both_correct,central_memory,0.89046085,1.0
GCTACAATCCAGCACG-1.HTO2.cd4_cm,cd4_cm,cd4_cm,cd4_cm,True,True,both_correct,central_memory,0.8084839,1.0
GCTACAATCTATCGTT-1.HTO4.cd8_n,cd8_n,cd8_emra,cd8_n,False,True,mmochi_only_correct,other,0.80623573,1.0
GCTACCTTCAACTGAC-1.HTO2.cd4_cm,cd4_cm,cd4_cm,cd4_cm,True,True,both_correct,central_memory,0.49881217,1.0
GCTACCTTCTGTCAGA-1.HTO2.cd4_cm,cd4_cm,cd4_cm,cd4_cm,True,True,both_correct,central_memory,0.7174003,1.0
GCTCAAAAGGAACGAA-1.HTO5.cd8_cm,cd8_cm,cd8_cm,cd8_cm,True,True,both_correct,central_memory,0.7898635,1.0
GCTCAAAGTCTTTCTA-1.HTO7.cd8_emra,cd8_emra,cd8_emra,cd8_emra,True,True,both_correct,other,0.8779515,1.0
GCTCAAATCCTTGGAA-1.HTO5.cd8_cm,cd8_cm,cd8_cm,cd8_cm,True,True,both_correct,central_memory,0.88364357,1.0
GCTGAATGTTCGGCGT-1.HTO2.cd4_cm,cd4_cm,cd4_cm,cd4_cm,True,True,both_correct,central_memory,0.60695887,1.0
GCTGCAGCACTGCACG-1.HTO5.cd8_cm,cd8_cm,cd8_cm,cd8_cm,True,True,both_correct,central_memory,0.81277514,1.0
GCTGCAGCATACAGAA-1.HTO5.cd8_cm,cd8_cm,cd8_cm,cd8_cm,True,True,both_correct,central_memory,0.9174114,1.0
GCTGCAGTCCGATGCG-1.HTO4.cd8_n,cd8_n,cd8_emra,cd8_cm,False,False,both_incorrect,other,0.75844234,0.25
GCTGCAGTCGACGACC-0.HTO4.cd8_n,cd8_n,cd8_n,cd8_n,True,True,both_correct,other,0.77136004,1.0
GCTGGGTAGATTCGAA-0.HTO5.cd8_cm,cd8_cm,cd8_cm,cd8_cm,True,True,both_correct,central_memory,0.7941252,1.0
GCTGGGTAGTTTCAGC-1.HTO2.cd4_cm,cd4_cm,cd4_cm,cd4_cm,True,True,both_correct,central_memory,0.6239158,1.0
GCTGGGTGTTCGAGCC-0.HTO6.cd8_em,cd8_em,cd8_cm,cd8_em,False,True,mmochi_only_correct,other,0.7099599,1.0
GCTGGGTTCACTCGAA-0.HTO6.cd8_em,cd8_em,cd8_em,cd8_em,True,True,both_correct,other,0.84250224,1.0
GCTTCACGTTACGGAG-0.HTO5.cd8_cm,cd8_cm,cd8_cm,cd8_cm,True,True,both_correct,central_memory,0.79831016,1.0
GCTTGGGAGGATACGC-1.HTO2.cd4_cm,cd4_cm,cd4_cm,cd4_cm,True,True,both_correct,central_memory,0.41876164,1.0
GCTTGGGAGGCGATAC-1.HTO4.cd8_n,cd8_n,cd8_n,cd8_n,True,True,both_correct,other,0.7459854,1.0
GCTTGGGCATCCGATA-1.HTO6.cd8_em,cd8_em,cd8_em,cd8_em,True,True,both_correct,other,0.77072316,1.0
GCTTGGGTCGTTAGTG-1.HTO3.cd4_em,cd4_em,cd4_em,cd4_em,True,True,both_correct,other,0.9666435,1.0
GCTTTCGGTAACGATA-1.HTO8.monocyte,monocyte,monocyte,monocyte,True,True,both_correct,other,9.171465e-06,1.0
GGAACCCTCTGAGCAT-1.HTO4.cd8_n,cd8_n,cd8_n,cd8_n,True,True,both_correct,other,0.79040056,1.0
GGAAGTGAGGGATCAC-1.HTO8.monocyte,monocyte,monocyte,monocyte,True,True,both_correct,other,2.545597e-07,1.0
GGAAGTGCAGGATCTT-1.HTO6.cd8_em,cd8_em,cd8_em,cd8_em,True,True,both_correct,other,0.77537304,1.0
GGAATCTCATGCGTGC-0.HTO4.cd8_n,cd8_n,cd8_n,cd8_n,True,True,both_correct,other,0.6207811,1.0
GGAATCTGTCAGTTTG-1.HTO8.monocyte,monocyte,monocyte,monocyte,True,True,both_correct,other,4.378835e-07,1.0
GGAATCTTCAAATAGG-0.HTO3.cd4_em,cd4_em,cd4_em,cd4_em,True,True,both_correct,other,0.7002505,1.0
GGAATGGAGTGGATTA-1.HTO8.monocyte,monocyte,monocyte,monocyte,True,True,both_correct,other,7.723225e-06,1.0
GGACGTCCAGTGTACT-1.HTO1.cd4_n,cd4_n,cd4_n,cd4_n,True,True,both_correct,other,0.41070786,1.0
GGAGAACAGAGAGCAA-1.HTO3.cd4_em,cd4_em,cd4_em,cd8_em,True,False,mosaic_only_correct,other,0.9306936,1.0
GGAGAACCACCTGCGA-1.HTO5.cd8_cm,cd8_cm,cd8_em,cd8_em,False,False,both_incorrect,central_memory,0.73800415,0.9259259259259258
GGAGATGAGCACAAAT-1.HTO7.cd8_emra,cd8_emra,cd8_emra,cd8_emra,True,True,both_correct,other,0.86691344,1.0
GGAGATGCATCATTTC-1.HTO6.cd8_em,cd8_em,cd8_em,cd8_em,True,True,both_correct,other,0.87780553,1.0
GGAGATGTCTCAGAAC-1.HTO1.cd4_n,cd4_n,cd4_n,cd4_n,True,True,both_correct,other,0.47204745,1.0
GGAGCAAAGTAGTCTC-0.HTO6.cd8_em,cd8_em,cd8_em,cd8_em,True,True,both_correct,other,0.7973941,1.0
GGAGCAACAGAAGCGT-0.HTO3.cd4_em,cd4_em,cd4_em,cd4_em,True,True,both_correct,other,0.9808671,1.0
GGAGCAATCGAAGTGG-0.HTO4.cd8_n,cd8_n,cd8_n,cd8_n,True,True,both_correct,other,0.9216285,1.0
GGAGGATAGAAGCCTG-1.HTO6.cd8_em,cd8_em,cd8_em,cd8_em,True,True,both_correct,other,0.85896224,1.0
GGAGGATGTACCACGC-1.HTO6.cd8_em,cd8_em,cd8_em,cd8_em,True,True,both_correct,other,0.83553636,1.0
GGAGGATGTAGGTGCA-0.HTO2.cd4_cm,cd4_cm,cd4_cm,cd4_cm,True,True,both_correct,central_memory,0.43509793,1.0
GGAGGATGTCTTGAGT-0.HTO1.cd4_n,cd4_n,cd4_n,cd4_n,True,True,both_correct,other,0.3770573,1.0
GGAGGTATCGCTTGAA-1.HTO6.cd8_em,cd8_em,cd8_em,cd8_em,True,True,both_correct,other,0.89505726,1.0
GGAGGTATCGGACGTC-1.HTO7.cd8_emra,cd8_emra,cd8_emra,cd8_emra,True,True,both_correct,other,0.8751689,1.0
GGATCTAGTCCCACGA-1.HTO5.cd8_cm,cd8_cm,cd8_em,cd8_em,False,False,both_incorrect,central_memory,0.7893863,0.8621275275762444
GGATGTTAGTCCCAAT-0.HTO7.cd8_emra,cd8_emra,cd8_emra,cd8_emra,True,True,both_correct,other,0.7426908,1.0
GGATGTTGTAAGATCA-1.HTO7.cd8_emra,cd8_emra,cd8_emra,cd8_emra,True,True,both_correct,other,0.7841314,1.0
GGCGTCAAGCTGACTT-1.HTO2.cd4_cm,cd4_cm,cd4_cm,cd4_cm,True,True,both_correct,central_memory,0.71412504,1.0
GGCGTCAAGGATTCAA-0.HTO2.cd4_cm,cd4_cm,cd4_cm,cd4_cm,True,True,both_correct,central_memory,0.7504257,1.0
GGCTGTGCAACAGATA-1.HTO2.cd4_cm,cd4_cm,cd4_em,cd4_em,False,False,both_incorrect,central_memory,0.62146926,1.0
GGCTGTGGTCACTTCC-1.HTO5.cd8_cm,cd8_cm,cd8_cm,cd8_cm,True,True,both_correct,central_memory,0.918639,1.0
GGCTGTGGTCCGGTGT-1.HTO3.cd4_em,cd4_em,cd4_em,cd4_em,True,True,both_correct,other,0.9759862,1.0
GGCTTGGGTGTCCGGT-0.HTO3.cd4_em,cd4_em,cd4_em,cd4_em,True,True,both_correct,other,0.8379252,1.0
GGGACAAAGTCAAGCG-0.HTO5.cd8_cm,cd8_cm,cd8_em,cd8_em,False,False,both_incorrect,central_memory,0.77739376,1.0
GGGACAACAAGTAGTA-1.HTO4.cd8_n,cd8_n,cd8_n,cd8_n,True,True,both_correct,other,0.7679105,1.0
GGGACCTAGTGCACCC-1.HTO8.monocyte,monocyte,monocyte,monocyte,True,True,both_correct,other,1.4497228e-05,1.0
GGGACCTGTTAGCGGA-1.HTO2.cd4_cm,cd4_cm,cd4_cm,cd4_cm,True,True,both_correct,central_memory,0.4399695,1.0
GGGACTCCAGTCCGTG-1.HTO5.cd8_cm,cd8_cm,cd8_cm,cd8_cm,True,True,both_correct,central_memory,0.7803792,1.0
GGGAGATCACAAGTGG-1.HTO8.monocyte,monocyte,monocyte,monocyte,True,True,both_correct,other,1.1912061e-06,1.0
GGGAGATGTCCAAGAG-0.HTO1.cd4_n,cd4_n,cd4_n,cd4_n,True,True,both_correct,other,0.5235584,1.0
GGGAGATTCGTTCCTG-1.HTO4.cd8_n,cd8_n,cd8_n,cd8_n,True,True,both_correct,other,0.7401806,1.0
GGGAGTAAGTATGCAA-0.HTO6.cd8_em,cd8_em,cd8_em,cd8_em,True,True,both_correct,other,0.67808205,1.0
GGGAGTACAAGTTCGT-1.HTO5.cd8_cm,cd8_cm,cd8_cm,cd8_cm,True,True,both_correct,central_memory,0.77940416,1.0
GGGAGTAGTACCACGC-0.HTO1.cd4_n,cd4_n,cd4_n,cd4_n,True,True,both_correct,other,0.5404635,1.0
GGGAGTAGTACTAAGA-0.HTO3.cd4_em,cd4_em,cd4_em,cd4_em,True,True,both_correct,other,0.7183163,1.0
GGGATCCCAGAATCGG-0.HTO8.monocyte,monocyte,monocyte,monocyte,True,True,both_correct,other,2.4079573e-06,1.0
GGGATCCGTACAATAG-0.HTO7.cd8_emra,cd8_emra,cd8_emra,cd8_emra,True,True,both_correct,other,0.8713668,1.0
GGGATCCGTCCATCTC-1.HTO1.cd4_n,cd4_n,cd4_n,cd4_n,True,True,both_correct,other,0.45793,1.0
GGGATGAAGCAGTACG-0.HTO3.cd4_em,cd4_em,cd4_em,cd4_em,True,True,both_correct,other,0.93118364,1.0
GGGATGAGTATTTCGG-1.HTO2.cd4_cm,cd4_cm,cd4_cm,cd4_n,True,False,mosaic_only_correct,central_memory,0.5955721,1.0
GGGATGATCTCGTTTA-0.HTO7.cd8_emra,cd8_emra,cd8_emra,cd8_emra,True,True,both_correct,other,0.8465883,1.0
GGGCCATAGATACCAA-1.HTO5.cd8_cm,cd8_cm,cd8_em,cd8_em,False,False,both_incorrect,central_memory,0.7864398,1.0
GGGCCATAGCTCGACC-0.HTO8.monocyte,monocyte,monocyte,monocyte,True,True,both_correct,other,0.00016079399,1.0
GGGCCATCAGCGTGCT-1.HTO8.monocyte,monocyte,monocyte,monocyte,True,True,both_correct,other,0.00018907002,1.0
GGGCCATGTGAAAGTT-0.HTO7.cd8_emra,cd8_emra,cd8_emra,cd8_emra,True,True,both_correct,other,0.8557244,1.0
GGGCCATGTGGAACAC-1.HTO7.cd8_emra,cd8_emra,cd8_emra,cd8_emra,True,True,both_correct,other,0.8376082,0.9047619047619048
GGGCTACAGCGTGCTC-1.HTO3.cd4_em,cd4_em,cd4_em,cd4_em,True,True,both_correct,other,0.9846928,1.0
GGGCTCAAGCACGTCC-1.HTO6.cd8_em,cd8_em,cd8_em,cd8_em,True,True,both_correct,other,0.774258,1.0
GGGCTCACATGTGGCC-1.HTO6.cd8_em,cd8_em,cd8_em,cd8_em,True,True,both_correct,other,0.8440698,1.0
GGGCTCAGTTCGGGTC-1.HTO3.cd4_em,cd4_em,cd4_em,cd4_em,True,True,both_correct,other,0.9095958,1.0
GGGTATTGTTCTCGCT-1.HTO7.cd8_emra,cd8_emra,cd8_em,cd8_emra,False,True,mmochi_only_correct,other,0.93544096,1.0
GGGTCACCATCGAGCC-1.HTO3.cd4_em,cd4_em,cd4_em,cd4_em,True,True,both_correct,other,0.9925607,1.0
GGGTCACGTACCGTGC-1.HTO7.cd8_emra,cd8_emra,cd8_emra,cd8_emra,True,True,both_correct,other,0.99996066,1.0
GGGTCACGTCGGTACC-1.HTO4.cd8_n,cd8_n,cd8_n,cd8_n,True,True,both_correct,other,0.762302,1.0
GGGTGAAAGCGCATCC-1.HTO6.cd8_em,cd8_em,cd8_em,cd8_em,True,True,both_correct,other,0.9268466,1.0
GGGTGAACATCGGTTA-0.HTO6.cd8_em,cd8_em,cd8_em,cd8_em,True,True,both_correct,other,0.7734327,1.0
GGGTGTCAGACCTCAT-1.HTO3.cd4_em,cd4_em,cd4_em,cd4_em,True,True,both_correct,other,0.9801282,1.0
GGGTGTCAGCACTTTG-1.HTO7.cd8_emra,cd8_emra,cd8_emra,cd8_emra,True,True,both_correct,other,0.83347064,1.0
GGGTGTCGTGAGATCG-1.HTO5.cd8_cm,cd8_cm,cd8_cm,cd8_cm,True,True,both_correct,central_memory,0.9209353,1.0
GGGTGTCGTGGATTTC-1.HTO1.cd4_n,cd4_n,cd4_n,cd4_n,True,True,both_correct,other,0.5216017,1.0
GGGTGTCTCATCGCTC-0.HTO5.cd8_cm,cd8_cm,cd8_cm,cd8_cm,True,True,both_correct,central_memory,0.8715087,1.0
GGGTTATCAGATGCGA-1.HTO4.cd8_n,cd8_n,cd8_n,cd8_n,True,True,both_correct,other,0.69609946,1.0
GGGTTTACAATCTAGC-0.HTO4.cd8_n,cd8_n,cd8_n,cd8_n,True,True,both_correct,other,0.89835674,1.0
GGGTTTACACATATCG-0.HTO3.cd4_em,cd4_em,cd4_em,cd4_em,True,True,both_correct,other,0.76451856,1.0
GGGTTTAGTCCAACGC-0.HTO6.cd8_em,cd8_em,cd8_em,cd8_em,True,True,both_correct,other,0.8725164,1.0
GGGTTTATCCGCGGAT-0.HTO5.cd8_cm,cd8_cm,cd8_cm,cd8_cm,True,True,both_correct,central_memory,0.8360512,1.0
GGTAACTAGGAGTACC-0.HTO5.cd8_cm,cd8_cm,cd8_cm,cd8_cm,True,True,both_correct,central_memory,0.79181814,1.0
GGTAACTCATTGTACG-1.HTO4.cd8_n,cd8_n,cd8_n,cd8_n,True,True,both_correct,other,0.5854467,1.0
GGTAACTGTCAGGTAG-1.HTO5.cd8_cm,cd8_cm,cd8_cm,cd8_cm,True,True,both_correct,central_memory,0.91303545,1.0
GGTAACTGTTACACAC-1.HTO7.cd8_emra,cd8_emra,cd8_emra,cd8_emra,True,True,both_correct,other,0.87183285,1.0
GGTAACTGTTGAGGAC-1.HTO4.cd8_n,cd8_n,cd8_n,cd8_n,True,True,both_correct,other,0.7269953,1.0
GGTAATCTCTCAGTCC-1.HTO1.cd4_n,cd4_n,cd4_n,cd4_n,True,True,both_correct,other,0.49999082,1.0
GGTAATCTCTTGAGCA-1.HTO6.cd8_em,cd8_em,cd8_em,cd8_em,True,True,both_correct,other,0.79265493,1.0
GGTAGAGAGACATACA-1.HTO7.cd8_emra,cd8_emra,cd8_emra,cd8_emra,True,True,both_correct,other,0.803857,1.0
GGTAGAGCATGGCCCA-0.HTO1.cd4_n,cd4_n,cd4_n,cd4_n,True,True,both_correct,other,0.5873024,1.0
GGTAGAGGTTGTGCCG-0.HTO8.monocyte,monocyte,monocyte,monocyte,True,True,both_correct,other,1.5061325e-06,1.0
GGTCACGAGACGATAT-0.HTO7.cd8_emra,cd8_emra,cd8_emra,cd8_emra,True,True,both_correct,other,0.6320179,1.0
GGTCACGAGCCTATCA-1.HTO5.cd8_cm,cd8_cm,cd8_cm,cd8_cm,True,True,both_correct,central_memory,0.868689,1.0
GGTCACGAGCTGTTAC-1.HTO7.cd8_emra,cd8_emra,cd8_emra,cd8_emra,True,True,both_correct,other,0.8754,1.0
GGTCACGAGTCATTGC-1.HTO6.cd8_em,cd8_em,cd8_em,cd8_em,True,True,both_correct,other,0.8591878,1.0
GGTCACGGTCCATAGT-1.HTO3.cd4_em,cd4_em,cd4_em,cd4_em,True,True,both_correct,other,0.7389731,1.0
GGTCACGGTTCGTTCC-1.HTO3.cd4_em,cd4_em,cd4_em,cd4_em,True,True,both_correct,other,0.9806191,1.0
GGTCACGTCATTCGGA-1.HTO5.cd8_cm,cd8_cm,cd8_cm,cd8_cm,True,True,both_correct,central_memory,0.79575056,1.0
GGTCTGGAGAGTGTTA-1.HTO6.cd8_em,cd8_em,cd8_em,cd8_em,True,True,both_correct,other,0.8497051,1.0
GGTCTGGGTGAATGTA-1.HTO8.monocyte,monocyte,monocyte,monocyte,True,True,both_correct,other,4.3426267e-06,1.0
GGTCTGGGTGAGATAT-0.HTO6.cd8_em,cd8_em,cd8_em,cd8_em,True,True,both_correct,other,0.72710145,1.0
GGTGATTGTGCTAGCC-1.HTO7.cd8_emra,cd8_emra,cd8_emra,cd8_emra,True,True,both_correct,other,0.7563087,1.0
GGTGATTTCAACCTTT-1.HTO2.cd4_cm,cd4_cm,cd4_cm,cd4_cm,True,True,both_correct,central_memory,0.43303052,1.0
GGTGATTTCACTGGGC-0.HTO8.monocyte,monocyte,monocyte,monocyte,True,True,both_correct,other,1.1782291e-06,1.0
GGTGGCTCACATTCTT-1.HTO5.cd8_cm,cd8_cm,cd8_cm,cd8_cm,True,True,both_correct,central_memory,0.8974143,1.0
GGTGGCTGTGACGCCT-1.HTO7.cd8_emra,cd8_emra,cd8_emra,cd8_emra,True,True,both_correct,other,0.81364274,1.0
GGTGGCTTCGCCTTTG-1.HTO6.cd8_em,cd8_em,cd8_em,cd8_em,True,True,both_correct,other,0.88673604,1.0
GGTGGCTTCTGCATAG-1.HTO3.cd4_em,cd4_em,cd4_em,cd4_em,True,True,both_correct,other,0.89737386,1.0
GGTGTCGGTCGCTTAA-0.HTO1.cd4_n,cd4_n,cd4_n,cd4_n,True,True,both_correct,other,0.42594948,1.0
GGTGTTAGTGATAGTA-1.HTO8.monocyte,monocyte,monocyte,monocyte,True,True,both_correct,other,3.7418278e-07,1.0
GGTGTTATCGAGATAA-1.HTO3.cd4_em,cd4_em,cd4_em,cd4_em,True,True,both_correct,other,0.75608516,1.0
GGTTAACAGGAATGTT-0.HTO6.cd8_em,cd8_em,cd8_em,cd8_em,True,True,both_correct,other,0.6819167,1.0
GGTTAACAGTGGTTGG-1.HTO6.cd8_em,cd8_em,cd8_em,cd8_em,True,True,both_correct,other,0.8677375,1.0
GGTTCTCCACCCAACG-0.HTO6.cd8_em,cd8_em,cd8_em,cd8_em,True,True,both_correct,other,0.71037006,1.0
GGTTCTCGTCTTAGTG-1.HTO3.cd4_em,cd4_em,cd4_em,cd4_em,True,True,both_correct,other,0.9605787,1.0
GGTTGTACAGAGGGTT-1.HTO6.cd8_em,cd8_em,cd8_em,cd8_em,True,True,both_correct,other,0.8851792,1.0
GGTTGTATCGGTTCAA-0.HTO8.monocyte,monocyte,monocyte,monocyte,True,True,both_correct,other,6.202566e-07,1.0
GTAACACAGATGCTAA-1.HTO8.monocyte,monocyte,monocyte,monocyte,True,True,both_correct,other,1.0244486e-06,1.0
GTAACACGTCACTGAT-0.HTO2.cd4_cm,cd4_cm,cd4_cm,cd4_cm,True,True,both_correct,central_memory,0.6744807,1.0
GTAACACTCCAGTACA-1.HTO4.cd8_n,cd8_n,cd8_n,cd8_n,True,True,both_correct,other,0.6548375,1.0
GTAACCAAGAATGTTG-1.HTO5.cd8_cm,cd8_cm,cd8_cm,cd8_cm,True,True,both_correct,central_memory,0.844948,1.0
GTAACCAAGCAACAAT-1.HTO6.cd8_em,cd8_em,cd8_em,cd8_em,True,True,both_correct,other,0.9478168,1.0
GTAACCAAGCAATAAC-0.HTO6.cd8_em,cd8_em,cd8_em,cd8_em,True,True,both_correct,other,0.7256,1.0
GTAACCAAGTACAGAT-1.HTO4.cd8_n,cd8_n,cd8_n,cd8_n,True,True,both_correct,other,0.71100307,1.0
GTAACCAGTAGGCAGT-1.HTO7.cd8_emra,cd8_emra,cd8_em,cd8_emra,False,True,mmochi_only_correct,other,0.76502454,0.7755102040816326
GTAACCAGTGATGAAT-0.HTO7.cd8_emra,cd8_emra,cd8_em,cd8_emra,False,True,mmochi_only_correct,other,0.72318614,0.7916666666666667
GTAACCATCGCTCATC-0.HTO4.cd8_n,cd8_n,cd8_n,cd8_n,True,True,both_correct,other,0.8019734,1.0
GTAAGTCAGTCATGCT-1.HTO4.cd8_n,cd8_n,cd8_n,cd8_n,True,True,both_correct,other,0.69438887,1.0
GTAAGTCAGTTCCTGA-0.HTO3.cd4_em,cd4_em,cd4_em,cd4_em,True,True,both_correct,other,0.9157413,1.0
GTAAGTCTCATCTCTA-0.HTO3.cd4_em,cd4_em,cd4_em,cd8_em,True,False,mosaic_only_correct,other,0.965166,1.0
GTAATCGTCTTGCAGA-1.HTO7.cd8_emra,cd8_emra,cd8_emra,cd8_emra,True,True,both_correct,other,0.8660321,1.0
GTAATGCAGAACCCGA-0.HTO7.cd8_emra,cd8_emra,cd8_emra,cd8_emra,True,True,both_correct,other,0.7739962,1.0
GTAATGCGTGCACGCT-0.HTO7.cd8_emra,cd8_emra,cd8_emra,cd8_emra,True,True,both_correct,other,0.81672484,1.0
GTAATGCTCCGACAGC-1.HTO5.cd8_cm,cd8_cm,cd8_cm,cd8_cm,True,True,both_correct,central_memory,0.82956314,1.0
GTAATGCTCTGTCGTC-0.HTO4.cd8_n,cd8_n,cd8_n,cd8_n,True,True,both_correct,other,0.621051,1.0
GTACAACCACACTTAG-1.HTO6.cd8_em,cd8_em,cd8_em,cd8_em,True,True,both_correct,other,0.90177166,1.0
GTACAACTCCGAGTGC-1.HTO8.monocyte,monocyte,monocyte,monocyte,True,True,both_correct,other,2.8811415e-05,1.0
GTACAGTAGAGCCCAA-0.HTO7.cd8_emra,cd8_emra,cd8_emra,cd8_emra,True,True,both_correct,other,0.91001356,1.0
GTACAGTAGGCCCGTT-0.HTO1.cd4_n,cd4_n,cd4_n,cd4_n,True,True,both_correct,other,0.47008762,1.0
GTACAGTGTGGTTTAC-1.HTO3.cd4_em,cd4_em,cd4_em,cd4_em,True,True,both_correct,other,0.9752753,1.0
GTACAGTTCTACGGTA-0.HTO4.cd8_n,cd8_n,cd8_n,cd8_n,True,True,both_correct,other,0.7225215,1.0
GTACAGTTCTGGTGGC-1.HTO1.cd4_n,cd4_n,cd4_n,cd4_n,True,True,both_correct,other,0.42534167,1.0
GTAGAAAAGAAGTGTT-1.HTO8.monocyte,monocyte,monocyte,monocyte,True,True,both_correct,other,5.8213356e-08,1.0
GTAGAAAAGACTCATC-0.HTO5.cd8_cm,cd8_cm,cd8_cm,cd8_cm,True,True,both_correct,central_memory,0.78906333,1.0
GTAGATCTCATGCCAA-1.HTO6.cd8_em,cd8_em,cd8_em,cd8_em,True,True,both_correct,other,0.96916336,1.0
GTAGATCTCCTATTTG-0.HTO7.cd8_emra,cd8_emra,cd8_emra,cd8_emra,True,True,both_correct,other,0.887126,1.0
GTAGGAGAGACGGTTG-1.HTO7.cd8_emra,cd8_emra,cd8_emra,cd8_emra,True,True,both_correct,other,0.8586499,1.0
GTAGGAGGTATAGGAT-0.HTO8.monocyte,monocyte,monocyte,monocyte,True,True,both_correct,other,7.9204943e-07,1.0
GTAGGAGTCATTGGTG-1.HTO3.cd4_em,cd4_em,cd4_em,cd4_em,True,True,both_correct,other,0.87534136,1.0
GTAGGTTCAAGACTGG-0.HTO2.cd4_cm,cd4_cm,cd4_cm,cd4_cm,True,True,both_correct,central_memory,0.57440877,1.0
GTAGGTTGTAACGATA-1.HTO6.cd8_em,cd8_em,cd8_em,cd8_em,True,True,both_correct,other,0.7750092,1.0
GTAGGTTGTAGCTTAC-1.HTO3.cd4_em,cd4_em,cd4_em,cd4_em,True,True,both_correct,other,0.80048937,1.0
GTAGGTTTCCTGCCAT-1.HTO4.cd8_n,cd8_n,cd8_n,cd8_n,True,True,both_correct,other,0.9438545,1.0
GTAGTACAGTCTAGCT-0.HTO5.cd8_cm,cd8_cm,cd8_cm,cd8_cm,True,True,both_correct,central_memory,0.8911001,1.0
GTAGTACCAGTACTAC-0.HTO2.cd4_cm,cd4_cm,cd4_cm,cd4_cm,True,True,both_correct,central_memory,0.5680693,1.0
GTATTGGAGCTCCATA-0.HTO2.cd4_cm,cd4_cm,cd4_em,cd4_em,False,False,both_incorrect,central_memory,0.88725996,1.0
GTATTGGCAGAACGCA-1.HTO7.cd8_emra,cd8_emra,cd8_em,cd8_emra,False,True,mmochi_only_correct,other,0.89221203,1.0
GTATTGGTCAAACTGC-1.HTO6.cd8_em,cd8_em,cd8_em,cd8_em,True,True,both_correct,other,0.7211882,1.0
GTATTTCGTACTGGGA-1.HTO6.cd8_em,cd8_em,cd8_em,cd8_em,True,True,both_correct,other,0.8338532,1.0
GTATTTCGTTTGGAGG-1.HTO7.cd8_emra,cd8_emra,cd8_emra,cd8_emra,True,True,both_correct,other,0.8571503,1.0
GTCAAACCATCGTGCG-0.HTO6.cd8_em,cd8_em,cd8_em,cd8_em,True,True,both_correct,other,0.8404226,1.0
GTCAAACGTGCCCTTT-1.HTO3.cd4_em,cd4_em,cd4_em,cd4_em,True,True,both_correct,other,0.934251,1.0
GTCAAACGTTGGCCGT-1.HTO2.cd4_cm,cd4_cm,cd4_cm,cd4_n,True,False,mosaic_only_correct,central_memory,0.47336954,1.0
GTCAAGTTCTCAACCC-0.HTO6.cd8_em,cd8_em,cd8_em,cd8_em,True,True,both_correct,other,0.8489114,1.0
GTCACGGCATGAGGGT-1.HTO3.cd4_em,cd4_em,cd4_em,cd4_em,True,True,both_correct,other,0.941945,1.0
GTCACGGGTCTCTCTG-1.HTO6.cd8_em,cd8_em,cd8_em,cd8_em,True,True,both_correct,other,0.7858588,1.0
GTCACTCCACTGCATA-1.HTO5.cd8_cm,cd8_cm,cd8_cm,cd8_cm,True,True,both_correct,central_memory,0.82906884,1.0
GTCACTCCAGGATTCT-1.HTO1.cd4_n,cd4_n,cd4_n,cd4_n,True,True,both_correct,other,0.46278596,1.0
GTCACTCGTCTGATCA-0.HTO1.cd4_n,cd4_n,cd4_n,cd4_n,True,True,both_correct,other,0.56618226,1.0
GTCAGCGAGGAGGTTC-1.HTO8.monocyte,monocyte,monocyte,monocyte,True,True,both_correct,other,1.6813095e-08,1.0
GTCAGCGTCTCGCTTG-0.HTO1.cd4_n,cd4_n,cd4_n,cd4_n,True,True,both_correct,other,0.6076842,1.0
GTCATCCGTGTTGCCG-1.HTO8.monocyte,monocyte,monocyte,monocyte,True,True,both_correct,other,2.5326112e-06,1.0
GTCATCCTCGTAGCTA-0.HTO8.monocyte,monocyte,monocyte,monocyte,True,True,both_correct,other,0.00043546635,1.0
GTCATTTCATGAATCC-1.HTO6.cd8_em,cd8_em,cd8_em,cd8_em,True,True,both_correct,other,0.90102416,0.8091936022227274
GTCATTTGTCCACGCA-1.HTO2.cd4_cm,cd4_cm,cd4_cm,cd4_cm,True,True,both_correct,central_memory,0.7946462,1.0
GTCATTTGTGTGACCC-0.HTO8.monocyte,monocyte,monocyte,monocyte,True,True,both_correct,other,0.0007317812,1.0
GTCCACTTCTTTCGAT-0.HTO2.cd4_cm,cd4_cm,cd4_cm,cd4_n,True,False,mosaic_only_correct,central_memory,0.54385936,1.0
GTCCTCACAACTAGAA-0.HTO4.cd8_n,cd8_n,cd8_n,cd8_n,True,True,both_correct,other,0.6962308,1.0
GTCGAATGTCAGGTGA-1.HTO2.cd4_cm,cd4_cm,cd4_cm,cd4_cm,True,True,both_correct,central_memory,0.5767589,1.0
GTCGAATTCCAGCTCT-1.HTO6.cd8_em,cd8_em,cd8_em,cd8_em,True,True,both_correct,other,0.74312943,1.0
GTCGCGACAATAGTCC-1.HTO1.cd4_n,cd4_n,cd4_cm,cd4_n,False,True,mmochi_only_correct,other,0.46045208,1.0
GTCGCGATCTCTCAAT-1.HTO5.cd8_cm,cd8_cm,cd8_cm,cd8_cm,True,True,both_correct,central_memory,0.8051492,1.0
GTCGTAAAGACATAAC-1.HTO2.cd4_cm,cd4_cm,cd4_cm,cd4_cm,True,True,both_correct,central_memory,0.5354063,1.0
GTCGTAAAGATAGCTA-1.HTO3.cd4_em,cd4_em,cd4_em,cd4_cm,True,False,mosaic_only_correct,other,0.9358961,1.0
GTCGTAAGTGTTAGCT-0.HTO5.cd8_cm,cd8_cm,cd8_cm,cd8_cm,True,True,both_correct,central_memory,0.79303163,1.0
GTCGTTCTCTCCCATG-0.HTO8.monocyte,monocyte,monocyte,monocyte,True,True,both_correct,other,3.3241884e-06,1.0
GTCTACCTCTGAGAAA-1.HTO7.cd8_emra,cd8_emra,cd8_emra,cd8_emra,True,True,both_correct,other,0.84407514,1.0
GTCTAGAAGACAGTCG-1.HTO5.cd8_cm,cd8_cm,cd8_em,cd8_em,False,False,both_incorrect,central_memory,0.7943518,0.9147128852469264
GTCTAGAAGCTAAACA-1.HTO6.cd8_em,cd8_em,cd8_em,cd8_em,True,True,both_correct,other,0.6321834,1.0
GTCTAGACATTCATCT-1.HTO2.cd4_cm,cd4_cm,cd4_cm,cd4_n,True,False,mosaic_only_correct,central_memory,0.61225003,1.0
GTCTAGAGTTCCGCAG-1.HTO3.cd4_em,cd4_em,cd4_em,cd4_em,True,True,both_correct,other,0.6508001,1.0
GTCTAGATCGAGATGG-1.HTO7.cd8_emra,cd8_emra,cd8_emra,cd8_emra,True,True,both_correct,other,0.7865685,1.0
GTCTAGATCTTACGGA-0.HTO7.cd8_emra,cd8_emra,cd8_emra,cd8_emra,True,True,both_correct,other,0.8035564,1.0
GTCTCACCATCCTCAC-1.HTO1.cd4_n,cd4_n,cd4_n,cd4_n,True,True,both_correct,other,0.5015164,1.0
GTCTCACCATCGGCCA-0.HTO4.cd8_n,cd8_n,cd8_n,cd8_n,True,True,both_correct,other,0.9999299,1.0
GTCTCACGTTACCCTC-1.HTO7.cd8_emra,cd8_emra,cd8_emra,cd8_emra,True,True,both_correct,other,0.8217511,1.0
GTCTCACTCAAGCTGT-1.HTO6.cd8_em,cd8_em,cd8_cm,cd8_em,False,True,mmochi_only_correct,other,0.6931324,1.0
GTCTCACTCACTTCTA-1.HTO8.monocyte,monocyte,monocyte,monocyte,True,True,both_correct,other,1.707105e-05,1.0
GTCTCACTCCGAAATC-1.HTO4.cd8_n,cd8_n,cd8_n,cd8_n,True,True,both_correct,other,0.80114436,1.0
GTCTGTCCATGGAACG-0.HTO7.cd8_emra,cd8_emra,cd8_em,cd8_emra,False,True,mmochi_only_correct,other,0.8597651,1.0
GTCTGTCTCGCATAGT-0.HTO3.cd4_em,cd4_em,cd4_em,cd4_em,True,True,both_correct,other,0.94304097,1.0
GTCTTTAAGTATTCCG-0.HTO3.cd4_em,cd4_em,cd4_em,cd4_em,True,True,both_correct,other,0.9911869,1.0
GTCTTTACATCGGAAG-0.HTO4.cd8_n,cd8_n,cd8_cm,cd8_n,False,True,mmochi_only_correct,other,0.8248425,1.0
GTGACGCAGTGAACAT-1.HTO7.cd8_emra,cd8_emra,cd8_emra,cd8_emra,True,True,both_correct,other,0.82381576,1.0
GTGAGCCAGCCTGAAG-1.HTO8.monocyte,monocyte,monocyte,monocyte,True,True,both_correct,other,2.832713e-07,1.0
GTGAGCCAGCTCTATG-1.HTO5.cd8_cm,cd8_cm,cd8_cm,cd8_cm,True,True,both_correct,central_memory,0.88883126,1.0
GTGAGCCGTGGACCTC-1.HTO6.cd8_em,cd8_em,cd8_em,cd8_em,True,True,both_correct,other,0.9065054,1.0
GTGAGCCTCCCAAGCG-1.HTO4.cd8_n,cd8_n,cd8_n,cd8_n,True,True,both_correct,other,0.8025794,1.0
GTGAGGATCAATCCAG-1.HTO6.cd8_em,cd8_em,cd8_em,cd8_em,True,True,both_correct,other,0.6674411,1.0
GTGAGTTGTTAAACCC-0.HTO4.cd8_n,cd8_n,cd8_n,cd8_n,True,True,both_correct,other,0.81301963,1.0
GTGAGTTTCAAGCCGC-1.HTO6.cd8_em,cd8_em,cd8_em,cd8_em,True,True,both_correct,other,0.6307225,1.0
GTGAGTTTCTAGGAAA-0.HTO1.cd4_n,cd4_n,cd4_n,cd4_n,True,True,both_correct,other,0.45888636,1.0
GTGATGTAGCTCCACG-1.HTO2.cd4_cm,cd4_cm,cd4_cm,cd4_cm,True,True,both_correct,central_memory,0.52231216,1.0
GTGATGTAGGGCGAGA-1.HTO2.cd4_cm,cd4_cm,cd4_cm,cd4_cm,True,True,both_correct,central_memory,0.5486208,1.0
GTGATGTAGTGGTTAA-1.HTO6.cd8_em,cd8_em,cd8_em,cd8_em,True,True,both_correct,other,0.7338784,1.0
GTGATGTGTACTAAGA-1.HTO8.monocyte,monocyte,monocyte,monocyte,True,True,both_correct,other,1.7120493e-06,1.0
GTGCACGGTCTATGAC-0.HTO8.monocyte,monocyte,monocyte,monocyte,True,True,both_correct,other,1.9149503e-07,1.0
GTGCAGCCAAAGCTAA-0.HTO8.monocyte,monocyte,monocyte,monocyte,True,True,both_correct,other,4.228957e-07,1.0
GTGCAGCGTAGTGATA-0.HTO1.cd4_n,cd4_n,cd4_n,cd4_n,True,True,both_correct,other,0.48845392,1.0
GTGCAGCGTCACTACA-1.HTO6.cd8_em,cd8_em,cd8_cm,cd8_em,False,True,mmochi_only_correct,other,0.73209226,1.0
GTGCAGCGTTCTCCCA-1.HTO7.cd8_emra,cd8_emra,cd8_emra,cd8_emra,True,True,both_correct,other,0.70929074,1.0
GTGCGTGAGATCACCT-1.HTO6.cd8_em,cd8_em,cd8_em,cd8_em,True,True,both_correct,other,0.7845802,1.0
GTGCGTGAGGGCTAAC-1.HTO1.cd4_n,cd4_n,cd4_n,cd4_n,True,True,both_correct,other,0.55177927,1.0
GTGCGTGAGGTATTGA-0.HTO4.cd8_n,cd8_n,cd8_n,cd8_n,True,True,both_correct,other,0.9787179,1.0
GTGCGTGCAGGCAATG-1.HTO7.cd8_emra,cd8_emra,cd8_emra,cd8_emra,True,True,both_correct,other,0.70179665,1.0
GTGCGTGCATGTGGTT-0.HTO8.monocyte,monocyte,monocyte,monocyte,True,True,both_correct,other,5.7744467e-07,1.0
GTGCGTGGTAACCCTA-1.HTO6.cd8_em,cd8_em,cd8_em,cd8_em,True,True,both_correct,other,0.8556949,1.0
GTGCGTGGTTCAATCG-0.HTO1.cd4_n,cd4_n,cd4_n,cd4_n,True,True,both_correct,other,0.5255159,1.0
GTGCTGGAGCTGACCC-1.HTO1.cd4_n,cd4_n,cd4_cm,cd4_n,False,True,mmochi_only_correct,other,0.408449,1.0
GTGCTGGAGTATCTGC-1.HTO6.cd8_em,cd8_em,cd8_em,cd8_em,True,True,both_correct,other,0.9621379,1.0
GTGCTGGGTCGCCACA-1.HTO8.monocyte,monocyte,monocyte,monocyte,True,True,both_correct,other,7.254819e-05,1.0
GTGCTGGTCGTCCATC-1.HTO1.cd4_n,cd4_n,cd4_n,cd4_n,True,True,both_correct,other,0.49391285,1.0
GTGGAAGGTGGCACTC-1.HTO3.cd4_em,cd4_em,cd4_em,cd4_em,True,True,both_correct,other,0.77628434,1.0
GTGGAGAAGAATTGTG-1.HTO2.cd4_cm,cd4_cm,cd4_cm,cd4_cm,True,True,both_correct,central_memory,0.5918151,1.0
GTGGAGAAGGCCACCT-1.HTO3.cd4_em,cd4_em,cd4_em,cd4_em,True,True,both_correct,other,0.8554543,1.0
GTGGAGAAGGCCACTC-0.HTO1.cd4_n,cd4_n,cd4_n,cd4_n,True,True,both_correct,other,0.46960565,1.0
GTGGAGAAGTGTACCT-1.HTO1.cd4_n,cd4_n,cd4_cm,cd4_n,False,True,mmochi_only_correct,other,0.34497404,1.0
GTGGAGAGTGAGTCAG-0.HTO7.cd8_emra,cd8_emra,cd8_emra,cd8_emra,True,True,both_correct,other,0.80741304,1.0
GTGGAGATCCCTAGGG-1.HTO1.cd4_n,cd4_n,cd4_n,cd4_n,True,True,both_correct,other,0.44212145,1.0
GTGGCGTCAAGGTTGG-1.HTO5.cd8_cm,cd8_cm,cd8_cm,cd8_cm,True,True,both_correct,central_memory,0.7901098,1.0
GTGGCGTTCATGTCAG-1.HTO6.cd8_em,cd8_em,cd8_em,cd8_em,True,True,both_correct,other,0.87984437,1.0
GTGGCGTTCGGTCATA-1.HTO6.cd8_em,cd8_em,cd8_em,cd8_em,True,True,both_correct,other,0.83915466,1.0
GTGGGAAGTGGATGAC-1.HTO6.cd8_em,cd8_em,cd8_em,cd8_emra,True,False,mosaic_only_correct,other,0.78400904,0.7169811320754718
GTGGGAATCGCGCCAA-0.HTO2.cd4_cm,cd4_cm,cd4_cm,cd4_cm,True,True,both_correct,central_memory,0.6921735,1.0
GTGGGAATCTCCAAGA-0.HTO3.cd4_em,cd4_em,cd4_em,cd4_em,True,True,both_correct,other,0.8737074,1.0
GTGGTTACAGCAGAAC-1.HTO4.cd8_n,cd8_n,cd8_n,cd8_n,True,True,both_correct,other,0.7295008,1.0
GTGGTTATCACTGCTC-0.HTO5.cd8_cm,cd8_cm,cd8_emra,cd8_em,False,False,both_incorrect,central_memory,0.7848557,1.0
GTGGTTATCCTACCGT-1.HTO8.monocyte,monocyte,monocyte,monocyte,True,True,both_correct,other,4.3746245e-06,1.0
GTGTAACCATCCGAGC-1.HTO5.cd8_cm,cd8_cm,cd8_em,cd8_em,False,False,both_incorrect,central_memory,0.7808488,1.0
GTGTAACGTCACTACA-1.HTO6.cd8_em,cd8_em,cd8_em,cd8_emra,True,False,mosaic_only_correct,other,0.85239524,0.8837209302325582
GTGTAACGTCCTATAG-0.HTO8.monocyte,monocyte,monocyte,monocyte,True,True,both_correct,other,5.8783615e-07,1.0
GTGTCCTAGCGCATCC-1.HTO5.cd8_cm,cd8_cm,cd8_cm,cd8_cm,True,True,both_correct,central_memory,0.8863525,1.0
GTGTCCTGTGCATTTG-0.HTO3.cd4_em,cd4_em,cd4_em,cd4_em,True,True,both_correct,other,0.8226499,1.0
GTGTGATCAACGATTC-0.HTO4.cd8_n,cd8_n,cd8_n,cd8_n,True,True,both_correct,other,0.74525625,1.0
GTGTGATTCGCCGTGA-1.HTO8.monocyte,monocyte,monocyte,monocyte,True,True,both_correct,other,4.908614e-06,1.0
GTGTGGCCAAGAGAGA-1.HTO3.cd4_em,cd4_em,cd4_em,cd4_em,True,True,both_correct,other,0.9850696,1.0
GTGTTAGGTACGGGAT-0.HTO6.cd8_em,cd8_em,cd8_em,cd8_em,True,True,both_correct,other,0.7575101,1.0
GTGTTAGGTGTTCATG-1.HTO3.cd4_em,cd4_em,cd4_em,cd4_em,True,True,both_correct,other,0.9226106,1.0
GTGTTAGTCGGAGTAG-0.HTO6.cd8_em,cd8_em,cd8_em,cd8_em,True,True,both_correct,other,0.8367415,1.0
GTGTTCCCAAGTGACG-1.HTO8.monocyte,monocyte,monocyte,monocyte,True,True,both_correct,other,1.6632681e-06,1.0
GTGTTCCGTTTCACTT-1.HTO8.monocyte,monocyte,monocyte,monocyte,True,True,both_correct,other,3.3415874e-06,1.0
GTGTTCCTCGCAGATT-1.HTO5.cd8_cm,cd8_cm,cd8_cm,cd8_cm,True,True,both_correct,central_memory,0.8352513,1.0
GTTACAGAGTAGTGCG-1.HTO7.cd8_emra,cd8_emra,cd8_em,cd8_emra,False,True,mmochi_only_correct,other,0.89603436,1.0
GTTACCCCAACAAGTA-0.HTO6.cd8_em,cd8_em,cd8_em,cd8_em,True,True,both_correct,other,0.81175,1.0
GTTACCCCAGAGGGTT-1.HTO8.monocyte,monocyte,monocyte,monocyte,True,True,both_correct,other,4.1347716e-06,1.0
GTTACCCCATGCAGGA-0.HTO3.cd4_em,cd4_em,cd4_em,cd4_em,True,True,both_correct,other,0.7723415,1.0
GTTACGAAGTAATCCC-1.HTO2.cd4_cm,cd4_cm,cd4_cm,cd4_cm,True,True,both_correct,central_memory,0.5219228,1.0
GTTACGACAAGCGAGT-1.HTO5.cd8_cm,cd8_cm,cd8_em,cd8_cm,False,True,mmochi_only_correct,central_memory,0.72609997,1.0
GTTACGAGTTACCGTA-1.HTO8.monocyte,monocyte,monocyte,monocyte,True,True,both_correct,other,1.3812771e-05,1.0
GTTAGACTCATGCATG-0.HTO1.cd4_n,cd4_n,cd4_n,cd4_n,True,True,both_correct,other,0.4486809,1.0
GTTAGACTCGTCCATC-1.HTO3.cd4_em,cd4_em,cd4_em,cd4_em,True,True,both_correct,other,0.8623032,1.0
GTTAGTGGTTGTGTTG-0.HTO8.monocyte,monocyte,monocyte,monocyte,True,True,both_correct,other,2.0862124e-06,1.0
GTTAGTGTCTCTCTAA-1.HTO1.cd4_n,cd4_n,cd4_cm,cd4_n,False,True,mmochi_only_correct,other,0.5720031,1.0
GTTATGGGTCTGTGTA-1.HTO8.monocyte,monocyte,monocyte,monocyte,True,True,both_correct,other,4.2861107e-06,1.0
GTTCATTCATCGATGT-0.HTO8.monocyte,monocyte,monocyte,monocyte,True,True,both_correct,other,3.661404e-06,1.0
GTTCATTTCGGAACTT-0.HTO7.cd8_emra,cd8_emra,cd8_emra,cd8_emra,True,True,both_correct,other,0.99924904,1.0
GTTCATTTCTACACAG-1.HTO6.cd8_em,cd8_em,cd8_em,cd8_em,True,True,both_correct,other,0.7722854,1.0
GTTCGCTAGAACCCGA-1.HTO3.cd4_em,cd4_em,cd4_em,cd4_em,True,True,both_correct,other,0.9660392,1.0
GTTCGCTCAGCATCTA-0.HTO7.cd8_emra,cd8_emra,cd8_emra,cd8_emra,True,True,both_correct,other,0.7708826,1.0
GTTCGCTTCGACGACC-0.HTO4.cd8_n,cd8_n,cd8_n,cd8_n,True,True,both_correct,other,0.7098112,1.0
GTTCTATCAGTAGGAC-1.HTO4.cd8_n,cd8_n,cd8_n,cd8_n,True,True,both_correct,other,0.7517179,1.0
GTTCTATGTTCTTCAT-1.HTO6.cd8_em,cd8_em,cd8_em,cd8_em,True,True,both_correct,other,0.837007,1.0
GTTGAACCATTCCTCG-1.HTO6.cd8_em,cd8_em,cd8_em,cd8_em,True,True,both_correct,other,0.76299596,1.0
GTTGAACGTTGTAAAG-1.HTO8.monocyte,monocyte,monocyte,monocyte,True,True,both_correct,other,9.2524743e-07,1.0
GTTGAACTCCACAGGC-1.HTO2.cd4_cm,cd4_cm,cd4_cm,cd4_cm,True,True,both_correct,central_memory,0.5472319,1.0
GTTGCGGCATATGAAG-1.HTO5.cd8_cm,cd8_cm,cd8_cm,cd8_n,True,False,mosaic_only_correct,central_memory,0.8844341,0.7142857142857143
GTTGTAGAGACGCAGT-1.HTO6.cd8_em,cd8_em,cd8_em,cd8_em,True,True,both_correct,other,0.70163137,1.0
GTTGTAGAGTGGCCTC-1.HTO6.cd8_em,cd8_em,cd8_em,cd8_em,True,True,both_correct,other,0.7997691,1.0
GTTGTAGCAAGCACCC-1.HTO6.cd8_em,cd8_em,cd8_em,cd8_em,True,True,both_correct,other,0.76923186,1.0
GTTGTCCAGTAATTGG-0.HTO8.monocyte,monocyte,monocyte,monocyte,True,True,both_correct,other,1.7912491e-06,1.0
GTTGTCCTCCAACCGG-1.HTO8.monocyte,monocyte,monocyte,monocyte,True,True,both_correct,other,3.1606116e-05,1.0
GTTGTGAAGGACACTG-0.HTO4.cd8_n,cd8_n,cd8_n,cd8_n,True,True,both_correct,other,0.65569186,1.0
GTTTACTCAGAGAGGG-1.HTO6.cd8_em,cd8_em,cd8_em,cd8_emra,True,False,mosaic_only_correct,other,0.71936244,0.6666666666666666
GTTTACTGTAGACAGC-1.HTO4.cd8_n,cd8_n,cd8_n,cd8_n,True,True,both_correct,other,0.6324811,1.0
GTTTACTGTCCGGTCA-0.HTO7.cd8_emra,cd8_emra,cd8_emra,cd8_emra,True,True,both_correct,other,0.8252679,1.0
TAACACGAGCAGAAAG-1.HTO5.cd8_cm,cd8_cm,cd8_cm,cd8_cm,True,True,both_correct,central_memory,0.8020452,1.0
TAACACGGTAAGTTAG-1.HTO4.cd8_n,cd8_n,cd8_n,cd8_n,True,True,both_correct,other,0.80943435,1.0
TAACACGTCGCGTCGA-1.HTO1.cd4_n,cd4_n,cd4_n,cd4_n,True,True,both_correct,other,0.38173127,1.0
TAACACGTCGTGCTCT-1.HTO2.cd4_cm,cd4_cm,cd4_cm,cd4_cm,True,True,both_correct,central_memory,0.5870006,1.0
TAACCAGGTATCACCA-0.HTO2.cd4_cm,cd4_cm,cd4_cm,cd4_cm,True,True,both_correct,central_memory,0.37493005,1.0
TAACCAGGTGTGGTCC-0.HTO8.monocyte,monocyte,monocyte,monocyte,True,True,both_correct,other,2.4834578e-06,1.0
TAACGACCATCCGGTG-1.HTO6.cd8_em,cd8_em,cd8_em,cd8_em,True,True,both_correct,other,0.91725653,1.0
TAACGACGTCCAGTTA-0.HTO4.cd8_n,cd8_n,cd8_n,cd8_n,True,True,both_correct,other,0.7339041,1.0
TAACGACGTTCATCGA-1.HTO4.cd8_n,cd8_n,cd8_n,cd8_n,True,True,both_correct,other,0.72318566,1.0
TAACGACTCTCCCTAG-1.HTO8.monocyte,monocyte,monocyte,monocyte,True,True,both_correct,other,6.177912e-06,1.0
TAACTTCAGACTAGAT-1.HTO4.cd8_n,cd8_n,cd8_n,cd8_n,True,True,both_correct,other,0.7227669,1.0
TAACTTCCAATCTCGA-1.HTO4.cd8_n,cd8_n,cd8_n,cd8_n,True,True,both_correct,other,0.8909476,1.0
TAACTTCCACGTGTGC-1.HTO6.cd8_em,cd8_em,cd8_em,cd8_em,True,True,both_correct,other,0.70568454,1.0
TAAGCACCAATCAAGA-0.HTO7.cd8_emra,cd8_emra,cd8_emra,cd8_emra,True,True,both_correct,other,0.87847954,1.0
TAAGCACGTACAAGCG-1.HTO4.cd8_n,cd8_n,cd8_n,cd8_n,True,True,both_correct,other,0.68136036,1.0
TAAGCACGTAGTAAGT-1.HTO5.cd8_cm,cd8_cm,cd8_cm,cd8_cm,True,True,both_correct,central_memory,0.67983377,1.0
TAAGCACGTGAGTCAG-1.HTO8.monocyte,monocyte,monocyte,monocyte,True,True,both_correct,other,2.510938e-06,1.0
TAAGCACGTTGGGTAG-1.HTO6.cd8_em,cd8_em,cd8_em,cd8_em,True,True,both_correct,other,0.8542846,1.0
TAAGCCAAGGATACGC-1.HTO8.monocyte,monocyte,monocyte,monocyte,True,True,both_correct,other,1.2194432e-05,1.0
TAAGCCACACCGTCTT-0.HTO6.cd8_em,cd8_em,cd8_em,cd8_em,True,True,both_correct,other,0.83404773,1.0
TAAGCCAGTCTACAGT-1.HTO3.cd4_em,cd4_em,cd4_em,cd4_em,True,True,both_correct,other,0.93938255,1.0
TAAGCCATCAAGCCTA-1.HTO5.cd8_cm,cd8_cm,cd8_cm,cd8_em,True,False,mosaic_only_correct,central_memory,0.8777811,0.7576209828155058
TAAGCCATCCGGCAAC-1.HTO6.cd8_em,cd8_em,cd8_em,cd8_em,True,True,both_correct,other,0.8906679,1.0
TAAGCGTAGAAGCGAA-0.HTO3.cd4_em,cd4_em,cd4_em,cd4_em,True,True,both_correct,other,0.96846,1.0
TAAGCGTGTTCTCTAT-0.HTO6.cd8_em,cd8_em,cd8_em,cd8_em,True,True,both_correct,other,0.84675264,1.0
TAAGCGTTCTTCCGTG-1.HTO5.cd8_cm,cd8_cm,cd8_cm,cd8_cm,True,True,both_correct,central_memory,0.8277953,1.0
TAAGTCGAGAATTGTG-0.HTO5.cd8_cm,cd8_cm,cd8_em,cd8_em,False,False,both_incorrect,central_memory,0.65880513,1.0
TAAGTCGAGCCTCATA-0.HTO3.cd4_em,cd4_em,cd4_em,cd4_em,True,True,both_correct,other,0.91796345,1.0
TAAGTCGAGGGAGAAT-1.HTO8.monocyte,monocyte,monocyte,monocyte,True,True,both_correct,other,4.613839e-06,1.0
TAAGTCGAGGTTTGAA-1.HTO4.cd8_n,cd8_n,cd8_n,cd8_n,True,True,both_correct,other,0.7988469,1.0
TAAGTCGAGTTCACTG-1.HTO3.cd4_em,cd4_em,cd4_em,cd4_em,True,True,both_correct,other,0.7899679,1.0
TAATCTCCAGTTACCA-0.HTO3.cd4_em,cd4_em,cd4_em,cd4_em,True,True,both_correct,other,0.96034676,1.0
TAATCTCCATGGCCCA-1.HTO1.cd4_n,cd4_n,cd4_cm,cd4_n,False,True,mmochi_only_correct,other,0.5399574,1.0
TAATTCCAGCGGCTCT-0.HTO2.cd4_cm,cd4_cm,cd4_cm,cd4_cm,True,True,both_correct,central_memory,0.7118845,1.0
TAATTCCGTTCCACGG-1.HTO8.monocyte,monocyte,monocyte,monocyte,True,True,both_correct,other,0.00010176298,1.0
TAATTCCTCTGAGCAT-1.HTO6.cd8_em,cd8_em,cd8_emra,cd8_em,False,True,mmochi_only_correct,other,0.82229614,1.0
TACACCCCATTCGGGC-1.HTO3.cd4_em,cd4_em,cd4_em,cd4_em,True,True,both_correct,other,0.95585203,1.0
TACACCCGTTCCGGTG-1.HTO5.cd8_cm,cd8_cm,cd8_cm,cd8_cm,True,True,both_correct,central_memory,0.81222516,1.0
TACACCCTCATTTGTC-1.HTO6.cd8_em,cd8_em,cd8_em,cd8_em,True,True,both_correct,other,0.6899417,1.0
TACACCCTCGTTATCT-0.HTO6.cd8_em,cd8_em,cd8_em,cd8_em,True,True,both_correct,other,0.70525396,1.0
TACATTCAGACTTGTC-1.HTO1.cd4_n,cd4_n,cd4_n,cd4_n,True,True,both_correct,other,0.64747256,1.0
TACATTCTCATTTGCT-1.HTO4.cd8_n,cd8_n,cd8_n,cd8_n,True,True,both_correct,other,0.7607016,1.0
TACCCGTGTCAAATCC-1.HTO4.cd8_n,cd8_n,cd8_n,cd8_n,True,True,both_correct,other,0.6792525,1.0
TACCCGTTCATGAGGG-1.HTO3.cd4_em,cd4_em,cd4_em,cd4_em,True,True,both_correct,other,0.80701643,1.0
TACCCGTTCGTCGGGT-0.HTO1.cd4_n,cd4_n,cd4_n,cd4_n,True,True,both_correct,other,0.43481538,1.0
TACCGAAAGAAACTGT-1.HTO3.cd4_em,cd4_em,cd4_em,cd4_em,True,True,both_correct,other,0.99320304,1.0
TACCGAACAGGGAATC-1.HTO3.cd4_em,cd4_em,cd4_em,cd4_em,True,True,both_correct,other,0.97387165,1.0
TACCTCGGTACCTATG-0.HTO7.cd8_emra,cd8_emra,cd8_emra,cd8_emra,True,True,both_correct,other,0.88833106,1.0
TACGCTCGTTTAGAGA-1.HTO2.cd4_cm,cd4_cm,cd4_cm,cd4_cm,True,True,both_correct,central_memory,0.44369623,1.0
TACGCTCTCTCAAAGC-0.HTO8.monocyte,monocyte,monocyte,monocyte,True,True,both_correct,other,1.477453e-05,1.0
TACGGGCAGACGCCCT-1.HTO1.cd4_n,cd4_n,cd4_n,cd4_n,True,True,both_correct,other,0.46158522,1.0
TACGGGCTCACTAGCA-1.HTO7.cd8_emra,cd8_emra,cd8_emra,cd8_emra,True,True,both_correct,other,0.8599091,1.0
TACGGTATCGGTCAGC-1.HTO3.cd4_em,cd4_em,cd4_em,cd4_em,True,True,both_correct,other,0.6898936,1.0
TACGTCCGTATGAGAT-0.HTO7.cd8_emra,cd8_emra,cd8_emra,cd8_emra,True,True,both_correct,other,0.7262001,1.0
TACGTCCTCGCAATTG-1.HTO6.cd8_em,cd8_em,cd8_em,cd8_em,True,True,both_correct,other,0.8133153,1.0
TACTGCCTCCACTAGA-1.HTO3.cd4_em,cd4_em,cd4_em,cd4_em,True,True,both_correct,other,0.91711694,1.0
TACTTCAAGAGCACTG-0.HTO2.cd4_cm,cd4_cm,cd4_em,cd4_em,False,False,both_incorrect,central_memory,0.6944418,1.0
TACTTCAGTGGGATTG-1.HTO6.cd8_em,cd8_em,cd8_em,cd8_em,True,True,both_correct,other,0.64574176,1.0
TAGACTGGTATGATCC-1.HTO4.cd8_n,cd8_n,cd8_n,cd8_n,True,True,both_correct,other,0.7214368,1.0
TAGAGTCTCTTACCAT-0.HTO2.cd4_cm,cd4_cm,cd4_cm,cd4_cm,True,True,both_correct,central_memory,0.45053738,1.0
TAGATCGTCTGCATGA-1.HTO8.monocyte,monocyte,monocyte,monocyte,True,True,both_correct,other,1.9634429e-06,1.0
TAGCACAAGGCCCACT-0.HTO8.monocyte,monocyte,monocyte,monocyte,True,True,both_correct,other,2.9145217e-06,1.0
TAGCACAAGTGCCTCG-1.HTO2.cd4_cm,cd4_cm,cd4_cm,cd4_cm,True,True,both_correct,central_memory,0.55384254,1.0
TAGCACAGTAACATAG-1.HTO3.cd4_em,cd4_em,cd4_em,cd4_em,True,True,both_correct,other,0.96884805,1.0
TAGCACAGTTACGGAG-1.HTO4.cd8_n,cd8_n,cd8_n,cd8_n,True,True,both_correct,other,0.9190084,1.0
TAGCACATCTCCTACG-1.HTO1.cd4_n,cd4_n,cd4_n,cd4_n,True,True,both_correct,other,0.5462374,1.0
TAGGAGGAGTCCCGGT-1.HTO6.cd8_em,cd8_em,cd8_em,cd8_em,True,True,both_correct,other,0.8338258,1.0
TAGGAGGCAGAGCGTA-0.HTO4.cd8_n,cd8_n,cd8_n,cd8_n,True,True,both_correct,other,0.81311625,1.0
TAGGGTTTCCCATAAG-1.HTO1.cd4_n,cd4_n,cd4_n,cd4_n,True,True,both_correct,other,0.50342333,1.0
TAGGTACTCCACAGGC-1.HTO4.cd8_n,cd8_n,cd8_cm,cd8_n,False,True,mmochi_only_correct,other,0.7742926,1.0
TAGGTTGGTAACATGA-0.HTO6.cd8_em,cd8_em,cd8_em,cd8_em,True,True,both_correct,other,0.8652509,1.0
TAGGTTGGTCTTCAAG-0.HTO4.cd8_n,cd8_n,cd8_n,cd8_n,True,True,both_correct,other,0.7590164,1.0
TAGGTTGTCTCACCCA-1.HTO1.cd4_n,cd4_n,cd4_n,cd4_n,True,True,both_correct,other,0.4267664,1.0
TAGTGCAGTACCACGC-1.HTO7.cd8_emra,cd8_emra,cd8_emra,cd8_emra,True,True,both_correct,other,0.8181604,1.0
TAGTGCAGTCCGTACG-0.HTO5.cd8_cm,cd8_cm,cd8_n,cd8_n,False,False,both_incorrect,central_memory,0.79929656,0.7142857142857143
TATACCTCAACGCATT-1.HTO5.cd8_cm,cd8_cm,cd8_cm,cd8_cm,True,True,both_correct,central_memory,0.9122179,1.0
TATACCTTCAGCATTG-1.HTO2.cd4_cm,cd4_cm,cd4_cm,cd4_cm,True,True,both_correct,central_memory,0.575344,1.0
TATATCCAGTGTACAA-0.HTO4.cd8_n,cd8_n,cd8_n,cd8_n,True,True,both_correct,other,0.8159275,1.0
TATATCCCATCCGTTC-0.HTO6.cd8_em,cd8_em,cd8_em,cd8_em,True,True,both_correct,other,0.6212704,1.0
TATATCCGTCATCACA-1.HTO4.cd8_n,cd8_n,cd8_n,cd8_n,True,True,both_correct,other,0.931729,1.0
TATCAGGGTAAGATTG-1.HTO4.cd8_n,cd8_n,cd8_n,cd8_n,True,True,both_correct,other,0.75411016,1.0
TATCCTAAGAGGCTGT-1.HTO8.monocyte,monocyte,monocyte,monocyte,True,True,both_correct,other,2.077903e-06,1.0
TATCCTACACGAAGAC-0.HTO3.cd4_em,cd4_em,cd4_em,cd4_em,True,True,both_correct,other,0.8468074,1.0
TATCCTATCTGTGCTC-1.HTO4.cd8_n,cd8_n,cd8_n,cd8_n,True,True,both_correct,other,0.70295936,1.0
TATCTGTAGCAATAGT-1.HTO8.monocyte,monocyte,monocyte,monocyte,True,True,both_correct,other,7.1074595e-07,1.0
TATCTGTCAAGGATGC-1.HTO5.cd8_cm,cd8_cm,cd8_cm,cd8_cm,True,True,both_correct,central_memory,0.89016426,1.0
TATCTGTGTTCTTAGG-1.HTO8.monocyte,monocyte,monocyte,monocyte,True,True,both_correct,other,2.1865357e-05,1.0
TATCTTGCAGTATGAA-0.HTO4.cd8_n,cd8_n,cd8_n,cd8_n,True,True,both_correct,other,0.69814646,1.0
TATCTTGCATTACGGT-1.HTO4.cd8_n,cd8_n,cd8_n,cd8_n,True,True,both_correct,other,0.7669014,1.0
TATCTTGGTCGGTACC-0.HTO3.cd4_em,cd4_em,cd4_em,cd4_em,True,True,both_correct,other,0.8160083,1.0
TATCTTGTCGATGGAG-0.HTO2.cd4_cm,cd4_cm,cd4_cm,cd4_cm,True,True,both_correct,central_memory,0.509134,1.0
TATGTTCAGAAATGGG-0.HTO1.cd4_n,cd4_n,cd4_n,cd4_n,True,True,both_correct,other,0.47225702,1.0
TATGTTCCAAATGCGG-1.HTO4.cd8_n,cd8_n,cd8_n,cd8_n,True,True,both_correct,other,0.7415301,1.0
TATGTTCCAACACAAA-1.HTO3.cd4_em,cd4_em,cd4_em,cd4_em,True,True,both_correct,other,0.92327696,1.0
TATGTTCGTACCCGAC-0.HTO8.monocyte,monocyte,monocyte,monocyte,True,True,both_correct,other,4.9827544e-05,1.0
TATGTTCTCGGCGATC-1.HTO8.monocyte,monocyte,monocyte,monocyte,True,True,both_correct,other,1.0379132e-06,1.0
TATGTTCTCTTCTAAC-0.HTO3.cd4_em,cd4_em,cd4_em,cd4_em,True,True,both_correct,other,0.94329166,1.0
TATTCCACAGCGGTCT-1.HTO3.cd4_em,cd4_em,cd4_em,cd4_em,True,True,both_correct,other,0.88933784,1.0
TATTCCAGTCGACGCT-1.HTO6.cd8_em,cd8_em,cd8_em,cd8_em,True,True,both_correct,other,0.8283941,1.0
TATTGCTAGCAACTCT-0.HTO1.cd4_n,cd4_n,cd4_n,cd4_n,True,True,both_correct,other,0.5471637,1.0
TATTGCTTCTCCGTGT-1.HTO5.cd8_cm,cd8_cm,cd8_cm,cd8_cm,True,True,both_correct,central_memory,0.8675116,1.0
TATTGGGAGACCAAAT-0.HTO6.cd8_em,cd8_em,cd8_cm,cd8_em,False,True,mmochi_only_correct,other,0.7842795,1.0
TATTGGGGTTAACCTG-1.HTO8.monocyte,monocyte,monocyte,monocyte,True,True,both_correct,other,1.7773064e-06,1.0
TATTGGGTCTGCGAGC-1.HTO5.cd8_cm,cd8_cm,cd8_cm,cd8_cm,True,True,both_correct,central_memory,0.717802,1.0
TATTTCGCATTGACAC-1.HTO3.cd4_em,cd4_em,cd4_em,cd4_em,True,True,both_correct,other,0.89515275,1.0
TCAAGACGTGAATGAT-0.HTO8.monocyte,monocyte,monocyte,monocyte,True,True,both_correct,other,6.3687085e-06,1.0
TCAAGACTCCACATAG-0.HTO6.cd8_em,cd8_em,cd8_em,cd8_em,True,True,both_correct,other,0.86561936,1.0
TCAAGCAAGCAAGCCA-1.HTO7.cd8_emra,cd8_emra,cd8_emra,cd8_emra,True,True,both_correct,other,0.843541,1.0
TCAAGCACACTGATTG-0.HTO7.cd8_emra,cd8_emra,cd8_emra,cd8_emra,True,True,both_correct,other,0.79817694,1.0
TCAAGCACATAGAATG-1.HTO4.cd8_n,cd8_n,cd8_n,cd8_n,True,True,both_correct,other,0.91144174,1.0
TCAAGCAGTAGCTAAA-0.HTO6.cd8_em,cd8_em,cd8_em,cd8_em,True,True,both_correct,other,0.71621513,1.0
TCAAGCATCACGGACC-0.HTO6.cd8_em,cd8_em,cd8_em,cd8_em,True,True,both_correct,other,0.7796877,1.0
TCAAGTGAGGAGTCTG-1.HTO5.cd8_cm,cd8_cm,cd8_cm,cd8_cm,True,True,both_correct,central_memory,0.92775226,1.0
TCAAGTGAGTGTTCAC-1.HTO6.cd8_em,cd8_em,cd8_em,cd8_em,True,True,both_correct,other,0.7166536,1.0
TCAAGTGTCACAACCA-0.HTO7.cd8_emra,cd8_emra,cd8_emra,cd8_emra,True,True,both_correct,other,0.88899857,1.0
TCAATCTGTCTAGGTT-1.HTO2.cd4_cm,cd4_cm,cd4_cm,cd4_cm,True,True,both_correct,central_memory,0.6866398,1.0
TCAATCTTCGCAGTCG-1.HTO3.cd4_em,cd4_em,cd4_em,cd4_em,True,True,both_correct,other,0.83516747,1.0
TCAATTCCACGAAGAC-1.HTO6.cd8_em,cd8_em,cd8_em,cd8_em,True,True,both_correct,other,0.67313063,1.0
TCACAAGAGTCTTCGA-1.HTO2.cd4_cm,cd4_cm,cd4_cm,cd4_cm,True,True,both_correct,central_memory,0.51337,1.0
TCACACCCAGATACTC-1.HTO3.cd4_em,cd4_em,cd4_em,cd4_em,True,True,both_correct,other,0.9748556,1.0
TCACACCGTTATCTTC-1.HTO6.cd8_em,cd8_em,cd8_em,cd8_em,True,True,both_correct,other,0.8261734,1.0
TCACGCTCACGCTTAA-1.HTO1.cd4_n,cd4_n,cd4_n,cd4_n,True,True,both_correct,other,0.37529626,1.0
TCACGCTGTAGATGTA-1.HTO8.monocyte,monocyte,monocyte,monocyte,True,True,both_correct,other,6.3002462e-06,0.9589041095890408
TCACGCTGTCGGCTAC-1.HTO4.cd8_n,cd8_n,cd8_n,cd8_n,True,True,both_correct,other,0.8959702,1.0
TCACGCTTCTCTTCAA-1.HTO6.cd8_em,cd8_em,cd8_em,cd8_em,True,True,both_correct,other,0.8864497,1.0
TCACGCTTCTGTAACG-1.HTO2.cd4_cm,cd4_cm,cd4_cm,cd4_em,True,False,mosaic_only_correct,central_memory,0.55967337,1.0
TCACTATAGTGATCGG-0.HTO2.cd4_cm,cd4_cm,cd4_cm,cd4_cm,True,True,both_correct,central_memory,0.68435615,1.0
TCACTATCACGGTCTG-1.HTO1.cd4_n,cd4_n,cd4_n,cd4_n,True,True,both_correct,other,0.55122703,1.0
TCACTATGTAGCTGCC-1.HTO1.cd4_n,cd4_n,cd4_n,cd4_n,True,True,both_correct,other,0.42217115,1.0
TCACTCGCAGGTGGAT-1.HTO7.cd8_emra,cd8_emra,cd8_emra,cd8_emra,True,True,both_correct,other,0.81256306,1.0
TCACTCGTCTTCACGC-0.HTO4.cd8_n,cd8_n,cd8_n,cd8_n,True,True,both_correct,other,0.8009445,1.0
TCAGCAAAGTTCAACC-0.HTO3.cd4_em,cd4_em,cd4_em,cd4_em,True,True,both_correct,other,0.9462053,1.0
TCAGCAATCCGACGGT-1.HTO8.monocyte,monocyte,monocyte,monocyte,True,True,both_correct,other,1.6906155e-05,1.0
TCAGCCTGTGCCTACG-0.HTO5.cd8_cm,cd8_cm,cd8_cm,cd8_cm,True,True,both_correct,central_memory,0.8893469,1.0
TCAGCCTTCTCTCCGA-1.HTO4.cd8_n,cd8_n,cd8_n,cd8_n,True,True,both_correct,other,0.670983,1.0
TCAGGGCTCTAGGCCG-0.HTO1.cd4_n,cd4_n,cd4_n,cd4_n,True,True,both_correct,other,0.43625945,1.0
TCAGGGCTCTTGGCTC-1.HTO5.cd8_cm,cd8_cm,cd8_cm,cd8_cm,True,True,both_correct,central_memory,0.8461393,1.0
TCAGTCCCATGATAGA-1.HTO7.cd8_emra,cd8_emra,cd8_emra,cd8_emra,True,True,both_correct,other,0.9013588,1.0
TCAGTGATCGCTTACC-1.HTO8.monocyte,monocyte,monocyte,monocyte,True,True,both_correct,other,2.9441287e-07,1.0
TCAGTGATCTCGCTCA-1.HTO4.cd8_n,cd8_n,cd8_n,cd8_n,True,True,both_correct,other,0.76786536,1.0
TCAGTTTCAATCTCTT-1.HTO3.cd4_em,cd4_em,cd4_em,cd4_em,True,True,both_correct,other,0.87473994,1.0
TCAGTTTTCGTGGGAA-0.HTO6.cd8_em,cd8_em,cd8_em,cd8_em,True,True,both_correct,other,0.6826463,1.0
TCATATCCACACACGC-1.HTO5.cd8_cm,cd8_cm,cd8_cm,cd8_em,True,False,mosaic_only_correct,central_memory,0.8093088,1.0
TCATATCCAGTTTCGA-1.HTO1.cd4_n,cd4_n,cd4_n,cd4_n,True,True,both_correct,other,0.47923204,1.0
TCATCCGAGCTGAAGC-0.HTO5.cd8_cm,cd8_cm,cd8_em,cd8_cm,False,True,mmochi_only_correct,central_memory,0.7458741,1.0
TCATCCGCATTCAGGT-1.HTO6.cd8_em,cd8_em,cd8_em,cd8_em,True,True,both_correct,other,0.78579915,1.0
TCATGAGGTTTGCCGG-1.HTO1.cd4_n,cd4_n,cd4_n,cd4_n,True,True,both_correct,other,0.3848813,1.0
TCATGCCTCGCCAACG-1.HTO2.cd4_cm,cd4_cm,cd4_n,cd4_n,False,False,both_incorrect,central_memory,0.5683901,1.0
TCATGGAAGCTCGACC-0.HTO8.monocyte,monocyte,monocyte,monocyte,True,True,both_correct,other,5.839684e-07,1.0
TCATGGAGTCTCCTGT-1.HTO8.monocyte,monocyte,monocyte,monocyte,True,True,both_correct,other,4.0851704e-05,1.0
TCATGTTCATAGGTAA-0.HTO7.cd8_emra,cd8_emra,cd8_emra,cd8_emra,True,True,both_correct,other,0.7540234,1.0
TCATGTTGTACGAGTG-1.HTO1.cd4_n,cd4_n,cd4_n,cd4_n,True,True,both_correct,other,0.5433552,1.0
TCATTACAGCCGATCC-1.HTO1.cd4_n,cd4_n,cd4_n,cd4_n,True,True,both_correct,other,0.29736197,1.0
TCATTACCAAGCTGCC-1.HTO8.monocyte,monocyte,monocyte,monocyte,True,True,both_correct,other,1.3739298e-06,1.0
TCATTACGTGGATACG-0.HTO2.cd4_cm,cd4_cm,cd4_n,cd4_n,False,False,both_incorrect,central_memory,0.5662962,1.0
TCATTCACACCTCTGT-0.HTO3.cd4_em,cd4_em,cd4_em,cd4_em,True,True,both_correct,other,0.98607534,1.0
TCATTCAGTCTCACAA-1.HTO7.cd8_emra,cd8_emra,cd8_emra,cd8_emra,True,True,both_correct,other,0.83376616,1.0
TCATTCATCCTTCTAA-0.HTO2.cd4_cm,cd4_cm,cd4_em,cd4_em,False,False,both_incorrect,central_memory,0.6209916,1.0
TCATTGTGTAGTAAGT-0.HTO5.cd8_cm,cd8_cm,cd8_cm,cd8_cm,True,True,both_correct,central_memory,0.7283887,1.0
TCATTGTGTCCCAAAT-0.HTO7.cd8_emra,cd8_emra,cd8_emra,cd8_emra,True,True,both_correct,other,0.7776634,1.0
TCATTTGAGGCAGCTA-0.HTO5.cd8_cm,cd8_cm,cd8_cm,cd8_em,True,False,mosaic_only_correct,central_memory,0.8531768,0.6989684629921187
TCCACCAAGCAATAGT-1.HTO3.cd4_em,cd4_em,cd4_em,cd4_em,True,True,both_correct,other,0.7799681,1.0
TCCACCACAATGAGCG-1.HTO8.monocyte,monocyte,monocyte,monocyte,True,True,both_correct,other,1.04530606e-07,1.0
TCCACCATCTCGCGTT-0.HTO3.cd4_em,cd4_em,cd4_cm,cd4_em,False,True,mmochi_only_correct,other,0.88800955,1.0
TCCAGAACAAAGGTTA-0.HTO4.cd8_n,cd8_n,cd8_n,cd8_n,True,True,both_correct,other,0.6670348,1.0
TCCAGAACAACGATCT-1.HTO5.cd8_cm,cd8_cm,cd8_em,cd8_cm,False,True,mmochi_only_correct,central_memory,0.7538479,1.0
TCCAGAACACATAGCT-1.HTO8.monocyte,monocyte,monocyte,monocyte,True,True,both_correct,other,3.5714006e-06,1.0
TCCAGAATCCGCATAA-1.HTO8.monocyte,monocyte,monocyte,monocyte,True,True,both_correct,other,6.127829e-05,1.0
TCCAGAATCGCTACGG-1.HTO4.cd8_n,cd8_n,cd8_n,cd8_n,True,True,both_correct,other,0.91567254,1.0
TCCATCGCACGTGTGC-1.HTO6.cd8_em,cd8_em,cd8_em,cd8_em,True,True,both_correct,other,0.53265524,1.0
TCCATCGTCAGCGTCG-1.HTO8.monocyte,monocyte,monocyte,monocyte,True,True,both_correct,other,0.0019585132,1.0
TCCCAGTTCGCGTTTC-0.HTO4.cd8_n,cd8_n,cd8_n,cd8_n,True,True,both_correct,other,0.7622858,1.0
TCCCATGGTCCAAATC-0.HTO3.cd4_em,cd4_em,cd4_em,cd4_em,True,True,both_correct,other,0.9676828,1.0
TCCCATGGTTAGTTCG-1.HTO1.cd4_n,cd4_n,cd4_n,cd4_n,True,True,both_correct,other,0.39493838,1.0
TCCCATGGTTCAGTAC-1.HTO8.monocyte,monocyte,monocyte,monocyte,True,True,both_correct,other,5.2080027e-06,1.0
TCCGAAAAGGATGTTA-0.HTO2.cd4_cm,cd4_cm,cd4_cm,cd4_cm,True,True,both_correct,central_memory,0.99992716,1.0
TCCGAAACACTGGATT-1.HTO7.cd8_emra,cd8_emra,cd8_emra,cd8_emra,True,True,both_correct,other,0.73694366,1.0
TCCGAAAGTAGAGATT-1.HTO8.monocyte,monocyte,monocyte,monocyte,True,True,both_correct,other,1.6553162e-05,1.0
TCCGAAATCGGATACT-1.HTO4.cd8_n,cd8_n,cd8_n,cd8_n,True,True,both_correct,other,0.78321785,1.0
TCCGGGAAGTTGTAGA-0.HTO2.cd4_cm,cd4_cm,cd4_cm,cd4_cm,True,True,both_correct,central_memory,0.5227926,1.0
TCCGGGACAAAGAACT-1.HTO1.cd4_n,cd4_n,cd4_n,cd4_n,True,True,both_correct,other,0.46505612,1.0
TCCGGGACAGGAGGAG-0.HTO5.cd8_cm,cd8_cm,cd8_cm,cd8_cm,True,True,both_correct,central_memory,0.79077035,1.0
TCCGGGATCGCGGTAC-0.HTO1.cd4_n,cd4_n,cd4_n,cd4_n,True,True,both_correct,other,0.50311506,1.0
TCCGTGTCAACTCGTA-0.HTO4.cd8_n,cd8_n,cd8_n,cd8_n,True,True,both_correct,other,0.6736786,1.0
TCCGTGTCAGAGTCTT-1.HTO7.cd8_emra,cd8_emra,cd8_emra,cd8_emra,True,True,both_correct,other,0.78681296,1.0
TCCGTGTCATCCGCGA-1.HTO2.cd4_cm,cd4_cm,cd4_cm,cd4_cm,True,True,both_correct,central_memory,0.63922465,1.0
TCCGTGTTCAAGCTGT-0.HTO7.cd8_emra,cd8_emra,cd8_emra,cd8_emra,True,True,both_correct,other,0.8229356,1.0
TCCGTGTTCTCTTCAA-0.HTO6.cd8_em,cd8_em,cd8_em,cd8_em,True,True,both_correct,other,0.8326217,1.0
TCCTAATAGCTGAAAT-0.HTO3.cd4_em,cd4_em,cd4_em,cd4_em,True,True,both_correct,other,0.9840859,1.0
TCCTAATCAGGTTCAT-1.HTO8.monocyte,monocyte,monocyte,monocyte,True,True,both_correct,other,8.5239094e-07,1.0
TCCTAATGTGTGATGG-0.HTO8.monocyte,monocyte,monocyte,monocyte,True,True,both_correct,other,2.6750695e-06,1.0
TCCTCCCGTCACATTG-0.HTO6.cd8_em,cd8_em,cd8_em,cd8_em,True,True,both_correct,other,0.8234457,1.0
TCCTCGAAGCCAACCC-1.HTO1.cd4_n,cd4_n,cd4_cm,cd4_n,False,True,mmochi_only_correct,other,0.58770335,1.0
TCCTCGATCATCTCTA-1.HTO5.cd8_cm,cd8_cm,cd8_n,cd8_cm,False,True,mmochi_only_correct,central_memory,0.7314498,1.0
TCCTCGATCTCCGCAT-1.HTO3.cd4_em,cd4_em,cd4_em,cd4_em,True,True,both_correct,other,0.9884736,1.0
TCCTCTTAGGATCACG-0.HTO8.monocyte,monocyte,monocyte,monocyte,True,True,both_correct,other,9.286668e-07,1.0
TCCTCTTAGGTGGGTT-1.HTO8.monocyte,monocyte,monocyte,monocyte,True,True,both_correct,other,3.5883022e-05,1.0
TCCTCTTCAAGAGAGA-0.HTO8.monocyte,monocyte,monocyte,monocyte,True,True,both_correct,other,1.45965705e-05,1.0
TCCTCTTGTTGCAACT-0.HTO6.cd8_em,cd8_em,cd8_em,cd8_emra,True,False,mosaic_only_correct,other,0.68989784,0.8085106382978724
TCCTCTTTCAAGCGTT-1.HTO8.monocyte,monocyte,monocyte,monocyte,True,True,both_correct,other,2.7497863e-06,1.0
TCCTGCAGTACAAGTA-1.HTO4.cd8_n,cd8_n,cd8_n,cd8_n,True,True,both_correct,other,0.7524604,1.0
TCCTGCAGTCCAGCGT-1.HTO4.cd8_n,cd8_n,cd8_n,cd8_n,True,True,both_correct,other,0.77798325,1.0
TCCTGCAGTTCGGCGT-1.HTO5.cd8_cm,cd8_cm,cd8_cm,cd8_cm,True,True,both_correct,central_memory,0.8412459,1.0
TCCTTCTTCTCCTGCA-1.HTO8.monocyte,monocyte,monocyte,monocyte,True,True,both_correct,other,5.0853373e-06,1.0
TCCTTTCGTATGCGGA-0.HTO5.cd8_cm,cd8_cm,cd8_cm,cd8_cm,True,True,both_correct,central_memory,0.78448904,1.0
TCCTTTCTCGGTCGGT-0.HTO4.cd8_n,cd8_n,cd8_n,cd8_n,True,True,both_correct,other,0.69883984,1.0
TCGAACAAGAGTTGCG-0.HTO8.monocyte,monocyte,monocyte,monocyte,True,True,both_correct,other,6.0897364e-06,1.0
TCGAACAAGTAGTCCT-0.HTO7.cd8_emra,cd8_emra,cd8_emra,cd8_emra,True,True,both_correct,other,0.78170854,1.0
TCGAACACATATCTCT-1.HTO5.cd8_cm,cd8_cm,cd8_cm,cd8_cm,True,True,both_correct,central_memory,0.85902894,1.0
TCGAAGTTCATGGCCG-0.HTO4.cd8_n,cd8_n,cd8_n,cd8_n,True,True,both_correct,other,0.8361872,1.0
TCGACCTCACTGAATC-1.HTO3.cd4_em,cd4_em,cd4_em,cd4_em,True,True,both_correct,other,0.6038941,1.0
TCGACGGCACCGTGCA-1.HTO8.monocyte,monocyte,monocyte,monocyte,True,True,both_correct,other,3.5760144e-07,1.0
TCGACGGGTAGATTAG-1.HTO8.monocyte,monocyte,monocyte,monocyte,True,True,both_correct,other,1.3675334e-06,1.0
TCGACGGGTCAACGCC-1.HTO8.monocyte,monocyte,monocyte,monocyte,True,True,both_correct,other,3.4043596e-06,1.0
TCGACGGGTTGTGGCC-1.HTO8.monocyte,monocyte,monocyte,monocyte,True,True,both_correct,other,4.8610045e-06,1.0
TCGACGGTCTACCACC-1.HTO8.monocyte,monocyte,monocyte,monocyte,True,True,both_correct,other,1.8498787e-07,1.0
TCGATTTAGAACTTCC-1.HTO6.cd8_em,cd8_em,cd8_em,cd8_em,True,True,both_correct,other,0.7896845,1.0
TCGCACTGTCTCTCTG-1.HTO6.cd8_em,cd8_em,cd8_em,cd8_em,True,True,both_correct,other,0.8133821,1.0
TCGCAGGAGGCCTAAG-1.HTO6.cd8_em,cd8_em,cd8_em,cd8_em,True,True,both_correct,other,0.715799,1.0
TCGCAGGCAGATTAAG-0.HTO3.cd4_em,cd4_em,cd4_em,cd8_em,True,False,mosaic_only_correct,other,0.7957384,1.0
TCGCAGGCATCTCCCA-0.HTO6.cd8_em,cd8_em,cd8_em,cd8_emra,True,False,mosaic_only_correct,other,0.75645024,0.7755102040816326
TCGCTCACACATATCG-1.HTO3.cd4_em,cd4_em,cd4_em,cd4_em,True,True,both_correct,other,0.8616898,1.0
TCGCTCACACATGTTG-1.HTO8.monocyte,monocyte,monocyte,monocyte,True,True,both_correct,other,2.8789796e-07,1.0
TCGCTCACACCCTATC-1.HTO5.cd8_cm,cd8_cm,cd8_cm,cd8_cm,True,True,both_correct,central_memory,0.7945991,1.0
TCGCTCAGTAGACAGC-1.HTO1.cd4_n,cd4_n,cd4_n,cd4_n,True,True,both_correct,other,0.4349993,1.0
TCGCTCAGTAGCGCCT-1.HTO5.cd8_cm,cd8_cm,cd8_cm,cd8_cm,True,True,both_correct,central_memory,0.86536413,1.0
TCGCTCATCGCGTTTC-0.HTO1.cd4_n,cd4_n,cd4_n,cd4_n,True,True,both_correct,other,0.5813378,1.0
TCGCTTGTCAAGGACG-1.HTO8.monocyte,monocyte,monocyte,monocyte,True,True,both_correct,other,5.773528e-06,1.0
TCGGATATCACCTCGT-0.HTO7.cd8_emra,cd8_emra,cd8_emra,cd8_emra,True,True,both_correct,other,0.69552624,0.7307692307692307
TCGGGACAGACATATG-0.HTO3.cd4_em,cd4_em,cd4_em,cd4_em,True,True,both_correct,other,0.876203,1.0
TCGGGACCACGGAAGT-1.HTO6.cd8_em,cd8_em,cd8_em,cd8_em,True,True,both_correct,other,0.75424737,1.0
TCGGGCACAGCGGTCT-1.HTO6.cd8_em,cd8_em,cd8_em,cd8_em,True,True,both_correct,other,0.88038516,1.0
TCGGTCTGTACACGTT-1.HTO8.monocyte,monocyte,monocyte,monocyte,True,True,both_correct,other,2.5163797e-06,1.0
TCGGTCTTCATCCTAT-1.HTO3.cd4_em,cd4_em,cd4_em,cd4_cm,True,False,mosaic_only_correct,other,0.9916332,1.0
TCGTAGACAACGGCCT-0.HTO8.monocyte,monocyte,monocyte,monocyte,True,True,both_correct,other,5.3101885e-06,1.0
TCGTAGACATTCCTCG-0.HTO8.monocyte,monocyte,monocyte,monocyte,True,True,both_correct,other,3.0900162e-06,1.0
TCGTAGAGTATTTCCT-1.HTO7.cd8_emra,cd8_emra,cd8_emra,cd8_emra,True,True,both_correct,other,0.8885375,1.0
TCGTAGAGTTTGGGTT-1.HTO8.monocyte,monocyte,monocyte,monocyte,True,True,both_correct,other,5.5703527e-08,1.0
TCGTCCAAGAATTGTG-0.HTO5.cd8_cm,cd8_cm,cd8_cm,cd8_cm,True,True,both_correct,central_memory,0.8460732,1.0
TCGTCCACACAGTATC-1.HTO8.monocyte,monocyte,monocyte,monocyte,True,True,both_correct,other,3.0223162e-06,1.0
TCGTGCTCACAGTCAT-1.HTO7.cd8_emra,cd8_emra,cd8_emra,cd8_emra,True,True,both_correct,other,0.87072986,1.0
TCGTGGGAGTGGCAGT-0.HTO7.cd8_emra,cd8_emra,cd8_emra,cd8_emra,True,True,both_correct,other,0.8355253,1.0
TCGTGGGGTACGGATG-0.HTO1.cd4_n,cd4_n,cd4_n,cd4_n,True,True,both_correct,other,0.5131899,1.0
TCGTGGGGTTGCTCCT-0.HTO6.cd8_em,cd8_em,cd8_em,cd8_emra,True,False,mosaic_only_correct,other,0.6038854,0.9047619047619048
TCGTGGGTCTGAGAAA-1.HTO3.cd4_em,cd4_em,cd4_em,cd4_em,True,True,both_correct,other,0.88423055,1.0
TCTAACTTCAGTCAGT-1.HTO7.cd8_emra,cd8_emra,cd8_emra,cd8_emra,True,True,both_correct,other,0.9090174,1.0
TCTACATGTGCTCTTC-1.HTO1.cd4_n,cd4_n,cd4_cm,cd4_n,False,True,mmochi_only_correct,other,0.4232229,1.0
TCTACATTCGGCTGAC-0.HTO6.cd8_em,cd8_em,cd8_em,cd8_em,True,True,both_correct,other,0.8898434,1.0
TCTACCGTCTAGTACG-1.HTO6.cd8_em,cd8_em,cd8_em,cd8_em,True,True,both_correct,other,0.836168,1.0
TCTATACCAGCAGTGA-1.HTO5.cd8_cm,cd8_cm,cd8_cm,cd8_n,True,False,mosaic_only_correct,central_memory,0.79760563,0.7142857142857143
TCTATACGTCAGTTTG-1.HTO6.cd8_em,cd8_em,cd8_em,cd8_em,True,True,both_correct,other,0.839205,1.0
TCTATACGTTATGTCG-1.HTO6.cd8_em,cd8_em,cd8_em,cd8_em,True,True,both_correct,other,0.8639405,1.0
TCTATCACAATGAGCG-0.HTO5.cd8_cm,cd8_cm,cd8_cm,cd8_cm,True,True,both_correct,central_memory,0.722347,1.0
TCTATCAGTACGACTT-0.HTO5.cd8_cm,cd8_cm,cd8_cm,cd8_cm,True,True,both_correct,central_memory,0.83250356,1.0
TCTATCATCAACTACG-1.HTO6.cd8_em,cd8_em,cd8_em,cd8_em,True,True,both_correct,other,0.7299814,1.0
TCTCACGCAGAGGTTG-1.HTO3.cd4_em,cd4_em,cd4_em,cd4_em,True,True,both_correct,other,0.9653067,1.0
TCTCACGTCACGACTA-0.HTO6.cd8_em,cd8_em,cd8_em,cd8_em,True,True,both_correct,other,0.80384374,1.0
TCTCACGTCCGAGGCT-1.HTO1.cd4_n,cd4_n,cd4_n,cd4_n,True,True,both_correct,other,0.41966084,1.0
TCTCAGCAGGTGGTTG-1.HTO6.cd8_em,cd8_em,cd8_em,cd8_em,True,True,both_correct,other,0.7173771,1.0
TCTCAGCGTTCATCGA-1.HTO4.cd8_n,cd8_n,cd8_n,cd8_n,True,True,both_correct,other,0.870912,1.0
TCTCCGACAAGCAGGT-0.HTO4.cd8_n,cd8_n,cd8_n,cd8_n,True,True,both_correct,other,0.99998844,1.0
TCTCCGACACATGAAA-1.HTO5.cd8_cm,cd8_cm,cd8_em,cd8_em,False,False,both_incorrect,central_memory,0.78574884,1.0
TCTCCGACAGTCGAGA-1.HTO6.cd8_em,cd8_em,cd8_em,cd8_em,True,True,both_correct,other,0.919042,1.0
TCTCCGATCCCGAACG-0.HTO3.cd4_em,cd4_em,cd4_em,cd4_em,True,True,both_correct,other,0.95078254,1.0
TCTCTGGTCGAGAACG-1.HTO8.monocyte,monocyte,monocyte,monocyte,True,True,both_correct,other,7.969122e-07,1.0
TCTGCCAGTACGATGG-1.HTO3.cd4_em,cd4_em,cd4_em,cd4_em,True,True,both_correct,other,0.8174805,1.0
TCTGCCATCGCCAGAC-0.HTO3.cd4_em,cd4_em,cd4_em,cd4_em,True,True,both_correct,other,0.91683525,1.0
TCTGGCTAGAGAGTTT-1.HTO4.cd8_n,cd8_n,cd8_n,cd8_n,True,True,both_correct,other,0.6442519,1.0
TCTGGCTAGTCCCTAA-1.HTO3.cd4_em,cd4_em,cd4_em,cd4_em,True,True,both_correct,other,0.9245438,1.0
TCTGGCTGTTAGAAGT-0.HTO6.cd8_em,cd8_em,cd8_em,cd8_em,True,True,both_correct,other,0.7345316,1.0
TCTGTCGGTTAAGAAC-0.HTO4.cd8_n,cd8_n,cd8_n,cd8_n,True,True,both_correct,other,0.794298,1.0
TCTTAGTAGGGTTAAT-0.HTO3.cd4_em,cd4_em,cd4_em,cd4_em,True,True,both_correct,other,0.9999957,1.0
TCTTAGTAGGTTCCGC-1.HTO6.cd8_em,cd8_em,cd8_em,cd8_em,True,True,both_correct,other,0.73594934,1.0
TCTTAGTGTTTCTATC-0.HTO3.cd4_em,cd4_em,cd4_em,cd4_em,True,True,both_correct,other,0.6406272,1.0
TCTTCCTTCATGCCGG-1.HTO3.cd4_em,cd4_em,cd4_em,cd8_em,True,False,mosaic_only_correct,other,0.9726113,1.0
TCTTGCGGTACTCAAC-1.HTO5.cd8_cm,cd8_cm,cd8_cm,cd8_cm,True,True,both_correct,central_memory,0.8337696,1.0
TCTTGCGGTGGTCTCG-1.HTO8.monocyte,monocyte,monocyte,monocyte,True,True,both_correct,other,4.3774667e-06,1.0
TCTTTGAAGTCACAGG-1.HTO6.cd8_em,cd8_em,cd8_emra,cd8_em,False,True,mmochi_only_correct,other,0.7600721,1.0
TCTTTGAGTATTCCTT-1.HTO3.cd4_em,cd4_em,cd4_cm,cd4_em,False,True,mmochi_only_correct,other,0.60524076,1.0
TCTTTGATCCCTCAAC-1.HTO6.cd8_em,cd8_em,cd8_em,cd8_em,True,True,both_correct,other,0.73575896,1.0
TCTTTGATCTCAACGA-1.HTO3.cd4_em,cd4_em,cd4_em,cd4_em,True,True,both_correct,other,0.9877935,1.0
TGAACGTAGTCACTGT-1.HTO5.cd8_cm,cd8_cm,cd8_cm,cd8_cm,True,True,both_correct,central_memory,0.8392549,1.0
TGAACGTCAGCTGAGA-1.HTO2.cd4_cm,cd4_cm,cd4_cm,cd4_n,True,False,mosaic_only_correct,central_memory,0.47418576,1.0
TGAACGTGTCCAAGAG-1.HTO4.cd8_n,cd8_n,cd8_n,cd8_n,True,True,both_correct,other,0.8307724,1.0
TGAACGTTCGTTGTGA-1.HTO6.cd8_em,cd8_em,cd8_em,cd8_em,True,True,both_correct,other,0.76544344,1.0
TGAATCGAGATCACTC-1.HTO6.cd8_em,cd8_em,cd8_cm,cd8_em,False,True,mmochi_only_correct,other,0.8748186,1.0
TGAATCGAGTCTTGGT-1.HTO8.monocyte,monocyte,monocyte,monocyte,True,True,both_correct,other,9.360144e-06,1.0
TGAATCGCATCGAGCC-1.HTO4.cd8_n,cd8_n,cd8_n,cd8_n,True,True,both_correct,other,0.7838351,1.0
TGAATGCCATCATTTC-0.HTO7.cd8_emra,cd8_emra,cd8_emra,cd8_emra,True,True,both_correct,other,0.8362705,0.8085106382978724
TGACAGTAGACCCTTA-0.HTO4.cd8_n,cd8_n,cd8_n,cd8_n,True,True,both_correct,other,0.79993594,1.0
TGACAGTAGCCTCAAT-0.HTO4.cd8_n,cd8_n,cd8_n,cd8_n,True,True,both_correct,other,0.6310321,1.0
TGACCCTAGAACAAGG-1.HTO2.cd4_cm,cd4_cm,cd4_cm,cd4_cm,True,True,both_correct,central_memory,0.6131124,1.0
TGACGCGGTCGCAACC-0.HTO6.cd8_em,cd8_em,cd8_em,cd8_em,True,True,both_correct,other,0.6736644,1.0
TGACGCGGTTTGGAGG-1.HTO3.cd4_em,cd4_em,cd4_em,cd4_em,True,True,both_correct,other,0.88501203,1.0
TGACGCGTCAGCTAGT-0.HTO1.cd4_n,cd4_n,cd4_n,cd4_n,True,True,both_correct,other,0.99996626,1.0
TGACGCGTCCTAACAG-1.HTO8.monocyte,monocyte,monocyte,monocyte,True,True,both_correct,other,4.143034e-08,1.0
TGACTCCCAAACCGGA-1.HTO6.cd8_em,cd8_em,cd8_em,cd8_em,True,True,both_correct,other,0.6896489,1.0
TGACTCCTCATTTGTC-0.HTO8.monocyte,monocyte,monocyte,monocyte,True,True,both_correct,other,6.526067e-07,1.0
TGAGACTAGAGTGACC-1.HTO4.cd8_n,cd8_n,cd8_n,cd8_n,True,True,both_correct,other,0.9319884,1.0
TGAGCATGTGCAACGA-0.HTO5.cd8_cm,cd8_cm,cd8_cm,cd8_em,True,False,mosaic_only_correct,central_memory,0.7805025,1.0
TGAGCATTCCAGCTCT-1.HTO2.cd4_cm,cd4_cm,cd4_cm,cd4_cm,True,True,both_correct,central_memory,0.7108435,1.0
TGAGCGCAGTGCGTCC-1.HTO6.cd8_em,cd8_em,cd8_em,cd8_em,True,True,both_correct,other,0.8722619,1.0
TGAGCGCTCCTCACCA-0.HTO1.cd4_n,cd4_n,cd4_n,cd4_n,True,True,both_correct,other,0.46077976,1.0
TGAGGGAAGAATAGTC-1.HTO2.cd4_cm,cd4_cm,cd4_cm,cd4_cm,True,True,both_correct,central_memory,0.63856566,1.0
TGAGGGACACCGAATT-0.HTO6.cd8_em,cd8_em,cd8_em,cd8_em,True,True,both_correct,other,0.864668,1.0
TGAGGGACAGACGATG-1.HTO2.cd4_cm,cd4_cm,cd4_cm,cd4_cm,True,True,both_correct,central_memory,0.63670707,1.0
TGAGGGACAGCAGTAG-0.HTO7.cd8_emra,cd8_emra,cd8_emra,cd8_emra,True,True,both_correct,other,0.7040123,1.0
TGAGGGATCCCATAAG-1.HTO3.cd4_em,cd4_em,cd4_cm,cd4_cm,False,False,both_incorrect,other,0.71785694,1.0
TGAGGGATCCTGTTAT-0.HTO3.cd4_em,cd4_em,cd4_em,cd4_em,True,True,both_correct,other,0.99205244,1.0
TGAGTCAAGCATTGTC-0.HTO3.cd4_em,cd4_em,cd4_em,cd4_em,True,True,both_correct,other,0.98266673,1.0
TGAGTCAGTTCGGTTA-0.HTO5.cd8_cm,cd8_cm,cd8_cm,cd8_cm,True,True,both_correct,central_memory,0.8064545,1.0
TGATCAGCATCGGAAG-1.HTO1.cd4_n,cd4_n,cd4_cm,cd4_n,False,True,mmochi_only_correct,other,0.5640551,1.0
TGATCTTCAGACCCGT-1.HTO6.cd8_em,cd8_em,cd8_em,cd8_em,True,True,both_correct,other,0.7349264,1.0
TGATCTTTCGGCTGTG-1.HTO7.cd8_emra,cd8_emra,cd8_emra,cd8_emra,True,True,both_correct,other,0.7527313,0.9259811885791728
TGATGCAAGGTCTGGA-1.HTO3.cd4_em,cd4_em,cd4_em,cd4_em,True,True,both_correct,other,0.98216194,1.0
TGATGCACACGGAAGT-1.HTO7.cd8_emra,cd8_emra,cd8_emra,cd8_emra,True,True,both_correct,other,0.81016076,1.0
TGATGCATCTTTGATC-1.HTO2.cd4_cm,cd4_cm,cd4_cm,cd4_cm,True,True,both_correct,central_memory,0.55084443,1.0
TGATGGTAGCATGAAT-1.HTO6.cd8_em,cd8_em,cd8_em,cd8_em,True,True,both_correct,other,0.90051067,1.0
TGATGGTCAGACCTAT-1.HTO8.monocyte,monocyte,monocyte,monocyte,True,True,both_correct,other,1.318555e-05,1.0
TGATGGTCAGCATGCC-0.HTO8.monocyte,monocyte,monocyte,monocyte,True,True,both_correct,other,3.4291622e-07,1.0
TGATGGTCAGTCAACT-0.HTO3.cd4_em,cd4_em,cd4_em,cd4_em,True,True,both_correct,other,0.90943515,1.0
TGATGGTTCAGGTAAA-0.HTO1.cd4_n,cd4_n,cd4_n,cd4_n,True,True,both_correct,other,0.5526386,1.0
TGATTCTAGATTGGGC-0.HTO5.cd8_cm,cd8_cm,cd8_cm,cd8_cm,True,True,both_correct,central_memory,0.88127303,1.0
TGATTCTGTTGGGACA-0.HTO3.cd4_em,cd4_em,cd4_em,cd4_em,True,True,both_correct,other,0.8911678,1.0
TGATTCTTCCTGGGTG-0.HTO6.cd8_em,cd8_em,cd8_em,cd8_em,True,True,both_correct,other,0.78649795,1.0
TGATTTCGTATGACAA-1.HTO3.cd4_em,cd4_em,cd4_em,cd4_em,True,True,both_correct,other,0.9368987,1.0
TGATTTCTCCTGGGAC-1.HTO7.cd8_emra,cd8_emra,cd8_emra,cd8_emra,True,True,both_correct,other,0.7807023,1.0
TGCACGGCAGGTCCCA-1.HTO1.cd4_n,cd4_n,cd4_n,cd4_n,True,True,both_correct,other,0.53869325,1.0
TGCAGATGTCCAAATC-0.HTO1.cd4_n,cd4_n,cd4_n,cd4_n,True,True,both_correct,other,0.460953,1.0
TGCAGATTCATCACAG-1.HTO2.cd4_cm,cd4_cm,cd4_cm,cd4_cm,True,True,both_correct,central_memory,0.45732328,1.0
TGCAGGCTCCGAACGC-1.HTO3.cd4_em,cd4_em,cd4_em,cd4_em,True,True,both_correct,other,0.75718814,1.0
TGCAGGCTCCTTGAAG-1.HTO5.cd8_cm,cd8_cm,cd8_n,cd8_cm,False,True,mmochi_only_correct,central_memory,0.7970036,1.0
TGCAGTACACACGGAA-1.HTO8.monocyte,monocyte,monocyte,monocyte,True,True,both_correct,other,1.3305551e-05,1.0
TGCAGTAGTTTGCCGG-1.HTO7.cd8_emra,cd8_emra,cd8_emra,cd8_emra,True,True,both_correct,other,0.8696916,1.0
TGCATCCTCGCAGATT-1.HTO1.cd4_n,cd4_n,cd4_n,cd4_n,True,True,both_correct,other,0.46623343,1.0
TGCGACGTCTCCCATG-1.HTO4.cd8_n,cd8_n,cd8_n,cd8_n,True,True,both_correct,other,0.7095074,1.0
TGCGATAAGCAACCAG-1.HTO5.cd8_cm,cd8_cm,cd8_cm,cd8_cm,True,True,both_correct,central_memory,0.8626143,1.0
TGCGATAGTGGTAATA-1.HTO1.cd4_n,cd4_n,cd4_n,cd4_n,True,True,both_correct,other,0.43839407,1.0
TGCGGCACAGCTCATA-1.HTO4.cd8_n,cd8_n,cd8_n,cd8_n,True,True,both_correct,other,0.78247005,1.0
TGCGGCAGTCACGACC-0.HTO6.cd8_em,cd8_em,cd8_em,cd8_em,True,True,both_correct,other,0.82267296,1.0
TGCGGCAGTCAGCGTC-0.HTO8.monocyte,monocyte,monocyte,monocyte,True,True,both_correct,other,4.1275915e-05,1.0
TGCGGCATCTGAGAAA-0.HTO2.cd4_cm,cd4_cm,cd4_n,cd4_n,False,False,both_incorrect,central_memory,0.3811934,1.0
TGCGGCATCTGCACCT-0.HTO6.cd8_em,cd8_em,cd8_em,cd8_em,True,True,both_correct,other,0.7110949,1.0
TGCGGGTAGCGATGGT-1.HTO6.cd8_em,cd8_em,cd8_em,cd8_emra,True,False,mosaic_only_correct,other,0.74718344,0.8837209302325582
TGCGGGTCAGTGGTGA-1.HTO1.cd4_n,cd4_n,cd4_n,cd4_n,True,True,both_correct,other,0.50119245,1.0
TGCGGGTGTACTCAAC-1.HTO8.monocyte,monocyte,monocyte,monocyte,True,True,both_correct,other,4.3615552e-07,1.0
TGCGGGTTCTGGAAGG-1.HTO1.cd4_n,cd4_n,cd4_n,cd4_n,True,True,both_correct,other,0.5281526,1.0
TGCTCCAAGCATTGAA-1.HTO3.cd4_em,cd4_em,cd4_em,cd4_em,True,True,both_correct,other,0.8643233,1.0
TGCTCCAAGGGTACAC-1.HTO7.cd8_emra,cd8_emra,cd8_emra,cd8_emra,True,True,both_correct,other,0.8301237,1.0
TGCTCCAAGTCTCTGA-0.HTO5.cd8_cm,cd8_cm,cd8_cm,cd8_em,True,False,mosaic_only_correct,central_memory,0.99999166,0.9616113181622286
TGCTCCACATTGTAGC-1.HTO1.cd4_n,cd4_n,cd4_n,cd4_n,True,True,both_correct,other,0.48279265,1.0
TGCTCGTAGCTCTTCC-1.HTO1.cd4_n,cd4_n,cd4_n,cd4_n,True,True,both_correct,other,0.39791453,1.0
TGCTCGTCAGTTCCAA-1.HTO8.monocyte,monocyte,monocyte,monocyte,True,True,both_correct,other,6.036849e-05,1.0
TGCTGAAAGTATCTGC-0.HTO8.monocyte,monocyte,monocyte,monocyte,True,True,both_correct,other,1.4231193e-06,1.0
TGCTGAACATGCTGCG-0.HTO4.cd8_n,cd8_n,cd8_n,cd8_n,True,True,both_correct,other,0.8174202,1.0
TGCTGAAGTACCGGAA-0.HTO4.cd8_n,cd8_n,cd8_n,cd8_n,True,True,both_correct,other,0.6290543,1.0
TGCTTCGCAGGCTATT-0.HTO7.cd8_emra,cd8_emra,cd8_emra,cd8_emra,True,True,both_correct,other,0.8168774,1.0
TGCTTGCCAACCTATG-0.HTO3.cd4_em,cd4_em,cd4_em,cd4_em,True,True,both_correct,other,0.98095256,1.0
TGGAACTAGAAGGCTC-1.HTO3.cd4_em,cd4_em,cd4_em,cd4_em,True,True,both_correct,other,0.97247916,1.0
TGGAACTCATACCGTA-0.HTO3.cd4_em,cd4_em,cd4_em,cd4_em,True,True,both_correct,other,0.9787689,1.0
TGGAACTTCCAAGCCG-1.HTO4.cd8_n,cd8_n,cd8_n,cd8_n,True,True,both_correct,other,0.7022594,1.0
TGGAGAGCAATGTTGC-0.HTO4.cd8_n,cd8_n,cd8_n,cd8_n,True,True,both_correct,other,0.73414725,1.0
TGGAGAGGTCCACATA-1.HTO8.monocyte,monocyte,monocyte,monocyte,True,True,both_correct,other,1.4849755e-06,1.0
TGGAGAGTCACTTGTT-1.HTO1.cd4_n,cd4_n,cd4_n,cd4_n,True,True,both_correct,other,0.4205622,1.0
TGGAGGACAACGCATT-1.HTO7.cd8_emra,cd8_emra,cd8_em,cd8_emra,False,True,mmochi_only_correct,other,0.8146486,1.0
TGGATCAAGTGGTTGG-1.HTO1.cd4_n,cd4_n,cd4_n,cd4_n,True,True,both_correct,other,0.47484845,1.0
TGGATCAGTATTCCTT-1.HTO6.cd8_em,cd8_em,cd8_em,cd8_em,True,True,both_correct,other,0.8115832,1.0
TGGATCAGTTGACTGT-1.HTO3.cd4_em,cd4_em,cd4_em,cd4_em,True,True,both_correct,other,0.96486837,1.0
TGGATCATCTGATTCT-1.HTO5.cd8_cm,cd8_cm,cd8_cm,cd8_cm,True,True,both_correct,central_memory,0.77475846,1.0
TGGATGTAGAGCCGTA-1.HTO3.cd4_em,cd4_em,cd4_em,cd4_em,True,True,both_correct,other,0.97358656,1.0
TGGATGTAGTCAGGGT-1.HTO8.monocyte,monocyte,monocyte,monocyte,True,True,both_correct,other,1.2010359e-05,1.0
TGGCGTGAGTGAGGCT-0.HTO1.cd4_n,cd4_n,cd4_n,cd4_n,True,True,both_correct,other,0.45114946,1.0
TGGGAAGAGCATTTCG-1.HTO2.cd4_cm,cd4_cm,cd4_cm,cd4_n,True,False,mosaic_only_correct,central_memory,0.43619648,1.0
TGGGAAGGTTGCGTAT-0.HTO4.cd8_n,cd8_n,cd8_n,cd8_n,True,True,both_correct,other,0.7809562,1.0
TGGGAAGTCCGTAGGC-1.HTO6.cd8_em,cd8_em,cd8_cm,cd8_em,False,True,mmochi_only_correct,other,0.78531116,1.0
TGGGAGAAGGTAGTCG-1.HTO1.cd4_n,cd4_n,cd4_cm,cd4_n,False,True,mmochi_only_correct,other,0.51802367,1.0
TGGGAGAGTACCCGCA-1.HTO2.cd4_cm,cd4_cm,cd4_cm,cd4_cm,True,True,both_correct,central_memory,0.5500105,1.0
TGGGATTGTAGTGGCA-1.HTO5.cd8_cm,cd8_cm,cd8_cm,cd8_cm,True,True,both_correct,central_memory,0.75577503,1.0
TGGGATTTCCTCAGGG-0.HTO4.cd8_n,cd8_n,cd8_n,cd8_n,True,True,both_correct,other,0.7317591,1.0
TGGGCGTTCGCATGAT-1.HTO8.monocyte,monocyte,monocyte,monocyte,True,True,both_correct,other,5.7030917e-07,1.0
TGGGCTGAGAAGCTCG-1.HTO7.cd8_emra,cd8_emra,cd8_emra,cd8_emra,True,True,both_correct,other,0.8935772,1.0
TGGGCTGGTTTCGCTC-1.HTO2.cd4_cm,cd4_cm,cd4_cm,cd4_cm,True,True,both_correct,central_memory,0.53517514,1.0
TGGGTTAGTGCCCGTA-1.HTO4.cd8_n,cd8_n,cd8_n,cd8_n,True,True,both_correct,other,0.6717265,1.0
TGGTACATCAAGGACG-1.HTO1.cd4_n,cd4_n,cd4_cm,cd4_n,False,True,mmochi_only_correct,other,0.56927866,1.0
TGGTACATCGAGAACG-1.HTO2.cd4_cm,cd4_cm,cd4_em,cd8_em,False,False,both_incorrect,central_memory,0.8341414,1.0
TGGTAGTAGGATGAGA-1.HTO1.cd4_n,cd4_n,cd4_n,cd4_n,True,True,both_correct,other,0.49933136,1.0
TGGTAGTAGGCCTGCT-0.HTO5.cd8_cm,cd8_cm,cd8_cm,cd8_cm,True,True,both_correct,central_memory,0.76646596,1.0
TGGTGATAGGGATCAC-1.HTO8.monocyte,monocyte,monocyte,monocyte,True,True,both_correct,other,3.7318424e-07,1.0
TGGTGATCAAGAGTGC-1.HTO8.monocyte,monocyte,monocyte,monocyte,True,True,both_correct,other,2.8335066e-05,1.0
TGGTGATGTTAGAAAC-1.HTO8.monocyte,monocyte,monocyte,monocyte,True,True,both_correct,other,8.6038324e-07,1.0
TGGTGATGTTCCTAGA-1.HTO1.cd4_n,cd4_n,cd4_n,cd4_n,True,True,both_correct,other,0.38779208,1.0
TGGTTAGAGAGCATCG-1.HTO2.cd4_cm,cd4_cm,cd4_em,cd4_cm,False,True,mmochi_only_correct,central_memory,0.70737094,1.0
TGGTTAGCACTTGAGT-0.HTO6.cd8_em,cd8_em,cd8_em,cd8_em,True,True,both_correct,other,0.74060214,1.0
TGGTTAGTCGCTGCGA-1.HTO4.cd8_n,cd8_n,cd8_n,cd8_n,True,True,both_correct,other,0.90156734,1.0
TGGTTAGTCTCCTGCA-0.HTO2.cd4_cm,cd4_cm,cd4_cm,cd4_cm,True,True,both_correct,central_memory,0.7628269,1.0
TGTAACGGTGGACTGA-0.HTO7.cd8_emra,cd8_emra,cd8_emra,cd8_emra,True,True,both_correct,other,0.8249542,1.0
TGTAAGCAGGTCGTGA-1.HTO1.cd4_n,cd4_n,cd4_n,cd4_n,True,True,both_correct,other,0.33923596,1.0
TGTAAGCGTGCCTAAT-1.HTO3.cd4_em,cd4_em,cd4_em,cd4_em,True,True,both_correct,other,0.9675195,1.0
TGTAAGCGTGGAATGC-1.HTO6.cd8_em,cd8_em,cd8_em,cd8_em,True,True,both_correct,other,0.7109982,1.0
TGTACAGAGGCAGTCA-1.HTO3.cd4_em,cd4_em,cd4_em,cd4_cm,True,False,mosaic_only_correct,other,0.8594039,1.0
TGTACAGAGGTCACAG-1.HTO6.cd8_em,cd8_em,cd8_em,cd8_em,True,True,both_correct,other,0.77327114,1.0
TGTAGACAGCTGGAGT-0.HTO8.monocyte,monocyte,cd4_cm,cd4_n,False,False,both_incorrect,other,0.49621937,1.0
TGTAGACGTCTCTCAC-1.HTO4.cd8_n,cd8_n,cd8_n,cd8_n,True,True,both_correct,other,0.73762536,1.0
TGTCAGAAGCTCATAC-1.HTO7.cd8_emra,cd8_emra,cd8_em,cd8_emra,False,True,mmochi_only_correct,other,0.85682464,1.0
TGTCCACGTGGCCACT-0.HTO3.cd4_em,cd4_em,cd4_em,cd4_em,True,True,both_correct,other,0.9887115,1.0
TGTCCACGTTAGAAGT-1.HTO6.cd8_em,cd8_em,cd8_em,cd8_em,True,True,both_correct,other,0.7721818,1.0
TGTCCACTCGCTTGCT-0.HTO6.cd8_em,cd8_em,cd8_em,cd8_em,True,True,both_correct,other,0.7728467,1.0
TGTCCTGAGGACGCTA-1.HTO4.cd8_n,cd8_n,cd8_n,cd8_n,True,True,both_correct,other,0.56751746,1.0
TGTCCTGGTGCTCGTG-1.HTO8.monocyte,monocyte,monocyte,monocyte,True,True,both_correct,other,1.9504703e-06,1.0
TGTCCTGGTTATCCAG-1.HTO2.cd4_cm,cd4_cm,cd4_cm,cd4_cm,True,True,both_correct,central_memory,0.6523694,1.0
TGTGAGTAGCGTGTCC-1.HTO8.monocyte,monocyte,monocyte,monocyte,True,True,both_correct,other,2.490295e-07,1.0
TGTGAGTAGTATAACG-1.HTO2.cd4_cm,cd4_cm,cd4_cm,cd4_cm,True,True,both_correct,central_memory,0.51044863,1.0
TGTGAGTGTCGCCTAG-1.HTO6.cd8_em,cd8_em,cd8_em,cd8_cm,True,False,mosaic_only_correct,other,0.68825775,0.25
TGTGAGTGTGTTGATC-1.HTO6.cd8_em,cd8_em,cd8_em,cd8_em,True,True,both_correct,other,0.87908185,1.0
TGTGATGAGAGGCGTT-1.HTO1.cd4_n,cd4_n,cd4_n,cd4_n,True,True,both_correct,other,0.4537812,1.0
TGTGATGAGGAATCGC-1.HTO4.cd8_n,cd8_n,cd8_n,cd8_n,True,True,both_correct,other,0.7359994,1.0
TGTGCGGAGTGGACGT-0.HTO6.cd8_em,cd8_em,cd8_em,cd8_em,True,True,both_correct,other,0.80607074,1.0
TGTGCGGCACAAATCC-0.HTO8.monocyte,monocyte,monocyte,monocyte,True,True,both_correct,other,8.8498814e-07,1.0
TGTGCGGGTCTCGACG-1.HTO6.cd8_em,cd8_em,cd8_em,cd8_em,True,True,both_correct,other,0.81175154,1.0
TGTGCGGTCTGAGCAT-1.HTO3.cd4_em,cd4_em,cd4_em,cd4_em,True,True,both_correct,other,0.59853584,1.0
TGTGGCGTCTATGTGG-0.HTO5.cd8_cm,cd8_cm,cd8_cm,cd8_cm,True,True,both_correct,central_memory,0.88138276,1.0
TGTGTGAAGCCTATCA-0.HTO6.cd8_em,cd8_em,cd8_em,cd8_em,True,True,both_correct,other,0.60763544,1.0
TGTTACTTCACATCAG-1.HTO1.cd4_n,cd4_n,cd4_n,cd4_n,True,True,both_correct,other,0.51997143,1.0
TGTTACTTCCCAACTC-0.HTO5.cd8_cm,cd8_cm,cd8_cm,cd8_cm,True,True,both_correct,central_memory,0.7780871,1.0
TGTTCATCAGTTAAAG-0.HTO5.cd8_cm,cd8_cm,cd8_cm,cd8_cm,True,True,both_correct,central_memory,0.77930754,1.0
TGTTCATTCGCGCCAA-0.HTO6.cd8_em,cd8_em,cd8_em,cd8_em,True,True,both_correct,other,0.82166773,1.0
TGTTCCGGTACCTTCC-0.HTO8.monocyte,monocyte,monocyte,monocyte,True,True,both_correct,other,3.636991e-07,1.0
TGTTCCGGTAGCACGA-1.HTO8.monocyte,monocyte,monocyte,monocyte,True,True,both_correct,other,3.399462e-08,1.0
TGTTCCGTCGCAACAT-1.HTO6.cd8_em,cd8_em,cd8_em,cd8_em,True,True,both_correct,other,0.7862364,1.0
TGTTCTAAGTGTGTTC-0.HTO3.cd4_em,cd4_em,cd4_em,cd4_em,True,True,both_correct,other,0.85450333,1.0
TGTTGAGAGCCTGTCG-1.HTO8.monocyte,monocyte,monocyte,monocyte,True,True,both_correct,other,1.3216103e-06,1.0
TGTTGAGCAAGTCGTT-1.HTO7.cd8_emra,cd8_emra,cd8_cm,cd8_emra,False,True,mmochi_only_correct,other,0.8419904,1.0
TGTTGAGCACAAATAG-0.HTO2.cd4_cm,cd4_cm,cd4_cm,cd4_cm,True,True,both_correct,central_memory,0.7264008,1.0
TGTTGAGCATAGCACT-1.HTO8.monocyte,monocyte,monocyte,monocyte,True,True,both_correct,other,2.3809291e-07,1.0
TGTTGAGTCGTCAAAC-1.HTO6.cd8_em,cd8_em,cd8_em,cd8_em,True,True,both_correct,other,0.91244334,1.0
TGTTGGAAGCTGTACT-1.HTO7.cd8_emra,cd8_emra,cd8_emra,cd8_emra,True,True,both_correct,other,0.8395813,1.0
TTAATCCGTTGAGGAC-0.HTO6.cd8_em,cd8_em,cd8_em,cd8_em,True,True,both_correct,other,0.84968543,1.0
TTACCGCCAATGTCTG-1.HTO4.cd8_n,cd8_n,cd8_n,cd8_n,True,True,both_correct,other,0.70194,1.0
TTACCGCTCTCAAAGC-0.HTO6.cd8_em,cd8_em,cd8_emra,cd8_emra,False,False,both_incorrect,other,0.8585444,1.0
TTACGCCCAGTAGTGG-0.HTO2.cd4_cm,cd4_cm,cd4_cm,cd4_cm,True,True,both_correct,central_memory,0.61663324,1.0
TTACGCCTCCTTGAAG-1.HTO6.cd8_em,cd8_em,cd8_em,cd8_em,True,True,both_correct,other,0.90043944,1.0
TTACGCCTCGTTGTGA-1.HTO3.cd4_em,cd4_em,cd4_em,cd4_em,True,True,both_correct,other,0.9826943,1.0
TTACGTTAGTCTACCA-1.HTO8.monocyte,monocyte,monocyte,monocyte,True,True,both_correct,other,5.4281196e-07,1.0
TTACGTTCAGCACGAA-1.HTO4.cd8_n,cd8_n,cd8_n,cd8_n,True,True,both_correct,other,0.7676475,1.0
TTACGTTGTATCTCGA-1.HTO2.cd4_cm,cd4_cm,cd4_cm,cd4_cm,True,True,both_correct,central_memory,0.7195419,1.0
TTACGTTGTCCGGTGT-1.HTO1.cd4_n,cd4_n,cd4_n,cd4_n,True,True,both_correct,other,0.3318806,1.0
TTACTGTAGGTATAGT-1.HTO3.cd4_em,cd4_em,cd4_em,cd4_em,True,True,both_correct,other,0.9641298,1.0
TTACTGTGTTCATCGA-0.HTO8.monocyte,monocyte,monocyte,monocyte,True,True,both_correct,other,2.1181522e-06,1.0
TTAGGCACAGGCATTT-1.HTO4.cd8_n,cd8_n,cd8_n,cd8_n,True,True,both_correct,other,0.6878,1.0
TTAGGCAGTAGATGTA-1.HTO6.cd8_em,cd8_em,cd8_em,cd8_em,True,True,both_correct,other,0.7573361,1.0
TTAGGCAGTTGCTCGG-0.HTO6.cd8_em,cd8_em,cd8_emra,cd8_em,False,True,mmochi_only_correct,other,0.75177073,1.0
TTAGGCATCGAGTTGT-1.HTO2.cd4_cm,cd4_cm,cd4_cm,cd4_cm,True,True,both_correct,central_memory,0.7218665,1.0
TTAGGGTAGCCTCTGG-1.HTO2.cd4_cm,cd4_cm,cd4_cm,cd4_cm,True,True,both_correct,central_memory,0.6232223,1.0
TTAGGGTGTAATTAGG-1.HTO6.cd8_em,cd8_em,cd8_em,cd8_em,True,True,both_correct,other,0.7614715,1.0
TTAGGGTTCTAGGCCG-1.HTO8.monocyte,monocyte,monocyte,monocyte,True,True,both_correct,other,6.59821e-07,1.0
TTCAATCAGCGTGAGT-0.HTO1.cd4_n,cd4_n,cd4_n,cd4_n,True,True,both_correct,other,0.5695259,1.0
TTCAATCCACCAGCGT-1.HTO2.cd4_cm,cd4_cm,cd4_em,cd4_em,False,False,both_incorrect,central_memory,0.81515205,1.0
TTCAATCTCCCATTCG-0.HTO1.cd4_n,cd4_n,cd4_n,cd4_n,True,True,both_correct,other,0.47697234,1.0
TTCAATCTCGACGACC-1.HTO5.cd8_cm,cd8_cm,cd8_cm,cd8_cm,True,True,both_correct,central_memory,0.93183386,1.0
TTCACCGAGGGCGAGA-0.HTO8.monocyte,monocyte,monocyte,monocyte,True,True,both_correct,other,1.2998528e-07,1.0
TTCACCGGTGGACCAA-1.HTO5.cd8_cm,cd8_cm,cd8_cm,cd8_cm,True,True,both_correct,central_memory,0.7161796,1.0
TTCAGGACAGACCCGT-1.HTO6.cd8_em,cd8_em,cd8_em,cd8_em,True,True,both_correct,other,0.89477175,1.0
TTCAGGACATGTAACC-0.HTO5.cd8_cm,cd8_cm,cd8_cm,cd8_em,True,False,mosaic_only_correct,central_memory,0.789641,0.8928571428571428
TTCATGTAGCGACCCT-0.HTO4.cd8_n,cd8_n,cd8_n,cd8_n,True,True,both_correct,other,0.7321249,1.0
TTCATGTCACATTCTT-1.HTO6.cd8_em,cd8_em,cd8_cm,cd8_em,False,True,mmochi_only_correct,other,0.82057196,1.0
TTCCAATCAGGGCTTC-1.HTO3.cd4_em,cd4_em,cd4_em,cd4_em,True,True,both_correct,other,0.9723246,1.0
TTCCAATCATCCGTTC-0.HTO4.cd8_n,cd8_n,cd8_cm,cd8_n,False,True,mmochi_only_correct,other,0.82201767,1.0
TTCCACGAGTTCCTGA-1.HTO6.cd8_em,cd8_em,cd8_em,cd8_em,True,True,both_correct,other,0.8316167,1.0
TTCCACGCATCGAGCC-1.HTO8.monocyte,monocyte,monocyte,monocyte,True,True,both_correct,other,0.000113451846,1.0
TTCCACGGTATACCCA-0.HTO6.cd8_em,cd8_em,cd8_em,cd8_em,True,True,both_correct,other,0.64596385,1.0
TTCCGGTAGCATCCTA-0.HTO6.cd8_em,cd8_em,cd8_em,cd8_em,True,True,both_correct,other,0.99962544,1.0
TTCCGGTAGCGAGAAA-1.HTO7.cd8_emra,cd8_emra,cd8_em,cd8_emra,False,True,mmochi_only_correct,other,0.7553802,1.0
TTCCGGTAGTAAGACT-1.HTO8.monocyte,monocyte,monocyte,monocyte,True,True,both_correct,other,2.1646762e-05,1.0
TTCCTCTAGGGCAAGG-0.HTO8.monocyte,monocyte,monocyte,monocyte,True,True,both_correct,other,8.291255e-07,1.0
TTCCTTCGTGCGGCTT-1.HTO8.monocyte,monocyte,monocyte,monocyte,True,True,both_correct,other,2.4630128e-07,1.0
TTCGCTGCATGGCTGC-1.HTO3.cd4_em,cd4_em,cd4_em,cd4_em,True,True,both_correct,other,0.9067353,1.0
TTCGGTCAGGTTACAA-1.HTO3.cd4_em,cd4_em,cd4_em,cd4_em,True,True,both_correct,other,0.9208259,1.0
TTCGGTCCATGGCTAT-1.HTO2.cd4_cm,cd4_cm,cd4_cm,cd4_cm,True,True,both_correct,central_memory,0.61368847,1.0
TTCGGTCTCATTTACC-0.HTO8.monocyte,monocyte,monocyte,monocyte,True,True,both_correct,other,2.2087845e-07,1.0
TTCGGTCTCCACGGGT-0.HTO6.cd8_em,cd8_em,cd8_em,cd8_em,True,True,both_correct,other,0.9642673,1.0
TTCTAACAGAGCATTA-1.HTO8.monocyte,monocyte,monocyte,monocyte,True,True,both_correct,other,0.00026145915,1.0
TTCTAACAGATTGATG-0.HTO7.cd8_emra,cd8_emra,cd8_emra,cd8_emra,True,True,both_correct,other,0.6963828,1.0
TTCTAACCAAGAAACT-1.HTO3.cd4_em,cd4_em,cd4_em,cd4_em,True,True,both_correct,other,0.94353515,1.0
TTCTAGTAGGCTGGAT-0.HTO3.cd4_em,cd4_em,cd4_em,cd4_em,True,True,both_correct,other,0.96670324,1.0
TTCTAGTCATGTAACC-1.HTO3.cd4_em,cd4_em,cd4_em,cd4_em,True,True,both_correct,other,0.91770333,1.0
TTCTCTCAGCAACAAT-1.HTO8.monocyte,monocyte,monocyte,monocyte,True,True,both_correct,other,5.1682787e-07,1.0
TTCTCTCAGCGATGCA-1.HTO2.cd4_cm,cd4_cm,cd4_cm,cd4_cm,True,True,both_correct,central_memory,0.65158176,1.0
TTCTCTCAGGGCAGGA-1.HTO8.monocyte,monocyte,monocyte,monocyte,True,True,both_correct,other,9.15943e-07,1.0
TTCTCTCCAACCCTCT-1.HTO4.cd8_n,cd8_n,cd8_n,cd8_n,True,True,both_correct,other,0.7517518,1.0
TTCTCTCTCTAACGCA-1.HTO3.cd4_em,cd4_em,cd4_em,cd4_em,True,True,both_correct,other,0.9699073,1.0
TTCTGTAAGAATCCCT-0.HTO5.cd8_cm,cd8_cm,cd8_cm,cd8_cm,True,True,both_correct,central_memory,0.8692605,1.0
TTCTGTAAGACATCAA-0.HTO2.cd4_cm,cd4_cm,cd4_cm,cd4_cm,True,True,both_correct,central_memory,0.17074403,1.0
TTCTGTAAGCCGCACT-0.HTO6.cd8_em,cd8_em,cd8_em,cd8_em,True,True,both_correct,other,0.6484157,1.0
TTCTGTACATAGCTGT-0.HTO6.cd8_em,cd8_em,cd8_em,cd8_em,True,True,both_correct,other,0.8337292,1.0
TTCTTCCAGCAGCGAT-0.HTO3.cd4_em,cd4_em,cd4_em,cd4_em,True,True,both_correct,other,0.9549183,1.0
TTCTTCCCAAGCGGAT-0.HTO2.cd4_cm,cd4_cm,cd4_cm,cd4_cm,True,True,both_correct,central_memory,0.5544565,1.0
TTCTTCCGTCTACGAT-1.HTO2.cd4_cm,cd4_cm,cd4_cm,cd4_cm,True,True,both_correct,central_memory,0.61707395,1.0
TTCTTGAAGCAATTAG-0.HTO2.cd4_cm,cd4_cm,cd4_cm,cd4_cm,True,True,both_correct,central_memory,0.47729942,1.0
TTCTTGACAGCCGTCA-0.HTO1.cd4_n,cd4_n,cd4_n,cd4_n,True,True,both_correct,other,0.50319666,1.0
TTCTTGAGTAGTATAG-1.HTO5.cd8_cm,cd8_cm,cd8_cm,cd8_cm,True,True,both_correct,central_memory,0.85664123,1.0
TTCTTGATCACCGACG-1.HTO4.cd8_n,cd8_n,cd8_n,cd8_n,True,True,both_correct,other,0.61321294,1.0
TTCTTGATCTTTCCAA-1.HTO5.cd8_cm,cd8_cm,cd8_em,cd8_em,False,False,both_incorrect,central_memory,0.70419866,1.0
TTGAACGAGCGGCTCT-0.HTO3.cd4_em,cd4_em,cd4_em,cd4_em,True,True,both_correct,other,0.87977165,1.0
TTGAACGGTCTTTCAT-1.HTO5.cd8_cm,cd8_cm,cd8_cm,cd8_cm,True,True,both_correct,central_memory,0.8886414,1.0
TTGAACGGTGAATAAC-0.HTO6.cd8_em,cd8_em,cd8_em,cd8_em,True,True,both_correct,other,0.62055516,0.7281460567255764
TTGAACGGTTTACGTG-1.HTO8.monocyte,monocyte,monocyte,monocyte,True,True,both_correct,other,8.252366e-08,1.0
TTGACCCAGTGGCGAT-1.HTO3.cd4_em,cd4_em,cd4_em,cd4_em,True,True,both_correct,other,0.8772455,1.0
TTGAGTGCACTTGAAC-0.HTO3.cd4_em,cd4_em,cd4_em,cd4_em,True,True,both_correct,other,0.7823837,1.0
TTGAGTGGTTGCTTGA-1.HTO5.cd8_cm,cd8_cm,cd8_cm,cd8_cm,True,True,both_correct,central_memory,0.8049176,1.0
TTGAGTGTCGGAGTGA-0.HTO3.cd4_em,cd4_em,cd4_em,cd4_em,True,True,both_correct,other,0.9968556,1.0
TTGCATTTCATCCCGT-0.HTO8.monocyte,monocyte,monocyte,monocyte,True,True,both_correct,other,8.1276784e-07,1.0
TTGCCTGAGGCACGAT-0.HTO4.cd8_n,cd8_n,cd8_n,cd8_n,True,True,both_correct,other,0.7489837,1.0
TTGCCTGCATAGTCAC-1.HTO1.cd4_n,cd4_n,cd4_n,cd4_n,True,True,both_correct,other,0.49606594,1.0
TTGCGTCTCACAGTGT-1.HTO7.cd8_emra,cd8_emra,cd8_emra,cd8_emra,True,True,both_correct,other,0.815534,1.0
TTGCGTCTCCAGTGCG-1.HTO8.monocyte,monocyte,monocyte,monocyte,True,True,both_correct,other,3.9755982e-06,1.0
TTGCTGCAGGTTTGAA-1.HTO2.cd4_cm,cd4_cm,cd4_cm,cd4_cm,True,True,both_correct,central_memory,0.3966369,1.0
TTGCTGCCAGGACTTT-1.HTO5.cd8_cm,cd8_cm,cd8_cm,cd8_cm,True,True,both_correct,central_memory,0.8266585,1.0
TTGCTGCCATTCAGCA-0.HTO1.cd4_n,cd4_n,cd4_n,cd4_n,True,True,both_correct,other,0.58464646,1.0
TTGCTGCGTTCTAAGC-1.HTO8.monocyte,monocyte,monocyte,monocyte,True,True,both_correct,other,2.6810056e-05,1.0
TTGCTGCTCCGCAACG-1.HTO6.cd8_em,cd8_em,cd8_em,cd8_em,True,True,both_correct,other,0.7870742,1.0
TTGCTGCTCGGATACT-1.HTO1.cd4_n,cd4_n,cd4_n,cd4_n,True,True,both_correct,other,0.4306211,1.0
TTGCTGCTCTATCACT-0.HTO6.cd8_em,cd8_em,cd8_em,cd8_em,True,True,both_correct,other,0.78680015,1.0
TTGGGATCATCGATGT-1.HTO3.cd4_em,cd4_em,cd4_em,cd4_em,True,True,both_correct,other,0.94024414,1.0
TTGGGATCATTGACAC-1.HTO5.cd8_cm,cd8_cm,cd8_cm,cd8_cm,True,True,both_correct,central_memory,0.8491863,1.0
TTGGGATTCCGTGCGA-1.HTO6.cd8_em,cd8_em,cd8_cm,cd8_em,False,True,mmochi_only_correct,other,0.7301308,1.0
TTGGGATTCGAATGCT-1.HTO1.cd4_n,cd4_n,cd4_n,cd4_n,True,True,both_correct,other,0.42128548,1.0
TTGGGATTCTGAGCAT-1.HTO5.cd8_cm,cd8_cm,cd8_cm,cd8_cm,True,True,both_correct,central_memory,0.8132218,1.0
TTGGGCGCATTCACCC-0.HTO8.monocyte,monocyte,monocyte,monocyte,True,True,both_correct,other,1.108883e-06,1.0
TTGGGTACAGGCTCTG-1.HTO6.cd8_em,cd8_em,cd8_em,cd8_em,True,True,both_correct,other,0.871838,1.0
TTGGGTAGTCTCACAA-1.HTO8.monocyte,monocyte,monocyte,monocyte,True,True,both_correct,other,1.3337397e-07,1.0
TTGGTTTTCGCCATAA-0.HTO4.cd8_n,cd8_n,cd8_n,cd8_n,True,True,both_correct,other,0.7623941,1.0
TTGTGGAAGCTCGTGC-1.HTO6.cd8_em,cd8_em,cd8_em,cd8_em,True,True,both_correct,other,0.9993616,1.0
TTGTGGAAGTCTCTGA-1.HTO2.cd4_cm,cd4_cm,cd4_n,cd4_n,False,False,both_incorrect,central_memory,0.5014126,1.0
TTGTGGAGTTGTTGTG-0.HTO1.cd4_n,cd4_n,cd4_n,cd4_n,True,True,both_correct,other,0.42474112,1.0
TTGTGTTTCGAGTCCG-0.HTO4.cd8_n,cd8_n,cd8_n,cd8_n,True,True,both_correct,other,0.6160097,1.0
TTGTTCAGTTCATCTT-0.HTO6.cd8_em,cd8_em,cd8_em,cd8_em,True,True,both_correct,other,0.7505399,1.0
TTGTTCAGTTCCAGGC-1.HTO6.cd8_em,cd8_em,cd8_em,cd8_em,True,True,both_correct,other,0.68985754,1.0
TTGTTTGAGTTCGCAT-1.HTO7.cd8_emra,cd8_emra,cd8_emra,cd8_emra,True,True,both_correct,other,0.8010893,1.0
TTGTTTGCACTGTCCT-1.HTO6.cd8_em,cd8_em,cd8_em,cd8_em,True,True,both_correct,other,0.741625,1.0
TTGTTTGGTCTCGCGA-1.HTO6.cd8_em,cd8_em,cd8_em,cd8_em,True,True,both_correct,other,0.8606206,1.0
TTGTTTGTCGGAATGG-1.HTO5.cd8_cm,cd8_cm,cd8_cm,cd8_cm,True,True,both_correct,central_memory,0.90156025,1.0
TTTACCAGTGGCCACT-1.HTO2.cd4_cm,cd4_cm,cd4_cm,cd4_em,True,False,mosaic_only_correct,central_memory,0.8006468,1.0
TTTACTGTCAGACCTA-1.HTO3.cd4_em,cd4_em,cd4_em,cd4_cm,True,False,mosaic_only_correct,other,0.52486044,1.0
TTTAGTCAGATACCAA-0.HTO6.cd8_em,cd8_em,cd8_em,cd8_em,True,True,both_correct,other,0.72408366,1.0
TTTAGTCCATCCGTGG-1.HTO7.cd8_emra,cd8_emra,cd8_emra,cd8_emra,True,True,both_correct,other,0.8843087,1.0
TTTAGTCGTAACATCC-0.HTO4.cd8_n,cd8_n,cd8_n,cd8_n,True,True,both_correct,other,0.8662989,1.0
TTTAGTCTCGCCGTGA-1.HTO7.cd8_emra,cd8_emra,cd8_emra,cd8_emra,True,True,both_correct,other,0.7717726,1.0
TTTAGTCTCTACCACC-0.HTO7.cd8_emra,cd8_emra,cd8_emra,cd8_emra,True,True,both_correct,other,0.904335,1.0
TTTAGTCTCTTCACGC-1.HTO8.monocyte,monocyte,monocyte,monocyte,True,True,both_correct,other,2.2292256e-06,1.0
TTTATGCAGTTCACTG-0.HTO5.cd8_cm,cd8_cm,cd8_cm,cd8_cm,True,True,both_correct,central_memory,0.6972038,1.0
TTTATGCCACAGTACT-1.HTO8.monocyte,monocyte,monocyte,monocyte,True,True,both_correct,other,1.0507264e-05,1.0
TTTATGCGTGTCTTGA-0.HTO8.monocyte,monocyte,monocyte,monocyte,True,True,both_correct,other,7.2656054e-05,1.0
TTTCACAAGGTAGACC-1.HTO2.cd4_cm,cd4_cm,cd4_cm,cd4_cm,True,True,both_correct,central_memory,0.52479464,1.0
TTTCACACAGCAGATG-1.HTO8.monocyte,monocyte,monocyte,monocyte,True,True,both_correct,other,0.00016431387,1.0
TTTCACAGTACGAGCA-1.HTO4.cd8_n,cd8_n,cd8_n,cd8_n,True,True,both_correct,other,0.9361485,1.0
TTTCACATCATTGCCC-0.HTO5.cd8_cm,cd8_cm,cd8_cm,cd8_cm,True,True,both_correct,central_memory,0.8653245,1.0
TTTCAGTGTTGTAAAG-1.HTO1.cd4_n,cd4_n,cd4_n,cd4_n,True,True,both_correct,other,0.42234242,1.0
TTTCAGTTCTGGTCAA-1.HTO4.cd8_n,cd8_n,cd8_n,cd8_n,True,True,both_correct,other,0.9208531,1.0
TTTCATGAGACTAAGT-1.HTO1.cd4_n,cd4_n,cd4_n,cd4_n,True,True,both_correct,other,0.53704983,1.0
TTTCATGCAACCACAT-1.HTO1.cd4_n,cd4_n,cd4_n,cd4_n,True,True,both_correct,other,0.5033904,1.0
TTTCATGCACAGCGCT-1.HTO2.cd4_cm,cd4_cm,cd4_cm,cd4_cm,True,True,both_correct,central_memory,0.6668508,1.0
TTTCCTCAGAGTTGTA-1.HTO2.cd4_cm,cd4_cm,cd4_cm,cd4_cm,True,True,both_correct,central_memory,0.75382966,1.0
TTTCCTCAGCATATGA-1.HTO1.cd4_n,cd4_n,cd4_n,cd4_n,True,True,both_correct,other,0.37359267,1.0
TTTCCTCTCAGGAACG-1.HTO8.monocyte,monocyte,monocyte,monocyte,True,True,both_correct,other,2.6985147e-06,1.0
TTTCGATAGATGGTAT-1.HTO5.cd8_cm,cd8_cm,cd8_cm,cd8_cm,True,True,both_correct,central_memory,0.84537345,1.0
TTTCGATAGCTCCGAC-1.HTO8.monocyte,monocyte,monocyte,monocyte,True,True,both_correct,other,2.2710956e-06,1.0
TTTCGATCAAATCAGA-0.HTO6.cd8_em,cd8_em,cd8_em,cd8_em,True,True,both_correct,other,0.7920876,1.0
TTTCGATCAAGGCAAC-1.HTO3.cd4_em,cd4_em,cd4_em,cd4_em,True,True,both_correct,other,0.88953835,1.0
TTTCGATTCCGAACGC-1.HTO7.cd8_emra,cd8_emra,cd8_emra,cd8_emra,True,True,both_correct,other,0.88427776,1.0
TTTGACTAGCTATCCA-1.HTO8.monocyte,monocyte,monocyte,monocyte,True,True,both_correct,other,2.1756846e-06,1.0
TTTGACTAGTCTGTAC-0.HTO7.cd8_emra,cd8_emra,cd8_emra,cd8_emra,True,True,both_correct,other,0.69642204,1.0
TTTGACTCATGCCGAC-1.HTO4.cd8_n,cd8_n,cd8_n,cd8_n,True,True,both_correct,other,0.9691646,1.0
TTTGACTTCCTTGAAG-1.HTO8.monocyte,monocyte,monocyte,monocyte,True,True,both_correct,other,1.4660019e-07,1.0
TTTGATCCAAGTGGCA-0.HTO7.cd8_emra,cd8_emra,cd8_emra,cd8_emra,True,True,both_correct,other,0.8876142,1.0
TTTGATCCAGCCTATA-0.HTO5.cd8_cm,cd8_cm,cd8_n,cd8_cm,False,True,mmochi_only_correct,central_memory,0.92968583,1.0
TTTGATCTCTTCTCAA-1.HTO5.cd8_cm,cd8_cm,cd8_cm,cd8_cm,True,True,both_correct,central_memory,0.94751984,1.0
TTTGGAGGTGTGCCTG-1.HTO6.cd8_em,cd8_em,cd8_em,cd8_em,True,True,both_correct,other,0.7646266,1.0
TTTGGTTAGGCTTAGG-1.HTO2.cd4_cm,cd4_cm,cd4_cm,cd4_cm,True,True,both_correct,central_memory,0.62101436,1.0
TTTGGTTCATAGATCC-1.HTO8.monocyte,monocyte,monocyte,monocyte,True,True,both_correct,other,3.0735018e-06,1.0
TTTGTTGGTTTCGGCG-1.HTO7.cd8_emra,cd8_emra,cd8_emra,cd8_emra,True,True,both_correct,other,0.86787033,1.0
TTTGTTGTCAGTGTGT-0.HTO4.cd8_n,cd8_n,cd8_n,cd8_n,True,True,both_correct,other,0.8056231,1.0
